word,official_raw,official_level,teacher_number,pronunciation_source,pronunciation_status,pos_source,meaning_source,frequency_status,paper_hits,source_notes
a,a (an),junior,,curated_homograph_override,curated,curated_function_words,curated_override,historical_partial_2010_2022,30,2010:（新课标Ⅰ）;2010:（新课标Ⅱ）;2011:（全国卷ii）;2011:（新课标）;2012:（新课标）;2013:（新课标ii）;2013:（新课标Ⅰ）;2014:（新课标Ⅰ）;2014:（新课标ⅱ）;2015:（新课标Ⅰ）;2015:（新课标ⅱ）;2016:（新课标Ⅰ）;2016:（新课标ⅱ）;2016:（新课标ⅲ）;2017:（新课标Ⅰ）;2017:（新课标ⅱ）;2017:（新课标ⅲ）;2018:（新课标Ⅰ）;2018:（新课标ⅱ）;2018:（新课标ⅲ）;2019:（新课标Ⅰ）;2019:（新课标Ⅱ）;2019:（新课标Ⅲ）;2020:（新课标Ⅰ）;2020:（新课标Ⅱ）;2020:（新课标Ⅲ）;2021:（新课标Ⅰ）;2021:（解析版）;2022:（全国乙卷）;2022:（全国甲卷）
a.m.,a.m.*,required,,ipa-dict(en_US/CMUdict),corroborated,WordNet,ECDICT,historical_partial_2010_2022,0,
abandon,abandon**,selective_required,2,ipa-dict(en_US/CMUdict),corroborated,ECDICT,teacher_pdf_gloss,historical_partial_2010_2022,5,2016:（新课标Ⅰ）;2017:（新课标ⅲ）;2018:（新课标ⅲ）;2021:（解析版）;2022:（全国乙卷）
ability,ability,junior,3,ipa-dict(en_US/CMUdict),corroborated,ECDICT,teacher_pdf_gloss,historical_partial_2010_2022,7,2014:（新课标Ⅰ）;2014:（新课标ⅱ）;2019:（新课标Ⅲ）;2020:（新课标Ⅱ）;2021:（新课标Ⅰ）;2022:（全国乙卷）;2022:（全国甲卷）
able,able,junior,4,ipa-dict(en_US/CMUdict),corroborated,ECDICT,teacher_pdf_gloss,historical_partial_2010_2022,19,2010:（新课标Ⅰ）;2010:（新课标Ⅱ）;2012:（新课标）;2013:（新课标ii）;2014:（新课标Ⅰ）;2015:（新课标ⅱ）;2017:（新课标Ⅰ）;2017:（新课标ⅱ）;2017:（新课标ⅲ）;2018:（新课标Ⅰ）;2018:（新课标ⅱ）;2019:（新课标Ⅰ）;2019:（新课标Ⅱ）;2019:（新课标Ⅲ）;2020:（新课标Ⅲ）;2021:（新课标Ⅰ）;2021:（解析版）;2022:（全国乙卷）;2022:（全国甲卷）
abnormal,abnormal**,selective_required,5,ipa-dict(en_US/CMUdict),corroborated,ECDICT,teacher_pdf_gloss,historical_partial_2010_2022,0,
aboard,aboard**,selective_required,6,ipa-dict(en_US/CMUdict),corroborated,ECDICT,teacher_pdf_gloss,historical_partial_2010_2022,0,
abolish,,extension,7,ipa-dict(en_US/CMUdict),corroborated,ECDICT,teacher_pdf_gloss,historical_partial_2010_2022,0,
abortion,,extension,8,ipa-dict(en_US/CMUdict),corroborated,ECDICT,teacher_pdf_gloss,historical_partial_2010_2022,0,
about,about,junior,9,ipa-dict(en_US/CMUdict),corroborated,curated_function_words,teacher_pdf_gloss,historical_partial_2010_2022,30,2010:（新课标Ⅰ）;2010:（新课标Ⅱ）;2011:（全国卷ii）;2011:（新课标）;2012:（新课标）;2013:（新课标ii）;2013:（新课标Ⅰ）;2014:（新课标Ⅰ）;2014:（新课标ⅱ）;2015:（新课标Ⅰ）;2015:（新课标ⅱ）;2016:（新课标Ⅰ）;2016:（新课标ⅱ）;2016:（新课标ⅲ）;2017:（新课标Ⅰ）;2017:（新课标ⅱ）;2017:（新课标ⅲ）;2018:（新课标Ⅰ）;2018:（新课标ⅱ）;2018:（新课标ⅲ）;2019:（新课标Ⅰ）;2019:（新课标Ⅱ）;2019:（新课标Ⅲ）;2020:（新课标Ⅰ）;2020:（新课标Ⅱ）;2020:（新课标Ⅲ）;2021:（新课标Ⅰ）;2021:（解析版）;2022:（全国乙卷）;2022:（全国甲卷）
above,above,junior,10,ipa-dict(en_US/CMUdict),corroborated,curated_function_words,teacher_pdf_gloss,historical_partial_2010_2022,11,2010:（新课标Ⅰ）;2010:（新课标Ⅱ）;2011:（新课标）;2014:（新课标ⅱ）;2016:（新课标Ⅰ）;2017:（新课标Ⅰ）;2017:（新课标ⅱ）;2019:（新课标Ⅰ）;2020:（新课标Ⅰ）;2020:（新课标Ⅱ）;2020:（新课标Ⅲ）
abroad,abroad,junior,11,ipa-dict(en_US/CMUdict),corroborated,ECDICT,teacher_pdf_gloss,historical_partial_2010_2022,2,2016:（新课标Ⅰ）;2016:（新课标ⅱ）
absence,absence**,selective_required,13,ipa-dict(en_US/CMUdict),corroborated,ECDICT,teacher_pdf_gloss,historical_partial_2010_2022,2,2017:（新课标ⅲ）;2018:（新课标ⅱ）
absent,absent,junior,14,ipa-dict(en_US/CMUdict),corroborated,ECDICT,teacher_pdf_gloss,historical_partial_2010_2022,1,2017:（新课标Ⅰ）
absolute,,extension,15,ipa-dict(en_US/CMUdict),corroborated,ECDICT,teacher_pdf_gloss,historical_partial_2010_2022,1,2018:（新课标Ⅰ）
absolutely,absolutely*,required,,ipa-dict(en_US/CMUdict),corroborated,ECDICT,ECDICT,historical_partial_2010_2022,4,2017:（新课标ⅲ）;2020:（新课标Ⅰ）;2020:（新课标Ⅲ）;2021:（解析版）
absorb,absorb**,selective_required,16,ipa-dict(en_US/CMUdict),corroborated,ECDICT,teacher_pdf_gloss,historical_partial_2010_2022,4,2017:（新课标ⅲ）;2018:（新课标ⅲ）;2019:（新课标Ⅰ）;2019:（新课标Ⅱ）
abstract,abstract**,selective_required,17,ipa-dict(en_US/CMUdict),corroborated,ECDICT,teacher_pdf_gloss,historical_partial_2010_2022,1,2017:（新课标Ⅰ）
abuse,abuse**,selective_required,20,ipa-dict(en_US/CMUdict),corroborated,ECDICT,teacher_pdf_gloss,historical_partial_2010_2022,0,
academic,academic**,selective_required,21,ipa-dict(en_US/CMUdict),corroborated,ECDICT,teacher_pdf_gloss,historical_partial_2010_2022,2,2015:（新课标ⅱ）;2019:（新课标Ⅲ）
academy,,extension,22,ipa-dict(en_US/CMUdict),corroborated,ECDICT,teacher_pdf_gloss,historical_partial_2010_2022,2,2011:（全国卷ii）;2018:（新课标ⅲ）
accent,accent**,selective_required,24,ipa-dict(en_US/CMUdict),corroborated,ECDICT,teacher_pdf_gloss,historical_partial_2010_2022,1,2017:（新课标ⅲ）
accept,accept,junior,25,ipa-dict(en_US/CMUdict),corroborated,ECDICT,teacher_pdf_gloss,historical_partial_2010_2022,12,2010:（新课标Ⅱ）;2011:（全国卷ii）;2011:（新课标）;2014:（新课标ⅱ）;2015:（新课标ⅱ）;2016:（新课标ⅱ）;2016:（新课标ⅲ）;2017:（新课标ⅲ）;2018:（新课标ⅲ）;2020:（新课标Ⅰ）;2021:（新课标Ⅰ）;2022:（全国乙卷）
access,access**,selective_required,26,ipa-dict(en_US/CMUdict),corroborated,ECDICT,curated_override,historical_partial_2010_2022,3,2019:（新课标Ⅰ）;2020:（新课标Ⅰ）;2021:（解析版）
accessible,,extension,27,ipa-dict(en_US/CMUdict),corroborated,ECDICT,teacher_pdf_gloss,historical_partial_2010_2022,3,2010:（新课标Ⅰ）;2017:（新课标Ⅰ）;2022:（全国甲卷）
accident,accident*,required,28,ipa-dict(en_US/CMUdict),corroborated,ECDICT,teacher_pdf_gloss,historical_partial_2010_2022,6,2011:（全国卷ii）;2016:（新课标ⅱ）;2016:（新课标ⅲ）;2019:（新课标Ⅰ）;2022:（全国乙卷）;2022:（全国甲卷）
accommodation,accommodation**,selective_required,29,ipa-dict(en_US/CMUdict),corroborated,ECDICT,teacher_pdf_gloss,historical_partial_2010_2022,1,2021:（新课标Ⅰ）
accompany,accompany**,selective_required,30,ipa-dict(en_US/CMUdict),corroborated,ECDICT,teacher_pdf_gloss,historical_partial_2010_2022,3,2017:（新课标Ⅰ）;2018:（新课标ⅲ）;2022:（全国乙卷）
accomplish,,extension,31,ipa-dict(en_US/CMUdict),corroborated,ECDICT,teacher_pdf_gloss,historical_partial_2010_2022,3,2014:（新课标Ⅰ）;2016:（新课标ⅱ）;2017:（新课标Ⅰ）
account,account*,required,33,ipa-dict(en_US/CMUdict),corroborated,ECDICT,teacher_pdf_gloss,historical_partial_2010_2022,7,2013:（新课标Ⅰ）;2014:（新课标Ⅰ）;2016:（新课标ⅲ）;2018:（新课标Ⅰ）;2018:（新课标ⅱ）;2020:（新课标Ⅰ）;2021:（新课标Ⅰ）
accountant,,extension,34,ipa-dict(en_US/CMUdict),corroborated,ECDICT,teacher_pdf_gloss,historical_partial_2010_2022,1,2011:（新课标）
accuracy,,extension,36,ipa-dict(en_US/CMUdict),corroborated,ECDICT,teacher_pdf_gloss,historical_partial_2010_2022,2,2015:（新课标Ⅰ）;2019:（新课标Ⅰ）
accurate,accurate**,selective_required,,ipa-dict(en_US/CMUdict),corroborated,ECDICT,ECDICT,historical_partial_2010_2022,1,2016:（新课标ⅱ）
accuse,accuse**,selective_required,37,ipa-dict(en_US/CMUdict),corroborated,ECDICT,teacher_pdf_gloss,historical_partial_2010_2022,0,
ache,ache*,required,39,ipa-dict(en_US/CMUdict),corroborated,ECDICT,teacher_pdf_gloss,historical_partial_2010_2022,1,2013:（新课标Ⅰ）
achieve,achieve,junior,40,ipa-dict(en_US/CMUdict),corroborated,ECDICT,teacher_pdf_gloss,historical_partial_2010_2022,6,2013:（新课标Ⅰ）;2014:（新课标Ⅰ）;2014:（新课标ⅱ）;2016:（新课标ⅱ）;2019:（新课标Ⅱ）;2022:（全国甲卷）
achievement,achievement*,required,41,ipa-dict(en_US/CMUdict),corroborated,ECDICT,teacher_pdf_gloss,historical_partial_2010_2022,2,2019:（新课标Ⅱ）;2020:（新课标Ⅰ）
acid,acid**,selective_required,42,ipa-dict(en_US/CMUdict),corroborated,ECDICT,teacher_pdf_gloss,historical_partial_2010_2022,0,
acknowledge,acknowledge**,selective_required,43,ipa-dict(en_US/CMUdict),corroborated,ECDICT,teacher_pdf_gloss,historical_partial_2010_2022,2,2019:（新课标Ⅱ）;2019:（新课标Ⅲ）
acquire,acquire*,required,45,ipa-dict(en_US/CMUdict),corroborated,ECDICT,teacher_pdf_gloss,historical_partial_2010_2022,1,2019:（新课标Ⅰ）
acquisition,,extension,46,ipa-dict(en_US/CMUdict),corroborated,ECDICT,teacher_pdf_gloss,historical_partial_2010_2022,0,
acre,,extension,47,ipa-dict(en_US/CMUdict),corroborated,ECDICT,teacher_pdf_gloss,historical_partial_2010_2022,2,2016:（新课标Ⅰ）;2020:（新课标Ⅱ）
across,across,junior,48,ipa-dict(en_US/CMUdict),corroborated,curated_function_words,teacher_pdf_gloss,historical_partial_2010_2022,15,2010:（新课标Ⅰ）;2011:（新课标）;2012:（新课标）;2013:（新课标ii）;2014:（新课标Ⅰ）;2014:（新课标ⅱ）;2016:（新课标Ⅰ）;2016:（新课标ⅱ）;2017:（新课标Ⅰ）;2018:（新课标ⅱ）;2019:（新课标Ⅰ）;2019:（新课标Ⅱ）;2021:（新课标Ⅰ）;2022:（全国乙卷）;2022:（全国甲卷）
act,act,junior,,ipa-dict(en_US/CMUdict),corroborated,ECDICT,ECDICT,historical_partial_2010_2022,14,2011:（全国卷ii）;2012:（新课标）;2013:（新课标ii）;2013:（新课标Ⅰ）;2014:（新课标Ⅰ）;2016:（新课标Ⅰ）;2017:（新课标Ⅰ）;2017:（新课标ⅱ）;2018:（新课标ⅱ）;2019:（新课标Ⅱ）;2020:（新课标Ⅰ）;2020:（新课标Ⅱ）;2020:（新课标Ⅲ）;2021:（解析版）
action,action,junior,50,ipa-dict(en_US/CMUdict),corroborated,ECDICT,teacher_pdf_gloss,historical_partial_2010_2022,8,2010:（新课标Ⅱ）;2011:（全国卷ii）;2013:（新课标ii）;2013:（新课标Ⅰ）;2014:（新课标Ⅰ）;2015:（新课标Ⅰ）;2021:（解析版）;2022:（全国乙卷）
active,active,junior,51,ipa-dict(en_US/CMUdict),corroborated,ECDICT,teacher_pdf_gloss,historical_partial_2010_2022,6,2011:（全国卷ii）;2012:（新课标）;2016:（新课标ⅱ）;2017:（新课标Ⅰ）;2020:（新课标Ⅱ）;2022:（全国乙卷）
activity,activity,junior,52,ipa-dict(en_US/CMUdict),corroborated,ECDICT,teacher_pdf_gloss,historical_partial_2010_2022,15,2012:（新课标）;2013:（新课标Ⅰ）;2014:（新课标Ⅰ）;2014:（新课标ⅱ）;2016:（新课标ⅱ）;2017:（新课标Ⅰ）;2017:（新课标ⅲ）;2018:（新课标ⅱ）;2018:（新课标ⅲ）;2020:（新课标Ⅰ）;2020:（新课标Ⅱ）;2020:（新课标Ⅲ）;2021:（新课标Ⅰ）;2021:（解析版）;2022:（全国乙卷）
actor,actor,junior,53,ipa-dict(en_US/CMUdict),corroborated,ECDICT,teacher_pdf_gloss,historical_partial_2010_2022,5,2012:（新课标）;2016:（新课标ⅱ）;2017:（新课标ⅱ）;2020:（新课标Ⅱ）;2020:（新课标Ⅲ）
actress,actress,junior,54,ipa-dict(en_US/CMUdict),corroborated,ECDICT,teacher_pdf_gloss,historical_partial_2010_2022,1,2012:（新课标）
actual,,extension,55,ipa-dict(en_US/CMUdict),corroborated,ECDICT,teacher_pdf_gloss,historical_partial_2010_2022,6,2013:（新课标Ⅰ）;2014:（新课标Ⅰ）;2017:（新课标ⅲ）;2018:（新课标ⅱ）;2019:（新课标Ⅱ）;2020:（新课标Ⅰ）
actually,actually*,required,,ipa-dict(en_US/CMUdict),corroborated,ECDICT,ECDICT,historical_partial_2010_2022,13,2011:（全国卷ii）;2012:（新课标）;2013:（新课标Ⅰ）;2015:（新课标ⅱ）;2016:（新课标Ⅰ）;2016:（新课标ⅱ）;2017:（新课标Ⅰ）;2017:（新课标ⅲ）;2019:（新课标Ⅰ）;2019:（新课标Ⅲ）;2020:（新课标Ⅱ）;2020:（新课标Ⅲ）;2021:（新课标Ⅰ）
acute,,extension,56,ipa-dict(en_US/CMUdict),corroborated,ECDICT,teacher_pdf_gloss,historical_partial_2010_2022,0,
ad,AD**,selective_required,57,ipa-dict(en_US/CMUdict),corroborated,ECDICT,teacher_pdf_gloss,historical_partial_2010_2022,2,2011:（新课标）;2019:（新课标Ⅱ）
adapt,adapt*,required,58,ipa-dict(en_US/CMUdict),corroborated,ECDICT,teacher_pdf_gloss,historical_partial_2010_2022,1,2020:（新课标Ⅲ）
adaptation,adaptation**,selective_required,59,ipa-dict(en_US/CMUdict),corroborated,ECDICT,teacher_pdf_gloss,historical_partial_2010_2022,3,2015:（新课标Ⅰ）;2017:（新课标ⅲ）;2020:（新课标Ⅲ）
add,add,junior,60,ipa-dict(en_US/CMUdict),corroborated,ECDICT,teacher_pdf_gloss,historical_partial_2010_2022,12,2010:（新课标Ⅱ）;2011:（新课标）;2014:（新课标Ⅰ）;2016:（新课标ⅲ）;2017:（新课标ⅲ）;2018:（新课标Ⅰ）;2018:（新课标ⅲ）;2019:（新课标Ⅰ）;2019:（新课标Ⅲ）;2020:（新课标Ⅰ）;2020:（新课标Ⅱ）;2022:（全国甲卷）
addict,addict*,required,,ipa-dict(en_US/CMUdict),corroborated,ECDICT,ECDICT,historical_partial_2010_2022,0,
addition,addition*,required,62,ipa-dict(en_US/CMUdict),corroborated,ECDICT,teacher_pdf_gloss,historical_partial_2010_2022,5,2011:（全国卷ii）;2015:（新课标ⅱ）;2017:（新课标Ⅰ）;2019:（新课标Ⅲ）;2020:（新课标Ⅰ）
address,address,junior,63,ipa-dict(en_US/CMUdict),corroborated,ECDICT,teacher_pdf_gloss,historical_partial_2010_2022,4,2011:（全国卷ii）;2014:（新课标ⅱ）;2017:（新课标ⅲ）;2022:（全国乙卷）
adequate,,extension,64,ipa-dict(en_US/CMUdict),corroborated,ECDICT,teacher_pdf_gloss,historical_partial_2010_2022,0,
adjust,adjust**,selective_required,65,ipa-dict(en_US/CMUdict),corroborated,ECDICT,teacher_pdf_gloss,historical_partial_2010_2022,1,2019:（新课标Ⅱ）
adjustment,,extension,66,ipa-dict(en_US/CMUdict),corroborated,ECDICT,teacher_pdf_gloss,historical_partial_2010_2022,1,2019:（新课标Ⅰ）
administration,administration**,selective_required,67,ipa-dict(en_US/CMUdict),corroborated,ECDICT,teacher_pdf_gloss,historical_partial_2010_2022,2,2011:（新课标）;2017:（新课标ⅱ）
admire,admire*,required,69,ipa-dict(en_US/CMUdict),corroborated,ECDICT,teacher_pdf_gloss,historical_partial_2010_2022,4,2015:（新课标ⅱ）;2016:（新课标ⅲ）;2017:（新课标ⅲ）;2019:（新课标Ⅲ）
admission,,extension,70,ipa-dict(en_US/CMUdict),corroborated,ECDICT,teacher_pdf_gloss,historical_partial_2010_2022,8,2010:（新课标Ⅰ）;2015:（新课标Ⅰ）;2015:（新课标ⅱ）;2018:（新课标ⅲ）;2019:（新课标Ⅱ）;2020:（新课标Ⅱ）;2021:（解析版）;2022:（全国乙卷）
admit,admit*,required,71,ipa-dict(en_US/CMUdict),corroborated,ECDICT,teacher_pdf_gloss,historical_partial_2010_2022,8,2013:（新课标Ⅰ）;2018:（新课标ⅲ）;2019:（新课标Ⅱ）;2020:（新课标Ⅰ）;2020:（新课标Ⅱ）;2021:（新课标Ⅰ）;2021:（解析版）;2022:（全国乙卷）
adolescent,,extension,73,ipa-dict(en_US/CMUdict),corroborated,ECDICT,teacher_pdf_gloss,historical_partial_2010_2022,2,2014:（新课标Ⅰ）;2019:（新课标Ⅰ）
adopt,adopt**,selective_required,74,ipa-dict(en_US/CMUdict),corroborated,ECDICT,teacher_pdf_gloss,historical_partial_2010_2022,3,2013:（新课标Ⅰ）;2019:（新课标Ⅱ）;2020:（新课标Ⅰ）
adorable,adorable**,selective_required,,ipa-dict(en_US/CMUdict),corroborated,ECDICT,ECDICT,historical_partial_2010_2022,1,2021:（解析版）
adult,adult*,required,76,ipa-dict(en_US/CMUdict),corroborated,ECDICT,teacher_pdf_gloss,historical_partial_2010_2022,8,2010:（新课标Ⅰ）;2012:（新课标）;2014:（新课标Ⅰ）;2016:（新课标Ⅰ）;2017:（新课标Ⅰ）;2018:（新课标ⅲ）;2020:（新课标Ⅲ）;2022:（全国乙卷）
advance,advance*,required,77,ipa-dict(en_US/CMUdict),corroborated,ECDICT,teacher_pdf_gloss,historical_partial_2010_2022,7,2012:（新课标）;2014:（新课标ⅱ）;2017:（新课标ⅲ）;2018:（新课标Ⅰ）;2018:（新课标ⅱ）;2019:（新课标Ⅱ）;2022:（全国乙卷）
advantage,advantage,junior,78,ipa-dict(en_US/CMUdict),corroborated,ECDICT,teacher_pdf_gloss,historical_partial_2010_2022,5,2016:（新课标ⅲ）;2017:（新课标ⅱ）;2019:（新课标Ⅰ）;2019:（新课标Ⅱ）;2020:（新课标Ⅰ）
adventure,adventure*,required,79,ipa-dict(en_US/CMUdict),corroborated,ECDICT,teacher_pdf_gloss,historical_partial_2010_2022,7,2010:（新课标Ⅰ）;2010:（新课标Ⅱ）;2015:（新课标Ⅰ）;2016:（新课标ⅱ）;2018:（新课标ⅱ）;2020:（新课标Ⅱ）;2021:（新课标Ⅰ）
advertise,advertise**,selective_required,80,ipa-dict(en_US/CMUdict),corroborated,ECDICT,teacher_pdf_gloss,historical_partial_2010_2022,4,2011:（新课标）;2017:（新课标Ⅰ）;2017:（新课标ⅲ）;2019:（新课标Ⅱ）
advertisement,advertisement (ad)**,selective_required,81,ipa-dict(en_US/CMUdict),corroborated,ECDICT,teacher_pdf_gloss,historical_partial_2010_2022,3,2011:（新课标）;2013:（新课标Ⅰ）;2015:（新课标ⅱ）
advice,advice,junior,82,ipa-dict(en_US/CMUdict),corroborated,ECDICT,teacher_pdf_gloss,historical_partial_2010_2022,8,2010:（新课标Ⅱ）;2011:（全国卷ii）;2012:（新课标）;2013:（新课标ii）;2016:（新课标ⅲ）;2017:（新课标ⅲ）;2018:（新课标Ⅰ）;2019:（新课标Ⅱ）
advise,advise,junior,83,ipa-dict(en_US/CMUdict),corroborated,ECDICT,teacher_pdf_gloss,historical_partial_2010_2022,7,2010:（新课标Ⅱ）;2011:（全国卷ii）;2013:（新课标ii）;2014:（新课标Ⅰ）;2015:（新课标ⅱ）;2016:（新课标Ⅰ）;2017:（新课标ⅱ）
advocate,advocate**,selective_required,84,ipa-dict(en_US/CMUdict),corroborated,ECDICT,curated_override,historical_partial_2010_2022,1,2019:（新课标Ⅰ）
affair,affair*,required,86,ipa-dict(en_US/CMUdict),corroborated,ECDICT,teacher_pdf_gloss,historical_partial_2010_2022,3,2010:（新课标Ⅰ）;2014:（新课标ⅱ）;2016:（新课标ⅲ）
affect,affect**,selective_required,87,ipa-dict(en_US/CMUdict),corroborated,ECDICT,teacher_pdf_gloss,historical_partial_2010_2022,3,2015:（新课标Ⅰ）;2019:（新课标Ⅱ）;2021:（新课标Ⅰ）
affection,,extension,88,ipa-dict(en_US/CMUdict),corroborated,ECDICT,teacher_pdf_gloss,historical_partial_2010_2022,2,2017:（新课标ⅱ）;2020:（新课标Ⅲ）
afford,afford,junior,,ipa-dict(en_US/CMUdict),corroborated,ECDICT,ECDICT,historical_partial_2010_2022,5,2011:（全国卷ii）;2013:（新课标Ⅰ）;2020:（新课标Ⅱ）;2020:（新课标Ⅲ）;2021:（解析版）
afraid,afraid,junior,90,ipa-dict(en_US/CMUdict),corroborated,ECDICT,teacher_pdf_gloss,historical_partial_2010_2022,4,2010:（新课标Ⅰ）;2010:（新课标Ⅱ）;2011:（全国卷ii）;2018:（新课标ⅲ）
africa,Africa,junior,91,ipa-dict(en_US/CMUdict),corroborated,ECDICT,teacher_pdf_gloss,historical_partial_2010_2022,5,2012:（新课标）;2018:（新课标Ⅰ）;2019:（新课标Ⅰ）;2020:（新课标Ⅲ）;2022:（全国甲卷）
african,African,junior,92,ipa-dict(en_US/CMUdict),corroborated,ECDICT,teacher_pdf_gloss,historical_partial_2010_2022,2,2012:（新课标）;2018:（新课标ⅲ）
after,after,junior,,ipa-dict(en_US/CMUdict),corroborated,curated_function_words,ECDICT,historical_partial_2010_2022,29,2010:（新课标Ⅰ）;2010:（新课标Ⅱ）;2011:（全国卷ii）;2011:（新课标）;2012:（新课标）;2013:（新课标ii）;2013:（新课标Ⅰ）;2014:（新课标Ⅰ）;2014:（新课标ⅱ）;2015:（新课标ⅱ）;2016:（新课标Ⅰ）;2016:（新课标ⅱ）;2016:（新课标ⅲ）;2017:（新课标Ⅰ）;2017:（新课标ⅱ）;2017:（新课标ⅲ）;2018:（新课标Ⅰ）;2018:（新课标ⅱ）;2018:（新课标ⅲ）;2019:（新课标Ⅰ）;2019:（新课标Ⅱ）;2019:（新课标Ⅲ）;2020:（新课标Ⅰ）;2020:（新课标Ⅱ）;2020:（新课标Ⅲ）;2021:（新课标Ⅰ）;2021:（解析版）;2022:（全国乙卷）;2022:（全国甲卷）
afternoon,afternoon,junior,94,ipa-dict(en_US/CMUdict),corroborated,ECDICT,teacher_pdf_gloss,historical_partial_2010_2022,10,2011:（新课标）;2012:（新课标）;2013:（新课标ii）;2014:（新课标ⅱ）;2015:（新课标Ⅰ）;2016:（新课标ⅱ）;2016:（新课标ⅲ）;2018:（新课标Ⅰ）;2019:（新课标Ⅰ）;2021:（新课标Ⅰ）
afterward,afterward**,selective_required,,ipa-dict(en_US/CMUdict),corroborated,ECDICT,ECDICT,historical_partial_2010_2022,2,2011:（全国卷ii）;2018:（新课标Ⅰ）
again,again,junior,96,ipa-dict(en_US/CMUdict),corroborated,ECDICT,teacher_pdf_gloss,historical_partial_2010_2022,15,2010:（新课标Ⅱ）;2011:（全国卷ii）;2013:（新课标ii）;2013:（新课标Ⅰ）;2014:（新课标Ⅰ）;2014:（新课标ⅱ）;2015:（新课标Ⅰ）;2015:（新课标ⅱ）;2016:（新课标Ⅰ）;2018:（新课标Ⅰ）;2018:（新课标ⅲ）;2019:（新课标Ⅱ）;2020:（新课标Ⅰ）;2020:（新课标Ⅱ）;2021:（新课标Ⅰ）
against,against,junior,97,ipa-dict(en_US/CMUdict),corroborated,curated_function_words,teacher_pdf_gloss,historical_partial_2010_2022,8,2011:（全国卷ii）;2013:（新课标ii）;2013:（新课标Ⅰ）;2015:（新课标ⅱ）;2016:（新课标Ⅰ）;2017:（新课标ⅱ）;2019:（新课标Ⅲ）;2021:（解析版）
age,age,junior,98,ipa-dict(en_US/CMUdict),corroborated,ECDICT,teacher_pdf_gloss,historical_partial_2010_2022,14,2010:（新课标Ⅱ）;2011:（新课标）;2014:（新课标Ⅰ）;2014:（新课标ⅱ）;2016:（新课标ⅱ）;2017:（新课标ⅱ）;2018:（新课标ⅱ）;2018:（新课标ⅲ）;2019:（新课标Ⅰ）;2020:（新课标Ⅱ）;2020:（新课标Ⅲ）;2021:（新课标Ⅰ）;2021:（解析版）;2022:（全国甲卷）
agency,agency**,selective_required,99,ipa-dict(en_US/CMUdict),corroborated,ECDICT,teacher_pdf_gloss,historical_partial_2010_2022,3,2011:（新课标）;2016:（新课标Ⅰ）;2019:（新课标Ⅰ）
agenda,agenda**,selective_required,100,ipa-dict(en_US/CMUdict),corroborated,teacher_pdf,teacher_pdf_gloss,historical_partial_2010_2022,1,2018:（新课标ⅲ）
agent,,extension,101,ipa-dict(en_US/CMUdict),corroborated,ECDICT,teacher_pdf_gloss,historical_partial_2010_2022,2,2016:（新课标ⅱ）;2017:（新课标ⅱ）
aggression,,extension,102,ipa-dict(en_US/CMUdict),corroborated,ECDICT,teacher_pdf_gloss,historical_partial_2010_2022,0,
aggressive,,extension,103,ipa-dict(en_US/CMUdict),corroborated,ECDICT,teacher_pdf_gloss,historical_partial_2010_2022,3,2012:（新课标）;2017:（新课标ⅱ）;2019:（新课标Ⅰ）
ago,ago,junior,104,ipa-dict(en_US/CMUdict),corroborated,ECDICT,teacher_pdf_gloss,historical_partial_2010_2022,16,2010:（新课标Ⅱ）;2011:（全国卷ii）;2011:（新课标）;2013:（新课标ii）;2014:（新课标ⅱ）;2015:（新课标ⅱ）;2016:（新课标Ⅰ）;2016:（新课标ⅱ）;2016:（新课标ⅲ）;2017:（新课标Ⅰ）;2017:（新课标ⅱ）;2018:（新课标Ⅰ）;2019:（新课标Ⅰ）;2020:（新课标Ⅲ）;2021:（新课标Ⅰ）;2021:（解析版）
agree,agree,junior,105,ipa-dict(en_US/CMUdict),corroborated,ECDICT,teacher_pdf_gloss,historical_partial_2010_2022,11,2010:（新课标Ⅰ）;2010:（新课标Ⅱ）;2011:（新课标）;2013:（新课标Ⅰ）;2016:（新课标Ⅰ）;2018:（新课标Ⅰ）;2018:（新课标ⅱ）;2018:（新课标ⅲ）;2019:（新课标Ⅱ）;2020:（新课标Ⅲ）;2022:（全国甲卷）
agreement,agreement,junior,106,ipa-dict(en_US/CMUdict),corroborated,ECDICT,teacher_pdf_gloss,historical_partial_2010_2022,2,2010:（新课标Ⅰ）;2016:（新课标Ⅰ）
agricultural,,extension,107,ipa-dict(en_US/CMUdict),corroborated,ECDICT,teacher_pdf_gloss,historical_partial_2010_2022,0,
agriculture,agriculture*,required,108,ipa-dict(en_US/CMUdict),corroborated,ECDICT,teacher_pdf_gloss,historical_partial_2010_2022,2,2017:（新课标Ⅰ）;2018:（新课标ⅱ）
ahead,ahead*,required,109,ipa-dict(en_US/CMUdict),corroborated,ECDICT,teacher_pdf_gloss,historical_partial_2010_2022,7,2010:（新课标Ⅰ）;2011:（新课标）;2012:（新课标）;2014:（新课标ⅱ）;2016:（新课标ⅲ）;2018:（新课标ⅱ）;2022:（全国乙卷）
aid,aid*,required,110,ipa-dict(en_US/CMUdict),corroborated,ECDICT,teacher_pdf_gloss,historical_partial_2010_2022,5,2018:（新课标Ⅰ）;2018:（新课标ⅲ）;2019:（新课标Ⅲ）;2021:（新课标Ⅰ）;2022:（全国甲卷）
aids,,extension,111,ipa-dict(en_US/CMUdict),corroborated,ECDICT,teacher_pdf_gloss,historical_partial_2010_2022,0,
aim,aim*,required,112,ipa-dict(en_US/CMUdict),corroborated,ECDICT,teacher_pdf_gloss,historical_partial_2010_2022,7,2011:（全国卷ii）;2013:（新课标Ⅰ）;2017:（新课标ⅱ）;2019:（新课标Ⅲ）;2021:（新课标Ⅰ）;2021:（解析版）;2022:（全国甲卷）
air,air,junior,113,ipa-dict(en_US/CMUdict),corroborated,ECDICT,teacher_pdf_gloss,historical_partial_2010_2022,13,2010:（新课标Ⅱ）;2015:（新课标Ⅰ）;2015:（新课标ⅱ）;2016:（新课标ⅲ）;2017:（新课标Ⅰ）;2017:（新课标ⅱ）;2017:（新课标ⅲ）;2019:（新课标Ⅰ）;2019:（新课标Ⅱ）;2020:（新课标Ⅱ）;2020:（新课标Ⅲ）;2021:（解析版）;2022:（全国乙卷）
aircraft,,extension,114,ipa-dict(en_US/CMUdict),corroborated,ECDICT,teacher_pdf_gloss,historical_partial_2010_2022,1,2017:（新课标ⅱ）
airline,airline**,selective_required,,ipa-dict(en_US/CMUdict),corroborated,ECDICT,ECDICT,historical_partial_2010_2022,3,2013:（新课标Ⅰ）;2017:（新课标ⅱ）;2019:（新课标Ⅲ）
airplane,,extension,116,ipa-dict(en_US/CMUdict),corroborated,ECDICT,teacher_pdf_gloss,historical_partial_2010_2022,1,2018:（新课标ⅱ）
airport,airport,junior,117,ipa-dict(en_US/CMUdict),corroborated,ECDICT,teacher_pdf_gloss,historical_partial_2010_2022,3,2013:（新课标Ⅰ）;2016:（新课标ⅱ）;2018:（新课标ⅲ）
alarm,alarm*,required,119,ipa-dict(en_US/CMUdict),corroborated,ECDICT,teacher_pdf_gloss,historical_partial_2010_2022,3,2017:（新课标ⅱ）;2017:（新课标ⅲ）;2018:（新课标ⅱ）
album,,extension,120,ipa-dict(en_US/CMUdict),corroborated,ECDICT,teacher_pdf_gloss,historical_partial_2010_2022,2,2014:（新课标Ⅰ）;2017:（新课标ⅲ）
alcohol,alcohol**,selective_required,121,ipa-dict(en_US/CMUdict),corroborated,ECDICT,teacher_pdf_gloss,historical_partial_2010_2022,1,2013:（新课标ii）
alike,,extension,124,ipa-dict(en_US/CMUdict),corroborated,ECDICT,teacher_pdf_gloss,historical_partial_2010_2022,4,2010:（新课标Ⅰ）;2012:（新课标）;2021:（解析版）;2022:（全国甲卷）
alive,alive,junior,125,ipa-dict(en_US/CMUdict),corroborated,ECDICT,teacher_pdf_gloss,historical_partial_2010_2022,3,2010:（新课标Ⅰ）;2014:（新课标ⅱ）;2018:（新课标ⅲ）
all,all,junior,,ipa-dict(en_US/CMUdict),corroborated,curated_function_words,ECDICT,historical_partial_2010_2022,30,2010:（新课标Ⅰ）;2010:（新课标Ⅱ）;2011:（全国卷ii）;2011:（新课标）;2012:（新课标）;2013:（新课标ii）;2013:（新课标Ⅰ）;2014:（新课标Ⅰ）;2014:（新课标ⅱ）;2015:（新课标Ⅰ）;2015:（新课标ⅱ）;2016:（新课标Ⅰ）;2016:（新课标ⅱ）;2016:（新课标ⅲ）;2017:（新课标Ⅰ）;2017:（新课标ⅱ）;2017:（新课标ⅲ）;2018:（新课标Ⅰ）;2018:（新课标ⅱ）;2018:（新课标ⅲ）;2019:（新课标Ⅰ）;2019:（新课标Ⅱ）;2019:（新课标Ⅲ）;2020:（新课标Ⅰ）;2020:（新课标Ⅱ）;2020:（新课标Ⅲ）;2021:（新课标Ⅰ）;2021:（解析版）;2022:（全国乙卷）;2022:（全国甲卷）
alley,,extension,128,ipa-dict(en_US/CMUdict),corroborated,ECDICT,teacher_pdf_gloss,historical_partial_2010_2022,0,
allocate,,extension,129,ipa-dict(en_US/CMUdict),corroborated,ECDICT,teacher_pdf_gloss,historical_partial_2010_2022,1,2020:（新课标Ⅱ）
allow,allow,junior,130,ipa-dict(en_US/CMUdict),corroborated,ECDICT,teacher_pdf_gloss,historical_partial_2010_2022,13,2011:（新课标）;2013:（新课标ii）;2013:（新课标Ⅰ）;2014:（新课标Ⅰ）;2015:（新课标Ⅰ）;2016:（新课标Ⅰ）;2017:（新课标Ⅰ）;2017:（新课标ⅱ）;2018:（新课标ⅱ）;2018:（新课标ⅲ）;2019:（新课标Ⅰ）;2019:（新课标Ⅱ）;2021:（新课标Ⅰ）
allowance,,extension,131,ipa-dict(en_US/CMUdict),corroborated,ECDICT,teacher_pdf_gloss,historical_partial_2010_2022,1,2020:（新课标Ⅰ）
almost,almost,junior,132,ipa-dict(en_US/CMUdict),corroborated,ECDICT,teacher_pdf_gloss,historical_partial_2010_2022,13,2011:（全国卷ii）;2012:（新课标）;2013:（新课标ii）;2016:（新课标Ⅰ）;2018:（新课标ⅱ）;2018:（新课标ⅲ）;2019:（新课标Ⅰ）;2019:（新课标Ⅱ）;2019:（新课标Ⅲ）;2020:（新课标Ⅰ）;2020:（新课标Ⅲ）;2021:（新课标Ⅰ）;2021:（解析版）
alone,alone,junior,133,ipa-dict(en_US/CMUdict),corroborated,ECDICT,teacher_pdf_gloss,historical_partial_2010_2022,8,2010:（新课标Ⅰ）;2014:（新课标ⅱ）;2016:（新课标ⅱ）;2017:（新课标ⅲ）;2018:（新课标Ⅰ）;2019:（新课标Ⅱ）;2022:（全国乙卷）;2022:（全国甲卷）
along,along,junior,134,ipa-dict(en_US/CMUdict),corroborated,curated_function_words,teacher_pdf_gloss,historical_partial_2010_2022,16,2010:（新课标Ⅰ）;2010:（新课标Ⅱ）;2011:（全国卷ii）;2011:（新课标）;2012:（新课标）;2013:（新课标ii）;2014:（新课标Ⅰ）;2014:（新课标ⅱ）;2015:（新课标Ⅰ）;2016:（新课标Ⅰ）;2017:（新课标ⅲ）;2019:（新课标Ⅰ）;2019:（新课标Ⅱ）;2019:（新课标Ⅲ）;2020:（新课标Ⅲ）;2022:（全国甲卷）
alongside,alongside**,selective_required,135,ipa-dict(en_US/CMUdict),corroborated,ECDICT,teacher_pdf_gloss,historical_partial_2010_2022,2,2019:（新课标Ⅱ）;2019:（新课标Ⅲ）
aloud,aloud,junior,136,ipa-dict(en_US/CMUdict),corroborated,ECDICT,teacher_pdf_gloss,historical_partial_2010_2022,2,2011:（新课标）;2018:（新课标ⅲ）
already,already,junior,138,ipa-dict(en_US/CMUdict),corroborated,ECDICT,teacher_pdf_gloss,historical_partial_2010_2022,18,2010:（新课标Ⅰ）;2011:（全国卷ii）;2011:（新课标）;2013:（新课标ii）;2014:（新课标Ⅰ）;2014:（新课标ⅱ）;2015:（新课标Ⅰ）;2016:（新课标Ⅰ）;2016:（新课标ⅱ）;2017:（新课标Ⅰ）;2017:（新课标ⅱ）;2018:（新课标Ⅰ）;2018:（新课标ⅱ）;2019:（新课标Ⅰ）;2019:（新课标Ⅲ）;2020:（新课标Ⅲ）;2021:（解析版）;2022:（全国乙卷）
also,also,junior,139,ipa-dict(en_US/CMUdict),corroborated,ECDICT,teacher_pdf_gloss,historical_partial_2010_2022,27,2010:（新课标Ⅰ）;2010:（新课标Ⅱ）;2012:（新课标）;2013:（新课标ii）;2013:（新课标Ⅰ）;2014:（新课标Ⅰ）;2014:（新课标ⅱ）;2015:（新课标Ⅰ）;2016:（新课标Ⅰ）;2016:（新课标ⅱ）;2016:（新课标ⅲ）;2017:（新课标Ⅰ）;2017:（新课标ⅱ）;2017:（新课标ⅲ）;2018:（新课标Ⅰ）;2018:（新课标ⅱ）;2018:（新课标ⅲ）;2019:（新课标Ⅰ）;2019:（新课标Ⅱ）;2019:（新课标Ⅲ）;2020:（新课标Ⅰ）;2020:（新课标Ⅱ）;2020:（新课标Ⅲ）;2021:（新课标Ⅰ）;2021:（解析版）;2022:（全国乙卷）;2022:（全国甲卷）
alternative,alternative**,selective_required,140,ipa-dict(en_US/CMUdict),corroborated,ECDICT,teacher_pdf_gloss,historical_partial_2010_2022,1,2022:（全国乙卷）
although,although,junior,141,ipa-dict(en_US/CMUdict),corroborated,curated_function_words,teacher_pdf_gloss,historical_partial_2010_2022,12,2010:（新课标Ⅰ）;2011:（全国卷ii）;2011:（新课标）;2012:（新课标）;2014:（新课标Ⅰ）;2014:（新课标ⅱ）;2016:（新课标Ⅰ）;2016:（新课标ⅲ）;2017:（新课标ⅱ）;2018:（新课标ⅱ）;2020:（新课标Ⅰ）;2022:（全国乙卷）
altogether,altogether**,selective_required,143,ipa-dict(en_US/CMUdict),corroborated,ECDICT,teacher_pdf_gloss,historical_partial_2010_2022,2,2015:（新课标ⅱ）;2017:（新课标Ⅰ）
always,always,junior,145,ipa-dict(en_US/CMUdict),corroborated,ECDICT,teacher_pdf_gloss,historical_partial_2010_2022,22,2010:（新课标Ⅰ）;2010:（新课标Ⅱ）;2011:（全国卷ii）;2012:（新课标）;2013:（新课标ii）;2015:（新课标Ⅰ）;2015:（新课标ⅱ）;2016:（新课标Ⅰ）;2016:（新课标ⅱ）;2016:（新课标ⅲ）;2017:（新课标ⅱ）;2017:（新课标ⅲ）;2018:（新课标Ⅰ）;2019:（新课标Ⅰ）;2019:（新课标Ⅲ）;2020:（新课标Ⅰ）;2020:（新课标Ⅱ）;2020:（新课标Ⅲ）;2021:（新课标Ⅰ）;2021:（解析版）;2022:（全国乙卷）;2022:（全国甲卷）
am,,extension,146,ipa-dict(en_US/CMUdict),corroborated,teacher_pdf,teacher_pdf_gloss,historical_partial_2010_2022,13,2010:（新课标Ⅰ）;2011:（全国卷ii）;2011:（新课标）;2013:（新课标Ⅰ）;2014:（新课标ⅱ）;2015:（新课标Ⅰ）;2016:（新课标Ⅰ）;2016:（新课标ⅱ）;2016:（新课标ⅲ）;2018:（新课标ⅲ）;2019:（新课标Ⅰ）;2019:（新课标Ⅱ）;2020:（新课标Ⅰ）
amateur,amateur**,selective_required,150,ipa-dict(en_US/CMUdict),corroborated,ECDICT,teacher_pdf_gloss,historical_partial_2010_2022,0,
amazing,amazing*,required,152,ipa-dict(en_US/CMUdict),corroborated,ECDICT,teacher_pdf_gloss,historical_partial_2010_2022,4,2015:（新课标Ⅰ）;2017:（新课标Ⅰ）;2019:（新课标Ⅱ）;2022:（全国甲卷）
ambassador,,extension,153,ipa-dict(en_US/CMUdict),corroborated,ECDICT,teacher_pdf_gloss,historical_partial_2010_2022,1,2016:（新课标Ⅰ）
ambiguous,,extension,155,curated_homograph_override,curated,ECDICT,curated_override,historical_partial_2010_2022,1,2017:（新课标ⅱ）
ambition,ambition**,selective_required,156,ipa-dict(en_US/CMUdict),corroborated,ECDICT,teacher_pdf_gloss,historical_partial_2010_2022,0,
ambitious,ambitious**,selective_required,,ipa-dict(en_US/CMUdict),corroborated,ECDICT,ECDICT,historical_partial_2010_2022,3,2019:（新课标Ⅰ）;2020:（新课标Ⅰ）;2021:（解析版）
ambulance,ambulance**,selective_required,157,ipa-dict(en_US/CMUdict),corroborated,ECDICT,teacher_pdf_gloss,historical_partial_2010_2022,1,2018:（新课标ⅱ）
america,America,junior,158,ipa-dict(en_US/CMUdict),corroborated,ECDICT,teacher_pdf_gloss,historical_partial_2010_2022,7,2014:（新课标Ⅰ）;2014:（新课标ⅱ）;2016:（新课标Ⅰ）;2018:（新课标Ⅰ）;2018:（新课标ⅲ）;2019:（新课标Ⅱ）;2019:（新课标Ⅲ）
american,American,junior,159,ipa-dict(en_US/CMUdict),corroborated,ECDICT,teacher_pdf_gloss,historical_partial_2010_2022,15,2011:（全国卷ii）;2011:（新课标）;2012:（新课标）;2014:（新课标Ⅰ）;2014:（新课标ⅱ）;2015:（新课标ⅱ）;2016:（新课标Ⅰ）;2016:（新课标ⅲ）;2017:（新课标Ⅰ）;2017:（新课标ⅱ）;2019:（新课标Ⅱ）;2019:（新课标Ⅲ）;2021:（新课标Ⅰ）;2022:（全国乙卷）;2022:（全国甲卷）
among,among,junior,160,ipa-dict(en_US/CMUdict),corroborated,curated_function_words,teacher_pdf_gloss,historical_partial_2010_2022,15,2011:（新课标）;2013:（新课标ii）;2014:（新课标Ⅰ）;2015:（新课标Ⅰ）;2016:（新课标Ⅰ）;2016:（新课标ⅱ）;2017:（新课标ⅲ）;2018:（新课标Ⅰ）;2018:（新课标ⅱ）;2018:（新课标ⅲ）;2019:（新课标Ⅰ）;2019:（新课标Ⅱ）;2020:（新课标Ⅰ）;2020:（新课标Ⅱ）;2021:（解析版）
amount,amount*,required,161,ipa-dict(en_US/CMUdict),corroborated,ECDICT,teacher_pdf_gloss,historical_partial_2010_2022,10,2014:（新课标ⅱ）;2016:（新课标Ⅰ）;2017:（新课标Ⅰ）;2017:（新课标ⅲ）;2018:（新课标ⅱ）;2019:（新课标Ⅲ）;2020:（新课标Ⅰ）;2020:（新课标Ⅱ）;2021:（解析版）;2022:（全国乙卷）
amuse,amuse**,selective_required,163,ipa-dict(en_US/CMUdict),corroborated,ECDICT,teacher_pdf_gloss,historical_partial_2010_2022,2,2016:（新课标ⅱ）;2022:（全国甲卷）
an,a (an),junior,,curated_homograph_override,curated,curated_function_words,curated_override,historical_partial_2010_2022,30,2010:（新课标Ⅰ）;2010:（新课标Ⅱ）;2011:（全国卷ii）;2011:（新课标）;2012:（新课标）;2013:（新课标ii）;2013:（新课标Ⅰ）;2014:（新课标Ⅰ）;2014:（新课标ⅱ）;2015:（新课标Ⅰ）;2015:（新课标ⅱ）;2016:（新课标Ⅰ）;2016:（新课标ⅱ）;2016:（新课标ⅲ）;2017:（新课标Ⅰ）;2017:（新课标ⅱ）;2017:（新课标ⅲ）;2018:（新课标Ⅰ）;2018:（新课标ⅱ）;2018:（新课标ⅲ）;2019:（新课标Ⅰ）;2019:（新课标Ⅱ）;2019:（新课标Ⅲ）;2020:（新课标Ⅰ）;2020:（新课标Ⅱ）;2020:（新课标Ⅲ）;2021:（新课标Ⅰ）;2021:（解析版）;2022:（全国乙卷）;2022:（全国甲卷）
analysis,,extension,166,ipa-dict(en_US/CMUdict),corroborated,ECDICT,teacher_pdf_gloss,historical_partial_2010_2022,1,2018:（新课标Ⅰ）
analyze,analyse (analyze)**,selective_required,165,ipa-dict(en_US/CMUdict),corroborated,ECDICT,teacher_pdf_gloss,historical_partial_2010_2022,6,2013:（新课标Ⅰ）;2016:（新课标ⅲ）;2018:（新课标Ⅰ）;2019:（新课标Ⅰ）;2019:（新课标Ⅱ）;2020:（新课标Ⅱ）
ancestor,ancestor**,selective_required,167,ipa-dict(en_US/CMUdict),corroborated,ECDICT,teacher_pdf_gloss,historical_partial_2010_2022,0,
ancient,ancient,junior,169,ipa-dict(en_US/CMUdict),corroborated,ECDICT,teacher_pdf_gloss,historical_partial_2010_2022,8,2013:（新课标Ⅰ）;2015:（新课标ⅱ）;2019:（新课标Ⅲ）;2020:（新课标Ⅰ）;2020:（新课标Ⅲ）;2021:（新课标Ⅰ）;2022:（全国乙卷）;2022:（全国甲卷）
and,and,junior,170,ipa-dict(en_US/CMUdict),corroborated,curated_function_words,teacher_pdf_gloss,historical_partial_2010_2022,30,2010:（新课标Ⅰ）;2010:（新课标Ⅱ）;2011:（全国卷ii）;2011:（新课标）;2012:（新课标）;2013:（新课标ii）;2013:（新课标Ⅰ）;2014:（新课标Ⅰ）;2014:（新课标ⅱ）;2015:（新课标Ⅰ）;2015:（新课标ⅱ）;2016:（新课标Ⅰ）;2016:（新课标ⅱ）;2016:（新课标ⅲ）;2017:（新课标Ⅰ）;2017:（新课标ⅱ）;2017:（新课标ⅲ）;2018:（新课标Ⅰ）;2018:（新课标ⅱ）;2018:（新课标ⅲ）;2019:（新课标Ⅰ）;2019:（新课标Ⅱ）;2019:（新课标Ⅲ）;2020:（新课标Ⅰ）;2020:（新课标Ⅱ）;2020:（新课标Ⅲ）;2021:（新课标Ⅰ）;2021:（解析版）;2022:（全国乙卷）;2022:（全国甲卷）
anger,anger**,selective_required,172,ipa-dict(en_US/CMUdict),corroborated,ECDICT,teacher_pdf_gloss,historical_partial_2010_2022,5,2015:（新课标Ⅰ）;2016:（新课标Ⅰ）;2016:（新课标ⅲ）;2018:（新课标ⅱ）;2020:（新课标Ⅲ）
angle,angle**,selective_required,173,ipa-dict(en_US/CMUdict),corroborated,ECDICT,teacher_pdf_gloss,historical_partial_2010_2022,1,2015:（新课标Ⅰ）
angry,angry,junior,174,ipa-dict(en_US/CMUdict),corroborated,ECDICT,teacher_pdf_gloss,historical_partial_2010_2022,2,2011:（全国卷ii）;2012:（新课标）
animal,animal,junior,175,ipa-dict(en_US/CMUdict),corroborated,ECDICT,teacher_pdf_gloss,historical_partial_2010_2022,17,2010:（新课标Ⅰ）;2011:（全国卷ii）;2012:（新课标）;2014:（新课标Ⅰ）;2015:（新课标Ⅰ）;2016:（新课标Ⅰ）;2016:（新课标ⅲ）;2017:（新课标ⅲ）;2018:（新课标Ⅰ）;2018:（新课标ⅲ）;2019:（新课标Ⅱ）;2019:（新课标Ⅲ）;2020:（新课标Ⅱ）;2020:（新课标Ⅲ）;2021:（解析版）;2022:（全国乙卷）;2022:（全国甲卷）
ankle,ankle**,selective_required,176,ipa-dict(en_US/CMUdict),corroborated,ECDICT,teacher_pdf_gloss,historical_partial_2010_2022,1,2020:（新课标Ⅰ）
anniversary,,extension,177,ipa-dict(en_US/CMUdict),corroborated,ECDICT,teacher_pdf_gloss,historical_partial_2010_2022,3,2017:（新课标ⅲ）;2018:（新课标ⅲ）;2022:（全国乙卷）
announce,announce*,required,178,ipa-dict(en_US/CMUdict),corroborated,ECDICT,teacher_pdf_gloss,historical_partial_2010_2022,6,2010:（新课标Ⅰ）;2011:（全国卷ii）;2011:（新课标）;2017:（新课标ⅲ）;2018:（新课标Ⅰ）;2022:（全国乙卷）
announcement,,extension,179,ipa-dict(en_US/CMUdict),corroborated,ECDICT,teacher_pdf_gloss,historical_partial_2010_2022,3,2011:（新课标）;2014:（新课标Ⅰ）;2020:（新课标Ⅱ）
annoy,annoy**,selective_required,180,ipa-dict(en_US/CMUdict),corroborated,ECDICT,teacher_pdf_gloss,historical_partial_2010_2022,10,2015:（新课标Ⅰ）;2015:（新课标ⅱ）;2016:（新课标ⅱ）;2016:（新课标ⅲ）;2017:（新课标ⅲ）;2018:（新课标ⅱ）;2019:（新课标Ⅱ）;2020:（新课标Ⅱ）;2021:（新课标Ⅰ）;2022:（全国甲卷）
annual,annual*,required,181,ipa-dict(en_US/CMUdict),corroborated,ECDICT,teacher_pdf_gloss,historical_partial_2010_2022,5,2014:（新课标Ⅰ）;2017:（新课标Ⅰ）;2019:（新课标Ⅲ）;2021:（解析版）;2022:（全国甲卷）
another,another,junior,182,ipa-dict(en_US/CMUdict),corroborated,curated_function_words,teacher_pdf_gloss,historical_partial_2010_2022,25,2010:（新课标Ⅰ）;2010:（新课标Ⅱ）;2011:（全国卷ii）;2012:（新课标）;2013:（新课标ii）;2013:（新课标Ⅰ）;2014:（新课标Ⅰ）;2014:（新课标ⅱ）;2015:（新课标ⅱ）;2016:（新课标Ⅰ）;2016:（新课标ⅱ）;2016:（新课标ⅲ）;2017:（新课标Ⅰ）;2017:（新课标ⅱ）;2017:（新课标ⅲ）;2018:（新课标Ⅰ）;2018:（新课标ⅱ）;2019:（新课标Ⅰ）;2019:（新课标Ⅱ）;2019:（新课标Ⅲ）;2020:（新课标Ⅰ）;2020:（新课标Ⅱ）;2021:（解析版）;2022:（全国乙卷）;2022:（全国甲卷）
answer,answer,junior,,ipa-dict(en_US/CMUdict),corroborated,ECDICT,ECDICT,historical_partial_2010_2022,8,2010:（新课标Ⅰ）;2011:（全国卷ii）;2011:（新课标）;2016:（新课标Ⅰ）;2017:（新课标ⅲ）;2019:（新课标Ⅰ）;2019:（新课标Ⅲ）;2021:（解析版）
ant,ant,junior,184,ipa-dict(en_US/CMUdict),corroborated,ECDICT,teacher_pdf_gloss,historical_partial_2010_2022,0,
anticipate,anticipate**,selective_required,,ipa-dict(en_US/CMUdict),corroborated,ECDICT,ECDICT,historical_partial_2010_2022,0,
antique,antique**,selective_required,188,ipa-dict(en_US/CMUdict),corroborated,ECDICT,teacher_pdf_gloss,historical_partial_2010_2022,2,2010:（新课标Ⅱ）;2020:（新课标Ⅱ）
anxiety,anxiety**,selective_required,189,ipa-dict(en_US/CMUdict),corroborated,ECDICT,teacher_pdf_gloss,historical_partial_2010_2022,6,2013:（新课标Ⅰ）;2014:（新课标Ⅰ）;2016:（新课标Ⅰ）;2016:（新课标ⅲ）;2018:（新课标ⅲ）;2019:（新课标Ⅱ）
anxious,anxious*,required,190,ipa-dict(en_US/CMUdict),corroborated,ECDICT,teacher_pdf_gloss,historical_partial_2010_2022,4,2014:（新课标ⅱ）;2015:（新课标ⅱ）;2018:（新课标ⅲ）;2020:（新课标Ⅱ）
any,any,junior,191,ipa-dict(en_US/CMUdict),corroborated,curated_function_words,teacher_pdf_gloss,historical_partial_2010_2022,22,2010:（新课标Ⅰ）;2010:（新课标Ⅱ）;2011:（全国卷ii）;2011:（新课标）;2012:（新课标）;2013:（新课标ii）;2014:（新课标Ⅰ）;2014:（新课标ⅱ）;2015:（新课标ⅱ）;2016:（新课标Ⅰ）;2016:（新课标ⅱ）;2016:（新课标ⅲ）;2017:（新课标Ⅰ）;2017:（新课标ⅲ）;2018:（新课标ⅲ）;2019:（新课标Ⅰ）;2019:（新课标Ⅱ）;2019:（新课标Ⅲ）;2020:（新课标Ⅱ）;2021:（解析版）;2022:（全国乙卷）;2022:（全国甲卷）
anybody,anybody,junior,192,ipa-dict(en_US/CMUdict),corroborated,curated_function_words,teacher_pdf_gloss,historical_partial_2010_2022,1,2013:（新课标ii）
anyhow,anyhow**,selective_required,193,ipa-dict(en_US/CMUdict),corroborated,ECDICT,teacher_pdf_gloss,historical_partial_2010_2022,1,2010:（新课标Ⅱ）
anyone,anyone,junior,194,ipa-dict(en_US/CMUdict),corroborated,curated_function_words,teacher_pdf_gloss,historical_partial_2010_2022,12,2010:（新课标Ⅱ）;2011:（全国卷ii）;2011:（新课标）;2014:（新课标ⅱ）;2016:（新课标Ⅰ）;2016:（新课标ⅱ）;2017:（新课标Ⅰ）;2017:（新课标ⅱ）;2020:（新课标Ⅰ）;2020:（新课标Ⅲ）;2021:（新课标Ⅰ）;2022:（全国甲卷）
anything,anything,junior,195,ipa-dict(en_US/CMUdict),corroborated,curated_function_words,teacher_pdf_gloss,historical_partial_2010_2022,8,2010:（新课标Ⅱ）;2011:（全国卷ii）;2013:（新课标Ⅰ）;2016:（新课标ⅱ）;2016:（新课标ⅲ）;2017:（新课标Ⅰ）;2017:（新课标ⅲ）;2018:（新课标ⅲ）
anyway,anyway,junior,196,ipa-dict(en_US/CMUdict),corroborated,ECDICT,teacher_pdf_gloss,historical_partial_2010_2022,0,
anywhere,anywhere,junior,197,ipa-dict(en_US/CMUdict),corroborated,ECDICT,teacher_pdf_gloss,historical_partial_2010_2022,2,2011:（全国卷ii）;2021:（新课标Ⅰ）
apart,apart**,selective_required,198,ipa-dict(en_US/CMUdict),corroborated,ECDICT,teacher_pdf_gloss,historical_partial_2010_2022,5,2010:（新课标Ⅱ）;2012:（新课标）;2013:（新课标Ⅰ）;2016:（新课标Ⅰ）;2018:（新课标Ⅰ）
apartment,apartment*,required,199,ipa-dict(en_US/CMUdict),corroborated,ECDICT,teacher_pdf_gloss,historical_partial_2010_2022,2,2013:（新课标ii）;2020:（新课标Ⅲ）
apologize,apologise (apologize)*,required,200,ipa-dict(en_US/CMUdict),corroborated,ECDICT,teacher_pdf_gloss,historical_partial_2010_2022,2,2020:（新课标Ⅲ）;2021:（解析版）
apparent,,extension,202,ipa-dict(en_US/CMUdict),corroborated,ECDICT,teacher_pdf_gloss,historical_partial_2010_2022,1,2015:（新课标ⅱ）
apparently,apparently**,selective_required,,ipa-dict(en_US/CMUdict),corroborated,ECDICT,ECDICT,historical_partial_2010_2022,3,2017:（新课标ⅱ）;2020:（新课标Ⅰ）;2020:（新课标Ⅱ）
appeal,appeal**,selective_required,203,ipa-dict(en_US/CMUdict),corroborated,ECDICT,teacher_pdf_gloss,historical_partial_2010_2022,4,2018:（新课标Ⅰ）;2018:（新课标ⅱ）;2019:（新课标Ⅱ）;2019:（新课标Ⅲ）
appear,appear,junior,204,ipa-dict(en_US/CMUdict),corroborated,ECDICT,teacher_pdf_gloss,historical_partial_2010_2022,14,2011:（全国卷ii）;2011:（新课标）;2013:（新课标ii）;2013:（新课标Ⅰ）;2015:（新课标Ⅰ）;2015:（新课标ⅱ）;2016:（新课标ⅱ）;2017:（新课标ⅱ）;2018:（新课标ⅲ）;2019:（新课标Ⅰ）;2019:（新课标Ⅱ）;2019:（新课标Ⅲ）;2021:（新课标Ⅰ）;2021:（解析版）
appearance,,extension,205,ipa-dict(en_US/CMUdict),corroborated,ECDICT,teacher_pdf_gloss,historical_partial_2010_2022,3,2010:（新课标Ⅰ）;2021:（新课标Ⅰ）;2021:（解析版）
appendix,,extension,206,ipa-dict(en_US/CMUdict),corroborated,ECDICT,teacher_pdf_gloss,historical_partial_2010_2022,0,
appetite,appetite**,selective_required,207,ipa-dict(en_US/CMUdict),corroborated,ECDICT,teacher_pdf_gloss,historical_partial_2010_2022,3,2014:（新课标ⅱ）;2015:（新课标ⅱ）;2017:（新课标Ⅰ）
applaud,applaud**,selective_required,208,ipa-dict(en_US/CMUdict),corroborated,ECDICT,teacher_pdf_gloss,historical_partial_2010_2022,0,
apple,apple,junior,209,ipa-dict(en_US/CMUdict),corroborated,ECDICT,teacher_pdf_gloss,historical_partial_2010_2022,3,2015:（新课标Ⅰ）;2016:（新课标ⅲ）;2020:（新课标Ⅲ）
applicant,applicant**,selective_required,210,ipa-dict(en_US/CMUdict),corroborated,ECDICT,teacher_pdf_gloss,historical_partial_2010_2022,1,2015:（新课标ⅱ）
application,application*,required,211,ipa-dict(en_US/CMUdict),corroborated,ECDICT,teacher_pdf_gloss,historical_partial_2010_2022,3,2013:（新课标Ⅰ）;2021:（解析版）;2022:（全国乙卷）
apply,apply*,required,212,ipa-dict(en_US/CMUdict),corroborated,ECDICT,teacher_pdf_gloss,historical_partial_2010_2022,9,2011:（新课标）;2013:（新课标Ⅰ）;2015:（新课标ⅱ）;2016:（新课标ⅲ）;2017:（新课标ⅲ）;2018:（新课标Ⅰ）;2018:（新课标ⅱ）;2019:（新课标Ⅰ）;2022:（全国乙卷）
appoint,,extension,213,ipa-dict(en_US/CMUdict),corroborated,ECDICT,teacher_pdf_gloss,historical_partial_2010_2022,1,2010:（新课标Ⅰ）
appointment,appointment**,selective_required,214,ipa-dict(en_US/CMUdict),corroborated,ECDICT,teacher_pdf_gloss,historical_partial_2010_2022,1,2010:（新课标Ⅰ）
appreciate,appreciate**,selective_required,215,ipa-dict(en_US/CMUdict),corroborated,ECDICT,teacher_pdf_gloss,historical_partial_2010_2022,5,2015:（新课标Ⅰ）;2017:（新课标Ⅰ）;2018:（新课标ⅲ）;2020:（新课标Ⅱ）;2020:（新课标Ⅲ）
appreciation,,extension,216,ipa-dict(en_US/CMUdict),corroborated,ECDICT,teacher_pdf_gloss,historical_partial_2010_2022,3,2019:（新课标Ⅱ）;2020:（新课标Ⅱ）;2020:（新课标Ⅲ）
approach,approach*,required,217,ipa-dict(en_US/CMUdict),corroborated,ECDICT,teacher_pdf_gloss,historical_partial_2010_2022,9,2013:（新课标Ⅰ）;2016:（新课标Ⅰ）;2016:（新课标ⅱ）;2016:（新课标ⅲ）;2017:（新课标ⅱ）;2018:（新课标Ⅰ）;2018:（新课标ⅱ）;2021:（新课标Ⅰ）;2022:（全国乙卷）
appropriate,appropriate**,selective_required,218,ipa-dict(en_US/CMUdict),corroborated,ECDICT,teacher_pdf_gloss,historical_partial_2010_2022,1,2017:（新课标ⅲ）
approve,approve**,selective_required,219,ipa-dict(en_US/CMUdict),corroborated,ECDICT,teacher_pdf_gloss,historical_partial_2010_2022,2,2018:（新课标ⅱ）;2020:（新课标Ⅰ）
approximately,,extension,220,ipa-dict(en_US/CMUdict),corroborated,ECDICT,teacher_pdf_gloss,historical_partial_2010_2022,3,2013:（新课标Ⅰ）;2020:（新课标Ⅰ）;2022:（全国乙卷）
april,April,junior,226,ipa-dict(en_US/CMUdict),corroborated,ECDICT,teacher_pdf_gloss,historical_partial_2010_2022,7,2010:（新课标Ⅰ）;2014:（新课标Ⅰ）;2017:（新课标Ⅰ）;2017:（新课标ⅱ）;2017:（新课标ⅲ）;2018:（新课标ⅲ）;2022:（全国乙卷）
arab,,extension,227,ipa-dict(en_US/CMUdict),corroborated,ECDICT,teacher_pdf_gloss,historical_partial_2010_2022,1,2020:（新课标Ⅲ）
arch,arch**,selective_required,223,ipa-dict(en_US/CMUdict),corroborated,ECDICT,teacher_pdf_gloss,historical_partial_2010_2022,0,
architect,architect**,selective_required,224,ipa-dict(en_US/CMUdict),corroborated,ECDICT,teacher_pdf_gloss,historical_partial_2010_2022,3,2015:（新课标ⅱ）;2018:（新课标ⅲ）;2021:（新课标Ⅰ）
architecture,,extension,225,ipa-dict(en_US/CMUdict),corroborated,ECDICT,teacher_pdf_gloss,historical_partial_2010_2022,5,2017:（新课标ⅱ）;2017:（新课标ⅲ）;2018:（新课标ⅲ）;2020:（新课标Ⅲ）;2022:（全国甲卷）
area,area,junior,233,ipa-dict(en_US/CMUdict),corroborated,ECDICT,teacher_pdf_gloss,historical_partial_2010_2022,17,2010:（新课标Ⅰ）;2010:（新课标Ⅱ）;2011:（全国卷ii）;2012:（新课标）;2016:（新课标Ⅰ）;2016:（新课标ⅱ）;2017:（新课标Ⅰ）;2017:（新课标ⅱ）;2017:（新课标ⅲ）;2019:（新课标Ⅰ）;2019:（新课标Ⅲ）;2020:（新课标Ⅰ）;2020:（新课标Ⅲ）;2021:（新课标Ⅰ）;2021:（解析版）;2022:（全国乙卷）;2022:（全国甲卷）
argue,argue*,required,234,ipa-dict(en_US/CMUdict),corroborated,ECDICT,teacher_pdf_gloss,historical_partial_2010_2022,8,2010:（新课标Ⅱ）;2011:（新课标）;2015:（新课标ⅱ）;2016:（新课标Ⅰ）;2018:（新课标ⅱ）;2019:（新课标Ⅰ）;2020:（新课标Ⅲ）;2021:（新课标Ⅰ）
argument,,extension,235,ipa-dict(en_US/CMUdict),corroborated,ECDICT,teacher_pdf_gloss,historical_partial_2010_2022,2,2010:（新课标Ⅱ）;2011:（全国卷ii）
arise,arise**,selective_required,236,ipa-dict(en_US/CMUdict),corroborated,ECDICT,teacher_pdf_gloss,historical_partial_2010_2022,1,2019:（新课标Ⅲ）
arm,arm,junior,,ipa-dict(en_US/CMUdict),corroborated,ECDICT,ECDICT,historical_partial_2010_2022,6,2010:（新课标Ⅰ）;2011:（全国卷ii）;2014:（新课标ⅱ）;2015:（新课标ⅱ）;2016:（新课标ⅲ）;2018:（新课标ⅱ）
army,army,junior,243,ipa-dict(en_US/CMUdict),corroborated,ECDICT,teacher_pdf_gloss,historical_partial_2010_2022,0,
around,around,junior,244,ipa-dict(en_US/CMUdict),corroborated,curated_function_words,teacher_pdf_gloss,historical_partial_2010_2022,26,2010:（新课标Ⅰ）;2010:（新课标Ⅱ）;2011:（全国卷ii）;2011:（新课标）;2012:（新课标）;2013:（新课标ii）;2013:（新课标Ⅰ）;2014:（新课标Ⅰ）;2014:（新课标ⅱ）;2015:（新课标Ⅰ）;2015:（新课标ⅱ）;2016:（新课标ⅱ）;2016:（新课标ⅲ）;2017:（新课标ⅱ）;2017:（新课标ⅲ）;2018:（新课标Ⅰ）;2018:（新课标ⅱ）;2018:（新课标ⅲ）;2019:（新课标Ⅰ）;2019:（新课标Ⅱ）;2020:（新课标Ⅱ）;2020:（新课标Ⅲ）;2021:（新课标Ⅰ）;2021:（解析版）;2022:（全国乙卷）;2022:（全国甲卷）
arrange,,extension,245,ipa-dict(en_US/CMUdict),corroborated,ECDICT,teacher_pdf_gloss,historical_partial_2010_2022,4,2015:（新课标Ⅰ）;2016:（新课标Ⅰ）;2016:（新课标ⅱ）;2017:（新课标Ⅰ）
arrangement,arrangement*,required,246,ipa-dict(en_US/CMUdict),corroborated,ECDICT,teacher_pdf_gloss,historical_partial_2010_2022,0,
arrest,arrest**,selective_required,247,ipa-dict(en_US/CMUdict),corroborated,ECDICT,teacher_pdf_gloss,historical_partial_2010_2022,0,
arrival,,extension,248,ipa-dict(en_US/CMUdict),corroborated,ECDICT,teacher_pdf_gloss,historical_partial_2010_2022,4,2014:（新课标ⅱ）;2015:（新课标Ⅰ）;2018:（新课标ⅲ）;2021:（解析版）
arrive,arrive,junior,249,ipa-dict(en_US/CMUdict),corroborated,ECDICT,teacher_pdf_gloss,historical_partial_2010_2022,18,2010:（新课标Ⅰ）;2010:（新课标Ⅱ）;2011:（全国卷ii）;2011:（新课标）;2012:（新课标）;2013:（新课标ii）;2014:（新课标ⅱ）;2015:（新课标Ⅰ）;2016:（新课标Ⅰ）;2016:（新课标ⅲ）;2017:（新课标Ⅰ）;2017:（新课标ⅱ）;2018:（新课标Ⅰ）;2018:（新课标ⅱ）;2018:（新课标ⅲ）;2020:（新课标Ⅲ）;2021:（解析版）;2022:（全国乙卷）
arrow,arrow**,selective_required,250,ipa-dict(en_US/CMUdict),corroborated,ECDICT,teacher_pdf_gloss,historical_partial_2010_2022,0,
art,art,junior,251,ipa-dict(en_US/CMUdict),corroborated,ECDICT,teacher_pdf_gloss,historical_partial_2010_2022,19,2010:（新课标Ⅰ）;2010:（新课标Ⅱ）;2011:（全国卷ii）;2011:（新课标）;2012:（新课标）;2013:（新课标ii）;2013:（新课标Ⅰ）;2014:（新课标Ⅰ）;2015:（新课标Ⅰ）;2016:（新课标ⅱ）;2016:（新课标ⅲ）;2018:（新课标ⅲ）;2019:（新课标Ⅲ）;2020:（新课标Ⅱ）;2020:（新课标Ⅲ）;2021:（新课标Ⅰ）;2021:（解析版）;2022:（全国乙卷）;2022:（全国甲卷）
article,article,junior,252,ipa-dict(en_US/CMUdict),corroborated,ECDICT,teacher_pdf_gloss,historical_partial_2010_2022,3,2014:（新课标Ⅰ）;2016:（新课标ⅲ）;2020:（新课标Ⅲ）
artificial,artificial**,selective_required,253,ipa-dict(en_US/CMUdict),corroborated,ECDICT,teacher_pdf_gloss,historical_partial_2010_2022,2,2018:（新课标ⅲ）;2019:（新课标Ⅰ）
artist,artist,junior,254,ipa-dict(en_US/CMUdict),corroborated,ECDICT,teacher_pdf_gloss,historical_partial_2010_2022,13,2010:（新课标Ⅱ）;2011:（全国卷ii）;2012:（新课标）;2013:（新课标ii）;2013:（新课标Ⅰ）;2014:（新课标Ⅰ）;2015:（新课标Ⅰ）;2017:（新课标ⅱ）;2019:（新课标Ⅲ）;2020:（新课标Ⅱ）;2020:（新课标Ⅲ）;2021:（新课标Ⅰ）;2022:（全国甲卷）
as,as,junior,,ipa-dict(en_US/CMUdict),corroborated,curated_core_pos,curated_override,historical_partial_2010_2022,30,2010:（新课标Ⅰ）;2010:（新课标Ⅱ）;2011:（全国卷ii）;2011:（新课标）;2012:（新课标）;2013:（新课标ii）;2013:（新课标Ⅰ）;2014:（新课标Ⅰ）;2014:（新课标ⅱ）;2015:（新课标Ⅰ）;2015:（新课标ⅱ）;2016:（新课标Ⅰ）;2016:（新课标ⅱ）;2016:（新课标ⅲ）;2017:（新课标Ⅰ）;2017:（新课标ⅱ）;2017:（新课标ⅲ）;2018:（新课标Ⅰ）;2018:（新课标ⅱ）;2018:（新课标ⅲ）;2019:（新课标Ⅰ）;2019:（新课标Ⅱ）;2019:（新课标Ⅲ）;2020:（新课标Ⅰ）;2020:（新课标Ⅱ）;2020:（新课标Ⅲ）;2021:（新课标Ⅰ）;2021:（解析版）;2022:（全国乙卷）;2022:（全国甲卷）
ash,,extension,256,ipa-dict(en_US/CMUdict),corroborated,ECDICT,teacher_pdf_gloss,historical_partial_2010_2022,0,
ashamed,ashamed**,selective_required,257,ipa-dict(en_US/CMUdict),corroborated,ECDICT,teacher_pdf_gloss,historical_partial_2010_2022,3,2016:（新课标ⅲ）;2018:（新课标ⅱ）;2020:（新课标Ⅰ）
asia,Asia,junior,258,ipa-dict(en_US/CMUdict),corroborated,ECDICT,teacher_pdf_gloss,historical_partial_2010_2022,6,2015:（新课标Ⅰ）;2016:（新课标Ⅰ）;2016:（新课标ⅲ）;2018:（新课标Ⅰ）;2020:（新课标Ⅱ）;2020:（新课标Ⅲ）
asian,Asian,junior,259,ipa-dict(en_US/CMUdict),corroborated,ECDICT,teacher_pdf_gloss,historical_partial_2010_2022,2,2011:（全国卷ii）;2016:（新课标Ⅰ）
aside,aside**,selective_required,260,ipa-dict(en_US/CMUdict),corroborated,ECDICT,teacher_pdf_gloss,historical_partial_2010_2022,6,2011:（新课标）;2013:（新课标ii）;2018:（新课标ⅱ）;2020:（新课标Ⅰ）;2021:（新课标Ⅰ）;2022:（全国甲卷）
ask,ask,junior,261,ipa-dict(en_US/CMUdict),corroborated,ECDICT,teacher_pdf_gloss,historical_partial_2010_2022,28,2010:（新课标Ⅰ）;2010:（新课标Ⅱ）;2011:（全国卷ii）;2011:（新课标）;2012:（新课标）;2013:（新课标ii）;2013:（新课标Ⅰ）;2014:（新课标Ⅰ）;2014:（新课标ⅱ）;2015:（新课标Ⅰ）;2016:（新课标Ⅰ）;2016:（新课标ⅱ）;2016:（新课标ⅲ）;2017:（新课标Ⅰ）;2017:（新课标ⅱ）;2017:（新课标ⅲ）;2018:（新课标ⅱ）;2018:（新课标ⅲ）;2019:（新课标Ⅰ）;2019:（新课标Ⅱ）;2019:（新课标Ⅲ）;2020:（新课标Ⅰ）;2020:（新课标Ⅱ）;2020:（新课标Ⅲ）;2021:（新课标Ⅰ）;2021:（解析版）;2022:（全国乙卷）;2022:（全国甲卷）
asleep,asleep,junior,262,ipa-dict(en_US/CMUdict),corroborated,ECDICT,teacher_pdf_gloss,historical_partial_2010_2022,3,2011:（全国卷ii）;2013:（新课标ii）;2016:（新课标ⅱ）
aspect,aspect*,required,263,ipa-dict(en_US/CMUdict),corroborated,ECDICT,teacher_pdf_gloss,historical_partial_2010_2022,5,2013:（新课标ii）;2013:（新课标Ⅰ）;2017:（新课标Ⅰ）;2020:（新课标Ⅱ）;2022:（全国乙卷）
assess,assess**,selective_required,264,ipa-dict(en_US/CMUdict),corroborated,ECDICT,teacher_pdf_gloss,historical_partial_2010_2022,3,2019:（新课标Ⅰ）;2020:（新课标Ⅱ）;2021:（新课标Ⅰ）
assessment,,extension,265,ipa-dict(en_US/CMUdict),corroborated,ECDICT,teacher_pdf_gloss,historical_partial_2010_2022,1,2017:（新课标ⅱ）
assign,assign**,selective_required,,ipa-dict(en_US/CMUdict),corroborated,ECDICT,ECDICT,historical_partial_2010_2022,0,
assist,,extension,266,ipa-dict(en_US/CMUdict),corroborated,ECDICT,teacher_pdf_gloss,historical_partial_2010_2022,4,2016:（新课标Ⅰ）;2018:（新课标Ⅰ）;2021:（新课标Ⅰ）;2022:（全国乙卷）
assistance,,extension,267,ipa-dict(en_US/CMUdict),corroborated,ECDICT,teacher_pdf_gloss,historical_partial_2010_2022,4,2011:（新课标）;2016:（新课标ⅲ）;2020:（新课标Ⅰ）;2022:（全国乙卷）
assistant,assistant**,selective_required,268,ipa-dict(en_US/CMUdict),corroborated,ECDICT,teacher_pdf_gloss,historical_partial_2010_2022,3,2011:（新课标）;2016:（新课标ⅱ）;2020:（新课标Ⅰ）
associate,,extension,269,ipa-dict(en_US/CMUdict),corroborated,ECDICT,teacher_pdf_gloss,historical_partial_2010_2022,7,2010:（新课标Ⅱ）;2017:（新课标ⅱ）;2018:（新课标ⅱ）;2019:（新课标Ⅰ）;2019:（新课标Ⅲ）;2020:（新课标Ⅰ）;2020:（新课标Ⅱ）
association,association**,selective_required,270,ipa-dict(en_US/CMUdict),corroborated,ECDICT,teacher_pdf_gloss,historical_partial_2010_2022,1,2010:（新课标Ⅱ）
assume,assume*,required,271,ipa-dict(en_US/CMUdict),corroborated,ECDICT,teacher_pdf_gloss,historical_partial_2010_2022,3,2010:（新课标Ⅱ）;2018:（新课标ⅲ）;2020:（新课标Ⅲ）
assumption,assumption**,selective_required,272,ipa-dict(en_US/CMUdict),corroborated,ECDICT,teacher_pdf_gloss,historical_partial_2010_2022,1,2022:（全国乙卷）
astonish,astonish**,selective_required,273,ipa-dict(en_US/CMUdict),corroborated,ECDICT,teacher_pdf_gloss,historical_partial_2010_2022,4,2010:（新课标Ⅱ）;2013:（新课标Ⅰ）;2018:（新课标ⅲ）;2020:（新课标Ⅲ）
astronaut,astronaut**,selective_required,274,ipa-dict(en_US/CMUdict),corroborated,ECDICT,teacher_pdf_gloss,historical_partial_2010_2022,1,2019:（新课标Ⅱ）
astronomer,astronomer**,selective_required,275,ipa-dict(en_US/CMUdict),corroborated,ECDICT,teacher_pdf_gloss,historical_partial_2010_2022,0,
at,at,junior,277,ipa-dict(en_US/CMUdict),corroborated,curated_function_words,teacher_pdf_gloss,historical_partial_2010_2022,30,2010:（新课标Ⅰ）;2010:（新课标Ⅱ）;2011:（全国卷ii）;2011:（新课标）;2012:（新课标）;2013:（新课标ii）;2013:（新课标Ⅰ）;2014:（新课标Ⅰ）;2014:（新课标ⅱ）;2015:（新课标Ⅰ）;2015:（新课标ⅱ）;2016:（新课标Ⅰ）;2016:（新课标ⅱ）;2016:（新课标ⅲ）;2017:（新课标Ⅰ）;2017:（新课标ⅱ）;2017:（新课标ⅲ）;2018:（新课标Ⅰ）;2018:（新课标ⅱ）;2018:（新课标ⅲ）;2019:（新课标Ⅰ）;2019:（新课标Ⅱ）;2019:（新课标Ⅲ）;2020:（新课标Ⅰ）;2020:（新课标Ⅱ）;2020:（新课标Ⅲ）;2021:（新课标Ⅰ）;2021:（解析版）;2022:（全国乙卷）;2022:（全国甲卷）
athlete,athlete*,required,278,ipa-dict(en_US/CMUdict),corroborated,ECDICT,teacher_pdf_gloss,historical_partial_2010_2022,1,2020:（新课标Ⅰ）
athletic,,extension,279,ipa-dict(en_US/CMUdict),corroborated,ECDICT,teacher_pdf_gloss,historical_partial_2010_2022,0,
atlantic,Atlantic*,required,281,ipa-dict(en_US/CMUdict),corroborated,ECDICT,teacher_pdf_gloss,historical_partial_2010_2022,0,
atmosphere,atmosphere**,selective_required,283,ipa-dict(en_US/CMUdict),corroborated,ECDICT,teacher_pdf_gloss,historical_partial_2010_2022,3,2016:（新课标ⅱ）;2019:（新课标Ⅰ）;2021:（新课标Ⅰ）
atom,,extension,284,ipa-dict(en_US/CMUdict),corroborated,ECDICT,teacher_pdf_gloss,historical_partial_2010_2022,0,
attach,attach*,required,285,ipa-dict(en_US/CMUdict),corroborated,ECDICT,teacher_pdf_gloss,historical_partial_2010_2022,4,2020:（新课标Ⅰ）;2020:（新课标Ⅱ）;2021:（新课标Ⅰ）;2022:（全国甲卷）
attack,attack*,required,286,ipa-dict(en_US/CMUdict),corroborated,ECDICT,teacher_pdf_gloss,historical_partial_2010_2022,6,2010:（新课标Ⅰ）;2014:（新课标Ⅰ）;2017:（新课标ⅱ）;2019:（新课标Ⅲ）;2021:（新课标Ⅰ）;2022:（全国甲卷）
attain,attain**,selective_required,287,ipa-dict(en_US/CMUdict),corroborated,ECDICT,teacher_pdf_gloss,historical_partial_2010_2022,1,2013:（新课标Ⅰ）
attempt,attempt*,required,288,ipa-dict(en_US/CMUdict),corroborated,ECDICT,teacher_pdf_gloss,historical_partial_2010_2022,5,2012:（新课标）;2016:（新课标Ⅰ）;2019:（新课标Ⅰ）;2020:（新课标Ⅰ）;2021:（新课标Ⅰ）
attend,attend,junior,289,ipa-dict(en_US/CMUdict),corroborated,ECDICT,teacher_pdf_gloss,historical_partial_2010_2022,8,2013:（新课标ii）;2015:（新课标ⅱ）;2016:（新课标ⅲ）;2017:（新课标Ⅰ）;2018:（新课标Ⅰ）;2019:（新课标Ⅲ）;2020:（新课标Ⅱ）;2022:（全国乙卷）
attention,attention,junior,290,ipa-dict(en_US/CMUdict),corroborated,ECDICT,teacher_pdf_gloss,historical_partial_2010_2022,12,2010:（新课标Ⅱ）;2011:（全国卷ii）;2011:（新课标）;2012:（新课标）;2013:（新课标Ⅰ）;2014:（新课标Ⅰ）;2014:（新课标ⅱ）;2018:（新课标ⅲ）;2019:（新课标Ⅲ）;2021:（新课标Ⅰ）;2022:（全国乙卷）;2022:（全国甲卷）
attitude,attitude*,required,292,ipa-dict(en_US/CMUdict),corroborated,ECDICT,teacher_pdf_gloss,historical_partial_2010_2022,10,2012:（新课标）;2013:（新课标Ⅰ）;2014:（新课标Ⅰ）;2015:（新课标Ⅰ）;2016:（新课标ⅱ）;2016:（新课标ⅲ）;2017:（新课标ⅱ）;2017:（新课标ⅲ）;2020:（新课标Ⅰ）;2020:（新课标Ⅲ）
attract,attract*,required,293,ipa-dict(en_US/CMUdict),corroborated,ECDICT,teacher_pdf_gloss,historical_partial_2010_2022,11,2011:（全国卷ii）;2011:（新课标）;2012:（新课标）;2013:（新课标ii）;2014:（新课标Ⅰ）;2016:（新课标Ⅰ）;2016:（新课标ⅲ）;2017:（新课标Ⅰ）;2017:（新课标ⅱ）;2018:（新课标ⅲ）;2019:（新课标Ⅲ）
attraction,,extension,294,ipa-dict(en_US/CMUdict),corroborated,ECDICT,teacher_pdf_gloss,historical_partial_2010_2022,5,2010:（新课标Ⅱ）;2015:（新课标ⅱ）;2020:（新课标Ⅱ）;2021:（新课标Ⅰ）;2022:（全国甲卷）
attractive,,extension,295,ipa-dict(en_US/CMUdict),corroborated,ECDICT,teacher_pdf_gloss,historical_partial_2010_2022,6,2010:（新课标Ⅱ）;2011:（全国卷ii）;2011:（新课标）;2015:（新课标Ⅰ）;2018:（新课标ⅱ）;2020:（新课标Ⅰ）
audience,audience*,required,296,ipa-dict(en_US/CMUdict),corroborated,ECDICT,teacher_pdf_gloss,historical_partial_2010_2022,8,2011:（全国卷ii）;2013:（新课标ii）;2014:（新课标Ⅰ）;2017:（新课标Ⅰ）;2017:（新课标ⅱ）;2017:（新课标ⅲ）;2019:（新课标Ⅲ）;2022:（全国甲卷）
august,August,junior,302,ipa-dict(en_US/CMUdict),corroborated,ECDICT,teacher_pdf_gloss,historical_partial_2010_2022,5,2013:（新课标ii）;2015:（新课标Ⅰ）;2016:（新课标ⅲ）;2017:（新课标ⅲ）;2018:（新课标ⅲ）
aunt,aunt,junior,303,ipa-dict(en_US/CMUdict),corroborated,ECDICT,teacher_pdf_gloss,historical_partial_2010_2022,0,
australia,Australia,junior,304,ipa-dict(en_US/CMUdict),corroborated,ECDICT,teacher_pdf_gloss,historical_partial_2010_2022,6,2010:（新课标Ⅰ）;2014:（新课标ⅱ）;2018:（新课标Ⅰ）;2020:（新课标Ⅰ）;2021:（新课标Ⅰ）;2022:（全国甲卷）
australian,Australian,junior,305,ipa-dict(en_US/CMUdict),corroborated,ECDICT,teacher_pdf_gloss,historical_partial_2010_2022,2,2016:（新课标ⅱ）;2021:（新课标Ⅰ）
author,author*,required,298,ipa-dict(en_US/CMUdict),corroborated,ECDICT,teacher_pdf_gloss,historical_partial_2010_2022,27,2010:（新课标Ⅰ）;2010:（新课标Ⅱ）;2011:（全国卷ii）;2011:（新课标）;2012:（新课标）;2013:（新课标ii）;2013:（新课标Ⅰ）;2014:（新课标Ⅰ）;2015:（新课标Ⅰ）;2015:（新课标ⅱ）;2016:（新课标Ⅰ）;2016:（新课标ⅱ）;2016:（新课标ⅲ）;2017:（新课标Ⅰ）;2017:（新课标ⅱ）;2017:（新课标ⅲ）;2018:（新课标Ⅰ）;2018:（新课标ⅱ）;2018:（新课标ⅲ）;2019:（新课标Ⅰ）;2019:（新课标Ⅱ）;2020:（新课标Ⅰ）;2020:（新课标Ⅱ）;2020:（新课标Ⅲ）;2021:（新课标Ⅰ）;2021:（解析版）;2022:（全国甲卷）
authority,authority*,required,299,ipa-dict(en_US/CMUdict),corroborated,ECDICT,teacher_pdf_gloss,historical_partial_2010_2022,3,2013:（新课标Ⅰ）;2016:（新课标Ⅰ）;2019:（新课标Ⅰ）
automatic,automatic**,selective_required,300,ipa-dict(en_US/CMUdict),corroborated,ECDICT,teacher_pdf_gloss,historical_partial_2010_2022,0,
autonomous,autonomous**,selective_required,301,ipa-dict(en_US/CMUdict),corroborated,ECDICT,teacher_pdf_gloss,historical_partial_2010_2022,0,
autumn,autumn,junior,306,ipa-dict(en_US/CMUdict),corroborated,ECDICT,teacher_pdf_gloss,historical_partial_2010_2022,1,2010:（新课标Ⅱ）
available,available**,selective_required,307,ipa-dict(en_US/CMUdict),corroborated,ECDICT,teacher_pdf_gloss,historical_partial_2010_2022,10,2014:（新课标Ⅰ）;2016:（新课标ⅲ）;2017:（新课标Ⅰ）;2017:（新课标ⅱ）;2017:（新课标ⅲ）;2018:（新课标ⅱ）;2018:（新课标ⅲ）;2019:（新课标Ⅰ）;2019:（新课标Ⅲ）;2022:（全国乙卷）
avenue,,extension,308,ipa-dict(en_US/CMUdict),corroborated,ECDICT,teacher_pdf_gloss,historical_partial_2010_2022,2,2014:（新课标Ⅰ）;2022:（全国乙卷）
average,average*,required,309,ipa-dict(en_US/CMUdict),corroborated,ECDICT,teacher_pdf_gloss,historical_partial_2010_2022,4,2010:（新课标Ⅰ）;2011:（新课标）;2017:（新课标ⅱ）;2018:（新课标Ⅰ）
avoid,avoid,junior,310,ipa-dict(en_US/CMUdict),corroborated,ECDICT,teacher_pdf_gloss,historical_partial_2010_2022,11,2014:（新课标ⅱ）;2015:（新课标ⅱ）;2016:（新课标ⅱ）;2017:（新课标ⅱ）;2017:（新课标ⅲ）;2018:（新课标Ⅰ）;2018:（新课标ⅲ）;2019:（新课标Ⅲ）;2021:（解析版）;2022:（全国乙卷）;2022:（全国甲卷）
awake,awake,junior,,ipa-dict(en_US/CMUdict),corroborated,ECDICT,ECDICT,historical_partial_2010_2022,2,2011:（全国卷ii）;2018:（新课标ⅱ）
award,award*,required,312,ipa-dict(en_US/CMUdict),corroborated,ECDICT,teacher_pdf_gloss,historical_partial_2010_2022,6,2017:（新课标ⅱ）;2018:（新课标ⅲ）;2019:（新课标Ⅰ）;2019:（新课标Ⅱ）;2021:（解析版）;2022:（全国甲卷）
aware,aware*,required,313,ipa-dict(en_US/CMUdict),corroborated,ECDICT,teacher_pdf_gloss,historical_partial_2010_2022,5,2011:（全国卷ii）;2013:（新课标Ⅰ）;2015:（新课标ⅱ）;2016:（新课标Ⅰ）;2018:（新课标Ⅰ）
away,away,junior,314,ipa-dict(en_US/CMUdict),corroborated,ECDICT,teacher_pdf_gloss,historical_partial_2010_2022,19,2010:（新课标Ⅰ）;2010:（新课标Ⅱ）;2011:（新课标）;2012:（新课标）;2013:（新课标ii）;2013:（新课标Ⅰ）;2014:（新课标Ⅰ）;2014:（新课标ⅱ）;2015:（新课标Ⅰ）;2015:（新课标ⅱ）;2016:（新课标Ⅰ）;2016:（新课标ⅱ）;2017:（新课标ⅱ）;2017:（新课标ⅲ）;2018:（新课标ⅱ）;2019:（新课标Ⅰ）;2019:（新课标Ⅱ）;2020:（新课标Ⅲ）;2021:（新课标Ⅰ）
awesome,awesome**,selective_required,315,ipa-dict(en_US/CMUdict),corroborated,ECDICT,teacher_pdf_gloss,historical_partial_2010_2022,1,2020:（新课标Ⅰ）
awful,awful,junior,316,ipa-dict(en_US/CMUdict),corroborated,ECDICT,teacher_pdf_gloss,historical_partial_2010_2022,0,
awkward,awkward*,required,317,ipa-dict(en_US/CMUdict),corroborated,ECDICT,teacher_pdf_gloss,historical_partial_2010_2022,4,2013:（新课标Ⅰ）;2018:（新课标ⅱ）;2019:（新课标Ⅱ）;2021:（新课标Ⅰ）
baby,baby,junior,318,ipa-dict(en_US/CMUdict),corroborated,ECDICT,teacher_pdf_gloss,historical_partial_2010_2022,6,2010:（新课标Ⅰ）;2013:（新课标Ⅰ）;2017:（新课标Ⅰ）;2018:（新课标ⅲ）;2021:（新课标Ⅰ）;2022:（全国甲卷）
back,back,junior,,ipa-dict(en_US/CMUdict),corroborated,ECDICT,ECDICT,historical_partial_2010_2022,26,2010:（新课标Ⅰ）;2010:（新课标Ⅱ）;2011:（新课标）;2012:（新课标）;2013:（新课标ii）;2013:（新课标Ⅰ）;2014:（新课标Ⅰ）;2014:（新课标ⅱ）;2015:（新课标Ⅰ）;2015:（新课标ⅱ）;2016:（新课标Ⅰ）;2016:（新课标ⅱ）;2016:（新课标ⅲ）;2017:（新课标Ⅰ）;2017:（新课标ⅱ）;2017:（新课标ⅲ）;2018:（新课标ⅱ）;2019:（新课标Ⅰ）;2019:（新课标Ⅱ）;2020:（新课标Ⅰ）;2020:（新课标Ⅱ）;2020:（新课标Ⅲ）;2021:（新课标Ⅰ）;2021:（解析版）;2022:（全国乙卷）;2022:（全国甲卷）
background,background,junior,322,ipa-dict(en_US/CMUdict),corroborated,ECDICT,teacher_pdf_gloss,historical_partial_2010_2022,4,2013:（新课标Ⅰ）;2016:（新课标Ⅰ）;2018:（新课标Ⅰ）;2021:（新课标Ⅰ）
backward,backward**,selective_required,,ipa-dict(en_US/CMUdict),corroborated,ECDICT,ECDICT,historical_partial_2010_2022,0,
bacon,bacon**,selective_required,324,ipa-dict(en_US/CMUdict),corroborated,ECDICT,teacher_pdf_gloss,historical_partial_2010_2022,0,
bad,bad,junior,326,ipa-dict(en_US/CMUdict),corroborated,ECDICT,teacher_pdf_gloss,historical_partial_2010_2022,13,2010:（新课标Ⅱ）;2011:（全国卷ii）;2013:（新课标ii）;2013:（新课标Ⅰ）;2015:（新课标Ⅰ）;2016:（新课标Ⅰ）;2016:（新课标ⅱ）;2016:（新课标ⅲ）;2017:（新课标Ⅰ）;2017:（新课标ⅱ）;2018:（新课标Ⅰ）;2019:（新课标Ⅰ）;2022:（全国乙卷）
badly,,extension,330,ipa-dict(en_US/CMUdict),corroborated,ECDICT,teacher_pdf_gloss,historical_partial_2010_2022,3,2014:（新课标Ⅰ）;2015:（新课标Ⅰ）;2020:（新课标Ⅲ）
badminton,badminton*,required,331,ipa-dict(en_US/CMUdict),corroborated,ECDICT,teacher_pdf_gloss,historical_partial_2010_2022,0,
bag,bag,junior,332,ipa-dict(en_US/CMUdict),corroborated,ECDICT,teacher_pdf_gloss,historical_partial_2010_2022,7,2015:（新课标Ⅰ）;2017:（新课标Ⅰ）;2017:（新课标ⅲ）;2018:（新课标ⅱ）;2018:（新课标ⅲ）;2020:（新课标Ⅲ）;2021:（解析版）
bake,,extension,334,ipa-dict(en_US/CMUdict),corroborated,ECDICT,teacher_pdf_gloss,historical_partial_2010_2022,0,
bakery,bakery**,selective_required,335,ipa-dict(en_US/CMUdict),corroborated,ECDICT,teacher_pdf_gloss,historical_partial_2010_2022,0,
balance,balance*,required,336,ipa-dict(en_US/CMUdict),corroborated,ECDICT,teacher_pdf_gloss,historical_partial_2010_2022,4,2017:（新课标ⅱ）;2018:（新课标Ⅰ）;2018:（新课标ⅲ）;2022:（全国甲卷）
ball,ball,junior,338,ipa-dict(en_US/CMUdict),corroborated,ECDICT,teacher_pdf_gloss,historical_partial_2010_2022,7,2011:（新课标）;2012:（新课标）;2018:（新课标ⅲ）;2019:（新课标Ⅰ）;2019:（新课标Ⅲ）;2020:（新课标Ⅱ）;2022:（全国甲卷）
ballet,ballet*,required,339,ipa-dict(en_US/CMUdict),corroborated,ECDICT,teacher_pdf_gloss,historical_partial_2010_2022,0,
balloon,balloon,junior,340,ipa-dict(en_US/CMUdict),corroborated,ECDICT,teacher_pdf_gloss,historical_partial_2010_2022,0,
bamboo,bamboo,junior,343,ipa-dict(en_US/CMUdict),corroborated,ECDICT,teacher_pdf_gloss,historical_partial_2010_2022,2,2016:（新课标ⅲ）;2020:（新课标Ⅱ）
ban,ban**,selective_required,344,ipa-dict(en_US/CMUdict),corroborated,ECDICT,teacher_pdf_gloss,historical_partial_2010_2022,1,2021:（解析版）
banana,banana,junior,345,ipa-dict(en_US/CMUdict),corroborated,ECDICT,teacher_pdf_gloss,historical_partial_2010_2022,1,2018:（新课标ⅱ）
band,band*,required,346,ipa-dict(en_US/CMUdict),corroborated,ECDICT,teacher_pdf_gloss,historical_partial_2010_2022,1,2016:（新课标ⅱ）
bang,,extension,348,ipa-dict(en_US/CMUdict),corroborated,ECDICT,teacher_pdf_gloss,historical_partial_2010_2022,0,
bank,bank,junior,349,ipa-dict(en_US/CMUdict),corroborated,ECDICT,teacher_pdf_gloss,historical_partial_2010_2022,6,2010:（新课标Ⅰ）;2011:（全国卷ii）;2011:（新课标）;2016:（新课标Ⅰ）;2018:（新课标ⅱ）;2020:（新课标Ⅲ）
bar,bar*,required,,ipa-dict(en_US/CMUdict),corroborated,ECDICT,ECDICT,historical_partial_2010_2022,2,2016:（新课标ⅱ）;2019:（新课标Ⅱ）
barbecue,barbecue**,selective_required,352,ipa-dict(en_US/CMUdict),corroborated,ECDICT,teacher_pdf_gloss,historical_partial_2010_2022,0,
bare,,extension,355,ipa-dict(en_US/CMUdict),corroborated,ECDICT,teacher_pdf_gloss,historical_partial_2010_2022,0,
barely,barely**,selective_required,,ipa-dict(en_US/CMUdict),corroborated,ECDICT,ECDICT,historical_partial_2010_2022,0,
bark,bark**,selective_required,357,ipa-dict(en_US/CMUdict),corroborated,ECDICT,teacher_pdf_gloss,historical_partial_2010_2022,2,2010:（新课标Ⅱ）;2019:（新课标Ⅲ）
barrier,barrier**,selective_required,358,ipa-dict(en_US/CMUdict),corroborated,ECDICT,teacher_pdf_gloss,historical_partial_2010_2022,0,
base,base*,required,359,ipa-dict(en_US/CMUdict),corroborated,ECDICT,teacher_pdf_gloss,historical_partial_2010_2022,7,2010:（新课标Ⅱ）;2014:（新课标Ⅰ）;2016:（新课标Ⅰ）;2018:（新课标ⅱ）;2019:（新课标Ⅰ）;2020:（新课标Ⅰ）;2020:（新课标Ⅲ）
baseball,baseball,junior,360,ipa-dict(en_US/CMUdict),corroborated,ECDICT,teacher_pdf_gloss,historical_partial_2010_2022,1,2012:（新课标）
basement,,extension,361,ipa-dict(en_US/CMUdict),corroborated,ECDICT,teacher_pdf_gloss,historical_partial_2010_2022,1,2014:（新课标Ⅰ）
basic,basic,junior,362,ipa-dict(en_US/CMUdict),corroborated,ECDICT,teacher_pdf_gloss,historical_partial_2010_2022,8,2012:（新课标）;2013:（新课标Ⅰ）;2014:（新课标ⅱ）;2016:（新课标Ⅰ）;2017:（新课标ⅱ）;2018:（新课标Ⅰ）;2019:（新课标Ⅲ）;2020:（新课标Ⅲ）
basin,basin**,selective_required,363,ipa-dict(en_US/CMUdict),corroborated,ECDICT,teacher_pdf_gloss,historical_partial_2010_2022,1,2020:（新课标Ⅰ）
basis,basis*,required,364,ipa-dict(en_US/CMUdict),corroborated,ECDICT,teacher_pdf_gloss,historical_partial_2010_2022,5,2010:（新课标Ⅱ）;2014:（新课标Ⅰ）;2018:（新课标ⅱ）;2019:（新课标Ⅱ）;2022:（全国乙卷）
basket,basket,junior,365,ipa-dict(en_US/CMUdict),corroborated,ECDICT,teacher_pdf_gloss,historical_partial_2010_2022,4,2010:（新课标Ⅰ）;2015:（新课标Ⅰ）;2017:（新课标Ⅰ）;2018:（新课标Ⅰ）
basketball,basketball,junior,366,ipa-dict(en_US/CMUdict),corroborated,ECDICT,teacher_pdf_gloss,historical_partial_2010_2022,1,2010:（新课标Ⅰ）
bat,bat**,selective_required,367,ipa-dict(en_US/CMUdict),corroborated,ECDICT,teacher_pdf_gloss,historical_partial_2010_2022,0,
bath,bath**,selective_required,368,ipa-dict(en_US/CMUdict),corroborated,ECDICT,teacher_pdf_gloss,historical_partial_2010_2022,6,2010:（新课标Ⅱ）;2014:（新课标Ⅰ）;2015:（新课标ⅱ）;2018:（新课标ⅱ）;2022:（全国乙卷）;2022:（全国甲卷）
bathroom,bathroom,junior,371,ipa-dict(en_US/CMUdict),corroborated,ECDICT,teacher_pdf_gloss,historical_partial_2010_2022,4,2015:（新课标ⅱ）;2017:（新课标Ⅰ）;2019:（新课标Ⅰ）;2020:（新课标Ⅲ）
battery,battery*,required,373,ipa-dict(en_US/CMUdict),corroborated,ECDICT,teacher_pdf_gloss,historical_partial_2010_2022,0,
battle,battle*,required,374,ipa-dict(en_US/CMUdict),corroborated,ECDICT,teacher_pdf_gloss,historical_partial_2010_2022,4,2015:（新课标Ⅰ）;2018:（新课标ⅱ）;2019:（新课标Ⅱ）;2020:（新课标Ⅱ）
bay,bay**,selective_required,376,ipa-dict(en_US/CMUdict),corroborated,ECDICT,teacher_pdf_gloss,historical_partial_2010_2022,3,2018:（新课标ⅱ）;2019:（新课标Ⅰ）;2022:（全国甲卷）
bc,BC**,selective_required,377,ipa-dict(en_US/CMUdict),corroborated,teacher_pdf,teacher_pdf_gloss,historical_partial_2010_2022,0,
be,"be (am, are, is)",junior,,ipa-dict(en_US/CMUdict),corroborated,ECDICT,ECDICT,historical_partial_2010_2022,30,2010:（新课标Ⅰ）;2010:（新课标Ⅱ）;2011:（全国卷ii）;2011:（新课标）;2012:（新课标）;2013:（新课标ii）;2013:（新课标Ⅰ）;2014:（新课标Ⅰ）;2014:（新课标ⅱ）;2015:（新课标Ⅰ）;2015:（新课标ⅱ）;2016:（新课标Ⅰ）;2016:（新课标ⅱ）;2016:（新课标ⅲ）;2017:（新课标Ⅰ）;2017:（新课标ⅱ）;2017:（新课标ⅲ）;2018:（新课标Ⅰ）;2018:（新课标ⅱ）;2018:（新课标ⅲ）;2019:（新课标Ⅰ）;2019:（新课标Ⅱ）;2019:（新课标Ⅲ）;2020:（新课标Ⅰ）;2020:（新课标Ⅱ）;2020:（新课标Ⅲ）;2021:（新课标Ⅰ）;2021:（解析版）;2022:（全国乙卷）;2022:（全国甲卷）
beach,beach,junior,379,ipa-dict(en_US/CMUdict),corroborated,ECDICT,teacher_pdf_gloss,historical_partial_2010_2022,8,2010:（新课标Ⅱ）;2012:（新课标）;2015:（新课标Ⅰ）;2019:（新课标Ⅱ）;2020:（新课标Ⅲ）;2021:（新课标Ⅰ）;2021:（解析版）;2022:（全国甲卷）
beam,,extension,380,ipa-dict(en_US/CMUdict),corroborated,ECDICT,teacher_pdf_gloss,historical_partial_2010_2022,2,2019:（新课标Ⅲ）;2021:（解析版）
bean,bean,junior,381,ipa-dict(en_US/CMUdict),corroborated,ECDICT,teacher_pdf_gloss,historical_partial_2010_2022,2,2011:（新课标）;2013:（新课标ii）
bear,bear,junior,383,ipa-dict(en_US/CMUdict),corroborated,ECDICT,teacher_pdf_gloss,historical_partial_2010_2022,4,2012:（新课标）;2015:（新课标Ⅰ）;2018:（新课标ⅲ）;2019:（新课标Ⅰ）
beard,beard**,selective_required,384,ipa-dict(en_US/CMUdict),corroborated,ECDICT,teacher_pdf_gloss,historical_partial_2010_2022,1,2013:（新课标Ⅰ）
beast,,extension,385,ipa-dict(en_US/CMUdict),corroborated,ECDICT,teacher_pdf_gloss,historical_partial_2010_2022,0,
beat,beat,junior,386,ipa-dict(en_US/CMUdict),corroborated,ECDICT,teacher_pdf_gloss,historical_partial_2010_2022,7,2016:（新课标ⅲ）;2018:（新课标Ⅰ）;2018:（新课标ⅲ）;2019:（新课标Ⅲ）;2020:（新课标Ⅰ）;2021:（解析版）;2022:（全国甲卷）
beautiful,beautiful,junior,389,ipa-dict(en_US/CMUdict),corroborated,ECDICT,teacher_pdf_gloss,historical_partial_2010_2022,11,2010:（新课标Ⅰ）;2011:（全国卷ii）;2011:（新课标）;2015:（新课标Ⅰ）;2016:（新课标ⅱ）;2017:（新课标Ⅰ）;2018:（新课标Ⅰ）;2019:（新课标Ⅲ）;2020:（新课标Ⅲ）;2022:（全国乙卷）;2022:（全国甲卷）
beauty,beauty**,selective_required,390,ipa-dict(en_US/CMUdict),corroborated,ECDICT,teacher_pdf_gloss,historical_partial_2010_2022,8,2010:（新课标Ⅰ）;2015:（新课标ⅱ）;2017:（新课标ⅲ）;2019:（新课标Ⅰ）;2019:（新课标Ⅲ）;2020:（新课标Ⅰ）;2020:（新课标Ⅱ）;2022:（全国乙卷）
because,because,junior,391,ipa-dict(en_US/CMUdict),corroborated,curated_function_words,teacher_pdf_gloss,historical_partial_2010_2022,27,2010:（新课标Ⅰ）;2010:（新课标Ⅱ）;2011:（全国卷ii）;2011:（新课标）;2012:（新课标）;2013:（新课标ii）;2013:（新课标Ⅰ）;2014:（新课标Ⅰ）;2014:（新课标ⅱ）;2015:（新课标Ⅰ）;2015:（新课标ⅱ）;2016:（新课标Ⅰ）;2016:（新课标ⅲ）;2017:（新课标Ⅰ）;2017:（新课标ⅱ）;2017:（新课标ⅲ）;2018:（新课标Ⅰ）;2018:（新课标ⅱ）;2018:（新课标ⅲ）;2019:（新课标Ⅱ）;2020:（新课标Ⅰ）;2020:（新课标Ⅱ）;2020:（新课标Ⅲ）;2021:（新课标Ⅰ）;2021:（解析版）;2022:（全国乙卷）;2022:（全国甲卷）
become,become,junior,,ipa-dict(en_US/CMUdict),corroborated,ECDICT,ECDICT,historical_partial_2010_2022,26,2010:（新课标Ⅰ）;2010:（新课标Ⅱ）;2011:（全国卷ii）;2011:（新课标）;2013:（新课标ii）;2013:（新课标Ⅰ）;2014:（新课标Ⅰ）;2014:（新课标ⅱ）;2015:（新课标Ⅰ）;2016:（新课标Ⅰ）;2016:（新课标ⅱ）;2016:（新课标ⅲ）;2017:（新课标Ⅰ）;2017:（新课标ⅱ）;2017:（新课标ⅲ）;2018:（新课标Ⅰ）;2018:（新课标ⅲ）;2019:（新课标Ⅰ）;2019:（新课标Ⅱ）;2019:（新课标Ⅲ）;2020:（新课标Ⅰ）;2020:（新课标Ⅱ）;2020:（新课标Ⅲ）;2021:（新课标Ⅰ）;2021:（解析版）;2022:（全国甲卷）
bed,bed,junior,393,ipa-dict(en_US/CMUdict),corroborated,ECDICT,teacher_pdf_gloss,historical_partial_2010_2022,5,2011:（新课标）;2015:（新课标ⅱ）;2017:（新课标Ⅰ）;2020:（新课标Ⅰ）;2021:（新课标Ⅰ）
bedroom,bedroom,junior,396,ipa-dict(en_US/CMUdict),corroborated,ECDICT,teacher_pdf_gloss,historical_partial_2010_2022,5,2016:（新课标ⅱ）;2017:（新课标Ⅰ）;2020:（新课标Ⅲ）;2021:（新课标Ⅰ）;2021:（解析版）
bee,,extension,397,ipa-dict(en_US/CMUdict),corroborated,ECDICT,teacher_pdf_gloss,historical_partial_2010_2022,1,2012:（新课标）
beef,beef,junior,398,ipa-dict(en_US/CMUdict),corroborated,ECDICT,teacher_pdf_gloss,historical_partial_2010_2022,0,
beer,beer*,required,400,ipa-dict(en_US/CMUdict),corroborated,ECDICT,teacher_pdf_gloss,historical_partial_2010_2022,3,2016:（新课标ⅱ）;2019:（新课标Ⅰ）;2021:（解析版）
before,before,junior,,ipa-dict(en_US/CMUdict),corroborated,curated_function_words,ECDICT,historical_partial_2010_2022,28,2010:（新课标Ⅰ）;2010:（新课标Ⅱ）;2011:（新课标）;2012:（新课标）;2013:（新课标ii）;2013:（新课标Ⅰ）;2014:（新课标Ⅰ）;2014:（新课标ⅱ）;2015:（新课标Ⅰ）;2015:（新课标ⅱ）;2016:（新课标Ⅰ）;2016:（新课标ⅱ）;2016:（新课标ⅲ）;2017:（新课标Ⅰ）;2017:（新课标ⅱ）;2017:（新课标ⅲ）;2018:（新课标Ⅰ）;2018:（新课标ⅱ）;2018:（新课标ⅲ）;2019:（新课标Ⅰ）;2019:（新课标Ⅱ）;2019:（新课标Ⅲ）;2020:（新课标Ⅰ）;2020:（新课标Ⅲ）;2021:（新课标Ⅰ）;2021:（解析版）;2022:（全国乙卷）;2022:（全国甲卷）
beg,,extension,402,ipa-dict(en_US/CMUdict),corroborated,ECDICT,teacher_pdf_gloss,historical_partial_2010_2022,2,2015:（新课标Ⅰ）;2022:（全国甲卷）
begin,begin,junior,403,ipa-dict(en_US/CMUdict),corroborated,ECDICT,teacher_pdf_gloss,historical_partial_2010_2022,10,2010:（新课标Ⅰ）;2012:（新课标）;2013:（新课标Ⅰ）;2015:（新课标ⅱ）;2018:（新课标ⅱ）;2018:（新课标ⅲ）;2019:（新课标Ⅲ）;2020:（新课标Ⅰ）;2020:（新课标Ⅱ）;2022:（全国甲卷）
beginning,,extension,407,ipa-dict(en_US/CMUdict),corroborated,ECDICT,teacher_pdf_gloss,historical_partial_2010_2022,9,2011:（新课标）;2013:（新课标ii）;2015:（新课标Ⅰ）;2016:（新课标ⅱ）;2019:（新课标Ⅰ）;2019:（新课标Ⅱ）;2020:（新课标Ⅱ）;2020:（新课标Ⅲ）;2021:（新课标Ⅰ）
behalf,behalf**,selective_required,408,ipa-dict(en_US/CMUdict),corroborated,ECDICT,teacher_pdf_gloss,historical_partial_2010_2022,0,
behave,behave**,selective_required,409,ipa-dict(en_US/CMUdict),corroborated,ECDICT,teacher_pdf_gloss,historical_partial_2010_2022,1,2020:（新课标Ⅲ）
behavior,behaviour (behavior)*,required,410,ipa-dict(en_US/CMUdict),corroborated,ECDICT,teacher_pdf_gloss,historical_partial_2010_2022,5,2013:（新课标ii）;2015:（新课标Ⅰ）;2016:（新课标ⅱ）;2018:（新课标Ⅰ）;2019:（新课标Ⅰ）
behind,behind,junior,411,ipa-dict(en_US/CMUdict),corroborated,curated_function_words,teacher_pdf_gloss,historical_partial_2010_2022,10,2010:（新课标Ⅰ）;2011:（全国卷ii）;2011:（新课标）;2014:（新课标ⅱ）;2016:（新课标Ⅰ）;2017:（新课标ⅲ）;2018:（新课标ⅱ）;2019:（新课标Ⅲ）;2020:（新课标Ⅲ）;2022:（全国乙卷）
being,being**,selective_required,412,ipa-dict(en_US/CMUdict),corroborated,ECDICT,teacher_pdf_gloss,historical_partial_2010_2022,25,2010:（新课标Ⅱ）;2011:（全国卷ii）;2011:（新课标）;2012:（新课标）;2013:（新课标ii）;2013:（新课标Ⅰ）;2014:（新课标Ⅰ）;2014:（新课标ⅱ）;2015:（新课标Ⅰ）;2015:（新课标ⅱ）;2016:（新课标Ⅰ）;2016:（新课标ⅱ）;2016:（新课标ⅲ）;2017:（新课标Ⅰ）;2017:（新课标ⅱ）;2018:（新课标Ⅰ）;2018:（新课标ⅱ）;2018:（新课标ⅲ）;2019:（新课标Ⅰ）;2019:（新课标Ⅲ）;2020:（新课标Ⅲ）;2021:（新课标Ⅰ）;2021:（解析版）;2022:（全国乙卷）;2022:（全国甲卷）
belgium,,extension,413,ipa-dict(en_US/CMUdict),corroborated,ECDICT,teacher_pdf_gloss,historical_partial_2010_2022,1,2018:（新课标ⅱ）
belief,belief**,selective_required,414,ipa-dict(en_US/CMUdict),corroborated,ECDICT,teacher_pdf_gloss,historical_partial_2010_2022,6,2011:（新课标）;2013:（新课标ii）;2017:（新课标ⅱ）;2019:（新课标Ⅱ）;2021:（解析版）;2022:（全国乙卷）
believe,believe,junior,415,ipa-dict(en_US/CMUdict),corroborated,ECDICT,teacher_pdf_gloss,historical_partial_2010_2022,20,2010:（新课标Ⅰ）;2010:（新课标Ⅱ）;2011:（全国卷ii）;2011:（新课标）;2012:（新课标）;2013:（新课标ii）;2013:（新课标Ⅰ）;2014:（新课标Ⅰ）;2014:（新课标ⅱ）;2016:（新课标Ⅰ）;2016:（新课标ⅲ）;2018:（新课标Ⅰ）;2018:（新课标ⅱ）;2018:（新课标ⅲ）;2019:（新课标Ⅰ）;2019:（新课标Ⅱ）;2019:（新课标Ⅲ）;2020:（新课标Ⅰ）;2022:（全国乙卷）;2022:（全国甲卷）
bell,bell,junior,416,ipa-dict(en_US/CMUdict),corroborated,ECDICT,teacher_pdf_gloss,historical_partial_2010_2022,0,
belly,,extension,417,ipa-dict(en_US/CMUdict),corroborated,ECDICT,teacher_pdf_gloss,historical_partial_2010_2022,0,
belong,belong*,required,418,ipa-dict(en_US/CMUdict),corroborated,ECDICT,teacher_pdf_gloss,historical_partial_2010_2022,3,2016:（新课标ⅱ）;2018:（新课标ⅱ）;2021:（解析版）
below,below,junior,419,ipa-dict(en_US/CMUdict),corroborated,curated_function_words,teacher_pdf_gloss,historical_partial_2010_2022,4,2014:（新课标ⅱ）;2016:（新课标Ⅰ）;2018:（新课标ⅱ）;2019:（新课标Ⅲ）
belt,belt*,required,420,ipa-dict(en_US/CMUdict),corroborated,ECDICT,teacher_pdf_gloss,historical_partial_2010_2022,3,2011:（新课标）;2017:（新课标Ⅰ）;2022:（全国甲卷）
bench,,extension,421,ipa-dict(en_US/CMUdict),corroborated,ECDICT,teacher_pdf_gloss,historical_partial_2010_2022,2,2016:（新课标ⅱ）;2016:（新课标ⅲ）
bend,bend**,selective_required,422,ipa-dict(en_US/CMUdict),corroborated,ECDICT,teacher_pdf_gloss,historical_partial_2010_2022,1,2021:（解析版）
beneath,beneath*,required,425,ipa-dict(en_US/CMUdict),corroborated,curated_function_words,teacher_pdf_gloss,historical_partial_2010_2022,1,2017:（新课标Ⅰ）
beneficial,,extension,426,ipa-dict(en_US/CMUdict),corroborated,ECDICT,teacher_pdf_gloss,historical_partial_2010_2022,1,2019:（新课标Ⅰ）
benefit,benefit*,required,427,ipa-dict(en_US/CMUdict),corroborated,ECDICT,teacher_pdf_gloss,historical_partial_2010_2022,9,2017:（新课标ⅲ）;2018:（新课标Ⅰ）;2018:（新课标ⅱ）;2019:（新课标Ⅰ）;2019:（新课标Ⅱ）;2020:（新课标Ⅰ）;2020:（新课标Ⅱ）;2021:（新课标Ⅰ）;2022:（全国乙卷）
beside,beside,junior,429,ipa-dict(en_US/CMUdict),corroborated,curated_function_words,teacher_pdf_gloss,historical_partial_2010_2022,2,2014:（新课标ⅱ）;2017:（新课标ⅱ）
besides,,extension,430,ipa-dict(en_US/CMUdict),corroborated,curated_function_words,teacher_pdf_gloss,historical_partial_2010_2022,1,2011:（新课标）
best,best,junior,,ipa-dict(en_US/CMUdict),corroborated,ECDICT,ECDICT,historical_partial_2010_2022,30,2010:（新课标Ⅰ）;2010:（新课标Ⅱ）;2011:（全国卷ii）;2011:（新课标）;2012:（新课标）;2013:（新课标ii）;2013:（新课标Ⅰ）;2014:（新课标Ⅰ）;2014:（新课标ⅱ）;2015:（新课标Ⅰ）;2015:（新课标ⅱ）;2016:（新课标Ⅰ）;2016:（新课标ⅱ）;2016:（新课标ⅲ）;2017:（新课标Ⅰ）;2017:（新课标ⅱ）;2017:（新课标ⅲ）;2018:（新课标Ⅰ）;2018:（新课标ⅱ）;2018:（新课标ⅲ）;2019:（新课标Ⅰ）;2019:（新课标Ⅱ）;2019:（新课标Ⅲ）;2020:（新课标Ⅰ）;2020:（新课标Ⅱ）;2020:（新课标Ⅲ）;2021:（新课标Ⅰ）;2021:（解析版）;2022:（全国乙卷）;2022:（全国甲卷）
bet,bet**,selective_required,,ipa-dict(en_US/CMUdict),corroborated,ECDICT,ECDICT,historical_partial_2010_2022,1,2013:（新课标ii）
better,better,junior,433,ipa-dict(en_US/CMUdict),corroborated,ECDICT,teacher_pdf_gloss,historical_partial_2010_2022,24,2010:（新课标Ⅰ）;2010:（新课标Ⅱ）;2011:（全国卷ii）;2011:（新课标）;2012:（新课标）;2013:（新课标ii）;2014:（新课标Ⅰ）;2014:（新课标ⅱ）;2015:（新课标Ⅰ）;2015:（新课标ⅱ）;2016:（新课标Ⅰ）;2016:（新课标ⅲ）;2017:（新课标Ⅰ）;2017:（新课标ⅲ）;2018:（新课标Ⅰ）;2018:（新课标ⅱ）;2018:（新课标ⅲ）;2019:（新课标Ⅰ）;2019:（新课标Ⅱ）;2020:（新课标Ⅰ）;2020:（新课标Ⅱ）;2020:（新课标Ⅲ）;2022:（全国乙卷）;2022:（全国甲卷）
between,between,junior,435,ipa-dict(en_US/CMUdict),corroborated,curated_function_words,teacher_pdf_gloss,historical_partial_2010_2022,28,2010:（新课标Ⅰ）;2010:（新课标Ⅱ）;2011:（全国卷ii）;2011:（新课标）;2012:（新课标）;2013:（新课标ii）;2013:（新课标Ⅰ）;2014:（新课标Ⅰ）;2014:（新课标ⅱ）;2015:（新课标Ⅰ）;2015:（新课标ⅱ）;2016:（新课标Ⅰ）;2016:（新课标ⅱ）;2017:（新课标Ⅰ）;2017:（新课标ⅱ）;2017:（新课标ⅲ）;2018:（新课标Ⅰ）;2018:（新课标ⅱ）;2018:（新课标ⅲ）;2019:（新课标Ⅰ）;2019:（新课标Ⅱ）;2019:（新课标Ⅲ）;2020:（新课标Ⅰ）;2020:（新课标Ⅱ）;2020:（新课标Ⅲ）;2021:（新课标Ⅰ）;2022:（全国乙卷）;2022:（全国甲卷）
beyond,beyond*,required,436,ipa-dict(en_US/CMUdict),corroborated,curated_function_words,teacher_pdf_gloss,historical_partial_2010_2022,8,2010:（新课标Ⅰ）;2013:（新课标ii）;2014:（新课标ⅱ）;2016:（新课标Ⅰ）;2018:（新课标Ⅰ）;2018:（新课标ⅱ）;2020:（新课标Ⅱ）;2021:（解析版）
bicycle,,extension,437,ipa-dict(en_US/CMUdict),corroborated,ECDICT,teacher_pdf_gloss,historical_partial_2010_2022,4,2011:（全国卷ii）;2012:（新课标）;2018:（新课标Ⅰ）;2022:（全国乙卷）
bid,,extension,438,ipa-dict(en_US/CMUdict),corroborated,ECDICT,teacher_pdf_gloss,historical_partial_2010_2022,0,
big,big,junior,439,ipa-dict(en_US/CMUdict),corroborated,ECDICT,teacher_pdf_gloss,historical_partial_2010_2022,20,2010:（新课标Ⅱ）;2011:（全国卷ii）;2011:（新课标）;2012:（新课标）;2013:（新课标ii）;2013:（新课标Ⅰ）;2014:（新课标ⅱ）;2015:（新课标ⅱ）;2016:（新课标Ⅰ）;2016:（新课标ⅱ）;2016:（新课标ⅲ）;2018:（新课标Ⅰ）;2018:（新课标ⅱ）;2019:（新课标Ⅰ）;2019:（新课标Ⅱ）;2019:（新课标Ⅲ）;2020:（新课标Ⅰ）;2020:（新课标Ⅱ）;2020:（新课标Ⅲ）;2021:（新课标Ⅰ）
bike,bike (bicycle),junior,,ipa-dict(en_US/CMUdict),corroborated,ECDICT,ECDICT,historical_partial_2010_2022,3,2014:（新课标ⅱ）;2018:（新课标Ⅰ）;2021:（解析版）
bill,bill,junior,441,ipa-dict(en_US/CMUdict),corroborated,ECDICT,teacher_pdf_gloss,historical_partial_2010_2022,5,2012:（新课标）;2014:（新课标ⅱ）;2016:（新课标ⅱ）;2017:（新课标Ⅰ）;2017:（新课标ⅱ）
billion,billion**,selective_required,442,ipa-dict(en_US/CMUdict),corroborated,curated_function_words,teacher_pdf_gloss,historical_partial_2010_2022,4,2013:（新课标ii）;2014:（新课标Ⅰ）;2020:（新课标Ⅲ）;2022:（全国乙卷）
biology,biology**,selective_required,446,ipa-dict(en_US/CMUdict),corroborated,ECDICT,teacher_pdf_gloss,historical_partial_2010_2022,1,2018:（新课标ⅱ）
bird,bird,junior,447,ipa-dict(en_US/CMUdict),corroborated,ECDICT,teacher_pdf_gloss,historical_partial_2010_2022,6,2010:（新课标Ⅰ）;2010:（新课标Ⅱ）;2012:（新课标）;2014:（新课标Ⅰ）;2021:（解析版）;2022:（全国甲卷）
birth,birth,junior,449,ipa-dict(en_US/CMUdict),corroborated,ECDICT,teacher_pdf_gloss,historical_partial_2010_2022,3,2015:（新课标Ⅰ）;2017:（新课标Ⅰ）;2019:（新课标Ⅲ）
birthday,birthday,junior,450,ipa-dict(en_US/CMUdict),corroborated,ECDICT,teacher_pdf_gloss,historical_partial_2010_2022,6,2011:（全国卷ii）;2012:（新课标）;2015:（新课标ⅱ）;2017:（新课标Ⅰ）;2018:（新课标ⅲ）;2022:（全国乙卷）
biscuit,biscuit,junior,452,ipa-dict(en_US/CMUdict),corroborated,ECDICT,teacher_pdf_gloss,historical_partial_2010_2022,0,
bishop,,extension,453,ipa-dict(en_US/CMUdict),corroborated,ECDICT,teacher_pdf_gloss,historical_partial_2010_2022,0,
bit,bit,junior,454,ipa-dict(en_US/CMUdict),corroborated,ECDICT,teacher_pdf_gloss,historical_partial_2010_2022,4,2010:（新课标Ⅰ）;2017:（新课标Ⅰ）;2019:（新课标Ⅱ）;2022:（全国甲卷）
bite,bite*,required,455,ipa-dict(en_US/CMUdict),corroborated,ECDICT,teacher_pdf_gloss,historical_partial_2010_2022,0,
bitter,bitter**,selective_required,459,ipa-dict(en_US/CMUdict),corroborated,ECDICT,teacher_pdf_gloss,historical_partial_2010_2022,0,
black,black,junior,460,ipa-dict(en_US/CMUdict),corroborated,ECDICT,teacher_pdf_gloss,historical_partial_2010_2022,4,2010:（新课标Ⅱ）;2013:（新课标Ⅰ）;2017:（新课标Ⅰ）;2021:（解析版）
blackboard,blackboard,junior,461,ipa-dict(en_US/CMUdict),corroborated,ECDICT,teacher_pdf_gloss,historical_partial_2010_2022,0,
blame,blame**,selective_required,462,ipa-dict(en_US/CMUdict),corroborated,ECDICT,teacher_pdf_gloss,historical_partial_2010_2022,5,2010:（新课标Ⅱ）;2016:（新课标ⅲ）;2017:（新课标ⅲ）;2020:（新课标Ⅲ）;2021:（解析版）
blank,blank**,selective_required,463,ipa-dict(en_US/CMUdict),corroborated,ECDICT,teacher_pdf_gloss,historical_partial_2010_2022,1,2017:（新课标Ⅰ）
blanket,blanket**,selective_required,464,ipa-dict(en_US/CMUdict),corroborated,ECDICT,teacher_pdf_gloss,historical_partial_2010_2022,2,2021:（新课标Ⅰ）;2022:（全国乙卷）
bleed,bleed**,selective_required,465,ipa-dict(en_US/CMUdict),corroborated,ECDICT,teacher_pdf_gloss,historical_partial_2010_2022,1,2016:（新课标ⅲ）
bless,bless**,selective_required,466,ipa-dict(en_US/CMUdict),corroborated,ECDICT,teacher_pdf_gloss,historical_partial_2010_2022,1,2018:（新课标ⅲ）
blind,blind,junior,467,ipa-dict(en_US/CMUdict),corroborated,ECDICT,teacher_pdf_gloss,historical_partial_2010_2022,3,2013:（新课标Ⅰ）;2021:（解析版）;2022:（全国乙卷）
block,block,junior,,ipa-dict(en_US/CMUdict),corroborated,ECDICT,ECDICT,historical_partial_2010_2022,5,2010:（新课标Ⅱ）;2018:（新课标Ⅰ）;2019:（新课标Ⅲ）;2020:（新课标Ⅰ）;2021:（新课标Ⅰ）
blog,blog*,required,,ipa-dict(en_US/CMUdict),corroborated,ECDICT,ECDICT,historical_partial_2010_2022,1,2019:（新课标Ⅲ）
blood,blood,junior,469,ipa-dict(en_US/CMUdict),corroborated,ECDICT,teacher_pdf_gloss,historical_partial_2010_2022,2,2010:（新课标Ⅰ）;2019:（新课标Ⅰ）
blouse,blouse,junior,470,ipa-dict(en_US/CMUdict),corroborated,ECDICT,teacher_pdf_gloss,historical_partial_2010_2022,0,
blow,blow,junior,471,ipa-dict(en_US/CMUdict),corroborated,ECDICT,teacher_pdf_gloss,historical_partial_2010_2022,2,2012:（新课标）;2019:（新课标Ⅰ）
blue,blue,junior,476,ipa-dict(en_US/CMUdict),corroborated,ECDICT,teacher_pdf_gloss,historical_partial_2010_2022,7,2010:（新课标Ⅰ）;2012:（新课标）;2015:（新课标Ⅰ）;2015:（新课标ⅱ）;2019:（新课标Ⅲ）;2020:（新课标Ⅲ）;2021:（解析版）
board,board,junior,,ipa-dict(en_US/CMUdict),corroborated,ECDICT,ECDICT,historical_partial_2010_2022,8,2014:（新课标ⅱ）;2018:（新课标ⅱ）;2019:（新课标Ⅱ）;2019:（新课标Ⅲ）;2020:（新课标Ⅰ）;2021:（解析版）;2022:（全国乙卷）;2022:（全国甲卷）
boat,boat,junior,478,ipa-dict(en_US/CMUdict),corroborated,ECDICT,teacher_pdf_gloss,historical_partial_2010_2022,3,2018:（新课标ⅱ）;2020:（新课标Ⅲ）;2022:（全国甲卷）
body,body,junior,481,ipa-dict(en_US/CMUdict),corroborated,ECDICT,teacher_pdf_gloss,historical_partial_2010_2022,12,2010:（新课标Ⅰ）;2011:（全国卷ii）;2012:（新课标）;2015:（新课标ⅱ）;2016:（新课标ⅱ）;2017:（新课标Ⅰ）;2017:（新课标ⅲ）;2019:（新课标Ⅰ）;2019:（新课标Ⅱ）;2020:（新课标Ⅰ）;2020:（新课标Ⅲ）;2022:（全国乙卷）
boil,boil**,selective_required,483,ipa-dict(en_US/CMUdict),corroborated,ECDICT,teacher_pdf_gloss,historical_partial_2010_2022,1,2013:（新课标Ⅰ）
bomb,bomb**,selective_required,484,ipa-dict(en_US/CMUdict),corroborated,ECDICT,teacher_pdf_gloss,historical_partial_2010_2022,0,
bond,bond**,selective_required,485,ipa-dict(en_US/CMUdict),corroborated,ECDICT,teacher_pdf_gloss,historical_partial_2010_2022,4,2016:（新课标ⅱ）;2018:（新课标ⅱ）;2020:（新课标Ⅰ）;2020:（新课标Ⅱ）
bone,bone*,required,486,ipa-dict(en_US/CMUdict),corroborated,ECDICT,teacher_pdf_gloss,historical_partial_2010_2022,1,2016:（新课标ⅲ）
bonus,bonus**,selective_required,487,ipa-dict(en_US/CMUdict),corroborated,ECDICT,teacher_pdf_gloss,historical_partial_2010_2022,0,
book,book,junior,488,ipa-dict(en_US/CMUdict),corroborated,ECDICT,teacher_pdf_gloss,historical_partial_2010_2022,21,2010:（新课标Ⅱ）;2011:（全国卷ii）;2011:（新课标）;2012:（新课标）;2013:（新课标ii）;2013:（新课标Ⅰ）;2014:（新课标Ⅰ）;2015:（新课标Ⅰ）;2016:（新课标Ⅰ）;2016:（新课标ⅱ）;2016:（新课标ⅲ）;2017:（新课标Ⅰ）;2017:（新课标ⅲ）;2018:（新课标Ⅰ）;2018:（新课标ⅱ）;2019:（新课标Ⅱ）;2020:（新课标Ⅰ）;2020:（新课标Ⅱ）;2021:（新课标Ⅰ）;2021:（解析版）;2022:（全国乙卷）
boom,,extension,494,ipa-dict(en_US/CMUdict),corroborated,ECDICT,teacher_pdf_gloss,historical_partial_2010_2022,3,2015:（新课标Ⅰ）;2018:（新课标ⅲ）;2020:（新课标Ⅱ）
boost,boost**,selective_required,,ipa-dict(en_US/CMUdict),corroborated,ECDICT,ECDICT,historical_partial_2010_2022,0,
boot,boot*,required,495,ipa-dict(en_US/CMUdict),corroborated,ECDICT,teacher_pdf_gloss,historical_partial_2010_2022,0,
booth,,extension,496,ipa-dict(en_US/CMUdict),corroborated,ECDICT,teacher_pdf_gloss,historical_partial_2010_2022,0,
border,border**,selective_required,498,ipa-dict(en_US/CMUdict),corroborated,ECDICT,teacher_pdf_gloss,historical_partial_2010_2022,0,
bored,bored,junior,499,ipa-dict(en_US/CMUdict),corroborated,ECDICT,teacher_pdf_gloss,historical_partial_2010_2022,0,
boring,boring,junior,500,ipa-dict(en_US/CMUdict),corroborated,ECDICT,teacher_pdf_gloss,historical_partial_2010_2022,3,2013:（新课标Ⅰ）;2014:（新课标Ⅰ）;2015:（新课标Ⅰ）
born,born,junior,501,ipa-dict(en_US/CMUdict),corroborated,ECDICT,teacher_pdf_gloss,historical_partial_2010_2022,4,2010:（新课标Ⅰ）;2018:（新课标ⅲ）;2019:（新课标Ⅰ）;2021:（解析版）
borrow,borrow,junior,502,ipa-dict(en_US/CMUdict),corroborated,ECDICT,teacher_pdf_gloss,historical_partial_2010_2022,5,2010:（新课标Ⅰ）;2013:（新课标ii）;2017:（新课标ⅱ）;2017:（新课标ⅲ）;2020:（新课标Ⅱ）
boss,boss,junior,503,ipa-dict(en_US/CMUdict),corroborated,ECDICT,teacher_pdf_gloss,historical_partial_2010_2022,3,2011:（全国卷ii）;2013:（新课标ii）;2019:（新课标Ⅱ）
botanical,botanical**,selective_required,504,ipa-dict(en_US/CMUdict),corroborated,ECDICT,teacher_pdf_gloss,historical_partial_2010_2022,0,
both,both,junior,506,ipa-dict(en_US/CMUdict),corroborated,curated_function_words,teacher_pdf_gloss,historical_partial_2010_2022,17,2010:（新课标Ⅰ）;2010:（新课标Ⅱ）;2012:（新课标）;2013:（新课标ii）;2013:（新课标Ⅰ）;2014:（新课标ⅱ）;2016:（新课标ⅱ）;2016:（新课标ⅲ）;2017:（新课标Ⅰ）;2017:（新课标ⅱ）;2018:（新课标ⅲ）;2020:（新课标Ⅰ）;2020:（新课标Ⅱ）;2020:（新课标Ⅲ）;2021:（新课标Ⅰ）;2022:（全国乙卷）;2022:（全国甲卷）
bother,bother**,selective_required,,ipa-dict(en_US/CMUdict),corroborated,ECDICT,ECDICT,historical_partial_2010_2022,1,2018:（新课标ⅲ）
bottle,bottle,junior,507,ipa-dict(en_US/CMUdict),corroborated,ECDICT,teacher_pdf_gloss,historical_partial_2010_2022,5,2011:（新课标）;2015:（新课标Ⅰ）;2018:（新课标Ⅰ）;2021:（解析版）;2022:（全国甲卷）
bottom,bottom,junior,508,ipa-dict(en_US/CMUdict),corroborated,ECDICT,teacher_pdf_gloss,historical_partial_2010_2022,1,2020:（新课标Ⅰ）
bounce,bounce**,selective_required,509,ipa-dict(en_US/CMUdict),corroborated,ECDICT,teacher_pdf_gloss,historical_partial_2010_2022,1,2018:（新课标ⅲ）
bound,bound**,selective_required,510,ipa-dict(en_US/CMUdict),corroborated,ECDICT,teacher_pdf_gloss,historical_partial_2010_2022,0,
boundary,boundary**,selective_required,511,ipa-dict(en_US/CMUdict),corroborated,ECDICT,teacher_pdf_gloss,historical_partial_2010_2022,1,2017:（新课标ⅱ）
bow,bow**,selective_required,512,ipa-dict(en_US/CMUdict),corroborated,ECDICT,teacher_pdf_gloss,historical_partial_2010_2022,0,
bowl,bowl,junior,513,ipa-dict(en_US/CMUdict),corroborated,ECDICT,teacher_pdf_gloss,historical_partial_2010_2022,4,2015:（新课标ⅱ）;2016:（新课标ⅲ）;2020:（新课标Ⅰ）;2020:（新课标Ⅲ）
bowling,bowling**,selective_required,514,ipa-dict(en_US/CMUdict),corroborated,ECDICT,teacher_pdf_gloss,historical_partial_2010_2022,0,
box,box,junior,515,ipa-dict(en_US/CMUdict),corroborated,ECDICT,teacher_pdf_gloss,historical_partial_2010_2022,8,2010:（新课标Ⅰ）;2011:（新课标）;2016:（新课标Ⅰ）;2016:（新课标ⅲ）;2018:（新课标Ⅰ）;2018:（新课标ⅲ）;2020:（新课标Ⅲ）;2022:（全国甲卷）
boxing,boxing*,required,516,ipa-dict(en_US/CMUdict),corroborated,ECDICT,teacher_pdf_gloss,historical_partial_2010_2022,0,
boy,boy,junior,517,ipa-dict(en_US/CMUdict),corroborated,ECDICT,teacher_pdf_gloss,historical_partial_2010_2022,8,2010:（新课标Ⅰ）;2011:（新课标）;2014:（新课标Ⅰ）;2014:（新课标ⅱ）;2016:（新课标ⅱ）;2018:（新课标ⅲ）;2020:（新课标Ⅱ）;2021:（解析版）
brain,brain,junior,519,ipa-dict(en_US/CMUdict),corroborated,ECDICT,teacher_pdf_gloss,historical_partial_2010_2022,9,2011:（全国卷ii）;2013:（新课标ii）;2015:（新课标Ⅰ）;2016:（新课标ⅱ）;2017:（新课标ⅲ）;2018:（新课标ⅱ）;2019:（新课标Ⅰ）;2019:（新课标Ⅲ）;2020:（新课标Ⅰ）
branch,branch*,required,521,ipa-dict(en_US/CMUdict),corroborated,ECDICT,teacher_pdf_gloss,historical_partial_2010_2022,4,2017:（新课标Ⅰ）;2017:（新课标ⅱ）;2019:（新课标Ⅰ）;2020:（新课标Ⅱ）
brand,,extension,522,ipa-dict(en_US/CMUdict),corroborated,ECDICT,teacher_pdf_gloss,historical_partial_2010_2022,4,2015:（新课标ⅱ）;2017:（新课标ⅱ）;2020:（新课标Ⅱ）;2022:（全国乙卷）
brave,brave,junior,523,ipa-dict(en_US/CMUdict),corroborated,ECDICT,teacher_pdf_gloss,historical_partial_2010_2022,2,2010:（新课标Ⅱ）;2011:（新课标）
bread,bread,junior,525,ipa-dict(en_US/CMUdict),corroborated,ECDICT,teacher_pdf_gloss,historical_partial_2010_2022,2,2011:（新课标）;2014:（新课标ⅱ）
break,break,junior,526,ipa-dict(en_US/CMUdict),corroborated,ECDICT,teacher_pdf_gloss,historical_partial_2010_2022,15,2010:（新课标Ⅰ）;2010:（新课标Ⅱ）;2011:（新课标）;2013:（新课标ii）;2013:（新课标Ⅰ）;2014:（新课标Ⅰ）;2015:（新课标ⅱ）;2016:（新课标Ⅰ）;2016:（新课标ⅱ）;2017:（新课标Ⅰ）;2017:（新课标ⅲ）;2019:（新课标Ⅰ）;2019:（新课标Ⅱ）;2021:（解析版）;2022:（全国甲卷）
breakfast,breakfast,junior,528,ipa-dict(en_US/CMUdict),corroborated,ECDICT,teacher_pdf_gloss,historical_partial_2010_2022,4,2010:（新课标Ⅰ）;2017:（新课标ⅲ）;2019:（新课标Ⅱ）;2019:（新课标Ⅲ）
breast,breast**,selective_required,530,ipa-dict(en_US/CMUdict),corroborated,ECDICT,teacher_pdf_gloss,historical_partial_2010_2022,0,
breath,breath**,selective_required,531,ipa-dict(en_US/CMUdict),corroborated,ECDICT,teacher_pdf_gloss,historical_partial_2010_2022,4,2010:（新课标Ⅰ）;2015:（新课标Ⅰ）;2019:（新课标Ⅰ）;2022:（全国甲卷）
breathe,breathe*,required,532,ipa-dict(en_US/CMUdict),corroborated,ECDICT,teacher_pdf_gloss,historical_partial_2010_2022,3,2015:（新课标Ⅰ）;2019:（新课标Ⅰ）;2019:（新课标Ⅱ）
brick,brick**,selective_required,535,ipa-dict(en_US/CMUdict),corroborated,ECDICT,teacher_pdf_gloss,historical_partial_2010_2022,1,2018:（新课标ⅲ）
bride,bride / bridegroom**,selective_required,536,ipa-dict(en_US/CMUdict),corroborated,ECDICT,teacher_pdf_gloss,historical_partial_2010_2022,1,2010:（新课标Ⅱ）
bridegroom,bride / bridegroom**,selective_required,537,ipa-dict(en_US/CMUdict),corroborated,ECDICT,teacher_pdf_gloss,historical_partial_2010_2022,0,
bridge,bridge,junior,538,ipa-dict(en_US/CMUdict),corroborated,ECDICT,teacher_pdf_gloss,historical_partial_2010_2022,6,2011:（全国卷ii）;2013:（新课标ii）;2016:（新课标Ⅰ）;2017:（新课标ⅱ）;2018:（新课标ⅲ）;2020:（新课标Ⅱ）
brief,brief*,required,539,ipa-dict(en_US/CMUdict),corroborated,ECDICT,teacher_pdf_gloss,historical_partial_2010_2022,4,2017:（新课标Ⅰ）;2017:（新课标ⅱ）;2018:（新课标ⅱ）;2020:（新课标Ⅰ）
bright,bright,junior,540,ipa-dict(en_US/CMUdict),corroborated,ECDICT,teacher_pdf_gloss,historical_partial_2010_2022,7,2010:（新课标Ⅰ）;2010:（新课标Ⅱ）;2012:（新课标）;2016:（新课标Ⅰ）;2017:（新课标ⅱ）;2018:（新课标ⅱ）;2020:（新课标Ⅲ）
brilliant,brilliant**,selective_required,541,ipa-dict(en_US/CMUdict),corroborated,ECDICT,teacher_pdf_gloss,historical_partial_2010_2022,4,2013:（新课标Ⅰ）;2016:（新课标ⅲ）;2019:（新课标Ⅱ）;2022:（全国甲卷）
bring,bring,junior,,ipa-dict(en_US/CMUdict),corroborated,ECDICT,ECDICT,historical_partial_2010_2022,21,2010:（新课标Ⅰ）;2010:（新课标Ⅱ）;2011:（新课标）;2012:（新课标）;2013:（新课标ii）;2014:（新课标Ⅰ）;2014:（新课标ⅱ）;2015:（新课标Ⅰ）;2016:（新课标ⅱ）;2017:（新课标Ⅰ）;2017:（新课标ⅱ）;2017:（新课标ⅲ）;2018:（新课标Ⅰ）;2019:（新课标Ⅰ）;2019:（新课标Ⅱ）;2020:（新课标Ⅱ）;2020:（新课标Ⅲ）;2021:（新课标Ⅰ）;2021:（解析版）;2022:（全国乙卷）;2022:（全国甲卷）
britain,Britain,junior,543,ipa-dict(en_US/CMUdict),corroborated,ECDICT,teacher_pdf_gloss,historical_partial_2010_2022,8,2011:（全国卷ii）;2011:（新课标）;2013:（新课标ii）;2015:（新课标ⅱ）;2016:（新课标ⅲ）;2017:（新课标ⅲ）;2018:（新课标Ⅰ）;2020:（新课标Ⅲ）
british,British,junior,544,ipa-dict(en_US/CMUdict),corroborated,ECDICT,teacher_pdf_gloss,historical_partial_2010_2022,8,2011:（全国卷ii）;2013:（新课标ii）;2013:（新课标Ⅰ）;2016:（新课标Ⅰ）;2016:（新课标ⅱ）;2017:（新课标ⅱ）;2018:（新课标ⅱ）;2021:（解析版）
broad,broad*,required,546,ipa-dict(en_US/CMUdict),corroborated,ECDICT,teacher_pdf_gloss,historical_partial_2010_2022,3,2013:（新课标Ⅰ）;2014:（新课标Ⅰ）;2022:（全国甲卷）
broadcast,broadcast**,selective_required,547,ipa-dict(en_US/CMUdict),corroborated,ECDICT,teacher_pdf_gloss,historical_partial_2010_2022,2,2016:（新课标ⅲ）;2022:（全国乙卷）
brochure,brochure*,required,550,ipa-dict(en_US/CMUdict),corroborated,ECDICT,teacher_pdf_gloss,historical_partial_2010_2022,1,2018:（新课标ⅱ）
broken,,extension,551,ipa-dict(en_US/CMUdict),corroborated,ECDICT,teacher_pdf_gloss,historical_partial_2010_2022,3,2015:（新课标Ⅰ）;2015:（新课标ⅱ）;2016:（新课标Ⅰ）
brother,brother,junior,553,ipa-dict(en_US/CMUdict),corroborated,ECDICT,teacher_pdf_gloss,historical_partial_2010_2022,3,2010:（新课标Ⅱ）;2011:（全国卷ii）;2015:（新课标Ⅰ）
brown,brown,junior,555,ipa-dict(en_US/CMUdict),corroborated,ECDICT,teacher_pdf_gloss,historical_partial_2010_2022,5,2010:（新课标Ⅰ）;2015:（新课标Ⅰ）;2018:（新课标ⅱ）;2018:（新课标ⅲ）;2020:（新课标Ⅰ）
brush,brush,junior,557,ipa-dict(en_US/CMUdict),corroborated,ECDICT,teacher_pdf_gloss,historical_partial_2010_2022,2,2014:（新课标Ⅰ）;2021:（新课标Ⅰ）
bucket,,extension,558,ipa-dict(en_US/CMUdict),corroborated,ECDICT,teacher_pdf_gloss,historical_partial_2010_2022,0,
budget,budget**,selective_required,561,ipa-dict(en_US/CMUdict),corroborated,ECDICT,teacher_pdf_gloss,historical_partial_2010_2022,1,2018:（新课标Ⅰ）
buffet,buffet**,selective_required,562,ipa-dict(en_US/CMUdict),corroborated,ECDICT,teacher_pdf_gloss,historical_partial_2010_2022,0,
build,build,junior,563,ipa-dict(en_US/CMUdict),corroborated,ECDICT,teacher_pdf_gloss,historical_partial_2010_2022,11,2010:（新课标Ⅰ）;2015:（新课标Ⅰ）;2015:（新课标ⅱ）;2016:（新课标ⅱ）;2017:（新课标ⅱ）;2017:（新课标ⅲ）;2019:（新课标Ⅰ）;2020:（新课标Ⅲ）;2021:（新课标Ⅰ）;2021:（解析版）;2022:（全国乙卷）
building,building,junior,564,ipa-dict(en_US/CMUdict),corroborated,ECDICT,teacher_pdf_gloss,historical_partial_2010_2022,17,2011:（新课标）;2012:（新课标）;2014:（新课标Ⅰ）;2014:（新课标ⅱ）;2015:（新课标Ⅰ）;2016:（新课标Ⅰ）;2017:（新课标Ⅰ）;2017:（新课标ⅱ）;2017:（新课标ⅲ）;2018:（新课标ⅲ）;2019:（新课标Ⅰ）;2020:（新课标Ⅰ）;2020:（新课标Ⅱ）;2020:（新课标Ⅲ）;2021:（新课标Ⅰ）;2022:（全国乙卷）;2022:（全国甲卷）
bunch,bunch**,selective_required,566,ipa-dict(en_US/CMUdict),corroborated,ECDICT,teacher_pdf_gloss,historical_partial_2010_2022,1,2019:（新课标Ⅱ）
burden,,extension,568,ipa-dict(en_US/CMUdict),corroborated,ECDICT,teacher_pdf_gloss,historical_partial_2010_2022,3,2014:（新课标Ⅰ）;2014:（新课标ⅱ）;2016:（新课标ⅱ）
burn,burn,junior,572,ipa-dict(en_US/CMUdict),corroborated,ECDICT,teacher_pdf_gloss,historical_partial_2010_2022,5,2014:（新课标Ⅰ）;2015:（新课标ⅱ）;2016:（新课标Ⅰ）;2018:（新课标ⅱ）;2020:（新课标Ⅰ）
burst,,extension,574,ipa-dict(en_US/CMUdict),corroborated,ECDICT,teacher_pdf_gloss,historical_partial_2010_2022,2,2015:（新课标Ⅰ）;2016:（新课标Ⅰ）
bury,bury**,selective_required,575,ipa-dict(en_US/CMUdict),corroborated,ECDICT,teacher_pdf_gloss,historical_partial_2010_2022,0,
bus,bus,junior,576,ipa-dict(en_US/CMUdict),corroborated,ECDICT,teacher_pdf_gloss,historical_partial_2010_2022,8,2010:（新课标Ⅱ）;2011:（全国卷ii）;2014:（新课标ⅱ）;2016:（新课标Ⅰ）;2016:（新课标ⅱ）;2016:（新课标ⅲ）;2020:（新课标Ⅰ）;2021:（新课标Ⅰ）
bush,,extension,578,ipa-dict(en_US/CMUdict),corroborated,ECDICT,teacher_pdf_gloss,historical_partial_2010_2022,2,2010:（新课标Ⅰ）;2011:（全国卷ii）
business,business,junior,,ipa-dict(en_US/CMUdict),corroborated,ECDICT,ECDICT,historical_partial_2010_2022,21,2010:（新课标Ⅰ）;2010:（新课标Ⅱ）;2011:（全国卷ii）;2011:（新课标）;2012:（新课标）;2013:（新课标ii）;2013:（新课标Ⅰ）;2014:（新课标Ⅰ）;2014:（新课标ⅱ）;2015:（新课标Ⅰ）;2016:（新课标Ⅰ）;2016:（新课标ⅱ）;2018:（新课标Ⅰ）;2018:（新课标ⅱ）;2018:（新课标ⅲ）;2019:（新课标Ⅰ）;2019:（新课标Ⅱ）;2019:（新课标Ⅲ）;2020:（新课标Ⅰ）;2020:（新课标Ⅱ）;2021:（解析版）
businessman,,extension,580,ipa-dict(en_US/CMUdict),corroborated,ECDICT,teacher_pdf_gloss,historical_partial_2010_2022,3,2013:（新课标ii）;2022:（全国乙卷）;2022:（全国甲卷）
busy,busy,junior,584,ipa-dict(en_US/CMUdict),corroborated,ECDICT,teacher_pdf_gloss,historical_partial_2010_2022,9,2010:（新课标Ⅰ）;2010:（新课标Ⅱ）;2013:（新课标ii）;2014:（新课标Ⅰ）;2014:（新课标ⅱ）;2017:（新课标ⅱ）;2017:（新课标ⅲ）;2018:（新课标ⅱ）;2022:（全国乙卷）
but,but,junior,585,ipa-dict(en_US/CMUdict),corroborated,curated_function_words,teacher_pdf_gloss,historical_partial_2010_2022,30,2010:（新课标Ⅰ）;2010:（新课标Ⅱ）;2011:（全国卷ii）;2011:（新课标）;2012:（新课标）;2013:（新课标ii）;2013:（新课标Ⅰ）;2014:（新课标Ⅰ）;2014:（新课标ⅱ）;2015:（新课标Ⅰ）;2015:（新课标ⅱ）;2016:（新课标Ⅰ）;2016:（新课标ⅱ）;2016:（新课标ⅲ）;2017:（新课标Ⅰ）;2017:（新课标ⅱ）;2017:（新课标ⅲ）;2018:（新课标Ⅰ）;2018:（新课标ⅱ）;2018:（新课标ⅲ）;2019:（新课标Ⅰ）;2019:（新课标Ⅱ）;2019:（新课标Ⅲ）;2020:（新课标Ⅰ）;2020:（新课标Ⅱ）;2020:（新课标Ⅲ）;2021:（新课标Ⅰ）;2021:（解析版）;2022:（全国乙卷）;2022:（全国甲卷）
butcher,butcher**,selective_required,586,ipa-dict(en_US/CMUdict),corroborated,ECDICT,teacher_pdf_gloss,historical_partial_2010_2022,0,
butter,butter*,required,587,ipa-dict(en_US/CMUdict),corroborated,ECDICT,teacher_pdf_gloss,historical_partial_2010_2022,0,
button,button*,required,590,ipa-dict(en_US/CMUdict),corroborated,ECDICT,teacher_pdf_gloss,historical_partial_2010_2022,1,2012:（新课标）
buy,buy,junior,591,ipa-dict(en_US/CMUdict),corroborated,ECDICT,teacher_pdf_gloss,historical_partial_2010_2022,19,2010:（新课标Ⅰ）;2010:（新课标Ⅱ）;2011:（全国卷ii）;2011:（新课标）;2013:（新课标ii）;2014:（新课标ⅱ）;2015:（新课标Ⅰ）;2015:（新课标ⅱ）;2016:（新课标ⅲ）;2017:（新课标Ⅰ）;2017:（新课标ⅱ）;2017:（新课标ⅲ）;2018:（新课标Ⅰ）;2018:（新课标ⅱ）;2019:（新课标Ⅲ）;2020:（新课标Ⅰ）;2020:（新课标Ⅱ）;2020:（新课标Ⅲ）;2021:（解析版）
by,by,junior,,ipa-dict(en_US/CMUdict),corroborated,curated_function_words,ECDICT,historical_partial_2010_2022,30,2010:（新课标Ⅰ）;2010:（新课标Ⅱ）;2011:（全国卷ii）;2011:（新课标）;2012:（新课标）;2013:（新课标ii）;2013:（新课标Ⅰ）;2014:（新课标Ⅰ）;2014:（新课标ⅱ）;2015:（新课标Ⅰ）;2015:（新课标ⅱ）;2016:（新课标Ⅰ）;2016:（新课标ⅱ）;2016:（新课标ⅲ）;2017:（新课标Ⅰ）;2017:（新课标ⅱ）;2017:（新课标ⅲ）;2018:（新课标Ⅰ）;2018:（新课标ⅱ）;2018:（新课标ⅲ）;2019:（新课标Ⅰ）;2019:（新课标Ⅱ）;2019:（新课标Ⅲ）;2020:（新课标Ⅰ）;2020:（新课标Ⅱ）;2020:（新课标Ⅲ）;2021:（新课标Ⅰ）;2021:（解析版）;2022:（全国乙卷）;2022:（全国甲卷）
bye,,extension,594,ipa-dict(en_US/CMUdict),corroborated,ECDICT,teacher_pdf_gloss,historical_partial_2010_2022,0,
cab,,extension,595,ipa-dict(en_US/CMUdict),corroborated,ECDICT,teacher_pdf_gloss,historical_partial_2010_2022,1,2016:（新课标ⅲ）
cabbage,cabbage**,selective_required,596,ipa-dict(en_US/CMUdict),corroborated,ECDICT,teacher_pdf_gloss,historical_partial_2010_2022,0,
cafe,café*,required,597,ipa-dict(en_US/CMUdict),corroborated,ECDICT,teacher_pdf_gloss,historical_partial_2010_2022,3,2015:（新课标Ⅰ）;2016:（新课标ⅲ）;2019:（新课标Ⅲ）
cafeteria,cafeteria**,selective_required,598,ipa-dict(en_US/CMUdict),corroborated,ECDICT,teacher_pdf_gloss,historical_partial_2010_2022,0,
cage,cage**,selective_required,599,ipa-dict(en_US/CMUdict),corroborated,ECDICT,teacher_pdf_gloss,historical_partial_2010_2022,2,2019:（新课标Ⅲ）;2022:（全国甲卷）
cake,cake,junior,601,ipa-dict(en_US/CMUdict),corroborated,ECDICT,teacher_pdf_gloss,historical_partial_2010_2022,1,2021:（新课标Ⅰ）
calculate,calculate**,selective_required,600,ipa-dict(en_US/CMUdict),corroborated,ECDICT,teacher_pdf_gloss,historical_partial_2010_2022,3,2014:（新课标Ⅰ）;2019:（新课标Ⅰ）;2022:（全国乙卷）
calendar,calendar,junior,,ipa-dict(en_US/CMUdict),corroborated,ECDICT,ECDICT,historical_partial_2010_2022,1,2016:（新课标ⅲ）
call,call,junior,602,ipa-dict(en_US/CMUdict),corroborated,ECDICT,teacher_pdf_gloss,historical_partial_2010_2022,26,2010:（新课标Ⅰ）;2010:（新课标Ⅱ）;2011:（全国卷ii）;2011:（新课标）;2012:（新课标）;2013:（新课标ii）;2013:（新课标Ⅰ）;2014:（新课标ⅱ）;2015:（新课标Ⅰ）;2015:（新课标ⅱ）;2016:（新课标Ⅰ）;2016:（新课标ⅱ）;2016:（新课标ⅲ）;2017:（新课标Ⅰ）;2017:（新课标ⅲ）;2018:（新课标Ⅰ）;2018:（新课标ⅱ）;2018:（新课标ⅲ）;2019:（新课标Ⅰ）;2019:（新课标Ⅱ）;2020:（新课标Ⅰ）;2020:（新课标Ⅱ）;2020:（新课标Ⅲ）;2021:（新课标Ⅰ）;2022:（全国乙卷）;2022:（全国甲卷）
calligraphy,calligraphy**,selective_required,,ipa-dict(en_US/CMUdict),corroborated,ECDICT,ECDICT,historical_partial_2010_2022,0,
calm,calm*,required,603,ipa-dict(en_US/CMUdict),corroborated,ECDICT,teacher_pdf_gloss,historical_partial_2010_2022,12,2010:（新课标Ⅰ）;2011:（全国卷ii）;2012:（新课标）;2013:（新课标ii）;2016:（新课标Ⅰ）;2016:（新课标ⅱ）;2016:（新课标ⅲ）;2017:（新课标Ⅰ）;2018:（新课标ⅲ）;2019:（新课标Ⅱ）;2021:（新课标Ⅰ）;2022:（全国甲卷）
calorie,calorie**,selective_required,,ipa-dict(en_US/CMUdict),corroborated,ECDICT,ECDICT,historical_partial_2010_2022,3,2015:（新课标ⅱ）;2018:（新课标ⅱ）;2020:（新课标Ⅰ）
camel,camel**,selective_required,604,ipa-dict(en_US/CMUdict),corroborated,ECDICT,teacher_pdf_gloss,historical_partial_2010_2022,0,
camera,camera,junior,605,ipa-dict(en_US/CMUdict),corroborated,ECDICT,teacher_pdf_gloss,historical_partial_2010_2022,4,2011:（全国卷ii）;2012:（新课标）;2018:（新课标Ⅰ）;2019:（新课标Ⅲ）
camp,camp,junior,606,ipa-dict(en_US/CMUdict),corroborated,ECDICT,teacher_pdf_gloss,historical_partial_2010_2022,6,2014:（新课标ⅱ）;2017:（新课标Ⅰ）;2017:（新课标ⅱ）;2018:（新课标ⅱ）;2019:（新课标Ⅰ）;2019:（新课标Ⅲ）
campaign,campaign**,selective_required,607,ipa-dict(en_US/CMUdict),corroborated,ECDICT,teacher_pdf_gloss,historical_partial_2010_2022,4,2011:（新课标）;2014:（新课标Ⅰ）;2019:（新课标Ⅰ）;2019:（新课标Ⅲ）
campus,campus*,required,,ipa-dict(en_US/CMUdict),corroborated,ECDICT,ECDICT,historical_partial_2010_2022,2,2016:（新课标ⅲ）;2018:（新课标ⅲ）
can,can,junior,,ipa-dict(en_US/CMUdict),corroborated,ECDICT,curated_override,historical_partial_2010_2022,30,2010:（新课标Ⅰ）;2010:（新课标Ⅱ）;2011:（全国卷ii）;2011:（新课标）;2012:（新课标）;2013:（新课标ii）;2013:（新课标Ⅰ）;2014:（新课标Ⅰ）;2014:（新课标ⅱ）;2015:（新课标Ⅰ）;2015:（新课标ⅱ）;2016:（新课标Ⅰ）;2016:（新课标ⅱ）;2016:（新课标ⅲ）;2017:（新课标Ⅰ）;2017:（新课标ⅱ）;2017:（新课标ⅲ）;2018:（新课标Ⅰ）;2018:（新课标ⅱ）;2018:（新课标ⅲ）;2019:（新课标Ⅰ）;2019:（新课标Ⅱ）;2019:（新课标Ⅲ）;2020:（新课标Ⅰ）;2020:（新课标Ⅱ）;2020:（新课标Ⅲ）;2021:（新课标Ⅰ）;2021:（解析版）;2022:（全国乙卷）;2022:（全国甲卷）
canada,Canada,junior,611,ipa-dict(en_US/CMUdict),corroborated,ECDICT,teacher_pdf_gloss,historical_partial_2010_2022,5,2010:（新课标Ⅱ）;2017:（新课标ⅲ）;2018:（新课标ⅲ）;2019:（新课标Ⅰ）;2021:（解析版）
canadian,Canadian,junior,612,ipa-dict(en_US/CMUdict),corroborated,ECDICT,teacher_pdf_gloss,historical_partial_2010_2022,2,2017:（新课标ⅲ）;2018:（新课标ⅲ）
canal,canal**,selective_required,613,ipa-dict(en_US/CMUdict),corroborated,ECDICT,teacher_pdf_gloss,historical_partial_2010_2022,1,2015:（新课标Ⅰ）
cancel,cancel,junior,614,ipa-dict(en_US/CMUdict),corroborated,ECDICT,teacher_pdf_gloss,historical_partial_2010_2022,2,2013:（新课标Ⅰ）;2020:（新课标Ⅱ）
cancer,cancer**,selective_required,615,ipa-dict(en_US/CMUdict),corroborated,ECDICT,teacher_pdf_gloss,historical_partial_2010_2022,0,
candidate,candidate**,selective_required,616,ipa-dict(en_US/CMUdict),corroborated,ECDICT,teacher_pdf_gloss,historical_partial_2010_2022,1,2021:（解析版）
candle,candle,junior,617,ipa-dict(en_US/CMUdict),corroborated,ECDICT,teacher_pdf_gloss,historical_partial_2010_2022,1,2012:（新课标）
candy,candy,junior,618,ipa-dict(en_US/CMUdict),corroborated,ECDICT,teacher_pdf_gloss,historical_partial_2010_2022,0,
canteen,canteen**,selective_required,619,ipa-dict(en_US/CMUdict),corroborated,ECDICT,teacher_pdf_gloss,historical_partial_2010_2022,0,
cap,cap,junior,,ipa-dict(en_US/CMUdict),corroborated,ECDICT,ECDICT,historical_partial_2010_2022,1,2011:（新课标）
capable,capable*,required,,ipa-dict(en_US/CMUdict),corroborated,ECDICT,ECDICT,historical_partial_2010_2022,0,
capacity,capacity**,selective_required,,ipa-dict(en_US/CMUdict),corroborated,ECDICT,ECDICT,historical_partial_2010_2022,1,2021:（新课标Ⅰ）
capital,capital,junior,621,ipa-dict(en_US/CMUdict),corroborated,ECDICT,teacher_pdf_gloss,historical_partial_2010_2022,4,2010:（新课标Ⅱ）;2013:（新课标ii）;2018:（新课标Ⅰ）;2020:（新课标Ⅲ）
capsule,capsule**,selective_required,622,ipa-dict(en_US/CMUdict),corroborated,ECDICT,teacher_pdf_gloss,historical_partial_2010_2022,0,
captain,captain**,selective_required,623,ipa-dict(en_US/CMUdict),corroborated,ECDICT,teacher_pdf_gloss,historical_partial_2010_2022,1,2016:（新课标ⅱ）
car,car,junior,625,ipa-dict(en_US/CMUdict),corroborated,ECDICT,teacher_pdf_gloss,historical_partial_2010_2022,23,2010:（新课标Ⅰ）;2010:（新课标Ⅱ）;2011:（全国卷ii）;2013:（新课标ii）;2013:（新课标Ⅰ）;2014:（新课标Ⅰ）;2014:（新课标ⅱ）;2015:（新课标Ⅰ）;2016:（新课标Ⅰ）;2016:（新课标ⅱ）;2016:（新课标ⅲ）;2017:（新课标Ⅰ）;2017:（新课标ⅱ）;2017:（新课标ⅲ）;2018:（新课标ⅱ）;2018:（新课标ⅲ）;2019:（新课标Ⅰ）;2019:（新课标Ⅱ）;2019:（新课标Ⅲ）;2020:（新课标Ⅰ）;2020:（新课标Ⅲ）;2022:（全国乙卷）;2022:（全国甲卷）
carbon,carbon*,required,626,ipa-dict(en_US/CMUdict),corroborated,ECDICT,teacher_pdf_gloss,historical_partial_2010_2022,2,2018:（新课标ⅱ）;2022:（全国乙卷）
card,card,junior,627,ipa-dict(en_US/CMUdict),corroborated,ECDICT,teacher_pdf_gloss,historical_partial_2010_2022,7,2013:（新课标Ⅰ）;2014:（新课标Ⅰ）;2014:（新课标ⅱ）;2015:（新课标Ⅰ）;2016:（新课标ⅲ）;2018:（新课标ⅱ）;2022:（全国乙卷）
care,care,junior,629,ipa-dict(en_US/CMUdict),corroborated,ECDICT,teacher_pdf_gloss,historical_partial_2010_2022,18,2010:（新课标Ⅰ）;2011:（全国卷ii）;2012:（新课标）;2013:（新课标ii）;2014:（新课标Ⅰ）;2014:（新课标ⅱ）;2015:（新课标Ⅰ）;2015:（新课标ⅱ）;2016:（新课标Ⅰ）;2016:（新课标ⅲ）;2017:（新课标Ⅰ）;2017:（新课标ⅱ）;2019:（新课标Ⅰ）;2019:（新课标Ⅲ）;2020:（新课标Ⅱ）;2020:（新课标Ⅲ）;2021:（新课标Ⅰ）;2022:（全国乙卷）
career,career**,selective_required,,ipa-dict(en_US/CMUdict),corroborated,ECDICT,ECDICT,historical_partial_2010_2022,1,2022:（全国甲卷）
careful,careful,junior,630,ipa-dict(en_US/CMUdict),corroborated,ECDICT,teacher_pdf_gloss,historical_partial_2010_2022,7,2013:（新课标Ⅰ）;2015:（新课标ⅱ）;2016:（新课标Ⅰ）;2016:（新课标ⅱ）;2016:（新课标ⅲ）;2019:（新课标Ⅱ）;2021:（解析版）
careless,careless,junior,631,ipa-dict(en_US/CMUdict),corroborated,ECDICT,teacher_pdf_gloss,historical_partial_2010_2022,1,2020:（新课标Ⅲ）
carpet,carpet**,selective_required,633,ipa-dict(en_US/CMUdict),corroborated,ECDICT,teacher_pdf_gloss,historical_partial_2010_2022,1,2017:（新课标Ⅰ）
carriage,,extension,634,ipa-dict(en_US/CMUdict),corroborated,ECDICT,teacher_pdf_gloss,historical_partial_2010_2022,1,2017:（新课标ⅱ）
carrot,carrot,junior,636,ipa-dict(en_US/CMUdict),corroborated,ECDICT,teacher_pdf_gloss,historical_partial_2010_2022,0,
carry,carry,junior,637,ipa-dict(en_US/CMUdict),corroborated,ECDICT,teacher_pdf_gloss,historical_partial_2010_2022,15,2010:（新课标Ⅰ）;2011:（全国卷ii）;2013:（新课标ii）;2013:（新课标Ⅰ）;2014:（新课标ⅱ）;2015:（新课标Ⅰ）;2016:（新课标Ⅰ）;2016:（新课标ⅲ）;2017:（新课标Ⅰ）;2017:（新课标ⅲ）;2018:（新课标ⅱ）;2019:（新课标Ⅰ）;2020:（新课标Ⅱ）;2021:（解析版）;2022:（全国乙卷）
cartoon,cartoon,junior,638,ipa-dict(en_US/CMUdict),corroborated,ECDICT,teacher_pdf_gloss,historical_partial_2010_2022,1,2018:（新课标ⅱ）
carve,carve**,selective_required,639,ipa-dict(en_US/CMUdict),corroborated,ECDICT,teacher_pdf_gloss,historical_partial_2010_2022,0,
case,case*,required,640,ipa-dict(en_US/CMUdict),corroborated,ECDICT,teacher_pdf_gloss,historical_partial_2010_2022,9,2012:（新课标）;2014:（新课标ⅱ）;2016:（新课标Ⅰ）;2016:（新课标ⅱ）;2017:（新课标Ⅰ）;2020:（新课标Ⅰ）;2020:（新课标Ⅲ）;2021:（新课标Ⅰ）;2022:（全国甲卷）
cash,cash*,required,641,ipa-dict(en_US/CMUdict),corroborated,ECDICT,teacher_pdf_gloss,historical_partial_2010_2022,1,2015:（新课标Ⅰ）
cast,cast**,selective_required,,ipa-dict(en_US/CMUdict),corroborated,ECDICT,ECDICT,historical_partial_2010_2022,0,
castle,castle**,selective_required,644,ipa-dict(en_US/CMUdict),corroborated,ECDICT,teacher_pdf_gloss,historical_partial_2010_2022,1,2015:（新课标ⅱ）
casual,,extension,645,ipa-dict(en_US/CMUdict),corroborated,ECDICT,teacher_pdf_gloss,historical_partial_2010_2022,2,2018:（新课标ⅱ）;2020:（新课标Ⅱ）
cat,cat,junior,646,ipa-dict(en_US/CMUdict),corroborated,ECDICT,teacher_pdf_gloss,historical_partial_2010_2022,2,2016:（新课标ⅲ）;2022:（全国甲卷）
catalogue,,extension,647,ipa-dict(en_US/CMUdict),corroborated,ECDICT,teacher_pdf_gloss,historical_partial_2010_2022,1,2020:（新课标Ⅲ）
catch,catch,junior,649,ipa-dict(en_US/CMUdict),corroborated,ECDICT,teacher_pdf_gloss,historical_partial_2010_2022,9,2010:（新课标Ⅱ）;2012:（新课标）;2013:（新课标ii）;2014:（新课标ⅱ）;2015:（新课标Ⅰ）;2016:（新课标ⅲ）;2017:（新课标Ⅰ）;2019:（新课标Ⅱ）;2022:（全国甲卷）
category,category**,selective_required,652,ipa-dict(en_US/CMUdict),corroborated,ECDICT,teacher_pdf_gloss,historical_partial_2010_2022,2,2019:（新课标Ⅰ）;2021:（新课标Ⅰ）
cater,,extension,653,ipa-dict(en_US/CMUdict),corroborated,ECDICT,teacher_pdf_gloss,historical_partial_2010_2022,3,2011:（新课标）;2015:（新课标Ⅰ）;2016:（新课标ⅲ）
cathedral,,extension,655,ipa-dict(en_US/CMUdict),corroborated,ECDICT,teacher_pdf_gloss,historical_partial_2010_2022,0,
catholic,,extension,654,ipa-dict(en_US/CMUdict),corroborated,ECDICT,teacher_pdf_gloss,historical_partial_2010_2022,0,
cattle,cattle*,required,656,ipa-dict(en_US/CMUdict),corroborated,ECDICT,teacher_pdf_gloss,historical_partial_2010_2022,2,2018:（新课标ⅱ）;2020:（新课标Ⅲ）
cause,cause,junior,657,ipa-dict(en_US/CMUdict),corroborated,ECDICT,teacher_pdf_gloss,historical_partial_2010_2022,9,2011:（新课标）;2013:（新课标Ⅰ）;2017:（新课标Ⅰ）;2017:（新课标ⅱ）;2018:（新课标Ⅰ）;2019:（新课标Ⅰ）;2020:（新课标Ⅰ）;2021:（解析版）;2022:（全国乙卷）
cave,cave**,selective_required,660,ipa-dict(en_US/CMUdict),corroborated,ECDICT,teacher_pdf_gloss,historical_partial_2010_2022,1,2010:（新课标Ⅱ）
cease,cease**,selective_required,,ipa-dict(en_US/CMUdict),corroborated,ECDICT,ECDICT,historical_partial_2010_2022,0,
ceiling,ceiling**,selective_required,663,ipa-dict(en_US/CMUdict),corroborated,ECDICT,teacher_pdf_gloss,historical_partial_2010_2022,1,2018:（新课标Ⅰ）
celebrate,celebrate,junior,664,ipa-dict(en_US/CMUdict),corroborated,ECDICT,teacher_pdf_gloss,historical_partial_2010_2022,7,2010:（新课标Ⅱ）;2011:（全国卷ii）;2017:（新课标Ⅰ）;2018:（新课标ⅲ）;2020:（新课标Ⅰ）;2020:（新课标Ⅱ）;2022:（全国乙卷）
celebration,,extension,665,ipa-dict(en_US/CMUdict),corroborated,ECDICT,teacher_pdf_gloss,historical_partial_2010_2022,3,2014:（新课标Ⅰ）;2017:（新课标Ⅰ）;2018:（新课标Ⅰ）
celebrity,celebrity**,selective_required,,ipa-dict(en_US/CMUdict),corroborated,ECDICT,ECDICT,historical_partial_2010_2022,0,
cell,cell**,selective_required,,ipa-dict(en_US/CMUdict),corroborated,ECDICT,ECDICT,historical_partial_2010_2022,3,2016:（新课标Ⅰ）;2018:（新课标ⅲ）;2020:（新课标Ⅲ）
cent,cent,junior,668,ipa-dict(en_US/CMUdict),corroborated,ECDICT,teacher_pdf_gloss,historical_partial_2010_2022,1,2019:（新课标Ⅲ）
center,centre (center),junior,,ipa-dict(en_US/CMUdict),corroborated,ECDICT,ECDICT,historical_partial_2010_2022,9,2011:（新课标）;2014:（新课标Ⅰ）;2015:（新课标ⅱ）;2017:（新课标Ⅰ）;2017:（新课标ⅲ）;2018:（新课标ⅲ）;2019:（新课标Ⅰ）;2021:（新课标Ⅰ）;2021:（解析版）
centimeter,centimetre (centimeter)**,selective_required,,ipa-dict(en_US/CMUdict),corroborated,ECDICT,ECDICT,historical_partial_2010_2022,1,2013:（新课标Ⅰ）
central,central,junior,672,ipa-dict(en_US/CMUdict),corroborated,ECDICT,teacher_pdf_gloss,historical_partial_2010_2022,6,2017:（新课标ⅱ）;2018:（新课标ⅱ）;2018:（新课标ⅲ）;2019:（新课标Ⅲ）;2020:（新课标Ⅰ）;2020:（新课标Ⅲ）
century,century,junior,673,ipa-dict(en_US/CMUdict),corroborated,ECDICT,teacher_pdf_gloss,historical_partial_2010_2022,10,2011:（新课标）;2013:（新课标Ⅰ）;2014:（新课标Ⅰ）;2015:（新课标ⅱ）;2017:（新课标ⅱ）;2019:（新课标Ⅲ）;2020:（新课标Ⅱ）;2020:（新课标Ⅲ）;2021:（新课标Ⅰ）;2021:（解析版）
ceremony,,extension,674,ipa-dict(en_US/CMUdict),corroborated,ECDICT,teacher_pdf_gloss,historical_partial_2010_2022,3,2014:（新课标Ⅰ）;2016:（新课标Ⅰ）;2022:（全国乙卷）
certain,certain,junior,,ipa-dict(en_US/CMUdict),corroborated,ECDICT,ECDICT,historical_partial_2010_2022,12,2010:（新课标Ⅱ）;2015:（新课标ⅱ）;2016:（新课标Ⅰ）;2017:（新课标Ⅰ）;2017:（新课标ⅱ）;2017:（新课标ⅲ）;2019:（新课标Ⅰ）;2019:（新课标Ⅲ）;2020:（新课标Ⅰ）;2020:（新课标Ⅱ）;2021:（新课标Ⅰ）;2021:（解析版）
certainly,certainly,junior,676,ipa-dict(en_US/CMUdict),corroborated,ECDICT,teacher_pdf_gloss,historical_partial_2010_2022,4,2012:（新课标）;2015:（新课标ⅱ）;2017:（新课标Ⅰ）;2021:（新课标Ⅰ）
certificate,certificate**,selective_required,677,ipa-dict(en_US/CMUdict),corroborated,ECDICT,teacher_pdf_gloss,historical_partial_2010_2022,0,
chain,chain*,required,678,ipa-dict(en_US/CMUdict),corroborated,ECDICT,teacher_pdf_gloss,historical_partial_2010_2022,1,2019:（新课标Ⅲ）
chair,chair,junior,680,ipa-dict(en_US/CMUdict),corroborated,ECDICT,teacher_pdf_gloss,historical_partial_2010_2022,6,2011:（新课标）;2013:（新课标Ⅰ）;2014:（新课标Ⅰ）;2016:（新课标ⅲ）;2017:（新课标Ⅰ）;2020:（新课标Ⅱ）
chairman,chairman / chairwoman**,selective_required,681,ipa-dict(en_US/CMUdict),corroborated,ECDICT,teacher_pdf_gloss,historical_partial_2010_2022,1,2022:（全国乙卷）
chairwoman,chairman / chairwoman**,selective_required,682,ipa-dict(en_US/CMUdict),corroborated,ECDICT,teacher_pdf_gloss,historical_partial_2010_2022,0,
chalk,chalk,junior,684,ipa-dict(en_US/CMUdict),corroborated,ECDICT,teacher_pdf_gloss,historical_partial_2010_2022,1,2021:（解析版）
challenge,challenge*,required,685,ipa-dict(en_US/CMUdict),corroborated,ECDICT,teacher_pdf_gloss,historical_partial_2010_2022,15,2013:（新课标ii）;2013:（新课标Ⅰ）;2014:（新课标Ⅰ）;2016:（新课标ⅲ）;2017:（新课标ⅲ）;2018:（新课标Ⅰ）;2018:（新课标ⅱ）;2018:（新课标ⅲ）;2019:（新课标Ⅰ）;2020:（新课标Ⅰ）;2020:（新课标Ⅱ）;2021:（新课标Ⅰ）;2021:（解析版）;2022:（全国乙卷）;2022:（全国甲卷）
champion,champion*,required,687,ipa-dict(en_US/CMUdict),corroborated,ECDICT,teacher_pdf_gloss,historical_partial_2010_2022,0,
chance,chance,junior,688,ipa-dict(en_US/CMUdict),corroborated,ECDICT,teacher_pdf_gloss,historical_partial_2010_2022,17,2010:（新课标Ⅰ）;2012:（新课标）;2013:（新课标ii）;2014:（新课标Ⅰ）;2014:（新课标ⅱ）;2015:（新课标Ⅰ）;2015:（新课标ⅱ）;2016:（新课标ⅱ）;2016:（新课标ⅲ）;2018:（新课标Ⅰ）;2018:（新课标ⅱ）;2018:（新课标ⅲ）;2019:（新课标Ⅱ）;2020:（新课标Ⅰ）;2020:（新课标Ⅲ）;2022:（全国乙卷）;2022:（全国甲卷）
change,change,junior,690,ipa-dict(en_US/CMUdict),corroborated,ECDICT,teacher_pdf_gloss,historical_partial_2010_2022,28,2010:（新课标Ⅰ）;2010:（新课标Ⅱ）;2011:（全国卷ii）;2011:（新课标）;2012:（新课标）;2013:（新课标Ⅰ）;2014:（新课标Ⅰ）;2014:（新课标ⅱ）;2015:（新课标Ⅰ）;2015:（新课标ⅱ）;2016:（新课标Ⅰ）;2016:（新课标ⅱ）;2016:（新课标ⅲ）;2017:（新课标Ⅰ）;2017:（新课标ⅱ）;2017:（新课标ⅲ）;2018:（新课标Ⅰ）;2018:（新课标ⅱ）;2018:（新课标ⅲ）;2019:（新课标Ⅰ）;2019:（新课标Ⅱ）;2019:（新课标Ⅲ）;2020:（新课标Ⅰ）;2020:（新课标Ⅲ）;2021:（新课标Ⅰ）;2021:（解析版）;2022:（全国乙卷）;2022:（全国甲卷）
channel,channel**,selective_required,691,ipa-dict(en_US/CMUdict),corroborated,ECDICT,teacher_pdf_gloss,historical_partial_2010_2022,1,2015:（新课标ⅱ）
chaos,chaos**,selective_required,693,ipa-dict(en_US/CMUdict),corroborated,ECDICT,teacher_pdf_gloss,historical_partial_2010_2022,0,
chapter,chapter*,required,697,ipa-dict(en_US/CMUdict),corroborated,ECDICT,teacher_pdf_gloss,historical_partial_2010_2022,0,
character,character*,required,694,ipa-dict(en_US/CMUdict),corroborated,ECDICT,teacher_pdf_gloss,historical_partial_2010_2022,5,2013:（新课标Ⅰ）;2014:（新课标Ⅰ）;2016:（新课标ⅲ）;2017:（新课标ⅱ）;2019:（新课标Ⅱ）
characteristic,characteristic**,selective_required,695,ipa-dict(en_US/CMUdict),corroborated,ECDICT,teacher_pdf_gloss,historical_partial_2010_2022,4,2019:（新课标Ⅰ）;2020:（新课标Ⅲ）;2021:（新课标Ⅰ）;2022:（全国乙卷）
charge,charge*,required,696,ipa-dict(en_US/CMUdict),corroborated,ECDICT,teacher_pdf_gloss,historical_partial_2010_2022,10,2013:（新课标ii）;2013:（新课标Ⅰ）;2014:（新课标ⅱ）;2015:（新课标Ⅰ）;2015:（新课标ⅱ）;2016:（新课标Ⅰ）;2017:（新课标ⅱ）;2018:（新课标ⅲ）;2019:（新课标Ⅲ）;2022:（全国乙卷）
charity,charity*,required,,ipa-dict(en_US/CMUdict),corroborated,ECDICT,ECDICT,historical_partial_2010_2022,1,2013:（新课标ii）
chart,chart**,selective_required,698,ipa-dict(en_US/CMUdict),corroborated,ECDICT,teacher_pdf_gloss,historical_partial_2010_2022,0,
chat,chat*,required,699,ipa-dict(en_US/CMUdict),corroborated,ECDICT,teacher_pdf_gloss,historical_partial_2010_2022,4,2018:（新课标ⅱ）;2019:（新课标Ⅱ）;2020:（新课标Ⅱ）;2022:（全国乙卷）
cheap,cheap,junior,700,ipa-dict(en_US/CMUdict),corroborated,ECDICT,teacher_pdf_gloss,historical_partial_2010_2022,3,2013:（新课标Ⅰ）;2018:（新课标Ⅰ）;2022:（全国甲卷）
cheat,cheat**,selective_required,701,ipa-dict(en_US/CMUdict),corroborated,ECDICT,teacher_pdf_gloss,historical_partial_2010_2022,1,2015:（新课标Ⅰ）
check,check,junior,702,ipa-dict(en_US/CMUdict),corroborated,ECDICT,teacher_pdf_gloss,historical_partial_2010_2022,13,2010:（新课标Ⅰ）;2010:（新课标Ⅱ）;2013:（新课标ii）;2013:（新课标Ⅰ）;2014:（新课标ⅱ）;2015:（新课标Ⅰ）;2016:（新课标Ⅰ）;2016:（新课标ⅱ）;2017:（新课标ⅲ）;2019:（新课标Ⅱ）;2020:（新课标Ⅰ）;2020:（新课标Ⅱ）;2022:（全国乙卷）
cheek,cheek**,selective_required,703,ipa-dict(en_US/CMUdict),corroborated,ECDICT,teacher_pdf_gloss,historical_partial_2010_2022,0,
cheer,cheer,junior,704,ipa-dict(en_US/CMUdict),corroborated,ECDICT,teacher_pdf_gloss,historical_partial_2010_2022,4,2010:（新课标Ⅰ）;2013:（新课标ii）;2016:（新课标ⅲ）;2019:（新课标Ⅰ）
cheese,cheese**,selective_required,708,ipa-dict(en_US/CMUdict),corroborated,ECDICT,teacher_pdf_gloss,historical_partial_2010_2022,3,2011:（新课标）;2013:（新课标ii）;2022:（全国甲卷）
chef,chef**,selective_required,709,ipa-dict(en_US/CMUdict),corroborated,ECDICT,teacher_pdf_gloss,historical_partial_2010_2022,2,2018:（新课标Ⅰ）;2022:（全国甲卷）
chemical,chemical**,selective_required,710,ipa-dict(en_US/CMUdict),corroborated,ECDICT,teacher_pdf_gloss,historical_partial_2010_2022,4,2013:（新课标ii）;2016:（新课标Ⅰ）;2017:（新课标ⅱ）;2020:（新课标Ⅰ）
chemist,chemist**,selective_required,711,ipa-dict(en_US/CMUdict),corroborated,ECDICT,teacher_pdf_gloss,historical_partial_2010_2022,1,2021:（新课标Ⅰ）
chemistry,chemistry,junior,712,ipa-dict(en_US/CMUdict),corroborated,ECDICT,teacher_pdf_gloss,historical_partial_2010_2022,1,2019:（新课标Ⅱ）
cheque,,extension,713,ipa-dict(en_US/CMUdict),corroborated,ECDICT,teacher_pdf_gloss,historical_partial_2010_2022,0,
chess,chess,junior,714,ipa-dict(en_US/CMUdict),corroborated,ECDICT,teacher_pdf_gloss,historical_partial_2010_2022,1,2018:（新课标Ⅰ）
chest,chest**,selective_required,715,ipa-dict(en_US/CMUdict),corroborated,ECDICT,teacher_pdf_gloss,historical_partial_2010_2022,2,2016:（新课标ⅱ）;2018:（新课标ⅲ）
chew,chew**,selective_required,716,ipa-dict(en_US/CMUdict),corroborated,ECDICT,teacher_pdf_gloss,historical_partial_2010_2022,1,2010:（新课标Ⅱ）
chicken,chicken,junior,718,ipa-dict(en_US/CMUdict),corroborated,ECDICT,teacher_pdf_gloss,historical_partial_2010_2022,4,2010:（新课标Ⅰ）;2011:（新课标）;2018:（新课标Ⅰ）;2018:（新课标ⅱ）
chief,chief*,required,719,ipa-dict(en_US/CMUdict),corroborated,ECDICT,teacher_pdf_gloss,historical_partial_2010_2022,3,2018:（新课标ⅲ）;2019:（新课标Ⅲ）;2020:（新课标Ⅲ）
child,child (pl. children),junior,720,ipa-dict(en_US/CMUdict),corroborated,ECDICT,teacher_pdf_gloss,historical_partial_2010_2022,22,2010:（新课标Ⅰ）;2010:（新课标Ⅱ）;2011:（全国卷ii）;2012:（新课标）;2013:（新课标Ⅰ）;2014:（新课标Ⅰ）;2014:（新课标ⅱ）;2015:（新课标Ⅰ）;2016:（新课标Ⅰ）;2016:（新课标ⅲ）;2017:（新课标ⅱ）;2018:（新课标ⅱ）;2018:（新课标ⅲ）;2019:（新课标Ⅰ）;2019:（新课标Ⅱ）;2019:（新课标Ⅲ）;2020:（新课标Ⅰ）;2020:（新课标Ⅱ）;2020:（新课标Ⅲ）;2021:（解析版）;2022:（全国乙卷）;2022:（全国甲卷）
childhood,,extension,721,ipa-dict(en_US/CMUdict),corroborated,ECDICT,teacher_pdf_gloss,historical_partial_2010_2022,7,2011:（新课标）;2012:（新课标）;2016:（新课标ⅱ）;2016:（新课标ⅲ）;2021:（解析版）;2022:（全国乙卷）;2022:（全国甲卷）
china,China,junior,723,ipa-dict(en_US/CMUdict),corroborated,ECDICT,teacher_pdf_gloss,historical_partial_2010_2022,14,2010:（新课标Ⅱ）;2013:（新课标ii）;2014:（新课标Ⅰ）;2014:（新课标ⅱ）;2015:（新课标Ⅰ）;2016:（新课标ⅲ）;2017:（新课标ⅱ）;2018:（新课标ⅱ）;2018:（新课标ⅲ）;2019:（新课标Ⅲ）;2020:（新课标Ⅰ）;2020:（新课标Ⅱ）;2020:（新课标Ⅲ）;2022:（全国乙卷）
chinese,Chinese,junior,,ipa-dict(en_US/CMUdict),corroborated,ECDICT,ECDICT,historical_partial_2010_2022,16,2010:（新课标Ⅱ）;2013:（新课标ii）;2014:（新课标Ⅰ）;2014:（新课标ⅱ）;2015:（新课标Ⅰ）;2016:（新课标Ⅰ）;2016:（新课标ⅲ）;2017:（新课标ⅱ）;2018:（新课标Ⅰ）;2018:（新课标ⅱ）;2018:（新课标ⅲ）;2019:（新课标Ⅲ）;2020:（新课标Ⅰ）;2020:（新课标Ⅱ）;2022:（全国乙卷）;2022:（全国甲卷）
chocolate,chocolate,junior,726,ipa-dict(en_US/CMUdict),corroborated,ECDICT,teacher_pdf_gloss,historical_partial_2010_2022,2,2010:（新课标Ⅰ）;2013:（新课标ii）
choice,choice,junior,727,ipa-dict(en_US/CMUdict),corroborated,ECDICT,teacher_pdf_gloss,historical_partial_2010_2022,6,2010:（新课标Ⅱ）;2014:（新课标Ⅰ）;2015:（新课标Ⅰ）;2016:（新课标ⅲ）;2018:（新课标Ⅰ）;2018:（新课标ⅱ）
choke,choke**,selective_required,729,ipa-dict(en_US/CMUdict),corroborated,ECDICT,teacher_pdf_gloss,historical_partial_2010_2022,1,2015:（新课标Ⅰ）
choose,choose,junior,730,ipa-dict(en_US/CMUdict),corroborated,ECDICT,teacher_pdf_gloss,historical_partial_2010_2022,15,2010:（新课标Ⅰ）;2010:（新课标Ⅱ）;2013:（新课标ii）;2014:（新课标Ⅰ）;2015:（新课标ⅱ）;2016:（新课标ⅱ）;2017:（新课标Ⅰ）;2017:（新课标ⅲ）;2018:（新课标ⅱ）;2019:（新课标Ⅱ）;2019:（新课标Ⅲ）;2020:（新课标Ⅲ）;2021:（新课标Ⅰ）;2021:（解析版）;2022:（全国甲卷）
chopsticks,chopsticks,junior,734,ipa-dict(en_US/CMUdict),corroborated,ECDICT,teacher_pdf_gloss,historical_partial_2010_2022,2,2016:（新课标ⅲ）;2022:（全国甲卷）
chorus,chorus**,selective_required,735,ipa-dict(en_US/CMUdict),corroborated,ECDICT,teacher_pdf_gloss,historical_partial_2010_2022,0,
christian,,extension,736,ipa-dict(en_US/CMUdict),corroborated,ECDICT,teacher_pdf_gloss,historical_partial_2010_2022,0,
christmas,Christmas,junior,737,ipa-dict(en_US/CMUdict),corroborated,ECDICT,teacher_pdf_gloss,historical_partial_2010_2022,3,2011:（新课标）;2014:（新课标Ⅰ）;2020:（新课标Ⅰ）
church,church**,selective_required,741,ipa-dict(en_US/CMUdict),corroborated,ECDICT,teacher_pdf_gloss,historical_partial_2010_2022,5,2012:（新课标）;2013:（新课标ii）;2015:（新课标Ⅰ）;2015:（新课标ⅱ）;2019:（新课标Ⅲ）
cigarette,cigarette**,selective_required,743,ipa-dict(en_US/CMUdict),corroborated,ECDICT,teacher_pdf_gloss,historical_partial_2010_2022,1,2019:（新课标Ⅰ）
cinema,cinema,junior,744,ipa-dict(en_US/CMUdict),corroborated,ECDICT,teacher_pdf_gloss,historical_partial_2010_2022,1,2011:（全国卷ii）
circle,circle,junior,745,ipa-dict(en_US/CMUdict),corroborated,ECDICT,teacher_pdf_gloss,historical_partial_2010_2022,3,2014:（新课标ⅱ）;2019:（新课标Ⅰ）;2019:（新课标Ⅲ）
circuit,circuit**,selective_required,746,ipa-dict(en_US/CMUdict),corroborated,ECDICT,teacher_pdf_gloss,historical_partial_2010_2022,0,
circulate,,extension,747,ipa-dict(en_US/CMUdict),corroborated,ECDICT,teacher_pdf_gloss,historical_partial_2010_2022,0,
circumstance,circumstance**,selective_required,748,ipa-dict(en_US/CMUdict),corroborated,ECDICT,teacher_pdf_gloss,historical_partial_2010_2022,3,2015:（新课标Ⅰ）;2019:（新课标Ⅱ）;2019:（新课标Ⅲ）
circus,circus**,selective_required,749,ipa-dict(en_US/CMUdict),corroborated,ECDICT,teacher_pdf_gloss,historical_partial_2010_2022,2,2013:（新课标Ⅰ）;2021:（新课标Ⅰ）
cite,cite**,selective_required,,ipa-dict(en_US/CMUdict),corroborated,ECDICT,ECDICT,historical_partial_2010_2022,0,
citizen,citizen**,selective_required,750,ipa-dict(en_US/CMUdict),corroborated,ECDICT,teacher_pdf_gloss,historical_partial_2010_2022,6,2011:（全国卷ii）;2014:（新课标ⅱ）;2017:（新课标ⅱ）;2018:（新课标ⅱ）;2018:（新课标ⅲ）;2019:（新课标Ⅲ）
city,city,junior,751,ipa-dict(en_US/CMUdict),corroborated,ECDICT,teacher_pdf_gloss,historical_partial_2010_2022,22,2010:（新课标Ⅰ）;2010:（新课标Ⅱ）;2011:（全国卷ii）;2013:（新课标ii）;2014:（新课标Ⅰ）;2014:（新课标ⅱ）;2015:（新课标Ⅰ）;2015:（新课标ⅱ）;2016:（新课标Ⅰ）;2016:（新课标ⅲ）;2017:（新课标ⅱ）;2017:（新课标ⅲ）;2018:（新课标Ⅰ）;2018:（新课标ⅲ）;2019:（新课标Ⅲ）;2020:（新课标Ⅰ）;2020:（新课标Ⅱ）;2020:（新课标Ⅲ）;2021:（新课标Ⅰ）;2021:（解析版）;2022:（全国乙卷）;2022:（全国甲卷）
civil,civil**,selective_required,752,ipa-dict(en_US/CMUdict),corroborated,ECDICT,teacher_pdf_gloss,historical_partial_2010_2022,1,2015:（新课标Ⅰ）
civilian,civilian**,selective_required,753,ipa-dict(en_US/CMUdict),corroborated,ECDICT,teacher_pdf_gloss,historical_partial_2010_2022,0,
civilization,civilisation (civilization)**,selective_required,,ipa-dict(en_US/CMUdict),corroborated,ECDICT,ECDICT,historical_partial_2010_2022,0,
claim,claim**,selective_required,,ipa-dict(en_US/CMUdict),corroborated,ECDICT,ECDICT,historical_partial_2010_2022,0,
clap,clap*,required,755,ipa-dict(en_US/CMUdict),corroborated,ECDICT,teacher_pdf_gloss,historical_partial_2010_2022,0,
clarify,clarify**,selective_required,756,ipa-dict(en_US/CMUdict),corroborated,ECDICT,teacher_pdf_gloss,historical_partial_2010_2022,1,2018:（新课标ⅲ）
class,class,junior,757,ipa-dict(en_US/CMUdict),corroborated,ECDICT,teacher_pdf_gloss,historical_partial_2010_2022,16,2010:（新课标Ⅰ）;2010:（新课标Ⅱ）;2012:（新课标）;2015:（新课标ⅱ）;2016:（新课标Ⅰ）;2016:（新课标ⅱ）;2017:（新课标Ⅰ）;2017:（新课标ⅱ）;2018:（新课标Ⅰ）;2018:（新课标ⅱ）;2018:（新课标ⅲ）;2019:（新课标Ⅰ）;2019:（新课标Ⅱ）;2019:（新课标Ⅲ）;2020:（新课标Ⅱ）;2021:（解析版）
classic,classic**,selective_required,758,ipa-dict(en_US/CMUdict),corroborated,ECDICT,teacher_pdf_gloss,historical_partial_2010_2022,6,2013:（新课标Ⅰ）;2014:（新课标Ⅰ）;2016:（新课标ⅲ）;2017:（新课标ⅲ）;2020:（新课标Ⅰ）;2022:（全国乙卷）
classical,,extension,759,ipa-dict(en_US/CMUdict),corroborated,ECDICT,teacher_pdf_gloss,historical_partial_2010_2022,3,2016:（新课标ⅲ）;2020:（新课标Ⅲ）;2022:（全国甲卷）
classify,,extension,760,ipa-dict(en_US/CMUdict),corroborated,ECDICT,teacher_pdf_gloss,historical_partial_2010_2022,1,2021:（新课标Ⅰ）
classmate,classmate,junior,761,ipa-dict(en_US/CMUdict),corroborated,ECDICT,teacher_pdf_gloss,historical_partial_2010_2022,6,2010:（新课标Ⅱ）;2013:（新课标Ⅰ）;2016:（新课标ⅱ）;2017:（新课标ⅱ）;2019:（新课标Ⅰ）;2021:（解析版）
classroom,classroom,junior,762,ipa-dict(en_US/CMUdict),corroborated,ECDICT,teacher_pdf_gloss,historical_partial_2010_2022,8,2014:（新课标ⅱ）;2016:（新课标ⅱ）;2017:（新课标Ⅰ）;2017:（新课标ⅱ）;2018:（新课标Ⅰ）;2018:（新课标ⅲ）;2019:（新课标Ⅰ）;2019:（新课标Ⅱ）
clay,clay**,selective_required,764,ipa-dict(en_US/CMUdict),corroborated,ECDICT,teacher_pdf_gloss,historical_partial_2010_2022,0,
clean,clean,junior,765,ipa-dict(en_US/CMUdict),corroborated,ECDICT,teacher_pdf_gloss,historical_partial_2010_2022,11,2011:（全国卷ii）;2011:（新课标）;2013:（新课标Ⅰ）;2014:（新课标Ⅰ）;2015:（新课标Ⅰ）;2016:（新课标ⅲ）;2018:（新课标ⅱ）;2019:（新课标Ⅰ）;2019:（新课标Ⅱ）;2020:（新课标Ⅱ）;2021:（解析版）
clear,clear,junior,767,ipa-dict(en_US/CMUdict),corroborated,ECDICT,teacher_pdf_gloss,historical_partial_2010_2022,15,2010:（新课标Ⅱ）;2011:（全国卷ii）;2012:（新课标）;2014:（新课标Ⅰ）;2016:（新课标ⅱ）;2017:（新课标Ⅰ）;2017:（新课标ⅲ）;2018:（新课标Ⅰ）;2018:（新课标ⅱ）;2019:（新课标Ⅰ）;2019:（新课标Ⅲ）;2020:（新课标Ⅱ）;2021:（解析版）;2022:（全国乙卷）;2022:（全国甲卷）
clearly,,extension,768,ipa-dict(en_US/CMUdict),corroborated,ECDICT,teacher_pdf_gloss,historical_partial_2010_2022,5,2012:（新课标）;2018:（新课标ⅲ）;2019:（新课标Ⅰ）;2019:（新课标Ⅲ）;2021:（解析版）
clerk,clerk**,selective_required,769,ipa-dict(en_US/CMUdict),corroborated,ECDICT,teacher_pdf_gloss,historical_partial_2010_2022,0,
clever,clever,junior,770,ipa-dict(en_US/CMUdict),corroborated,ECDICT,teacher_pdf_gloss,historical_partial_2010_2022,6,2010:（新课标Ⅱ）;2011:（新课标）;2016:（新课标ⅱ）;2017:（新课标ⅱ）;2022:（全国乙卷）;2022:（全国甲卷）
click,click*,required,771,ipa-dict(en_US/CMUdict),corroborated,ECDICT,teacher_pdf_gloss,historical_partial_2010_2022,1,2015:（新课标ⅱ）
client,client**,selective_required,,ipa-dict(en_US/CMUdict),corroborated,ECDICT,ECDICT,historical_partial_2010_2022,0,
climate,climate*,required,772,ipa-dict(en_US/CMUdict),corroborated,ECDICT,teacher_pdf_gloss,historical_partial_2010_2022,3,2011:（全国卷ii）;2018:（新课标ⅲ）;2022:（全国乙卷）
climb,climb,junior,773,ipa-dict(en_US/CMUdict),corroborated,ECDICT,teacher_pdf_gloss,historical_partial_2010_2022,6,2010:（新课标Ⅰ）;2014:（新课标ⅱ）;2016:（新课标ⅲ）;2018:（新课标ⅱ）;2019:（新课标Ⅰ）;2022:（全国甲卷）
clinic,clinic**,selective_required,774,ipa-dict(en_US/CMUdict),corroborated,ECDICT,teacher_pdf_gloss,historical_partial_2010_2022,0,
clock,clock,junior,775,ipa-dict(en_US/CMUdict),corroborated,ECDICT,teacher_pdf_gloss,historical_partial_2010_2022,6,2011:（全国卷ii）;2012:（新课标）;2013:（新课标ii）;2015:（新课标ⅱ）;2017:（新课标ⅲ）;2018:（新课标ⅱ）
clone,clone**,selective_required,776,ipa-dict(en_US/CMUdict),corroborated,ECDICT,teacher_pdf_gloss,historical_partial_2010_2022,1,2013:（新课标ii）
close,close,junior,777,ipa-dict(en_US/CMUdict),corroborated,ECDICT,curated_override,historical_partial_2010_2022,17,2010:（新课标Ⅰ）;2010:（新课标Ⅱ）;2011:（全国卷ii）;2011:（新课标）;2014:（新课标Ⅰ）;2014:（新课标ⅱ）;2015:（新课标Ⅰ）;2016:（新课标Ⅰ）;2016:（新课标ⅱ）;2017:（新课标Ⅰ）;2017:（新课标ⅱ）;2017:（新课标ⅲ）;2018:（新课标Ⅰ）;2018:（新课标ⅲ）;2019:（新课标Ⅱ）;2019:（新课标Ⅲ）;2022:（全国乙卷）
cloth,cloth**,selective_required,778,ipa-dict(en_US/CMUdict),corroborated,ECDICT,teacher_pdf_gloss,historical_partial_2010_2022,0,
clothes,clothes,junior,779,ipa-dict(en_US/CMUdict),corroborated,ECDICT,teacher_pdf_gloss,historical_partial_2010_2022,11,2010:（新课标Ⅱ）;2011:（新课标）;2013:（新课标Ⅰ）;2015:（新课标Ⅰ）;2015:（新课标ⅱ）;2016:（新课标ⅲ）;2017:（新课标ⅲ）;2019:（新课标Ⅲ）;2020:（新课标Ⅱ）;2021:（解析版）;2022:（全国乙卷）
clothing,,extension,780,ipa-dict(en_US/CMUdict),corroborated,ECDICT,teacher_pdf_gloss,historical_partial_2010_2022,2,2019:（新课标Ⅲ）;2021:（解析版）
cloud,cloud,junior,781,ipa-dict(en_US/CMUdict),corroborated,ECDICT,teacher_pdf_gloss,historical_partial_2010_2022,3,2011:（全国卷ii）;2019:（新课标Ⅰ）;2020:（新课标Ⅲ）
cloudy,cloudy,junior,782,ipa-dict(en_US/CMUdict),corroborated,ECDICT,teacher_pdf_gloss,historical_partial_2010_2022,1,2019:（新课标Ⅲ）
club,club,junior,783,ipa-dict(en_US/CMUdict),corroborated,ECDICT,teacher_pdf_gloss,historical_partial_2010_2022,10,2010:（新课标Ⅱ）;2011:（全国卷ii）;2011:（新课标）;2015:（新课标ⅱ）;2016:（新课标ⅱ）;2017:（新课标Ⅰ）;2017:（新课标ⅲ）;2019:（新课标Ⅱ）;2021:（解析版）;2022:（全国甲卷）
clue,clue**,selective_required,,ipa-dict(en_US/CMUdict),corroborated,ECDICT,ECDICT,historical_partial_2010_2022,1,2022:（全国甲卷）
coach,coach,junior,785,ipa-dict(en_US/CMUdict),corroborated,ECDICT,teacher_pdf_gloss,historical_partial_2010_2022,6,2013:（新课标ii）;2015:（新课标ⅱ）;2016:（新课标ⅲ）;2019:（新课标Ⅱ）;2020:（新课标Ⅰ）;2022:（全国甲卷）
coal,coal,junior,786,ipa-dict(en_US/CMUdict),corroborated,ECDICT,teacher_pdf_gloss,historical_partial_2010_2022,0,
coast,coast,junior,787,ipa-dict(en_US/CMUdict),corroborated,ECDICT,teacher_pdf_gloss,historical_partial_2010_2022,1,2020:（新课标Ⅲ）
coat,coat,junior,,ipa-dict(en_US/CMUdict),corroborated,ECDICT,ECDICT,historical_partial_2010_2022,1,2020:（新课标Ⅲ）
coffee,coffee,junior,791,ipa-dict(en_US/CMUdict),corroborated,ECDICT,teacher_pdf_gloss,historical_partial_2010_2022,6,2010:（新课标Ⅰ）;2015:（新课标Ⅰ）;2016:（新课标ⅱ）;2017:（新课标ⅲ）;2018:（新课标ⅱ）;2021:（新课标Ⅰ）
coin,coin,junior,792,ipa-dict(en_US/CMUdict),corroborated,ECDICT,teacher_pdf_gloss,historical_partial_2010_2022,2,2011:（新课标）;2019:（新课标Ⅱ）
cold,cold,junior,795,ipa-dict(en_US/CMUdict),corroborated,ECDICT,teacher_pdf_gloss,historical_partial_2010_2022,13,2010:（新课标Ⅱ）;2011:（新课标）;2012:（新课标）;2013:（新课标ii）;2014:（新课标Ⅰ）;2014:（新课标ⅱ）;2015:（新课标Ⅰ）;2015:（新课标ⅱ）;2016:（新课标ⅱ）;2019:（新课标Ⅲ）;2020:（新课标Ⅱ）;2021:（解析版）;2022:（全国乙卷）
collapse,collapse**,selective_required,,ipa-dict(en_US/CMUdict),corroborated,ECDICT,ECDICT,historical_partial_2010_2022,2,2020:（新课标Ⅱ）;2021:（新课标Ⅰ）
collar,collar**,selective_required,797,ipa-dict(en_US/CMUdict),corroborated,ECDICT,teacher_pdf_gloss,historical_partial_2010_2022,0,
colleague,,extension,798,ipa-dict(en_US/CMUdict),corroborated,ECDICT,teacher_pdf_gloss,historical_partial_2010_2022,8,2014:（新课标Ⅰ）;2016:（新课标Ⅰ）;2016:（新课标ⅲ）;2018:（新课标Ⅰ）;2018:（新课标ⅲ）;2020:（新课标Ⅰ）;2020:（新课标Ⅱ）;2021:（新课标Ⅰ）
collect,collect,junior,799,ipa-dict(en_US/CMUdict),corroborated,ECDICT,teacher_pdf_gloss,historical_partial_2010_2022,12,2010:（新课标Ⅰ）;2010:（新课标Ⅱ）;2014:（新课标Ⅰ）;2017:（新课标Ⅰ）;2017:（新课标ⅲ）;2018:（新课标ⅲ）;2019:（新课标Ⅰ）;2019:（新课标Ⅱ）;2020:（新课标Ⅱ）;2021:（新课标Ⅰ）;2022:（全国乙卷）;2022:（全国甲卷）
collection,collection*,required,800,ipa-dict(en_US/CMUdict),corroborated,ECDICT,teacher_pdf_gloss,historical_partial_2010_2022,7,2010:（新课标Ⅱ）;2012:（新课标）;2013:（新课标Ⅰ）;2016:（新课标ⅱ）;2016:（新课标ⅲ）;2020:（新课标Ⅱ）;2022:（全国乙卷）
college,college,junior,801,ipa-dict(en_US/CMUdict),corroborated,ECDICT,teacher_pdf_gloss,historical_partial_2010_2022,9,2012:（新课标）;2014:（新课标Ⅰ）;2015:（新课标ⅱ）;2016:（新课标ⅲ）;2017:（新课标Ⅰ）;2018:（新课标Ⅰ）;2019:（新课标Ⅱ）;2021:（新课标Ⅰ）;2022:（全国乙卷）
color,colour (color),junior,,ipa-dict(en_US/CMUdict),corroborated,ECDICT,ECDICT,historical_partial_2010_2022,6,2010:（新课标Ⅱ）;2015:（新课标ⅱ）;2016:（新课标ⅱ）;2017:（新课标Ⅰ）;2018:（新课标Ⅰ）;2021:（解析版）
column,column**,selective_required,,ipa-dict(en_US/CMUdict),corroborated,ECDICT,ECDICT,historical_partial_2010_2022,0,
combine,combine**,selective_required,805,ipa-dict(en_US/CMUdict),corroborated,ECDICT,teacher_pdf_gloss,historical_partial_2010_2022,5,2016:（新课标ⅱ）;2016:（新课标ⅲ）;2018:（新课标ⅱ）;2018:（新课标ⅲ）;2019:（新课标Ⅲ）
come,come,junior,,ipa-dict(en_US/CMUdict),corroborated,ECDICT,ECDICT,historical_partial_2010_2022,27,2010:（新课标Ⅰ）;2010:（新课标Ⅱ）;2011:（全国卷ii）;2011:（新课标）;2012:（新课标）;2013:（新课标ii）;2013:（新课标Ⅰ）;2014:（新课标ⅱ）;2015:（新课标Ⅰ）;2016:（新课标Ⅰ）;2016:（新课标ⅱ）;2016:（新课标ⅲ）;2017:（新课标Ⅰ）;2017:（新课标ⅱ）;2017:（新课标ⅲ）;2018:（新课标Ⅰ）;2018:（新课标ⅱ）;2018:（新课标ⅲ）;2019:（新课标Ⅰ）;2019:（新课标Ⅱ）;2020:（新课标Ⅰ）;2020:（新课标Ⅱ）;2020:（新课标Ⅲ）;2021:（新课标Ⅰ）;2021:（解析版）;2022:（全国乙卷）;2022:（全国甲卷）
comedy,comedy**,selective_required,807,ipa-dict(en_US/CMUdict),corroborated,ECDICT,teacher_pdf_gloss,historical_partial_2010_2022,4,2016:（新课标ⅱ）;2017:（新课标ⅱ）;2019:（新课标Ⅲ）;2022:（全国甲卷）
comfort,comfort**,selective_required,808,ipa-dict(en_US/CMUdict),corroborated,ECDICT,teacher_pdf_gloss,historical_partial_2010_2022,9,2010:（新课标Ⅰ）;2013:（新课标ii）;2015:（新课标Ⅰ）;2015:（新课标ⅱ）;2016:（新课标ⅱ）;2016:（新课标ⅲ）;2018:（新课标ⅱ）;2020:（新课标Ⅰ）;2021:（新课标Ⅰ）
comfortable,comfortable,junior,,ipa-dict(en_US/CMUdict),corroborated,ECDICT,ECDICT,historical_partial_2010_2022,9,2013:（新课标ii）;2013:（新课标Ⅰ）;2016:（新课标ⅱ）;2016:（新课标ⅲ）;2017:（新课标Ⅰ）;2018:（新课标Ⅰ）;2018:（新课标ⅲ）;2021:（新课标Ⅰ）;2022:（全国甲卷）
comic,comic**,selective_required,,ipa-dict(en_US/CMUdict),corroborated,ECDICT,ECDICT,historical_partial_2010_2022,0,
command,,extension,811,ipa-dict(en_US/CMUdict),corroborated,ECDICT,teacher_pdf_gloss,historical_partial_2010_2022,0,
comment,comment*,required,812,ipa-dict(en_US/CMUdict),corroborated,ECDICT,teacher_pdf_gloss,historical_partial_2010_2022,6,2015:（新课标Ⅰ）;2017:（新课标ⅱ）;2017:（新课标ⅲ）;2018:（新课标Ⅰ）;2019:（新课标Ⅲ）;2021:（新课标Ⅰ）
commercial,commercial**,selective_required,,ipa-dict(en_US/CMUdict),corroborated,ECDICT,ECDICT,historical_partial_2010_2022,4,2014:（新课标Ⅰ）;2015:（新课标ⅱ）;2016:（新课标ⅱ）;2016:（新课标ⅲ）
commit,commit**,selective_required,813,ipa-dict(en_US/CMUdict),corroborated,ECDICT,teacher_pdf_gloss,historical_partial_2010_2022,0,
commitment,commitment**,selective_required,814,ipa-dict(en_US/CMUdict),corroborated,ECDICT,teacher_pdf_gloss,historical_partial_2010_2022,2,2018:（新课标Ⅰ）;2019:（新课标Ⅱ）
committee,committee*,required,815,ipa-dict(en_US/CMUdict),corroborated,ECDICT,teacher_pdf_gloss,historical_partial_2010_2022,0,
common,common,junior,816,ipa-dict(en_US/CMUdict),corroborated,ECDICT,teacher_pdf_gloss,historical_partial_2010_2022,14,2010:（新课标Ⅰ）;2010:（新课标Ⅱ）;2013:（新课标Ⅰ）;2015:（新课标ⅱ）;2016:（新课标ⅲ）;2017:（新课标Ⅰ）;2018:（新课标ⅱ）;2019:（新课标Ⅰ）;2019:（新课标Ⅲ）;2020:（新课标Ⅰ）;2020:（新课标Ⅱ）;2020:（新课标Ⅲ）;2021:（新课标Ⅰ）;2021:（解析版）
communicate,communicate,junior,817,ipa-dict(en_US/CMUdict),corroborated,ECDICT,teacher_pdf_gloss,historical_partial_2010_2022,7,2012:（新课标）;2014:（新课标Ⅰ）;2016:（新课标Ⅰ）;2017:（新课标Ⅰ）;2018:（新课标ⅱ）;2020:（新课标Ⅱ）;2022:（全国乙卷）
communication,communication,junior,818,ipa-dict(en_US/CMUdict),corroborated,ECDICT,teacher_pdf_gloss,historical_partial_2010_2022,15,2010:（新课标Ⅱ）;2012:（新课标）;2013:（新课标Ⅰ）;2015:（新课标Ⅰ）;2016:（新课标ⅲ）;2017:（新课标Ⅰ）;2018:（新课标Ⅰ）;2018:（新课标ⅱ）;2018:（新课标ⅲ）;2019:（新课标Ⅱ）;2019:（新课标Ⅲ）;2020:（新课标Ⅰ）;2020:（新课标Ⅱ）;2021:（解析版）;2022:（全国乙卷）
communist,communist**,selective_required,820,ipa-dict(en_US/CMUdict),corroborated,ECDICT,teacher_pdf_gloss,historical_partial_2010_2022,0,
community,community,junior,,ipa-dict(en_US/CMUdict),corroborated,ECDICT,ECDICT,historical_partial_2010_2022,7,2011:（全国卷ii）;2014:（新课标Ⅰ）;2016:（新课标Ⅰ）;2017:（新课标Ⅰ）;2019:（新课标Ⅰ）;2019:（新课标Ⅱ）;2022:（全国乙卷）
companion,,extension,821,ipa-dict(en_US/CMUdict),corroborated,ECDICT,teacher_pdf_gloss,historical_partial_2010_2022,3,2010:（新课标Ⅰ）;2016:（新课标ⅱ）;2022:（全国甲卷）
company,company*,required,822,ipa-dict(en_US/CMUdict),corroborated,ECDICT,teacher_pdf_gloss,historical_partial_2010_2022,14,2010:（新课标Ⅰ）;2010:（新课标Ⅱ）;2011:（全国卷ii）;2011:（新课标）;2013:（新课标ii）;2014:（新课标ⅱ）;2015:（新课标Ⅰ）;2016:（新课标Ⅰ）;2017:（新课标ⅱ）;2019:（新课标Ⅰ）;2019:（新课标Ⅱ）;2019:（新课标Ⅲ）;2021:（新课标Ⅰ）;2022:（全国乙卷）
compare,compare,junior,823,ipa-dict(en_US/CMUdict),corroborated,ECDICT,teacher_pdf_gloss,historical_partial_2010_2022,9,2012:（新课标）;2013:（新课标Ⅰ）;2018:（新课标Ⅰ）;2018:（新课标ⅱ）;2018:（新课标ⅲ）;2019:（新课标Ⅲ）;2020:（新课标Ⅰ）;2020:（新课标Ⅲ）;2021:（新课标Ⅰ）
comparison,comparison**,selective_required,,ipa-dict(en_US/CMUdict),corroborated,ECDICT,ECDICT,historical_partial_2010_2022,2,2012:（新课标）;2020:（新课标Ⅰ）
compensate,,extension,825,ipa-dict(en_US/CMUdict),corroborated,ECDICT,teacher_pdf_gloss,historical_partial_2010_2022,2,2017:（新课标ⅲ）;2022:（全国乙卷）
compete,compete**,selective_required,826,ipa-dict(en_US/CMUdict),corroborated,ECDICT,teacher_pdf_gloss,historical_partial_2010_2022,5,2011:（全国卷ii）;2011:（新课标）;2017:（新课标ⅲ）;2019:（新课标Ⅲ）;2021:（解析版）
competence,competence**,selective_required,827,ipa-dict(en_US/CMUdict),corroborated,ECDICT,teacher_pdf_gloss,historical_partial_2010_2022,0,
competition,competition,junior,828,ipa-dict(en_US/CMUdict),corroborated,ECDICT,teacher_pdf_gloss,historical_partial_2010_2022,1,2021:（解析版）
competitor,,extension,829,ipa-dict(en_US/CMUdict),corroborated,ECDICT,teacher_pdf_gloss,historical_partial_2010_2022,1,2018:（新课标Ⅰ）
complain,complain**,selective_required,,ipa-dict(en_US/CMUdict),corroborated,ECDICT,ECDICT,historical_partial_2010_2022,1,2014:（新课标Ⅰ）
complete,complete,junior,830,ipa-dict(en_US/CMUdict),corroborated,ECDICT,teacher_pdf_gloss,historical_partial_2010_2022,14,2010:（新课标Ⅰ）;2010:（新课标Ⅱ）;2012:（新课标）;2013:（新课标ii）;2014:（新课标ⅱ）;2015:（新课标ⅱ）;2016:（新课标Ⅰ）;2016:（新课标ⅱ）;2017:（新课标Ⅰ）;2017:（新课标ⅱ）;2018:（新课标ⅲ）;2021:（新课标Ⅰ）;2021:（解析版）;2022:（全国甲卷）
complex,complex**,selective_required,831,ipa-dict(en_US/CMUdict),corroborated,ECDICT,teacher_pdf_gloss,historical_partial_2010_2022,7,2017:（新课标Ⅰ）;2017:（新课标ⅱ）;2017:（新课标ⅲ）;2018:（新课标Ⅰ）;2018:（新课标ⅲ）;2020:（新课标Ⅱ）;2021:（新课标Ⅰ）
complicated,complicated**,selective_required,,ipa-dict(en_US/CMUdict),corroborated,ECDICT,ECDICT,historical_partial_2010_2022,0,
component,component**,selective_required,832,ipa-dict(en_US/CMUdict),corroborated,ECDICT,teacher_pdf_gloss,historical_partial_2010_2022,1,2017:（新课标Ⅰ）
compose,compose**,selective_required,,ipa-dict(en_US/CMUdict),corroborated,ECDICT,ECDICT,historical_partial_2010_2022,0,
composition,composition**,selective_required,833,ipa-dict(en_US/CMUdict),corroborated,ECDICT,teacher_pdf_gloss,historical_partial_2010_2022,1,2020:（新课标Ⅰ）
comprehension,comprehension**,selective_required,834,ipa-dict(en_US/CMUdict),corroborated,ECDICT,teacher_pdf_gloss,historical_partial_2010_2022,0,
comprehensive,comprehensive**,selective_required,,ipa-dict(en_US/CMUdict),corroborated,ECDICT,ECDICT,historical_partial_2010_2022,0,
comprise,comprise**,selective_required,,ipa-dict(en_US/CMUdict),corroborated,ECDICT,ECDICT,historical_partial_2010_2022,0,
compromise,,extension,835,ipa-dict(en_US/CMUdict),corroborated,ECDICT,teacher_pdf_gloss,historical_partial_2010_2022,3,2013:（新课标Ⅰ）;2018:（新课标ⅱ）;2022:（全国甲卷）
compulsory,,extension,836,ipa-dict(en_US/CMUdict),corroborated,ECDICT,teacher_pdf_gloss,historical_partial_2010_2022,1,2018:（新课标Ⅰ）
computer,computer,junior,837,ipa-dict(en_US/CMUdict),corroborated,ECDICT,teacher_pdf_gloss,historical_partial_2010_2022,6,2011:（新课标）;2016:（新课标Ⅰ）;2018:（新课标Ⅰ）;2019:（新课标Ⅰ）;2019:（新课标Ⅲ）;2020:（新课标Ⅲ）
conceal,,extension,,curated_homograph_override,curated,ECDICT,curated_override,historical_partial_2010_2022,0,
concentrate,concentrate*,required,840,ipa-dict(en_US/CMUdict),corroborated,ECDICT,teacher_pdf_gloss,historical_partial_2010_2022,3,2017:（新课标ⅲ）;2019:（新课标Ⅲ）;2021:（新课标Ⅰ）
concept,concept**,selective_required,841,ipa-dict(en_US/CMUdict),corroborated,ECDICT,teacher_pdf_gloss,historical_partial_2010_2022,4,2016:（新课标ⅱ）;2021:（新课标Ⅰ）;2021:（解析版）;2022:（全国乙卷）
concern,concern*,required,842,ipa-dict(en_US/CMUdict),corroborated,ECDICT,teacher_pdf_gloss,historical_partial_2010_2022,10,2013:（新课标ii）;2013:（新课标Ⅰ）;2016:（新课标ⅱ）;2017:（新课标Ⅰ）;2018:（新课标Ⅰ）;2018:（新课标ⅱ）;2019:（新课标Ⅲ）;2020:（新课标Ⅱ）;2020:（新课标Ⅲ）;2022:（全国乙卷）
concert,concert,junior,843,ipa-dict(en_US/CMUdict),corroborated,ECDICT,teacher_pdf_gloss,historical_partial_2010_2022,4,2016:（新课标ⅲ）;2017:（新课标Ⅰ）;2019:（新课标Ⅲ）;2022:（全国甲卷）
conclude,conclude**,selective_required,844,ipa-dict(en_US/CMUdict),corroborated,ECDICT,teacher_pdf_gloss,historical_partial_2010_2022,0,
conclusion,conclusion**,selective_required,845,ipa-dict(en_US/CMUdict),corroborated,ECDICT,teacher_pdf_gloss,historical_partial_2010_2022,2,2014:（新课标Ⅰ）;2019:（新课标Ⅰ）
concrete,concrete**,selective_required,846,ipa-dict(en_US/CMUdict),corroborated,ECDICT,teacher_pdf_gloss,historical_partial_2010_2022,1,2020:（新课标Ⅱ）
condemn,,extension,848,ipa-dict(en_US/CMUdict),corroborated,ECDICT,teacher_pdf_gloss,historical_partial_2010_2022,0,
condition,condition,junior,847,ipa-dict(en_US/CMUdict),corroborated,ECDICT,teacher_pdf_gloss,historical_partial_2010_2022,12,2013:（新课标ii）;2014:（新课标ⅱ）;2015:（新课标Ⅰ）;2015:（新课标ⅱ）;2016:（新课标Ⅰ）;2016:（新课标ⅲ）;2017:（新课标ⅲ）;2020:（新课标Ⅰ）;2020:（新课标Ⅲ）;2021:（新课标Ⅰ）;2021:（解析版）;2022:（全国乙卷）
conduct,conduct*,required,849,ipa-dict(en_US/CMUdict),corroborated,ECDICT,curated_override,historical_partial_2010_2022,6,2012:（新课标）;2013:（新课标Ⅰ）;2015:（新课标Ⅰ）;2017:（新课标ⅱ）;2018:（新课标Ⅰ）;2020:（新课标Ⅰ）
conference,conference*,required,853,ipa-dict(en_US/CMUdict),corroborated,ECDICT,teacher_pdf_gloss,historical_partial_2010_2022,0,
confidence,confidence*,required,,ipa-dict(en_US/CMUdict),corroborated,ECDICT,ECDICT,historical_partial_2010_2022,8,2013:（新课标ii）;2014:（新课标Ⅰ）;2015:（新课标Ⅰ）;2016:（新课标ⅱ）;2017:（新课标ⅲ）;2018:（新课标ⅱ）;2020:（新课标Ⅱ）;2022:（全国甲卷）
confident,,extension,851,ipa-dict(en_US/CMUdict),corroborated,ECDICT,teacher_pdf_gloss,historical_partial_2010_2022,3,2016:（新课标ⅱ）;2018:（新课标ⅲ）;2019:（新课标Ⅰ）
confirm,confirm*,required,854,ipa-dict(en_US/CMUdict),corroborated,ECDICT,teacher_pdf_gloss,historical_partial_2010_2022,7,2014:（新课标Ⅰ）;2016:（新课标Ⅰ）;2016:（新课标ⅱ）;2018:（新课标ⅱ）;2018:（新课标ⅲ）;2020:（新课标Ⅱ）;2022:（全国乙卷）
conflict,conflict**,selective_required,855,ipa-dict(en_US/CMUdict),corroborated,ECDICT,teacher_pdf_gloss,historical_partial_2010_2022,6,2014:（新课标Ⅰ）;2015:（新课标Ⅰ）;2016:（新课标Ⅰ）;2017:（新课标ⅲ）;2020:（新课标Ⅲ）;2022:（全国甲卷）
confucianism,Confucianism**,selective_required,,ipa-dict(en_US/CMUdict),corroborated,ECDICT,ECDICT,historical_partial_2010_2022,0,
confucius,Confucius**,selective_required,,ipa-dict(en_US/CMUdict),corroborated,ECDICT,ECDICT,historical_partial_2010_2022,1,2016:（新课标ⅲ）
confuse,,extension,856,ipa-dict(en_US/CMUdict),corroborated,ECDICT,teacher_pdf_gloss,historical_partial_2010_2022,0,
confused,confused**,selective_required,,ipa-dict(en_US/CMUdict),corroborated,ECDICT,ECDICT,historical_partial_2010_2022,4,2014:（新课标Ⅰ）;2015:（新课标ⅱ）;2016:（新课标ⅱ）;2022:（全国甲卷）
congratulation,congratulation*,required,858,ipa-dict(en_US/CMUdict),corroborated,ECDICT,teacher_pdf_gloss,historical_partial_2010_2022,1,2018:（新课标ⅲ）
connect,connect,junior,859,ipa-dict(en_US/CMUdict),corroborated,ECDICT,teacher_pdf_gloss,historical_partial_2010_2022,8,2013:（新课标ii）;2014:（新课标ⅱ）;2015:（新课标Ⅰ）;2017:（新课标Ⅰ）;2018:（新课标Ⅰ）;2018:（新课标ⅱ）;2019:（新课标Ⅰ）;2019:（新课标Ⅱ）
connection,,extension,860,ipa-dict(en_US/CMUdict),corroborated,ECDICT,teacher_pdf_gloss,historical_partial_2010_2022,10,2011:（新课标）;2012:（新课标）;2013:（新课标ii）;2013:（新课标Ⅰ）;2016:（新课标Ⅰ）;2016:（新课标ⅱ）;2018:（新课标ⅲ）;2019:（新课标Ⅰ）;2020:（新课标Ⅰ）;2022:（全国乙卷）
conscience,,extension,861,ipa-dict(en_US/CMUdict),corroborated,ECDICT,teacher_pdf_gloss,historical_partial_2010_2022,0,
consensus,,extension,862,ipa-dict(en_US/CMUdict),corroborated,ECDICT,teacher_pdf_gloss,historical_partial_2010_2022,0,
consequence,consequence**,selective_required,,ipa-dict(en_US/CMUdict),corroborated,ECDICT,ECDICT,historical_partial_2010_2022,2,2019:（新课标Ⅰ）;2020:（新课标Ⅰ）
conservation,conservation**,selective_required,864,ipa-dict(en_US/CMUdict),corroborated,ECDICT,teacher_pdf_gloss,historical_partial_2010_2022,2,2011:（全国卷ii）;2021:（新课标Ⅰ）
consider,consider,junior,866,ipa-dict(en_US/CMUdict),corroborated,ECDICT,teacher_pdf_gloss,historical_partial_2010_2022,12,2010:（新课标Ⅱ）;2011:（全国卷ii）;2013:（新课标Ⅰ）;2015:（新课标Ⅰ）;2016:（新课标Ⅰ）;2017:（新课标ⅲ）;2018:（新课标ⅱ）;2019:（新课标Ⅱ）;2020:（新课标Ⅱ）;2021:（新课标Ⅰ）;2022:（全国乙卷）;2022:（全国甲卷）
consideration,,extension,868,ipa-dict(en_US/CMUdict),corroborated,ECDICT,teacher_pdf_gloss,historical_partial_2010_2022,2,2016:（新课标Ⅰ）;2020:（新课标Ⅱ）
consist,consist**,selective_required,869,ipa-dict(en_US/CMUdict),corroborated,ECDICT,teacher_pdf_gloss,historical_partial_2010_2022,1,2019:（新课标Ⅲ）
consistent,consistent**,selective_required,870,ipa-dict(en_US/CMUdict),corroborated,ECDICT,teacher_pdf_gloss,historical_partial_2010_2022,0,
constant,constant**,selective_required,871,ipa-dict(en_US/CMUdict),corroborated,ECDICT,teacher_pdf_gloss,historical_partial_2010_2022,4,2017:（新课标ⅲ）;2021:（新课标Ⅰ）;2021:（解析版）;2022:（全国乙卷）
constitution,constitution**,selective_required,,ipa-dict(en_US/CMUdict),corroborated,ECDICT,ECDICT,historical_partial_2010_2022,0,
construct,,extension,873,ipa-dict(en_US/CMUdict),corroborated,ECDICT,teacher_pdf_gloss,historical_partial_2010_2022,3,2017:（新课标Ⅰ）;2017:（新课标ⅱ）;2020:（新课标Ⅰ）
construction,construction**,selective_required,874,ipa-dict(en_US/CMUdict),corroborated,ECDICT,teacher_pdf_gloss,historical_partial_2010_2022,3,2016:（新课标Ⅰ）;2016:（新课标ⅱ）;2022:（全国乙卷）
consult,,extension,875,ipa-dict(en_US/CMUdict),corroborated,ECDICT,teacher_pdf_gloss,historical_partial_2010_2022,2,2020:（新课标Ⅰ）;2021:（新课标Ⅰ）
consultant,consultant**,selective_required,876,ipa-dict(en_US/CMUdict),corroborated,ECDICT,teacher_pdf_gloss,historical_partial_2010_2022,0,
consultation,consultation**,selective_required,,ipa-dict(en_US/CMUdict),corroborated,ECDICT,ECDICT,historical_partial_2010_2022,0,
consume,consume**,selective_required,877,ipa-dict(en_US/CMUdict),corroborated,ECDICT,teacher_pdf_gloss,historical_partial_2010_2022,5,2015:（新课标ⅱ）;2017:（新课标ⅲ）;2018:（新课标Ⅰ）;2020:（新课标Ⅰ）;2022:（全国乙卷）
consumption,consumption**,selective_required,,ipa-dict(en_US/CMUdict),corroborated,ECDICT,ECDICT,historical_partial_2010_2022,3,2018:（新课标Ⅰ）;2018:（新课标ⅱ）;2020:（新课标Ⅰ）
contact,contact*,required,,ipa-dict(en_US/CMUdict),corroborated,ECDICT,ECDICT,historical_partial_2010_2022,4,2011:（新课标）;2012:（新课标）;2020:（新课标Ⅰ）;2022:（全国乙卷）
contain,contain*,required,878,ipa-dict(en_US/CMUdict),corroborated,ECDICT,teacher_pdf_gloss,historical_partial_2010_2022,4,2011:（新课标）;2018:（新课标ⅱ）;2020:（新课标Ⅰ）;2022:（全国乙卷）
container,,extension,879,ipa-dict(en_US/CMUdict),corroborated,ECDICT,teacher_pdf_gloss,historical_partial_2010_2022,2,2017:（新课标Ⅰ）;2018:（新课标ⅱ）
contemporary,contemporary**,selective_required,,ipa-dict(en_US/CMUdict),corroborated,ECDICT,ECDICT,historical_partial_2010_2022,4,2019:（新课标Ⅲ）;2020:（新课标Ⅱ）;2021:（新课标Ⅰ）;2022:（全国乙卷）
content,content*,required,881,ipa-dict(en_US/CMUdict),corroborated,ECDICT,curated_override,historical_partial_2010_2022,5,2010:（新课标Ⅰ）;2014:（新课标Ⅰ）;2017:（新课标Ⅰ）;2019:（新课标Ⅲ）;2022:（全国乙卷）
contest,contest**,selective_required,,ipa-dict(en_US/CMUdict),corroborated,ECDICT,ECDICT,historical_partial_2010_2022,0,
context,context*,required,,ipa-dict(en_US/CMUdict),corroborated,ECDICT,ECDICT,historical_partial_2010_2022,1,2017:（新课标Ⅰ）
continent,continent*,required,882,ipa-dict(en_US/CMUdict),corroborated,ECDICT,teacher_pdf_gloss,historical_partial_2010_2022,2,2016:（新课标ⅱ）;2022:（全国甲卷）
continue,continue,junior,883,ipa-dict(en_US/CMUdict),corroborated,ECDICT,teacher_pdf_gloss,historical_partial_2010_2022,12,2011:（全国卷ii）;2012:（新课标）;2013:（新课标ii）;2014:（新课标ⅱ）;2016:（新课标Ⅰ）;2017:（新课标Ⅰ）;2017:（新课标ⅲ）;2018:（新课标Ⅰ）;2018:（新课标ⅱ）;2021:（新课标Ⅰ）;2021:（解析版）;2022:（全国甲卷）
contract,contract**,selective_required,,ipa-dict(en_US/CMUdict),corroborated,ECDICT,ECDICT,historical_partial_2010_2022,1,2016:（新课标ⅱ）
contradictory,contradictory**,selective_required,885,ipa-dict(en_US/CMUdict),corroborated,ECDICT,teacher_pdf_gloss,historical_partial_2010_2022,0,
contrary,contrary**,selective_required,886,ipa-dict(en_US/CMUdict),corroborated,ECDICT,teacher_pdf_gloss,historical_partial_2010_2022,0,
contrast,contrast**,selective_required,,ipa-dict(en_US/CMUdict),corroborated,ECDICT,ECDICT,historical_partial_2010_2022,1,2012:（新课标）
contribute,,extension,887,ipa-dict(en_US/CMUdict),corroborated,ECDICT,teacher_pdf_gloss,historical_partial_2010_2022,3,2014:（新课标Ⅰ）;2020:（新课标Ⅰ）;2020:（新课标Ⅱ）
contribution,contribution*,required,888,ipa-dict(en_US/CMUdict),corroborated,ECDICT,teacher_pdf_gloss,historical_partial_2010_2022,5,2015:（新课标Ⅰ）;2016:（新课标Ⅰ）;2018:（新课标Ⅰ）;2021:（解析版）;2022:（全国乙卷）
control,control,junior,889,ipa-dict(en_US/CMUdict),corroborated,ECDICT,teacher_pdf_gloss,historical_partial_2010_2022,10,2013:（新课标Ⅰ）;2014:（新课标Ⅰ）;2014:（新课标ⅱ）;2016:（新课标Ⅰ）;2017:（新课标ⅲ）;2018:（新课标Ⅰ）;2018:（新课标ⅲ）;2019:（新课标Ⅲ）;2020:（新课标Ⅱ）;2021:（解析版）
controversial,,extension,890,ipa-dict(en_US/CMUdict),corroborated,ECDICT,teacher_pdf_gloss,historical_partial_2010_2022,1,2021:（解析版）
convenient,convenient*,required,892,ipa-dict(en_US/CMUdict),corroborated,ECDICT,teacher_pdf_gloss,historical_partial_2010_2022,3,2013:（新课标Ⅰ）;2014:（新课标ⅱ）;2021:（新课标Ⅰ）
conventional,conventional**,selective_required,893,ipa-dict(en_US/CMUdict),corroborated,ECDICT,teacher_pdf_gloss,historical_partial_2010_2022,0,
conversation,conversation,junior,894,ipa-dict(en_US/CMUdict),corroborated,ECDICT,teacher_pdf_gloss,historical_partial_2010_2022,9,2010:（新课标Ⅱ）;2012:（新课标）;2013:（新课标Ⅰ）;2014:（新课标ⅱ）;2016:（新课标Ⅰ）;2016:（新课标ⅲ）;2017:（新课标ⅱ）;2018:（新课标ⅱ）;2021:（新课标Ⅰ）
convey,,extension,895,ipa-dict(en_US/CMUdict),corroborated,ECDICT,teacher_pdf_gloss,historical_partial_2010_2022,1,2021:（解析版）
convince,convince**,selective_required,896,ipa-dict(en_US/CMUdict),corroborated,ECDICT,teacher_pdf_gloss,historical_partial_2010_2022,3,2017:（新课标ⅲ）;2018:（新课标ⅲ）;2020:（新课标Ⅱ）
cook,cook,junior,897,ipa-dict(en_US/CMUdict),corroborated,ECDICT,teacher_pdf_gloss,historical_partial_2010_2022,9,2013:（新课标Ⅰ）;2014:（新课标Ⅰ）;2014:（新课标ⅱ）;2016:（新课标Ⅰ）;2016:（新课标ⅱ）;2016:（新课标ⅲ）;2017:（新课标Ⅰ）;2018:（新课标Ⅰ）;2020:（新课标Ⅰ）
cookie,cookie,junior,899,ipa-dict(en_US/CMUdict),corroborated,ECDICT,teacher_pdf_gloss,historical_partial_2010_2022,2,2018:（新课标Ⅰ）;2021:（解析版）
cool,cool,junior,900,ipa-dict(en_US/CMUdict),corroborated,ECDICT,teacher_pdf_gloss,historical_partial_2010_2022,5,2010:（新课标Ⅱ）;2015:（新课标ⅱ）;2018:（新课标ⅱ）;2019:（新课标Ⅰ）;2021:（解析版）
cooperate,cooperate**,selective_required,,ipa-dict(en_US/CMUdict),corroborated,ECDICT,ECDICT,historical_partial_2010_2022,0,
copy,copy,junior,,ipa-dict(en_US/CMUdict),corroborated,ECDICT,ECDICT,historical_partial_2010_2022,4,2018:（新课标ⅲ）;2019:（新课标Ⅱ）;2019:（新课标Ⅲ）;2020:（新课标Ⅱ）
core,core**,selective_required,,ipa-dict(en_US/CMUdict),corroborated,ECDICT,ECDICT,historical_partial_2010_2022,1,2017:（新课标ⅱ）
corn,corn,junior,904,ipa-dict(en_US/CMUdict),corroborated,ECDICT,teacher_pdf_gloss,historical_partial_2010_2022,1,2018:（新课标ⅱ）
corner,corner,junior,905,ipa-dict(en_US/CMUdict),corroborated,ECDICT,teacher_pdf_gloss,historical_partial_2010_2022,2,2010:（新课标Ⅰ）;2013:（新课标ii）
corporate,corporate**,selective_required,,ipa-dict(en_US/CMUdict),corroborated,ECDICT,ECDICT,historical_partial_2010_2022,0,
corporation,,extension,906,ipa-dict(en_US/CMUdict),corroborated,ECDICT,teacher_pdf_gloss,historical_partial_2010_2022,1,2017:（新课标Ⅰ）
correct,correct,junior,907,ipa-dict(en_US/CMUdict),corroborated,ECDICT,teacher_pdf_gloss,historical_partial_2010_2022,5,2010:（新课标Ⅱ）;2011:（新课标）;2014:（新课标Ⅰ）;2022:（全国乙卷）;2022:（全国甲卷）
correspond,correspond**,selective_required,,ipa-dict(en_US/CMUdict),corroborated,ECDICT,ECDICT,historical_partial_2010_2022,0,
cost,cost,junior,,ipa-dict(en_US/CMUdict),corroborated,ECDICT,ECDICT,historical_partial_2010_2022,15,2010:（新课标Ⅱ）;2011:（新课标）;2013:（新课标ii）;2013:（新课标Ⅰ）;2014:（新课标Ⅰ）;2015:（新课标ⅱ）;2016:（新课标ⅱ）;2017:（新课标Ⅰ）;2017:（新课标ⅱ）;2018:（新课标Ⅰ）;2018:（新课标ⅱ）;2019:（新课标Ⅰ）;2020:（新课标Ⅲ）;2022:（全国乙卷）;2022:（全国甲卷）
costume,costume**,selective_required,,ipa-dict(en_US/CMUdict),corroborated,ECDICT,ECDICT,historical_partial_2010_2022,1,2015:（新课标ⅱ）
cottage,cottage**,selective_required,913,ipa-dict(en_US/CMUdict),corroborated,ECDICT,teacher_pdf_gloss,historical_partial_2010_2022,1,2020:（新课标Ⅱ）
cotton,cotton**,selective_required,914,ipa-dict(en_US/CMUdict),corroborated,ECDICT,teacher_pdf_gloss,historical_partial_2010_2022,1,2013:（新课标ii）
cough,cough,junior,915,ipa-dict(en_US/CMUdict),corroborated,ECDICT,teacher_pdf_gloss,historical_partial_2010_2022,1,2013:（新课标Ⅰ）
could,could,junior,,ipa-dict(en_US/CMUdict),corroborated,curated_modal_verbs,ECDICT,historical_partial_2010_2022,27,2010:（新课标Ⅰ）;2010:（新课标Ⅱ）;2011:（全国卷ii）;2011:（新课标）;2012:（新课标）;2013:（新课标ii）;2013:（新课标Ⅰ）;2014:（新课标Ⅰ）;2015:（新课标Ⅰ）;2015:（新课标ⅱ）;2016:（新课标Ⅰ）;2016:（新课标ⅱ）;2016:（新课标ⅲ）;2017:（新课标Ⅰ）;2017:（新课标ⅲ）;2018:（新课标Ⅰ）;2018:（新课标ⅱ）;2018:（新课标ⅲ）;2019:（新课标Ⅰ）;2019:（新课标Ⅱ）;2019:（新课标Ⅲ）;2020:（新课标Ⅰ）;2020:（新课标Ⅱ）;2020:（新课标Ⅲ）;2021:（新课标Ⅰ）;2022:（全国乙卷）;2022:（全国甲卷）
council,council**,selective_required,,ipa-dict(en_US/CMUdict),corroborated,ECDICT,ECDICT,historical_partial_2010_2022,1,2011:（新课标）
count,count,junior,917,ipa-dict(en_US/CMUdict),corroborated,ECDICT,teacher_pdf_gloss,historical_partial_2010_2022,5,2011:（新课标）;2017:（新课标Ⅰ）;2018:（新课标ⅱ）;2019:（新课标Ⅰ）;2019:（新课标Ⅱ）
counter,,extension,918,ipa-dict(en_US/CMUdict),corroborated,ECDICT,teacher_pdf_gloss,historical_partial_2010_2022,1,2019:（新课标Ⅱ）
country,country,junior,919,ipa-dict(en_US/CMUdict),corroborated,ECDICT,teacher_pdf_gloss,historical_partial_2010_2022,17,2010:（新课标Ⅰ）;2010:（新课标Ⅱ）;2011:（全国卷ii）;2011:（新课标）;2012:（新课标）;2013:（新课标ii）;2014:（新课标Ⅰ）;2014:（新课标ⅱ）;2016:（新课标ⅱ）;2017:（新课标ⅲ）;2018:（新课标ⅱ）;2019:（新课标Ⅰ）;2020:（新课标Ⅰ）;2020:（新课标Ⅱ）;2020:（新课标Ⅲ）;2022:（全国乙卷）;2022:（全国甲卷）
countryside,countryside,junior,920,ipa-dict(en_US/CMUdict),corroborated,ECDICT,teacher_pdf_gloss,historical_partial_2010_2022,4,2011:（新课标）;2015:（新课标Ⅰ）;2018:（新课标Ⅰ）;2020:（新课标Ⅲ）
county,county*,required,,ipa-dict(en_US/CMUdict),corroborated,ECDICT,ECDICT,historical_partial_2010_2022,3,2010:（新课标Ⅰ）;2014:（新课标Ⅰ）;2022:（全国甲卷）
couple,couple,junior,921,ipa-dict(en_US/CMUdict),corroborated,ECDICT,teacher_pdf_gloss,historical_partial_2010_2022,7,2012:（新课标）;2013:（新课标Ⅰ）;2016:（新课标ⅲ）;2018:（新课标ⅲ）;2019:（新课标Ⅱ）;2021:（解析版）;2022:（全国乙卷）
courage,courage,junior,922,ipa-dict(en_US/CMUdict),corroborated,ECDICT,teacher_pdf_gloss,historical_partial_2010_2022,2,2014:（新课标Ⅰ）;2021:（新课标Ⅰ）
course,course,junior,923,ipa-dict(en_US/CMUdict),corroborated,ECDICT,teacher_pdf_gloss,historical_partial_2010_2022,11,2010:（新课标Ⅱ）;2011:（新课标）;2012:（新课标）;2013:（新课标ii）;2013:（新课标Ⅰ）;2015:（新课标ⅱ）;2017:（新课标Ⅰ）;2017:（新课标ⅲ）;2018:（新课标Ⅰ）;2019:（新课标Ⅲ）;2022:（全国乙卷）
court,court*,required,924,ipa-dict(en_US/CMUdict),corroborated,ECDICT,teacher_pdf_gloss,historical_partial_2010_2022,2,2015:（新课标ⅱ）;2016:（新课标Ⅰ）
cousin,cousin,junior,926,ipa-dict(en_US/CMUdict),corroborated,ECDICT,teacher_pdf_gloss,historical_partial_2010_2022,1,2011:（全国卷ii）
cover,cover,junior,927,ipa-dict(en_US/CMUdict),corroborated,ECDICT,teacher_pdf_gloss,historical_partial_2010_2022,12,2010:（新课标Ⅱ）;2011:（全国卷ii）;2012:（新课标）;2013:（新课标Ⅰ）;2016:（新课标ⅲ）;2017:（新课标Ⅰ）;2018:（新课标ⅲ）;2019:（新课标Ⅰ）;2020:（新课标Ⅱ）;2021:（解析版）;2022:（全国乙卷）;2022:（全国甲卷）
coverage,coverage**,selective_required,,ipa-dict(en_US/CMUdict),corroborated,ECDICT,ECDICT,historical_partial_2010_2022,0,
cow,cow,junior,928,ipa-dict(en_US/CMUdict),corroborated,ECDICT,teacher_pdf_gloss,historical_partial_2010_2022,1,2010:（新课标Ⅰ）
crash,crash*,required,931,ipa-dict(en_US/CMUdict),corroborated,ECDICT,teacher_pdf_gloss,historical_partial_2010_2022,4,2016:（新课标Ⅰ）;2017:（新课标ⅱ）;2020:（新课标Ⅱ）;2021:（解析版）
crayon,crayon,junior,932,ipa-dict(en_US/CMUdict),corroborated,ECDICT,teacher_pdf_gloss,historical_partial_2010_2022,0,
crazy,crazy,junior,933,ipa-dict(en_US/CMUdict),corroborated,ECDICT,teacher_pdf_gloss,historical_partial_2010_2022,7,2013:（新课标ii）;2014:（新课标Ⅰ）;2016:（新课标ⅲ）;2019:（新课标Ⅰ）;2020:（新课标Ⅰ）;2020:（新课标Ⅱ）;2021:（新课标Ⅰ）
cream,cream**,selective_required,934,ipa-dict(en_US/CMUdict),corroborated,ECDICT,teacher_pdf_gloss,historical_partial_2010_2022,3,2010:（新课标Ⅰ）;2017:（新课标ⅲ）;2018:（新课标ⅱ）
create,create,junior,935,ipa-dict(en_US/CMUdict),corroborated,ECDICT,teacher_pdf_gloss,historical_partial_2010_2022,13,2014:（新课标Ⅰ）;2015:（新课标Ⅰ）;2016:（新课标Ⅰ）;2016:（新课标ⅲ）;2017:（新课标Ⅰ）;2017:（新课标ⅱ）;2018:（新课标Ⅰ）;2018:（新课标ⅱ）;2018:（新课标ⅲ）;2019:（新课标Ⅰ）;2019:（新课标Ⅲ）;2020:（新课标Ⅰ）;2020:（新课标Ⅲ）
creative,creative*,required,,ipa-dict(en_US/CMUdict),corroborated,ECDICT,ECDICT,historical_partial_2010_2022,8,2016:（新课标Ⅰ）;2016:（新课标ⅱ）;2019:（新课标Ⅲ）;2020:（新课标Ⅲ）;2021:（新课标Ⅰ）;2021:（解析版）;2022:（全国乙卷）;2022:（全国甲卷）
creature,creature**,selective_required,936,ipa-dict(en_US/CMUdict),corroborated,ECDICT,teacher_pdf_gloss,historical_partial_2010_2022,5,2017:（新课标Ⅰ）;2020:（新课标Ⅲ）;2021:（解析版）;2022:（全国乙卷）;2022:（全国甲卷）
credit,credit*,required,937,ipa-dict(en_US/CMUdict),corroborated,ECDICT,teacher_pdf_gloss,historical_partial_2010_2022,4,2013:（新课标Ⅰ）;2014:（新课标Ⅰ）;2018:（新课标Ⅰ）;2022:（全国甲卷）
crew,crew**,selective_required,940,ipa-dict(en_US/CMUdict),corroborated,ECDICT,teacher_pdf_gloss,historical_partial_2010_2022,3,2013:（新课标ii）;2016:（新课标ⅱ）;2022:（全国乙卷）
crime,crime**,selective_required,938,ipa-dict(en_US/CMUdict),corroborated,ECDICT,teacher_pdf_gloss,historical_partial_2010_2022,1,2020:（新课标Ⅰ）
criminal,,extension,939,ipa-dict(en_US/CMUdict),corroborated,ECDICT,teacher_pdf_gloss,historical_partial_2010_2022,0,
crisis,crisis**,selective_required,,ipa-dict(en_US/CMUdict),corroborated,ECDICT,ECDICT,historical_partial_2010_2022,0,
criterion,criterion (pl. criteria)**,selective_required,941,ipa-dict(en_US/CMUdict),corroborated,ECDICT,teacher_pdf_gloss,historical_partial_2010_2022,1,2018:（新课标Ⅰ）
critical,critical**,selective_required,,ipa-dict(en_US/CMUdict),corroborated,ECDICT,ECDICT,historical_partial_2010_2022,0,
criticize,criticise (criticize)**,selective_required,,ipa-dict(en_US/CMUdict),corroborated,ECDICT,ECDICT,historical_partial_2010_2022,0,
crop,crop**,selective_required,943,ipa-dict(en_US/CMUdict),corroborated,ECDICT,teacher_pdf_gloss,historical_partial_2010_2022,2,2014:（新课标Ⅰ）;2018:（新课标ⅱ）
cross,cross,junior,,ipa-dict(en_US/CMUdict),corroborated,ECDICT,ECDICT,historical_partial_2010_2022,6,2013:（新课标ii）;2013:（新课标Ⅰ）;2016:（新课标ⅲ）;2018:（新课标ⅱ）;2020:（新课标Ⅱ）;2022:（全国甲卷）
crowd,crowd*,required,947,ipa-dict(en_US/CMUdict),corroborated,ECDICT,teacher_pdf_gloss,historical_partial_2010_2022,9,2010:（新课标Ⅰ）;2014:（新课标ⅱ）;2015:（新课标Ⅰ）;2015:（新课标ⅱ）;2016:（新课标Ⅰ）;2016:（新课标ⅱ）;2017:（新课标ⅱ）;2018:（新课标ⅲ）;2019:（新课标Ⅰ）
crucial,crucial**,selective_required,,ipa-dict(en_US/CMUdict),corroborated,ECDICT,ECDICT,historical_partial_2010_2022,0,
cruel,cruel**,selective_required,949,ipa-dict(en_US/CMUdict),corroborated,ECDICT,teacher_pdf_gloss,historical_partial_2010_2022,2,2011:（新课标）;2019:（新课标Ⅱ）
cry,cry,junior,950,ipa-dict(en_US/CMUdict),corroborated,ECDICT,teacher_pdf_gloss,historical_partial_2010_2022,6,2012:（新课标）;2013:（新课标ii）;2014:（新课标Ⅰ）;2015:（新课标ⅱ）;2016:（新课标ⅲ）;2017:（新课标ⅱ）
cuisine,cuisine**,selective_required,953,ipa-dict(en_US/CMUdict),corroborated,ECDICT,teacher_pdf_gloss,historical_partial_2010_2022,0,
culture,culture,junior,954,ipa-dict(en_US/CMUdict),corroborated,ECDICT,teacher_pdf_gloss,historical_partial_2010_2022,14,2011:（全国卷ii）;2012:（新课标）;2014:（新课标Ⅰ）;2014:（新课标ⅱ）;2016:（新课标Ⅰ）;2016:（新课标ⅲ）;2017:（新课标Ⅰ）;2018:（新课标Ⅰ）;2018:（新课标ⅲ）;2019:（新课标Ⅰ）;2019:（新课标Ⅲ）;2020:（新课标Ⅱ）;2022:（全国乙卷）;2022:（全国甲卷）
cup,cup,junior,955,ipa-dict(en_US/CMUdict),corroborated,ECDICT,teacher_pdf_gloss,historical_partial_2010_2022,6,2010:（新课标Ⅰ）;2011:（新课标）;2013:（新课标ii）;2017:（新课标Ⅰ）;2017:（新课标ⅲ）;2021:（新课标Ⅰ）
cupboard,cupboard**,selective_required,956,ipa-dict(en_US/CMUdict),corroborated,ECDICT,teacher_pdf_gloss,historical_partial_2010_2022,0,
cure,cure*,required,957,ipa-dict(en_US/CMUdict),corroborated,ECDICT,teacher_pdf_gloss,historical_partial_2010_2022,6,2013:（新课标Ⅰ）;2015:（新课标Ⅰ）;2016:（新课标ⅲ）;2017:（新课标Ⅰ）;2017:（新课标ⅲ）;2019:（新课标Ⅱ）
curious,curious*,required,958,ipa-dict(en_US/CMUdict),corroborated,ECDICT,teacher_pdf_gloss,historical_partial_2010_2022,7,2012:（新课标）;2013:（新课标ii）;2013:（新课标Ⅰ）;2014:（新课标Ⅰ）;2015:（新课标Ⅰ）;2015:（新课标ⅱ）;2020:（新课标Ⅲ）
currency,,extension,959,ipa-dict(en_US/CMUdict),corroborated,ECDICT,teacher_pdf_gloss,historical_partial_2010_2022,1,2020:（新课标Ⅰ）
current,current*,required,,ipa-dict(en_US/CMUdict),corroborated,ECDICT,ECDICT,historical_partial_2010_2022,0,
curriculum,,extension,960,ipa-dict(en_US/CMUdict),corroborated,ECDICT,teacher_pdf_gloss,historical_partial_2010_2022,0,
curtain,curtain**,selective_required,961,ipa-dict(en_US/CMUdict),corroborated,ECDICT,teacher_pdf_gloss,historical_partial_2010_2022,4,2015:（新课标ⅱ）;2017:（新课标Ⅰ）;2020:（新课标Ⅲ）;2021:（解析版）
custom,custom*,required,963,ipa-dict(en_US/CMUdict),corroborated,ECDICT,teacher_pdf_gloss,historical_partial_2010_2022,1,2013:（新课标ii）
customer,customer,junior,964,ipa-dict(en_US/CMUdict),corroborated,ECDICT,teacher_pdf_gloss,historical_partial_2010_2022,13,2010:（新课标Ⅰ）;2010:（新课标Ⅱ）;2011:（新课标）;2013:（新课标Ⅰ）;2014:（新课标ⅱ）;2015:（新课标Ⅰ）;2016:（新课标Ⅰ）;2016:（新课标ⅲ）;2019:（新课标Ⅱ）;2019:（新课标Ⅲ）;2020:（新课标Ⅰ）;2020:（新课标Ⅲ）;2022:（全国乙卷）
cut,cut,junior,,ipa-dict(en_US/CMUdict),corroborated,ECDICT,ECDICT,historical_partial_2010_2022,9,2014:（新课标ⅱ）;2016:（新课标ⅲ）;2017:（新课标ⅱ）;2018:（新课标Ⅰ）;2019:（新课标Ⅰ）;2020:（新课标Ⅰ）;2020:（新课标Ⅲ）;2021:（解析版）;2022:（全国乙卷）
cute,cute,junior,,ipa-dict(en_US/CMUdict),corroborated,ECDICT,ECDICT,historical_partial_2010_2022,1,2016:（新课标Ⅰ）
cycle,cycle**,selective_required,967,ipa-dict(en_US/CMUdict),corroborated,ECDICT,teacher_pdf_gloss,historical_partial_2010_2022,3,2015:（新课标ⅱ）;2018:（新课标Ⅰ）;2022:（全国乙卷）
daily,daily,junior,971,ipa-dict(en_US/CMUdict),corroborated,ECDICT,teacher_pdf_gloss,historical_partial_2010_2022,8,2014:（新课标ⅱ）;2016:（新课标ⅱ）;2016:（新课标ⅲ）;2017:（新课标Ⅰ）;2018:（新课标Ⅰ）;2019:（新课标Ⅱ）;2020:（新课标Ⅱ）;2021:（新课标Ⅰ）
dam,,extension,972,ipa-dict(en_US/CMUdict),corroborated,ECDICT,teacher_pdf_gloss,historical_partial_2010_2022,0,
damage,damage**,selective_required,973,ipa-dict(en_US/CMUdict),corroborated,ECDICT,teacher_pdf_gloss,historical_partial_2010_2022,12,2011:（新课标）;2014:（新课标Ⅰ）;2014:（新课标ⅱ）;2016:（新课标ⅱ）;2016:（新课标ⅲ）;2017:（新课标ⅱ）;2017:（新课标ⅲ）;2019:（新课标Ⅰ）;2019:（新课标Ⅱ）;2020:（新课标Ⅰ）;2020:（新课标Ⅱ）;2021:（解析版）
damp,damp**,selective_required,974,ipa-dict(en_US/CMUdict),corroborated,ECDICT,teacher_pdf_gloss,historical_partial_2010_2022,1,2017:（新课标Ⅰ）
dance,dance,junior,975,ipa-dict(en_US/CMUdict),corroborated,ECDICT,teacher_pdf_gloss,historical_partial_2010_2022,7,2010:（新课标Ⅰ）;2011:（全国卷ii）;2011:（新课标）;2013:（新课标ii）;2017:（新课标Ⅰ）;2018:（新课标ⅲ）;2022:（全国甲卷）
danger,danger,junior,976,ipa-dict(en_US/CMUdict),corroborated,ECDICT,teacher_pdf_gloss,historical_partial_2010_2022,5,2011:（全国卷ii）;2013:（新课标ii）;2016:（新课标Ⅰ）;2020:（新课标Ⅰ）;2022:（全国乙卷）
dangerous,dangerous,junior,977,ipa-dict(en_US/CMUdict),corroborated,ECDICT,teacher_pdf_gloss,historical_partial_2010_2022,3,2011:（全国卷ii）;2019:（新课标Ⅰ）;2022:（全国乙卷）
dare,dare**,selective_required,978,ipa-dict(en_US/CMUdict),corroborated,ECDICT,teacher_pdf_gloss,historical_partial_2010_2022,3,2014:（新课标Ⅰ）;2017:（新课标ⅱ）;2019:（新课标Ⅲ）
dark,dark,junior,979,ipa-dict(en_US/CMUdict),corroborated,ECDICT,teacher_pdf_gloss,historical_partial_2010_2022,6,2014:（新课标ⅱ）;2015:（新课标Ⅰ）;2015:（新课标ⅱ）;2017:（新课标ⅱ）;2019:（新课标Ⅰ）;2019:（新课标Ⅱ）
darkness,,extension,980,ipa-dict(en_US/CMUdict),corroborated,ECDICT,teacher_pdf_gloss,historical_partial_2010_2022,0,
data,data*,required,982,ipa-dict(en_US/CMUdict),corroborated,teacher_pdf,teacher_pdf_gloss,historical_partial_2010_2022,8,2017:（新课标ⅱ）;2018:（新课标Ⅰ）;2018:（新课标ⅱ）;2019:（新课标Ⅰ）;2019:（新课标Ⅱ）;2020:（新课标Ⅰ）;2021:（新课标Ⅰ）;2022:（全国乙卷）
database,database**,selective_required,983,ipa-dict(en_US/CMUdict),corroborated,ECDICT,teacher_pdf_gloss,historical_partial_2010_2022,0,
date,date,junior,984,ipa-dict(en_US/CMUdict),corroborated,ECDICT,teacher_pdf_gloss,historical_partial_2010_2022,5,2015:（新课标ⅱ）;2017:（新课标ⅱ）;2017:（新课标ⅲ）;2022:（全国乙卷）;2022:（全国甲卷）
daughter,daughter,junior,985,ipa-dict(en_US/CMUdict),corroborated,ECDICT,teacher_pdf_gloss,historical_partial_2010_2022,7,2010:（新课标Ⅰ）;2012:（新课标）;2014:（新课标ⅱ）;2015:（新课标ⅱ）;2016:（新课标Ⅰ）;2018:（新课标ⅲ）;2020:（新课标Ⅲ）
dawn,,extension,986,ipa-dict(en_US/CMUdict),corroborated,ECDICT,teacher_pdf_gloss,historical_partial_2010_2022,1,2015:（新课标Ⅰ）
day,day,junior,987,ipa-dict(en_US/CMUdict),corroborated,ECDICT,teacher_pdf_gloss,historical_partial_2010_2022,30,2010:（新课标Ⅰ）;2010:（新课标Ⅱ）;2011:（全国卷ii）;2011:（新课标）;2012:（新课标）;2013:（新课标ii）;2013:（新课标Ⅰ）;2014:（新课标Ⅰ）;2014:（新课标ⅱ）;2015:（新课标Ⅰ）;2015:（新课标ⅱ）;2016:（新课标Ⅰ）;2016:（新课标ⅱ）;2016:（新课标ⅲ）;2017:（新课标Ⅰ）;2017:（新课标ⅱ）;2017:（新课标ⅲ）;2018:（新课标Ⅰ）;2018:（新课标ⅱ）;2018:（新课标ⅲ）;2019:（新课标Ⅰ）;2019:（新课标Ⅱ）;2019:（新课标Ⅲ）;2020:（新课标Ⅰ）;2020:（新课标Ⅱ）;2020:（新课标Ⅲ）;2021:（新课标Ⅰ）;2021:（解析版）;2022:（全国乙卷）;2022:（全国甲卷）
dead,dead,junior,989,ipa-dict(en_US/CMUdict),corroborated,ECDICT,teacher_pdf_gloss,historical_partial_2010_2022,2,2014:（新课标ⅱ）;2021:（解析版）
deadline,deadline**,selective_required,990,ipa-dict(en_US/CMUdict),corroborated,ECDICT,teacher_pdf_gloss,historical_partial_2010_2022,2,2019:（新课标Ⅰ）;2019:（新课标Ⅲ）
deaf,deaf,junior,991,ipa-dict(en_US/CMUdict),corroborated,ECDICT,teacher_pdf_gloss,historical_partial_2010_2022,2,2017:（新课标Ⅰ）;2017:（新课标ⅱ）
deal,deal,junior,992,ipa-dict(en_US/CMUdict),corroborated,ECDICT,teacher_pdf_gloss,historical_partial_2010_2022,13,2010:（新课标Ⅰ）;2011:（全国卷ii）;2011:（新课标）;2012:（新课标）;2013:（新课标Ⅰ）;2015:（新课标Ⅰ）;2016:（新课标Ⅰ）;2017:（新课标ⅱ）;2017:（新课标ⅲ）;2018:（新课标ⅱ）;2020:（新课标Ⅱ）;2021:（解析版）;2022:（全国甲卷）
dear,dear,junior,993,ipa-dict(en_US/CMUdict),corroborated,ECDICT,teacher_pdf_gloss,historical_partial_2010_2022,4,2010:（新课标Ⅰ）;2011:（全国卷ii）;2012:（新课标）;2014:（新课标ⅱ）
death,death*,required,994,ipa-dict(en_US/CMUdict),corroborated,ECDICT,teacher_pdf_gloss,historical_partial_2010_2022,3,2012:（新课标）;2018:（新课标Ⅰ）;2018:（新课标ⅲ）
debate,debate**,selective_required,995,ipa-dict(en_US/CMUdict),corroborated,ECDICT,teacher_pdf_gloss,historical_partial_2010_2022,3,2014:（新课标Ⅰ）;2017:（新课标ⅲ）;2020:（新课标Ⅱ）
debt,debt**,selective_required,996,ipa-dict(en_US/CMUdict),corroborated,ECDICT,teacher_pdf_gloss,historical_partial_2010_2022,2,2015:（新课标ⅱ）;2020:（新课标Ⅰ）
decade,decade**,selective_required,997,ipa-dict(en_US/CMUdict),corroborated,ECDICT,teacher_pdf_gloss,historical_partial_2010_2022,5,2013:（新课标Ⅰ）;2014:（新课标Ⅰ）;2018:（新课标Ⅰ）;2018:（新课标ⅱ）;2020:（新课标Ⅱ）
december,December,junior,998,ipa-dict(en_US/CMUdict),corroborated,ECDICT,teacher_pdf_gloss,historical_partial_2010_2022,7,2010:（新课标Ⅰ）;2011:（新课标）;2015:（新课标Ⅰ）;2016:（新课标Ⅰ）;2017:（新课标ⅲ）;2019:（新课标Ⅰ）;2022:（全国乙卷）
decent,decent**,selective_required,,ipa-dict(en_US/CMUdict),corroborated,ECDICT,ECDICT,historical_partial_2010_2022,0,
decide,decide,junior,999,ipa-dict(en_US/CMUdict),corroborated,ECDICT,teacher_pdf_gloss,historical_partial_2010_2022,19,2010:（新课标Ⅰ）;2010:（新课标Ⅱ）;2011:（全国卷ii）;2013:（新课标ii）;2013:（新课标Ⅰ）;2014:（新课标ⅱ）;2016:（新课标Ⅰ）;2016:（新课标ⅲ）;2017:（新课标Ⅰ）;2017:（新课标ⅱ）;2017:（新课标ⅲ）;2018:（新课标ⅲ）;2019:（新课标Ⅰ）;2019:（新课标Ⅱ）;2020:（新课标Ⅰ）;2020:（新课标Ⅱ）;2020:（新课标Ⅲ）;2021:（解析版）;2022:（全国甲卷）
decision,decision,junior,1000,ipa-dict(en_US/CMUdict),corroborated,ECDICT,teacher_pdf_gloss,historical_partial_2010_2022,10,2011:（新课标）;2014:（新课标Ⅰ）;2014:（新课标ⅱ）;2015:（新课标Ⅰ）;2016:（新课标Ⅰ）;2016:（新课标ⅲ）;2017:（新课标ⅱ）;2018:（新课标Ⅰ）;2019:（新课标Ⅱ）;2022:（全国乙卷）
declare,declare*,required,1001,ipa-dict(en_US/CMUdict),corroborated,ECDICT,teacher_pdf_gloss,historical_partial_2010_2022,4,2014:（新课标Ⅰ）;2015:（新课标Ⅰ）;2016:（新课标ⅱ）;2019:（新课标Ⅱ）
decline,decline**,selective_required,1002,ipa-dict(en_US/CMUdict),corroborated,ECDICT,teacher_pdf_gloss,historical_partial_2010_2022,4,2014:（新课标Ⅰ）;2017:（新课标ⅲ）;2018:（新课标ⅱ）;2019:（新课标Ⅰ）
decorate,decorate*,required,1003,ipa-dict(en_US/CMUdict),corroborated,ECDICT,teacher_pdf_gloss,historical_partial_2010_2022,4,2017:（新课标ⅱ）;2020:（新课标Ⅰ）;2020:（新课标Ⅱ）;2020:（新课标Ⅲ）
decoration,,extension,1004,ipa-dict(en_US/CMUdict),corroborated,ECDICT,teacher_pdf_gloss,historical_partial_2010_2022,2,2018:（新课标ⅱ）;2020:（新课标Ⅱ）
decrease,decrease**,selective_required,1005,ipa-dict(en_US/CMUdict),corroborated,ECDICT,teacher_pdf_gloss,historical_partial_2010_2022,1,2018:（新课标ⅱ）
deduce,,extension,,curated_homograph_override,curated,ECDICT,curated_override,historical_partial_2010_2022,0,
deep,deep,junior,1007,ipa-dict(en_US/CMUdict),corroborated,ECDICT,teacher_pdf_gloss,historical_partial_2010_2022,10,2012:（新课标）;2013:（新课标Ⅰ）;2017:（新课标Ⅰ）;2017:（新课标ⅱ）;2017:（新课标ⅲ）;2018:（新课标ⅱ）;2018:（新课标ⅲ）;2019:（新课标Ⅱ）;2020:（新课标Ⅰ）;2022:（全国甲卷）
deeply,,extension,1008,ipa-dict(en_US/CMUdict),corroborated,ECDICT,teacher_pdf_gloss,historical_partial_2010_2022,4,2014:（新课标Ⅰ）;2018:（新课标ⅱ）;2019:（新课标Ⅰ）;2020:（新课标Ⅲ）
deer,deer*,required,1009,ipa-dict(en_US/CMUdict),corroborated,ECDICT,teacher_pdf_gloss,historical_partial_2010_2022,1,2017:（新课标ⅲ）
defeat,defeat**,selective_required,1010,ipa-dict(en_US/CMUdict),corroborated,ECDICT,teacher_pdf_gloss,historical_partial_2010_2022,3,2015:（新课标ⅱ）;2016:（新课标ⅲ）;2018:（新课标ⅲ）
defence,defence (defense)*,required,1011,ipa-dict(en_US/CMUdict),corroborated,ECDICT,teacher_pdf_gloss,historical_partial_2010_2022,0,
defend,defend**,selective_required,1012,ipa-dict(en_US/CMUdict),corroborated,ECDICT,teacher_pdf_gloss,historical_partial_2010_2022,0,
definitely,definitely*,required,,ipa-dict(en_US/CMUdict),corroborated,ECDICT,ECDICT,historical_partial_2010_2022,0,
definition,definition**,selective_required,,ipa-dict(en_US/CMUdict),corroborated,ECDICT,ECDICT,historical_partial_2010_2022,0,
degree,degree,junior,1013,ipa-dict(en_US/CMUdict),corroborated,ECDICT,teacher_pdf_gloss,historical_partial_2010_2022,5,2015:（新课标ⅱ）;2017:（新课标ⅲ）;2020:（新课标Ⅰ）;2022:（全国乙卷）;2022:（全国甲卷）
delay,delay**,selective_required,1014,ipa-dict(en_US/CMUdict),corroborated,ECDICT,teacher_pdf_gloss,historical_partial_2010_2022,5,2011:（新课标）;2013:（新课标ii）;2013:（新课标Ⅰ）;2020:（新课标Ⅰ）;2020:（新课标Ⅱ）
delete,delete**,selective_required,1015,ipa-dict(en_US/CMUdict),corroborated,ECDICT,teacher_pdf_gloss,historical_partial_2010_2022,0,
deliberately,,extension,1016,ipa-dict(en_US/CMUdict),corroborated,ECDICT,teacher_pdf_gloss,historical_partial_2010_2022,1,2021:（解析版）
delicate,delicate**,selective_required,1017,ipa-dict(en_US/CMUdict),corroborated,ECDICT,teacher_pdf_gloss,historical_partial_2010_2022,1,2017:（新课标Ⅰ）
delicious,delicious,junior,1018,ipa-dict(en_US/CMUdict),corroborated,ECDICT,teacher_pdf_gloss,historical_partial_2010_2022,7,2012:（新课标）;2016:（新课标ⅲ）;2017:（新课标ⅲ）;2018:（新课标Ⅰ）;2018:（新课标ⅱ）;2021:（新课标Ⅰ）;2021:（解析版）
delight,,extension,1019,ipa-dict(en_US/CMUdict),corroborated,ECDICT,teacher_pdf_gloss,historical_partial_2010_2022,4,2010:（新课标Ⅰ）;2018:（新课标ⅱ）;2021:（新课标Ⅰ）;2022:（全国甲卷）
delighted,,extension,1020,ipa-dict(en_US/CMUdict),corroborated,ECDICT,teacher_pdf_gloss,historical_partial_2010_2022,4,2015:（新课标Ⅰ）;2016:（新课标ⅱ）;2020:（新课标Ⅲ）;2021:（解析版）
deliver,deliver*,required,1021,ipa-dict(en_US/CMUdict),corroborated,ECDICT,teacher_pdf_gloss,historical_partial_2010_2022,6,2010:（新课标Ⅰ）;2011:（全国卷ii）;2011:（新课标）;2014:（新课标ⅱ）;2016:（新课标Ⅰ）;2018:（新课标ⅲ）
demand,demand**,selective_required,1022,ipa-dict(en_US/CMUdict),corroborated,ECDICT,teacher_pdf_gloss,historical_partial_2010_2022,8,2014:（新课标ⅱ）;2015:（新课标Ⅰ）;2018:（新课标Ⅰ）;2019:（新课标Ⅰ）;2019:（新课标Ⅱ）;2020:（新课标Ⅰ）;2021:（新课标Ⅰ）;2022:（全国乙卷）
demonstrate,demonstrate**,selective_required,,ipa-dict(en_US/CMUdict),corroborated,ECDICT,ECDICT,historical_partial_2010_2022,0,
dentist,dentist**,selective_required,1023,ipa-dict(en_US/CMUdict),corroborated,ECDICT,teacher_pdf_gloss,historical_partial_2010_2022,0,
deny,deny**,selective_required,,ipa-dict(en_US/CMUdict),corroborated,ECDICT,ECDICT,historical_partial_2010_2022,0,
department,department**,selective_required,1024,ipa-dict(en_US/CMUdict),corroborated,ECDICT,teacher_pdf_gloss,historical_partial_2010_2022,6,2011:（全国卷ii）;2013:（新课标ii）;2013:（新课标Ⅰ）;2017:（新课标Ⅰ）;2018:（新课标Ⅰ）;2018:（新课标ⅲ）
departure,departure**,selective_required,1027,ipa-dict(en_US/CMUdict),corroborated,ECDICT,teacher_pdf_gloss,historical_partial_2010_2022,0,
depend,depend,junior,1028,ipa-dict(en_US/CMUdict),corroborated,ECDICT,teacher_pdf_gloss,historical_partial_2010_2022,8,2013:（新课标ii）;2015:（新课标ⅱ）;2018:（新课标ⅱ）;2018:（新课标ⅲ）;2019:（新课标Ⅰ）;2019:（新课标Ⅱ）;2021:（解析版）;2022:（全国乙卷）
deposit,,extension,1029,ipa-dict(en_US/CMUdict),corroborated,ECDICT,teacher_pdf_gloss,historical_partial_2010_2022,2,2017:（新课标ⅱ）;2017:（新课标ⅲ）
depress,depress**,selective_required,,ipa-dict(en_US/CMUdict),corroborated,ECDICT,ECDICT,historical_partial_2010_2022,0,
depth,depth**,selective_required,1030,ipa-dict(en_US/CMUdict),corroborated,ECDICT,teacher_pdf_gloss,historical_partial_2010_2022,2,2013:（新课标Ⅰ）;2019:（新课标Ⅱ）
describe,describe,junior,1031,ipa-dict(en_US/CMUdict),corroborated,ECDICT,teacher_pdf_gloss,historical_partial_2010_2022,14,2010:（新课标Ⅱ）;2011:（全国卷ii）;2011:（新课标）;2013:（新课标Ⅰ）;2014:（新课标Ⅰ）;2015:（新课标Ⅰ）;2016:（新课标ⅱ）;2018:（新课标Ⅰ）;2018:（新课标ⅱ）;2019:（新课标Ⅰ）;2019:（新课标Ⅲ）;2020:（新课标Ⅰ）;2020:（新课标Ⅱ）;2021:（解析版）
description,description*,required,1032,ipa-dict(en_US/CMUdict),corroborated,ECDICT,teacher_pdf_gloss,historical_partial_2010_2022,4,2010:（新课标Ⅱ）;2013:（新课标Ⅰ）;2018:（新课标ⅱ）;2022:（全国乙卷）
desert,desert*,required,1033,ipa-dict(en_US/CMUdict),corroborated,ECDICT,curated_override,historical_partial_2010_2022,1,2019:（新课标Ⅰ）
deserve,deserve**,selective_required,1034,ipa-dict(en_US/CMUdict),corroborated,ECDICT,teacher_pdf_gloss,historical_partial_2010_2022,2,2019:（新课标Ⅰ）;2021:（解析版）
design,design*,required,1035,ipa-dict(en_US/CMUdict),corroborated,ECDICT,teacher_pdf_gloss,historical_partial_2010_2022,19,2010:（新课标Ⅰ）;2010:（新课标Ⅱ）;2011:（新课标）;2012:（新课标）;2014:（新课标Ⅰ）;2014:（新课标ⅱ）;2015:（新课标ⅱ）;2016:（新课标ⅱ）;2016:（新课标ⅲ）;2017:（新课标ⅱ）;2017:（新课标ⅲ）;2018:（新课标Ⅰ）;2018:（新课标ⅱ）;2018:（新课标ⅲ）;2019:（新课标Ⅱ）;2019:（新课标Ⅲ）;2020:（新课标Ⅱ）;2021:（新课标Ⅰ）;2022:（全国乙卷）
desire,desire*,required,1036,ipa-dict(en_US/CMUdict),corroborated,ECDICT,teacher_pdf_gloss,historical_partial_2010_2022,8,2015:（新课标Ⅰ）;2016:（新课标ⅲ）;2018:（新课标Ⅰ）;2019:（新课标Ⅱ）;2019:（新课标Ⅲ）;2020:（新课标Ⅰ）;2021:（新课标Ⅰ）;2022:（全国乙卷）
desk,desk,junior,1037,ipa-dict(en_US/CMUdict),corroborated,ECDICT,teacher_pdf_gloss,historical_partial_2010_2022,6,2011:（全国卷ii）;2011:（新课标）;2016:（新课标Ⅰ）;2016:（新课标ⅱ）;2017:（新课标Ⅰ）;2019:（新课标Ⅱ）
desperate,desperate**,selective_required,,ipa-dict(en_US/CMUdict),corroborated,ECDICT,ECDICT,historical_partial_2010_2022,0,
despite,despite*,required,,ipa-dict(en_US/CMUdict),corroborated,curated_function_words,ECDICT,historical_partial_2010_2022,1,2017:（新课标Ⅰ）
dessert,dessert**,selective_required,1039,ipa-dict(en_US/CMUdict),corroborated,ECDICT,teacher_pdf_gloss,historical_partial_2010_2022,1,2018:（新课标ⅱ）
destination,destination*,required,1040,ipa-dict(en_US/CMUdict),corroborated,ECDICT,teacher_pdf_gloss,historical_partial_2010_2022,2,2015:（新课标Ⅰ）;2019:（新课标Ⅰ）
destroy,destroy*,required,1041,ipa-dict(en_US/CMUdict),corroborated,ECDICT,teacher_pdf_gloss,historical_partial_2010_2022,2,2012:（新课标）;2020:（新课标Ⅱ）
detail,detail*,required,,ipa-dict(en_US/CMUdict),corroborated,ECDICT,ECDICT,historical_partial_2010_2022,0,
detect,detect**,selective_required,,ipa-dict(en_US/CMUdict),corroborated,ECDICT,ECDICT,historical_partial_2010_2022,2,2020:（新课标Ⅰ）;2022:（全国乙卷）
detective,detective**,selective_required,1042,ipa-dict(en_US/CMUdict),corroborated,ECDICT,teacher_pdf_gloss,historical_partial_2010_2022,0,
determination,,extension,1043,ipa-dict(en_US/CMUdict),corroborated,ECDICT,teacher_pdf_gloss,historical_partial_2010_2022,0,
determine,determine*,required,1044,ipa-dict(en_US/CMUdict),corroborated,ECDICT,teacher_pdf_gloss,historical_partial_2010_2022,7,2011:（全国卷ii）;2012:（新课标）;2017:（新课标ⅲ）;2018:（新课标Ⅰ）;2018:（新课标ⅲ）;2019:（新课标Ⅰ）;2021:（解析版）
develop,develop,junior,,ipa-dict(en_US/CMUdict),corroborated,ECDICT,ECDICT,historical_partial_2010_2022,19,2010:（新课标Ⅰ）;2011:（全国卷ii）;2011:（新课标）;2013:（新课标ii）;2014:（新课标Ⅰ）;2015:（新课标ⅱ）;2016:（新课标ⅱ）;2016:（新课标ⅲ）;2017:（新课标Ⅰ）;2017:（新课标ⅲ）;2018:（新课标Ⅰ）;2018:（新课标ⅱ）;2018:（新课标ⅲ）;2019:（新课标Ⅰ）;2019:（新课标Ⅲ）;2020:（新课标Ⅰ）;2020:（新课标Ⅱ）;2020:（新课标Ⅲ）;2021:（新课标Ⅰ）
development,development,junior,1046,ipa-dict(en_US/CMUdict),corroborated,ECDICT,teacher_pdf_gloss,historical_partial_2010_2022,12,2010:（新课标Ⅱ）;2011:（全国卷ii）;2011:（新课标）;2012:（新课标）;2015:（新课标Ⅰ）;2017:（新课标ⅱ）;2017:（新课标ⅲ）;2018:（新课标Ⅰ）;2019:（新课标Ⅲ）;2020:（新课标Ⅱ）;2022:（全国乙卷）;2022:（全国甲卷）
device,device**,selective_required,,ipa-dict(en_US/CMUdict),corroborated,ECDICT,ECDICT,historical_partial_2010_2022,4,2016:（新课标ⅱ）;2018:（新课标Ⅰ）;2019:（新课标Ⅰ）;2020:（新课标Ⅰ）
devote,devote**,selective_required,1047,ipa-dict(en_US/CMUdict),corroborated,ECDICT,teacher_pdf_gloss,historical_partial_2010_2022,1,2011:（新课标）
diagram,diagram*,required,1049,ipa-dict(en_US/CMUdict),corroborated,ECDICT,teacher_pdf_gloss,historical_partial_2010_2022,0,
dialogue,dialogue (dialog),junior,1051,ipa-dict(en_US/CMUdict),corroborated,ECDICT,teacher_pdf_gloss,historical_partial_2010_2022,2,2017:（新课标Ⅰ）;2019:（新课标Ⅲ）
diamond,diamond**,selective_required,1052,ipa-dict(en_US/CMUdict),corroborated,ECDICT,teacher_pdf_gloss,historical_partial_2010_2022,0,
diary,diary,junior,1053,ipa-dict(en_US/CMUdict),corroborated,ECDICT,teacher_pdf_gloss,historical_partial_2010_2022,3,2017:（新课标ⅱ）;2019:（新课标Ⅰ）;2022:（全国乙卷）
dictionary,dictionary,junior,1055,ipa-dict(en_US/CMUdict),corroborated,ECDICT,teacher_pdf_gloss,historical_partial_2010_2022,0,
die,die,junior,1056,ipa-dict(en_US/CMUdict),corroborated,ECDICT,teacher_pdf_gloss,historical_partial_2010_2022,2,2014:（新课标Ⅰ）;2018:（新课标Ⅰ）
diet,diet*,required,1057,ipa-dict(en_US/CMUdict),corroborated,ECDICT,teacher_pdf_gloss,historical_partial_2010_2022,5,2010:（新课标Ⅰ）;2015:（新课标ⅱ）;2017:（新课标Ⅰ）;2018:（新课标Ⅰ）;2018:（新课标ⅱ）
differ,differ**,selective_required,1058,ipa-dict(en_US/CMUdict),corroborated,ECDICT,teacher_pdf_gloss,historical_partial_2010_2022,2,2020:（新课标Ⅱ）;2021:（新课标Ⅰ）
difference,difference,junior,1059,ipa-dict(en_US/CMUdict),corroborated,ECDICT,teacher_pdf_gloss,historical_partial_2010_2022,12,2011:（全国卷ii）;2013:（新课标ii）;2013:（新课标Ⅰ）;2015:（新课标Ⅰ）;2016:（新课标ⅲ）;2017:（新课标ⅱ）;2017:（新课标ⅲ）;2019:（新课标Ⅲ）;2020:（新课标Ⅰ）;2020:（新课标Ⅱ）;2021:（新课标Ⅰ）;2021:（解析版）
different,different,junior,1060,ipa-dict(en_US/CMUdict),corroborated,ECDICT,teacher_pdf_gloss,historical_partial_2010_2022,25,2010:（新课标Ⅰ）;2010:（新课标Ⅱ）;2011:（全国卷ii）;2012:（新课标）;2013:（新课标ii）;2013:（新课标Ⅰ）;2014:（新课标Ⅰ）;2015:（新课标Ⅰ）;2015:（新课标ⅱ）;2016:（新课标Ⅰ）;2016:（新课标ⅱ）;2016:（新课标ⅲ）;2017:（新课标ⅱ）;2017:（新课标ⅲ）;2018:（新课标Ⅰ）;2018:（新课标ⅲ）;2019:（新课标Ⅰ）;2019:（新课标Ⅱ）;2019:（新课标Ⅲ）;2020:（新课标Ⅰ）;2020:（新课标Ⅱ）;2020:（新课标Ⅲ）;2021:（新课标Ⅰ）;2021:（解析版）;2022:（全国甲卷）
difficult,difficult,junior,1061,ipa-dict(en_US/CMUdict),corroborated,ECDICT,teacher_pdf_gloss,historical_partial_2010_2022,17,2010:（新课标Ⅱ）;2011:（全国卷ii）;2011:（新课标）;2012:（新课标）;2013:（新课标ii）;2014:（新课标Ⅰ）;2014:（新课标ⅱ）;2016:（新课标ⅲ）;2017:（新课标ⅱ）;2018:（新课标ⅱ）;2018:（新课标ⅲ）;2019:（新课标Ⅰ）;2019:（新课标Ⅲ）;2020:（新课标Ⅰ）;2020:（新课标Ⅲ）;2021:（新课标Ⅰ）;2021:（解析版）
difficulty,difficulty,junior,1062,ipa-dict(en_US/CMUdict),corroborated,ECDICT,teacher_pdf_gloss,historical_partial_2010_2022,10,2010:（新课标Ⅰ）;2010:（新课标Ⅱ）;2011:（全国卷ii）;2013:（新课标Ⅰ）;2016:（新课标ⅱ）;2017:（新课标ⅲ）;2019:（新课标Ⅰ）;2019:（新课标Ⅱ）;2021:（新课标Ⅰ）;2022:（全国乙卷）
dig,dig,junior,,ipa-dict(en_US/CMUdict),corroborated,ECDICT,ECDICT,historical_partial_2010_2022,2,2017:（新课标Ⅰ）;2017:（新课标ⅱ）
digest,digest**,selective_required,1064,ipa-dict(en_US/CMUdict),corroborated,ECDICT,curated_override,historical_partial_2010_2022,2,2015:（新课标ⅱ）;2020:（新课标Ⅲ）
digital,digital*,required,1065,ipa-dict(en_US/CMUdict),corroborated,ECDICT,teacher_pdf_gloss,historical_partial_2010_2022,3,2014:（新课标Ⅰ）;2017:（新课标Ⅰ）;2018:（新课标Ⅰ）
dignity,dignity**,selective_required,1066,ipa-dict(en_US/CMUdict),corroborated,ECDICT,teacher_pdf_gloss,historical_partial_2010_2022,0,
dilemma,,extension,1067,ipa-dict(en_US/CMUdict),corroborated,ECDICT,teacher_pdf_gloss,historical_partial_2010_2022,0,
dimension,dimension**,selective_required,1068,ipa-dict(en_US/CMUdict),corroborated,ECDICT,teacher_pdf_gloss,historical_partial_2010_2022,0,
dining,dining,junior,,ipa-dict(en_US/CMUdict),corroborated,ECDICT,ECDICT,historical_partial_2010_2022,2,2020:（新课标Ⅱ）;2022:（全国甲卷）
dinner,dinner,junior,1071,ipa-dict(en_US/CMUdict),corroborated,ECDICT,teacher_pdf_gloss,historical_partial_2010_2022,9,2011:（全国卷ii）;2013:（新课标ii）;2013:（新课标Ⅰ）;2015:（新课标Ⅰ）;2015:（新课标ⅱ）;2016:（新课标ⅲ）;2018:（新课标Ⅰ）;2018:（新课标ⅱ）;2021:（新课标Ⅰ）
dinosaur,dinosaur*,required,1072,ipa-dict(en_US/CMUdict),corroborated,ECDICT,teacher_pdf_gloss,historical_partial_2010_2022,1,2012:（新课标）
dip,,extension,1074,ipa-dict(en_US/CMUdict),corroborated,ECDICT,teacher_pdf_gloss,historical_partial_2010_2022,0,
direct,direct,junior,,ipa-dict(en_US/CMUdict),corroborated,ECDICT,ECDICT,historical_partial_2010_2022,6,2016:（新课标ⅱ）;2017:（新课标ⅱ）;2019:（新课标Ⅲ）;2020:（新课标Ⅰ）;2020:（新课标Ⅲ）;2022:（全国乙卷）
direction,direction,junior,1077,ipa-dict(en_US/CMUdict),corroborated,ECDICT,teacher_pdf_gloss,historical_partial_2010_2022,5,2013:（新课标Ⅰ）;2017:（新课标Ⅰ）;2019:（新课标Ⅲ）;2020:（新课标Ⅰ）;2022:（全国甲卷）
director,director,junior,1078,ipa-dict(en_US/CMUdict),corroborated,ECDICT,teacher_pdf_gloss,historical_partial_2010_2022,9,2010:（新课标Ⅰ）;2011:（全国卷ii）;2012:（新课标）;2014:（新课标ⅱ）;2016:（新课标ⅱ）;2017:（新课标ⅱ）;2018:（新课标ⅱ）;2019:（新课标Ⅲ）;2020:（新课标Ⅱ）
directory,directory **,selective_required,1079,ipa-dict(en_US/CMUdict),corroborated,ECDICT,teacher_pdf_gloss,historical_partial_2010_2022,0,
dirt,,extension,1080,ipa-dict(en_US/CMUdict),corroborated,ECDICT,teacher_pdf_gloss,historical_partial_2010_2022,1,2017:（新课标Ⅰ）
dirty,dirty,junior,1081,ipa-dict(en_US/CMUdict),corroborated,ECDICT,teacher_pdf_gloss,historical_partial_2010_2022,0,
disability,disability**,selective_required,1082,ipa-dict(en_US/CMUdict),corroborated,ECDICT,teacher_pdf_gloss,historical_partial_2010_2022,2,2013:（新课标Ⅰ）;2019:（新课标Ⅰ）
disabled,disabled**,selective_required,1083,ipa-dict(en_US/CMUdict),corroborated,ECDICT,teacher_pdf_gloss,historical_partial_2010_2022,5,2010:（新课标Ⅰ）;2013:（新课标Ⅰ）;2014:（新课标ⅱ）;2016:（新课标Ⅰ）;2019:（新课标Ⅰ）
disadvantage,,extension,1084,ipa-dict(en_US/CMUdict),corroborated,ECDICT,teacher_pdf_gloss,historical_partial_2010_2022,2,2018:（新课标ⅲ）;2022:（全国甲卷）
disagree,,extension,1085,ipa-dict(en_US/CMUdict),corroborated,ECDICT,teacher_pdf_gloss,historical_partial_2010_2022,0,
disappear,disappear*,required,1087,ipa-dict(en_US/CMUdict),corroborated,ECDICT,teacher_pdf_gloss,historical_partial_2010_2022,9,2011:（新课标）;2014:（新课标Ⅰ）;2017:（新课标Ⅰ）;2017:（新课标ⅲ）;2018:（新课标Ⅰ）;2019:（新课标Ⅰ）;2019:（新课标Ⅲ）;2021:（新课标Ⅰ）;2021:（解析版）
disappointed,disappointed**,selective_required,,ipa-dict(en_US/CMUdict),corroborated,ECDICT,ECDICT,historical_partial_2010_2022,5,2010:（新课标Ⅰ）;2015:（新课标Ⅰ）;2017:（新课标ⅲ）;2018:（新课标ⅲ）;2021:（解析版）
disappointment,,extension,1089,ipa-dict(en_US/CMUdict),corroborated,ECDICT,teacher_pdf_gloss,historical_partial_2010_2022,1,2021:（新课标Ⅰ）
disaster,disaster*,required,1090,ipa-dict(en_US/CMUdict),corroborated,ECDICT,teacher_pdf_gloss,historical_partial_2010_2022,3,2016:（新课标ⅲ）;2017:（新课标ⅱ）;2019:（新课标Ⅲ）
discern,,extension,,curated_homograph_override,curated,ECDICT,curated_override,historical_partial_2010_2022,0,
discipline,discipline**,selective_required,,ipa-dict(en_US/CMUdict),corroborated,ECDICT,ECDICT,historical_partial_2010_2022,0,
discount,discount**,selective_required,1091,ipa-dict(en_US/CMUdict),corroborated,ECDICT,teacher_pdf_gloss,historical_partial_2010_2022,4,2016:（新课标ⅲ）;2017:（新课标ⅲ）;2022:（全国乙卷）;2022:（全国甲卷）
discourage,,extension,1092,ipa-dict(en_US/CMUdict),corroborated,ECDICT,teacher_pdf_gloss,historical_partial_2010_2022,6,2014:（新课标ⅱ）;2016:（新课标ⅱ）;2017:（新课标Ⅰ）;2018:（新课标ⅲ）;2019:（新课标Ⅱ）;2021:（解析版）
discover,discover,junior,1093,ipa-dict(en_US/CMUdict),corroborated,ECDICT,teacher_pdf_gloss,historical_partial_2010_2022,20,2010:（新课标Ⅰ）;2010:（新课标Ⅱ）;2011:（全国卷ii）;2011:（新课标）;2012:（新课标）;2014:（新课标Ⅰ）;2014:（新课标ⅱ）;2015:（新课标Ⅰ）;2016:（新课标ⅲ）;2017:（新课标Ⅰ）;2017:（新课标ⅲ）;2018:（新课标ⅱ）;2018:（新课标ⅲ）;2019:（新课标Ⅰ）;2019:（新课标Ⅱ）;2020:（新课标Ⅰ）;2020:（新课标Ⅱ）;2020:（新课标Ⅲ）;2021:（新课标Ⅰ）;2022:（全国甲卷）
discovery,discovery,junior,1094,ipa-dict(en_US/CMUdict),corroborated,ECDICT,teacher_pdf_gloss,historical_partial_2010_2022,5,2010:（新课标Ⅰ）;2013:（新课标Ⅰ）;2017:（新课标Ⅰ）;2018:（新课标ⅲ）;2021:（解析版）
discrimination,discrimination**,selective_required,1095,ipa-dict(en_US/CMUdict),corroborated,ECDICT,teacher_pdf_gloss,historical_partial_2010_2022,2,2016:（新课标Ⅰ）;2021:（解析版）
discuss,discuss,junior,1096,ipa-dict(en_US/CMUdict),corroborated,ECDICT,teacher_pdf_gloss,historical_partial_2010_2022,10,2010:（新课标Ⅰ）;2010:（新课标Ⅱ）;2013:（新课标Ⅰ）;2016:（新课标ⅱ）;2016:（新课标ⅲ）;2017:（新课标Ⅰ）;2018:（新课标ⅲ）;2019:（新课标Ⅲ）;2020:（新课标Ⅱ）;2021:（新课标Ⅰ）
discussion,discussion,junior,1097,ipa-dict(en_US/CMUdict),corroborated,ECDICT,teacher_pdf_gloss,historical_partial_2010_2022,7,2011:（全国卷ii）;2011:（新课标）;2013:（新课标ii）;2016:（新课标Ⅰ）;2018:（新课标Ⅰ）;2019:（新课标Ⅲ）;2021:（新课标Ⅰ）
disease,disease*,required,1098,ipa-dict(en_US/CMUdict),corroborated,ECDICT,teacher_pdf_gloss,historical_partial_2010_2022,7,2010:（新课标Ⅰ）;2013:（新课标ii）;2014:（新课标Ⅰ）;2016:（新课标ⅲ）;2017:（新课标Ⅰ）;2018:（新课标Ⅰ）;2022:（全国乙卷）
dish,dish,junior,1100,ipa-dict(en_US/CMUdict),corroborated,ECDICT,teacher_pdf_gloss,historical_partial_2010_2022,3,2015:（新课标ⅱ）;2020:（新课标Ⅰ）;2021:（新课标Ⅰ）
disk,disk (disc)**,selective_required,,ipa-dict(en_US/CMUdict),corroborated,ECDICT,ECDICT,historical_partial_2010_2022,0,
dismiss,dismiss**,selective_required,1103,ipa-dict(en_US/CMUdict),corroborated,ECDICT,teacher_pdf_gloss,historical_partial_2010_2022,1,2018:（新课标ⅱ）
display,display**,selective_required,,ipa-dict(en_US/CMUdict),corroborated,ECDICT,ECDICT,historical_partial_2010_2022,0,
distance,distance*,required,1105,ipa-dict(en_US/CMUdict),corroborated,ECDICT,teacher_pdf_gloss,historical_partial_2010_2022,5,2010:（新课标Ⅰ）;2012:（新课标）;2015:（新课标ⅱ）;2017:（新课标Ⅰ）;2020:（新课标Ⅰ）
distant,distant**,selective_required,1106,ipa-dict(en_US/CMUdict),corroborated,ECDICT,teacher_pdf_gloss,historical_partial_2010_2022,3,2013:（新课标Ⅰ）;2014:（新课标ⅱ）;2022:（全国甲卷）
distinct,distinct**,selective_required,,ipa-dict(en_US/CMUdict),corroborated,ECDICT,ECDICT,historical_partial_2010_2022,0,
distinction,,extension,1107,ipa-dict(en_US/CMUdict),corroborated,ECDICT,teacher_pdf_gloss,historical_partial_2010_2022,0,
distinguish,distinguish**,selective_required,1108,ipa-dict(en_US/CMUdict),corroborated,ECDICT,teacher_pdf_gloss,historical_partial_2010_2022,0,
distribute,,extension,1109,ipa-dict(en_US/CMUdict),corroborated,ECDICT,teacher_pdf_gloss,historical_partial_2010_2022,1,2017:（新课标Ⅰ）
distribution,distribution**,selective_required,,ipa-dict(en_US/CMUdict),corroborated,ECDICT,ECDICT,historical_partial_2010_2022,1,2018:（新课标Ⅰ）
district,district**,selective_required,1110,ipa-dict(en_US/CMUdict),corroborated,ECDICT,teacher_pdf_gloss,historical_partial_2010_2022,4,2010:（新课标Ⅰ）;2011:（新课标）;2017:（新课标ⅲ）;2020:（新课标Ⅱ）
disturb,disturb**,selective_required,1111,ipa-dict(en_US/CMUdict),corroborated,ECDICT,teacher_pdf_gloss,historical_partial_2010_2022,5,2012:（新课标）;2017:（新课标Ⅰ）;2017:（新课标ⅱ）;2019:（新课标Ⅰ）;2021:（新课标Ⅰ）
dive,dive**,selective_required,1113,ipa-dict(en_US/CMUdict),corroborated,ECDICT,teacher_pdf_gloss,historical_partial_2010_2022,3,2018:（新课标ⅱ）;2019:（新课标Ⅱ）;2020:（新课标Ⅲ）
diverse,diverse**,selective_required,1114,ipa-dict(en_US/CMUdict),corroborated,ECDICT,teacher_pdf_gloss,historical_partial_2010_2022,4,2018:（新课标ⅲ）;2019:（新课标Ⅱ）;2020:（新课标Ⅰ）;2022:（全国甲卷）
divide,divide,junior,1115,ipa-dict(en_US/CMUdict),corroborated,ECDICT,teacher_pdf_gloss,historical_partial_2010_2022,3,2013:（新课标ii）;2014:（新课标Ⅰ）;2021:（新课标Ⅰ）
division,division**,selective_required,1116,ipa-dict(en_US/CMUdict),corroborated,ECDICT,teacher_pdf_gloss,historical_partial_2010_2022,1,2011:（新课标）
divorce,,extension,1117,ipa-dict(en_US/CMUdict),corroborated,ECDICT,teacher_pdf_gloss,historical_partial_2010_2022,0,
dizzy,dizzy**,selective_required,1118,ipa-dict(en_US/CMUdict),corroborated,ECDICT,teacher_pdf_gloss,historical_partial_2010_2022,0,
do,do,junior,1119,ipa-dict(en_US/CMUdict),corroborated,ECDICT,teacher_pdf_gloss,historical_partial_2010_2022,30,2010:（新课标Ⅰ）;2010:（新课标Ⅱ）;2011:（全国卷ii）;2011:（新课标）;2012:（新课标）;2013:（新课标ii）;2013:（新课标Ⅰ）;2014:（新课标Ⅰ）;2014:（新课标ⅱ）;2015:（新课标Ⅰ）;2015:（新课标ⅱ）;2016:（新课标Ⅰ）;2016:（新课标ⅱ）;2016:（新课标ⅲ）;2017:（新课标Ⅰ）;2017:（新课标ⅱ）;2017:（新课标ⅲ）;2018:（新课标Ⅰ）;2018:（新课标ⅱ）;2018:（新课标ⅲ）;2019:（新课标Ⅰ）;2019:（新课标Ⅱ）;2019:（新课标Ⅲ）;2020:（新课标Ⅰ）;2020:（新课标Ⅱ）;2020:（新课标Ⅲ）;2021:（新课标Ⅰ）;2021:（解析版）;2022:（全国乙卷）;2022:（全国甲卷）
doctor,doctor,junior,1123,ipa-dict(en_US/CMUdict),corroborated,ECDICT,teacher_pdf_gloss,historical_partial_2010_2022,9,2010:（新课标Ⅰ）;2010:（新课标Ⅱ）;2013:（新课标ii）;2016:（新课标Ⅰ）;2017:（新课标Ⅰ）;2018:（新课标ⅲ）;2019:（新课标Ⅱ）;2021:（新课标Ⅰ）;2022:（全国乙卷）
document,document*,required,1124,ipa-dict(en_US/CMUdict),corroborated,ECDICT,teacher_pdf_gloss,historical_partial_2010_2022,3,2014:（新课标Ⅰ）;2014:（新课标ⅱ）;2015:（新课标Ⅰ）
dog,dog,junior,1126,ipa-dict(en_US/CMUdict),corroborated,ECDICT,teacher_pdf_gloss,historical_partial_2010_2022,8,2010:（新课标Ⅰ）;2010:（新课标Ⅱ）;2016:（新课标ⅱ）;2018:（新课标Ⅰ）;2019:（新课标Ⅱ）;2019:（新课标Ⅲ）;2020:（新课标Ⅱ）;2022:（全国甲卷）
doll,,extension,1127,ipa-dict(en_US/CMUdict),corroborated,ECDICT,teacher_pdf_gloss,historical_partial_2010_2022,1,2019:（新课标Ⅰ）
dollar,dollar,junior,669,ipa-dict(en_US/CMUdict),corroborated,ECDICT,teacher_pdf_gloss,historical_partial_2010_2022,7,2010:（新课标Ⅱ）;2013:（新课标Ⅰ）;2015:（新课标Ⅰ）;2015:（新课标ⅱ）;2017:（新课标ⅲ）;2018:（新课标Ⅰ）;2020:（新课标Ⅲ）
dolphin,dolphin*,required,,ipa-dict(en_US/CMUdict),corroborated,ECDICT,ECDICT,historical_partial_2010_2022,1,2011:（全国卷ii）
domain,domain**,selective_required,,ipa-dict(en_US/CMUdict),corroborated,ECDICT,ECDICT,historical_partial_2010_2022,0,
domestic,domestic**,selective_required,,ipa-dict(en_US/CMUdict),corroborated,ECDICT,ECDICT,historical_partial_2010_2022,0,
dominate,dominate**,selective_required,,ipa-dict(en_US/CMUdict),corroborated,ECDICT,ECDICT,historical_partial_2010_2022,0,
donate,donate*,required,,ipa-dict(en_US/CMUdict),corroborated,ECDICT,ECDICT,historical_partial_2010_2022,3,2014:（新课标Ⅰ）;2018:（新课标ⅲ）;2021:（解析版）
door,door,junior,1129,ipa-dict(en_US/CMUdict),corroborated,ECDICT,teacher_pdf_gloss,historical_partial_2010_2022,11,2011:（全国卷ii）;2011:（新课标）;2013:（新课标Ⅰ）;2014:（新课标ⅱ）;2017:（新课标ⅱ）;2017:（新课标ⅲ）;2019:（新课标Ⅰ）;2020:（新课标Ⅰ）;2020:（新课标Ⅲ）;2021:（解析版）;2022:（全国甲卷）
dormitory,dormitory**,selective_required,1130,ipa-dict(en_US/CMUdict),corroborated,ECDICT,teacher_pdf_gloss,historical_partial_2010_2022,0,
dot,,extension,1131,ipa-dict(en_US/CMUdict),corroborated,ECDICT,teacher_pdf_gloss,historical_partial_2010_2022,0,
double,double,junior,1132,ipa-dict(en_US/CMUdict),corroborated,ECDICT,teacher_pdf_gloss,historical_partial_2010_2022,4,2011:（新课标）;2017:（新课标ⅱ）;2018:（新课标Ⅰ）;2020:（新课标Ⅰ）
doubt,doubt,junior,1133,ipa-dict(en_US/CMUdict),corroborated,ECDICT,teacher_pdf_gloss,historical_partial_2010_2022,8,2011:（全国卷ii）;2011:（新课标）;2017:（新课标ⅲ）;2018:（新课标ⅱ）;2020:（新课标Ⅰ）;2020:（新课标Ⅱ）;2021:（解析版）;2022:（全国甲卷）
down,down,junior,1134,ipa-dict(en_US/CMUdict),corroborated,curated_function_words,teacher_pdf_gloss,historical_partial_2010_2022,24,2010:（新课标Ⅰ）;2010:（新课标Ⅱ）;2011:（全国卷ii）;2012:（新课标）;2013:（新课标ii）;2013:（新课标Ⅰ）;2014:（新课标ⅱ）;2015:（新课标Ⅰ）;2015:（新课标ⅱ）;2016:（新课标Ⅰ）;2016:（新课标ⅱ）;2017:（新课标Ⅰ）;2017:（新课标ⅱ）;2017:（新课标ⅲ）;2018:（新课标Ⅰ）;2018:（新课标ⅲ）;2019:（新课标Ⅱ）;2019:（新课标Ⅲ）;2020:（新课标Ⅰ）;2020:（新课标Ⅱ）;2020:（新课标Ⅲ）;2021:（解析版）;2022:（全国乙卷）;2022:（全国甲卷）
download,download*,required,1135,ipa-dict(en_US/CMUdict),corroborated,teacher_pdf,teacher_pdf_gloss,historical_partial_2010_2022,0,
downstairs,downstairs*,required,1136,ipa-dict(en_US/CMUdict),corroborated,ECDICT,teacher_pdf_gloss,historical_partial_2010_2022,0,
downtown,downtown*,required,,ipa-dict(en_US/CMUdict),corroborated,ECDICT,ECDICT,historical_partial_2010_2022,2,2016:（新课标ⅲ）;2019:（新课标Ⅱ）
dozen,dozen**,selective_required,1139,ipa-dict(en_US/CMUdict),corroborated,ECDICT,teacher_pdf_gloss,historical_partial_2010_2022,6,2010:（新课标Ⅰ）;2010:（新课标Ⅱ）;2014:（新课标Ⅰ）;2015:（新课标Ⅰ）;2016:（新课标Ⅰ）;2018:（新课标Ⅰ）
draft,draft**,selective_required,1141,ipa-dict(en_US/CMUdict),corroborated,ECDICT,teacher_pdf_gloss,historical_partial_2010_2022,0,
drag,drag**,selective_required,1142,ipa-dict(en_US/CMUdict),corroborated,ECDICT,teacher_pdf_gloss,historical_partial_2010_2022,0,
dragon,dragon*,required,,ipa-dict(en_US/CMUdict),corroborated,ECDICT,ECDICT,historical_partial_2010_2022,0,
drama,drama**,selective_required,,ipa-dict(en_US/CMUdict),corroborated,ECDICT,ECDICT,historical_partial_2010_2022,1,2022:（全国甲卷）
dramatic,dramatic**,selective_required,,ipa-dict(en_US/CMUdict),corroborated,ECDICT,ECDICT,historical_partial_2010_2022,0,
draw,draw,junior,1143,ipa-dict(en_US/CMUdict),corroborated,ECDICT,teacher_pdf_gloss,historical_partial_2010_2022,4,2011:（全国卷ii）;2011:（新课标）;2014:（新课标Ⅰ）;2015:（新课标Ⅰ）
drawer,drawer**,selective_required,1148,ipa-dict(en_US/CMUdict),corroborated,ECDICT,teacher_pdf_gloss,historical_partial_2010_2022,1,2010:（新课标Ⅱ）
drawing,,extension,1149,ipa-dict(en_US/CMUdict),corroborated,ECDICT,teacher_pdf_gloss,historical_partial_2010_2022,5,2010:（新课标Ⅰ）;2014:（新课标Ⅰ）;2015:（新课标Ⅰ）;2019:（新课标Ⅲ）;2021:（新课标Ⅰ）
dream,dream,junior,1150,ipa-dict(en_US/CMUdict),corroborated,ECDICT,teacher_pdf_gloss,historical_partial_2010_2022,15,2013:（新课标Ⅰ）;2014:（新课标ⅱ）;2015:（新课标Ⅰ）;2015:（新课标ⅱ）;2016:（新课标Ⅰ）;2016:（新课标ⅱ）;2016:（新课标ⅲ）;2017:（新课标Ⅰ）;2017:（新课标ⅱ）;2017:（新课标ⅲ）;2018:（新课标ⅲ）;2019:（新课标Ⅲ）;2020:（新课标Ⅰ）;2020:（新课标Ⅱ）;2022:（全国甲卷）
dress,dress,junior,,ipa-dict(en_US/CMUdict),corroborated,ECDICT,ECDICT,historical_partial_2010_2022,6,2010:（新课标Ⅱ）;2011:（全国卷ii）;2013:（新课标ii）;2015:（新课标ⅱ）;2016:（新课标ⅲ）;2020:（新课标Ⅲ）
drill,drill**,selective_required,,ipa-dict(en_US/CMUdict),corroborated,ECDICT,ECDICT,historical_partial_2010_2022,1,2022:（全国乙卷）
drink,drink,junior,1155,ipa-dict(en_US/CMUdict),corroborated,ECDICT,teacher_pdf_gloss,historical_partial_2010_2022,17,2010:（新课标Ⅰ）;2011:（全国卷ii）;2011:（新课标）;2013:（新课标ii）;2014:（新课标Ⅰ）;2015:（新课标Ⅰ）;2016:（新课标ⅱ）;2017:（新课标Ⅰ）;2017:（新课标ⅲ）;2018:（新课标Ⅰ）;2018:（新课标ⅱ）;2018:（新课标ⅲ）;2019:（新课标Ⅲ）;2020:（新课标Ⅰ）;2020:（新课标Ⅲ）;2021:（新课标Ⅰ）;2022:（全国乙卷）
drive,drive,junior,1160,ipa-dict(en_US/CMUdict),corroborated,ECDICT,teacher_pdf_gloss,historical_partial_2010_2022,11,2011:（全国卷ii）;2011:（新课标）;2013:（新课标ii）;2014:（新课标Ⅰ）;2017:（新课标Ⅰ）;2017:（新课标ⅲ）;2018:（新课标ⅲ）;2019:（新课标Ⅲ）;2020:（新课标Ⅰ）;2020:（新课标Ⅲ）;2022:（全国甲卷）
driver,driver,junior,1164,ipa-dict(en_US/CMUdict),corroborated,ECDICT,teacher_pdf_gloss,historical_partial_2010_2022,6,2011:（全国卷ii）;2013:（新课标Ⅰ）;2014:（新课标Ⅰ）;2014:（新课标ⅱ）;2016:（新课标Ⅰ）;2017:（新课标ⅲ）
drop,drop,junior,1165,ipa-dict(en_US/CMUdict),corroborated,ECDICT,teacher_pdf_gloss,historical_partial_2010_2022,8,2011:（新课标）;2014:（新课标ⅱ）;2016:（新课标Ⅰ）;2016:（新课标ⅲ）;2017:（新课标Ⅰ）;2018:（新课标ⅱ）;2019:（新课标Ⅲ）;2021:（解析版）
drought,drought*,required,,ipa-dict(en_US/CMUdict),corroborated,ECDICT,ECDICT,historical_partial_2010_2022,0,
drown,,extension,1166,ipa-dict(en_US/CMUdict),corroborated,ECDICT,teacher_pdf_gloss,historical_partial_2010_2022,0,
drug,drug**,selective_required,1167,ipa-dict(en_US/CMUdict),corroborated,ECDICT,teacher_pdf_gloss,historical_partial_2010_2022,0,
drum,,extension,1168,ipa-dict(en_US/CMUdict),corroborated,ECDICT,teacher_pdf_gloss,historical_partial_2010_2022,0,
drunk,,extension,1158,ipa-dict(en_US/CMUdict),corroborated,ECDICT,teacher_pdf_gloss,historical_partial_2010_2022,1,2011:（全国卷ii）
dry,dry,junior,1170,ipa-dict(en_US/CMUdict),corroborated,ECDICT,teacher_pdf_gloss,historical_partial_2010_2022,4,2010:（新课标Ⅰ）;2010:（新课标Ⅱ）;2011:（新课标）;2015:（新课标Ⅰ）
duck,duck,junior,1171,ipa-dict(en_US/CMUdict),corroborated,ECDICT,teacher_pdf_gloss,historical_partial_2010_2022,2,2018:（新课标Ⅰ）;2018:（新课标ⅲ）
due,,extension,1172,ipa-dict(en_US/CMUdict),corroborated,ECDICT,teacher_pdf_gloss,historical_partial_2010_2022,3,2018:（新课标ⅱ）;2018:（新课标ⅲ）;2021:（新课标Ⅰ）
dull,,extension,1173,ipa-dict(en_US/CMUdict),corroborated,ECDICT,teacher_pdf_gloss,historical_partial_2010_2022,5,2010:（新课标Ⅰ）;2015:（新课标Ⅰ）;2017:（新课标ⅱ）;2019:（新课标Ⅲ）;2020:（新课标Ⅱ）
dumpling,dumpling,junior,1174,ipa-dict(en_US/CMUdict),corroborated,ECDICT,teacher_pdf_gloss,historical_partial_2010_2022,0,
duration,duration**,selective_required,,ipa-dict(en_US/CMUdict),corroborated,ECDICT,ECDICT,historical_partial_2010_2022,2,2017:（新课标ⅲ）;2018:（新课标Ⅰ）
during,during,junior,1175,ipa-dict(en_US/CMUdict),corroborated,curated_function_words,teacher_pdf_gloss,historical_partial_2010_2022,20,2010:（新课标Ⅰ）;2011:（新课标）;2013:（新课标ii）;2013:（新课标Ⅰ）;2014:（新课标Ⅰ）;2014:（新课标ⅱ）;2015:（新课标ⅱ）;2016:（新课标Ⅰ）;2016:（新课标ⅱ）;2016:（新课标ⅲ）;2017:（新课标Ⅰ）;2017:（新课标ⅱ）;2018:（新课标Ⅰ）;2019:（新课标Ⅰ）;2019:（新课标Ⅱ）;2019:（新课标Ⅲ）;2020:（新课标Ⅰ）;2020:（新课标Ⅱ）;2021:（新课标Ⅰ）;2022:（全国甲卷）
dust,dust**,selective_required,1177,ipa-dict(en_US/CMUdict),corroborated,ECDICT,teacher_pdf_gloss,historical_partial_2010_2022,2,2011:（全国卷ii）;2016:（新课标ⅱ）
duty,duty*,required,1180,ipa-dict(en_US/CMUdict),corroborated,ECDICT,teacher_pdf_gloss,historical_partial_2010_2022,7,2011:（新课标）;2016:（新课标Ⅰ）;2017:（新课标Ⅰ）;2017:（新课标ⅱ）;2019:（新课标Ⅱ）;2020:（新课标Ⅲ）;2021:（新课标Ⅰ）
dynamic,dynamic**,selective_required,1182,ipa-dict(en_US/CMUdict),corroborated,ECDICT,teacher_pdf_gloss,historical_partial_2010_2022,1,2022:（全国甲卷）
dynasty,dynasty**,selective_required,1183,ipa-dict(en_US/CMUdict),corroborated,ECDICT,teacher_pdf_gloss,historical_partial_2010_2022,2,2019:（新课标Ⅲ）;2021:（解析版）
each,each,junior,1184,ipa-dict(en_US/CMUdict),corroborated,curated_function_words,teacher_pdf_gloss,historical_partial_2010_2022,24,2010:（新课标Ⅰ）;2010:（新课标Ⅱ）;2011:（全国卷ii）;2012:（新课标）;2013:（新课标ii）;2014:（新课标Ⅰ）;2014:（新课标ⅱ）;2015:（新课标Ⅰ）;2015:（新课标ⅱ）;2016:（新课标Ⅰ）;2016:（新课标ⅱ）;2016:（新课标ⅲ）;2017:（新课标ⅱ）;2018:（新课标Ⅰ）;2018:（新课标ⅱ）;2018:（新课标ⅲ）;2019:（新课标Ⅰ）;2019:（新课标Ⅱ）;2019:（新课标Ⅲ）;2020:（新课标Ⅰ）;2021:（新课标Ⅰ）;2021:（解析版）;2022:（全国乙卷）;2022:（全国甲卷）
eager,eager*,required,1185,ipa-dict(en_US/CMUdict),corroborated,ECDICT,teacher_pdf_gloss,historical_partial_2010_2022,5,2016:（新课标Ⅰ）;2017:（新课标ⅲ）;2018:（新课标ⅲ）;2021:（新课标Ⅰ）;2021:（解析版）
eagle,eagle**,selective_required,1186,ipa-dict(en_US/CMUdict),corroborated,ECDICT,teacher_pdf_gloss,historical_partial_2010_2022,0,
ear,ear,junior,1187,ipa-dict(en_US/CMUdict),corroborated,ECDICT,teacher_pdf_gloss,historical_partial_2010_2022,4,2013:（新课标ii）;2016:（新课标ⅲ）;2022:（全国乙卷）;2022:（全国甲卷）
early,early,junior,1188,ipa-dict(en_US/CMUdict),corroborated,ECDICT,teacher_pdf_gloss,historical_partial_2010_2022,19,2010:（新课标Ⅱ）;2011:（全国卷ii）;2012:（新课标）;2013:（新课标ii）;2013:（新课标Ⅰ）;2014:（新课标Ⅰ）;2014:（新课标ⅱ）;2015:（新课标Ⅰ）;2016:（新课标Ⅰ）;2016:（新课标ⅱ）;2017:（新课标ⅲ）;2018:（新课标Ⅰ）;2018:（新课标ⅱ）;2018:（新课标ⅲ）;2019:（新课标Ⅰ）;2019:（新课标Ⅲ）;2021:（解析版）;2022:（全国乙卷）;2022:（全国甲卷）
earn,earn*,required,1189,ipa-dict(en_US/CMUdict),corroborated,ECDICT,teacher_pdf_gloss,historical_partial_2010_2022,7,2013:（新课标Ⅰ）;2015:（新课标ⅱ）;2017:（新课标ⅲ）;2018:（新课标Ⅰ）;2018:（新课标ⅲ）;2020:（新课标Ⅰ）;2022:（全国乙卷）
earth,earth,junior,1190,ipa-dict(en_US/CMUdict),corroborated,ECDICT,teacher_pdf_gloss,historical_partial_2010_2022,4,2014:（新课标ⅱ）;2020:（新课标Ⅰ）;2020:（新课标Ⅱ）;2020:（新课标Ⅲ）
earthquake,earthquake,junior,1191,ipa-dict(en_US/CMUdict),corroborated,ECDICT,teacher_pdf_gloss,historical_partial_2010_2022,0,
ease,ease**,selective_required,1192,ipa-dict(en_US/CMUdict),corroborated,ECDICT,teacher_pdf_gloss,historical_partial_2010_2022,0,
easily,,extension,1193,ipa-dict(en_US/CMUdict),corroborated,ECDICT,teacher_pdf_gloss,historical_partial_2010_2022,9,2011:（新课标）;2013:（新课标Ⅰ）;2014:（新课标ⅱ）;2015:（新课标ⅱ）;2016:（新课标ⅲ）;2018:（新课标Ⅰ）;2019:（新课标Ⅰ）;2019:（新课标Ⅲ）;2022:（全国甲卷）
east,east,junior,,ipa-dict(en_US/CMUdict),corroborated,ECDICT,ECDICT,historical_partial_2010_2022,6,2013:（新课标Ⅰ）;2016:（新课标ⅲ）;2018:（新课标ⅲ）;2020:（新课标Ⅲ）;2021:（解析版）;2022:（全国甲卷）
eastern,eastern,junior,1196,ipa-dict(en_US/CMUdict),corroborated,ECDICT,teacher_pdf_gloss,historical_partial_2010_2022,2,2019:（新课标Ⅲ）;2021:（解析版）
easy,easy,junior,1198,ipa-dict(en_US/CMUdict),corroborated,ECDICT,teacher_pdf_gloss,historical_partial_2010_2022,22,2010:（新课标Ⅰ）;2010:（新课标Ⅱ）;2011:（全国卷ii）;2011:（新课标）;2012:（新课标）;2013:（新课标ii）;2013:（新课标Ⅰ）;2015:（新课标Ⅰ）;2015:（新课标ⅱ）;2016:（新课标ⅱ）;2016:（新课标ⅲ）;2017:（新课标Ⅰ）;2017:（新课标ⅱ）;2017:（新课标ⅲ）;2018:（新课标Ⅰ）;2018:（新课标ⅱ）;2018:（新课标ⅲ）;2019:（新课标Ⅲ）;2020:（新课标Ⅰ）;2020:（新课标Ⅱ）;2021:（解析版）;2022:（全国乙卷）
eat,eat,junior,1200,ipa-dict(en_US/CMUdict),corroborated,ECDICT,teacher_pdf_gloss,historical_partial_2010_2022,19,2010:（新课标Ⅰ）;2010:（新课标Ⅱ）;2011:（全国卷ii）;2011:（新课标）;2012:（新课标）;2014:（新课标ⅱ）;2015:（新课标Ⅰ）;2015:（新课标ⅱ）;2016:（新课标Ⅰ）;2016:（新课标ⅲ）;2017:（新课标Ⅰ）;2018:（新课标Ⅰ）;2018:（新课标ⅱ）;2019:（新课标Ⅱ）;2019:（新课标Ⅲ）;2020:（新课标Ⅰ）;2020:（新课标Ⅲ）;2022:（全国乙卷）;2022:（全国甲卷）
ecology,ecology**,selective_required,1204,ipa-dict(en_US/CMUdict),corroborated,ECDICT,teacher_pdf_gloss,historical_partial_2010_2022,1,2017:（新课标ⅲ）
economic,economic**,selective_required,,ipa-dict(en_US/CMUdict),corroborated,ECDICT,ECDICT,historical_partial_2010_2022,1,2010:（新课标Ⅰ）
edge,edge**,selective_required,1205,ipa-dict(en_US/CMUdict),corroborated,ECDICT,teacher_pdf_gloss,historical_partial_2010_2022,6,2010:（新课标Ⅰ）;2012:（新课标）;2014:（新课标ⅱ）;2016:（新课标ⅲ）;2017:（新课标Ⅰ）;2022:（全国甲卷）
edition,,extension,1206,ipa-dict(en_US/CMUdict),corroborated,ECDICT,teacher_pdf_gloss,historical_partial_2010_2022,0,
editor,editor*,required,1207,ipa-dict(en_US/CMUdict),corroborated,ECDICT,teacher_pdf_gloss,historical_partial_2010_2022,2,2020:（新课标Ⅰ）;2022:（全国乙卷）
educate,,extension,1208,ipa-dict(en_US/CMUdict),corroborated,ECDICT,teacher_pdf_gloss,historical_partial_2010_2022,5,2011:（新课标）;2014:（新课标ⅱ）;2016:（新课标Ⅰ）;2017:（新课标ⅲ）;2021:（新课标Ⅰ）
education,education,junior,1210,ipa-dict(en_US/CMUdict),corroborated,ECDICT,teacher_pdf_gloss,historical_partial_2010_2022,14,2010:（新课标Ⅰ）;2011:（新课标）;2013:（新课标Ⅰ）;2014:（新课标Ⅰ）;2014:（新课标ⅱ）;2015:（新课标Ⅰ）;2015:（新课标ⅱ）;2016:（新课标Ⅰ）;2017:（新课标Ⅰ）;2018:（新课标Ⅰ）;2019:（新课标Ⅱ）;2019:（新课标Ⅲ）;2020:（新课标Ⅱ）;2022:（全国乙卷）
educator,educator**,selective_required,1209,ipa-dict(en_US/CMUdict),corroborated,ECDICT,teacher_pdf_gloss,historical_partial_2010_2022,1,2012:（新课标）
effect,effect*,required,1211,ipa-dict(en_US/CMUdict),corroborated,ECDICT,teacher_pdf_gloss,historical_partial_2010_2022,13,2010:（新课标Ⅰ）;2010:（新课标Ⅱ）;2013:（新课标Ⅰ）;2015:（新课标ⅱ）;2016:（新课标Ⅰ）;2017:（新课标Ⅰ）;2017:（新课标ⅱ）;2017:（新课标ⅲ）;2018:（新课标Ⅰ）;2018:（新课标ⅱ）;2019:（新课标Ⅰ）;2020:（新课标Ⅰ）;2021:（新课标Ⅰ）
efficient,efficient**,selective_required,,ipa-dict(en_US/CMUdict),corroborated,ECDICT,ECDICT,historical_partial_2010_2022,1,2022:（全国乙卷）
effort,effort*,required,1212,ipa-dict(en_US/CMUdict),corroborated,ECDICT,teacher_pdf_gloss,historical_partial_2010_2022,17,2010:（新课标Ⅱ）;2012:（新课标）;2014:（新课标Ⅰ）;2014:（新课标ⅱ）;2016:（新课标Ⅰ）;2016:（新课标ⅱ）;2017:（新课标Ⅰ）;2017:（新课标ⅲ）;2018:（新课标Ⅰ）;2018:（新课标ⅲ）;2019:（新课标Ⅰ）;2019:（新课标Ⅱ）;2019:（新课标Ⅲ）;2020:（新课标Ⅰ）;2020:（新课标Ⅱ）;2022:（全国乙卷）;2022:（全国甲卷）
egg,egg,junior,1213,ipa-dict(en_US/CMUdict),corroborated,ECDICT,teacher_pdf_gloss,historical_partial_2010_2022,5,2011:（新课标）;2013:（新课标Ⅰ）;2015:（新课标Ⅰ）;2020:（新课标Ⅰ）;2020:（新课标Ⅲ）
eight,eight,junior,1217,ipa-dict(en_US/CMUdict),corroborated,curated_function_words,teacher_pdf_gloss,historical_partial_2010_2022,7,2010:（新课标Ⅱ）;2011:（全国卷ii）;2013:（新课标ii）;2017:（新课标ⅱ）;2018:（新课标Ⅰ）;2019:（新课标Ⅰ）;2022:（全国甲卷）
eighteen,eighteen,junior,1218,ipa-dict(en_US/CMUdict),corroborated,curated_function_words,teacher_pdf_gloss,historical_partial_2010_2022,1,2017:（新课标Ⅰ）
eighth,eighth,junior,1219,ipa-dict(en_US/CMUdict),corroborated,ECDICT,teacher_pdf_gloss,historical_partial_2010_2022,0,
eighty,eighty,junior,1220,ipa-dict(en_US/CMUdict),corroborated,curated_function_words,teacher_pdf_gloss,historical_partial_2010_2022,0,
either,either,junior,,ipa-dict(en_US/CMUdict),corroborated,curated_function_words,ECDICT,historical_partial_2010_2022,9,2010:（新课标Ⅱ）;2011:（全国卷ii）;2011:（新课标）;2012:（新课标）;2013:（新课标ii）;2013:（新课标Ⅰ）;2014:（新课标Ⅰ）;2017:（新课标ⅲ）;2019:（新课标Ⅱ）
elaborate,,extension,,curated_homograph_override,curated,ECDICT,curated_override,historical_partial_2010_2022,0,
elder,elder,junior,1223,ipa-dict(en_US/CMUdict),corroborated,ECDICT,teacher_pdf_gloss,historical_partial_2010_2022,2,2016:（新课标Ⅰ）;2017:（新课标ⅲ）
elderly,elderly**,selective_required,,ipa-dict(en_US/CMUdict),corroborated,ECDICT,ECDICT,historical_partial_2010_2022,4,2010:（新课标Ⅰ）;2014:（新课标ⅱ）;2018:（新课标Ⅰ）;2020:（新课标Ⅲ）
elect,,extension,1224,ipa-dict(en_US/CMUdict),corroborated,ECDICT,teacher_pdf_gloss,historical_partial_2010_2022,0,
election,election**,selective_required,,ipa-dict(en_US/CMUdict),corroborated,ECDICT,ECDICT,historical_partial_2010_2022,0,
electric,,extension,1225,ipa-dict(en_US/CMUdict),corroborated,ECDICT,teacher_pdf_gloss,historical_partial_2010_2022,3,2015:（新课标ⅱ）;2016:（新课标ⅱ）;2017:（新课标ⅲ）
electrical,,extension,1226,ipa-dict(en_US/CMUdict),corroborated,ECDICT,teacher_pdf_gloss,historical_partial_2010_2022,1,2022:（全国乙卷）
electricity,electricity*,required,1227,ipa-dict(en_US/CMUdict),corroborated,ECDICT,teacher_pdf_gloss,historical_partial_2010_2022,3,2010:（新课标Ⅱ）;2018:（新课标Ⅰ）;2020:（新课标Ⅰ）
electronic,electronic,junior,1228,ipa-dict(en_US/CMUdict),corroborated,ECDICT,teacher_pdf_gloss,historical_partial_2010_2022,3,2016:（新课标ⅱ）;2018:（新课标Ⅰ）;2018:（新课标ⅱ）
elegant,elegant**,selective_required,1229,ipa-dict(en_US/CMUdict),corroborated,ECDICT,teacher_pdf_gloss,historical_partial_2010_2022,2,2016:（新课标ⅲ）;2022:（全国甲卷）
element,element*,required,,ipa-dict(en_US/CMUdict),corroborated,ECDICT,ECDICT,historical_partial_2010_2022,1,2018:（新课标ⅲ）
elephant,elephant,junior,1230,ipa-dict(en_US/CMUdict),corroborated,ECDICT,teacher_pdf_gloss,historical_partial_2010_2022,3,2011:（全国卷ii）;2016:（新课标Ⅰ）;2020:（新课标Ⅲ）
eleven,eleven,junior,1231,ipa-dict(en_US/CMUdict),corroborated,curated_function_words,teacher_pdf_gloss,historical_partial_2010_2022,0,
else,else,junior,1232,ipa-dict(en_US/CMUdict),corroborated,ECDICT,teacher_pdf_gloss,historical_partial_2010_2022,12,2010:（新课标Ⅱ）;2011:（全国卷ii）;2013:（新课标ii）;2014:（新课标ⅱ）;2015:（新课标ⅱ）;2016:（新课标ⅲ）;2017:（新课标ⅱ）;2017:（新课标ⅲ）;2018:（新课标ⅲ）;2019:（新课标Ⅱ）;2022:（全国乙卷）;2022:（全国甲卷）
elsewhere,elsewhere**,selective_required,,ipa-dict(en_US/CMUdict),corroborated,ECDICT,ECDICT,historical_partial_2010_2022,2,2011:（新课标）;2018:（新课标ⅲ）
email,email,junior,,ipa-dict(en_US/CMUdict),corroborated,ECDICT,ECDICT,historical_partial_2010_2022,5,2010:（新课标Ⅱ）;2018:（新课标ⅱ）;2019:（新课标Ⅱ）;2019:（新课标Ⅲ）;2020:（新课标Ⅱ）
embarrassed,embarrassed**,selective_required,,ipa-dict(en_US/CMUdict),corroborated,ECDICT,ECDICT,historical_partial_2010_2022,2,2017:（新课标Ⅰ）;2020:（新课标Ⅲ）
embassy,,extension,1235,ipa-dict(en_US/CMUdict),corroborated,ECDICT,teacher_pdf_gloss,historical_partial_2010_2022,0,
emerge,emerge**,selective_required,,ipa-dict(en_US/CMUdict),corroborated,ECDICT,ECDICT,historical_partial_2010_2022,0,
emergency,emergency**,selective_required,1236,ipa-dict(en_US/CMUdict),corroborated,ECDICT,teacher_pdf_gloss,historical_partial_2010_2022,3,2016:（新课标Ⅰ）;2016:（新课标ⅱ）;2021:（新课标Ⅰ）
emotion,emotion**,selective_required,,ipa-dict(en_US/CMUdict),corroborated,ECDICT,ECDICT,historical_partial_2010_2022,1,2017:（新课标Ⅰ）
emperor,emperor**,selective_required,1237,ipa-dict(en_US/CMUdict),corroborated,ECDICT,teacher_pdf_gloss,historical_partial_2010_2022,1,2020:（新课标Ⅲ）
emphasis,emphasis**,selective_required,,ipa-dict(en_US/CMUdict),corroborated,ECDICT,ECDICT,historical_partial_2010_2022,0,
empire,,extension,1238,ipa-dict(en_US/CMUdict),corroborated,ECDICT,teacher_pdf_gloss,historical_partial_2010_2022,0,
employ,employ**,selective_required,1239,ipa-dict(en_US/CMUdict),corroborated,ECDICT,teacher_pdf_gloss,historical_partial_2010_2022,3,2011:（新课标）;2013:（新课标ii）;2019:（新课标Ⅰ）
empty,empty,junior,1240,ipa-dict(en_US/CMUdict),corroborated,ECDICT,teacher_pdf_gloss,historical_partial_2010_2022,5,2011:（新课标）;2016:（新课标Ⅰ）;2018:（新课标ⅲ）;2019:（新课标Ⅲ）;2022:（全国甲卷）
enable,enable*,required,,ipa-dict(en_US/CMUdict),corroborated,ECDICT,ECDICT,historical_partial_2010_2022,3,2016:（新课标Ⅰ）;2019:（新课标Ⅱ）;2020:（新课标Ⅱ）
encounter,encounter**,selective_required,,ipa-dict(en_US/CMUdict),corroborated,ECDICT,ECDICT,historical_partial_2010_2022,0,
encourage,encourage,junior,1241,ipa-dict(en_US/CMUdict),corroborated,ECDICT,teacher_pdf_gloss,historical_partial_2010_2022,17,2010:（新课标Ⅱ）;2011:（全国卷ii）;2013:（新课标ii）;2013:（新课标Ⅰ）;2014:（新课标Ⅰ）;2015:（新课标Ⅰ）;2015:（新课标ⅱ）;2016:（新课标Ⅰ）;2016:（新课标ⅱ）;2017:（新课标Ⅰ）;2018:（新课标ⅱ）;2018:（新课标ⅲ）;2019:（新课标Ⅱ）;2020:（新课标Ⅱ）;2020:（新课标Ⅲ）;2021:（新课标Ⅰ）;2022:（全国乙卷）
encouragement,,extension,1242,ipa-dict(en_US/CMUdict),corroborated,ECDICT,teacher_pdf_gloss,historical_partial_2010_2022,0,
end,end,junior,1243,ipa-dict(en_US/CMUdict),corroborated,ECDICT,teacher_pdf_gloss,historical_partial_2010_2022,24,2010:（新课标Ⅰ）;2010:（新课标Ⅱ）;2011:（全国卷ii）;2011:（新课标）;2012:（新课标）;2013:（新课标ii）;2013:（新课标Ⅰ）;2014:（新课标Ⅰ）;2014:（新课标ⅱ）;2015:（新课标Ⅰ）;2015:（新课标ⅱ）;2017:（新课标Ⅰ）;2017:（新课标ⅱ）;2017:（新课标ⅲ）;2018:（新课标Ⅰ）;2018:（新课标ⅱ）;2019:（新课标Ⅰ）;2019:（新课标Ⅱ）;2019:（新课标Ⅲ）;2020:（新课标Ⅱ）;2020:（新课标Ⅲ）;2021:（解析版）;2022:（全国乙卷）;2022:（全国甲卷）
endless,,extension,1245,ipa-dict(en_US/CMUdict),corroborated,ECDICT,teacher_pdf_gloss,historical_partial_2010_2022,1,2021:（解析版）
enemy,enemy,junior,1246,ipa-dict(en_US/CMUdict),corroborated,ECDICT,teacher_pdf_gloss,historical_partial_2010_2022,3,2010:（新课标Ⅰ）;2012:（新课标）;2017:（新课标ⅱ）
energetic,energetic*,required,1247,ipa-dict(en_US/CMUdict),corroborated,ECDICT,teacher_pdf_gloss,historical_partial_2010_2022,0,
energy,energy*,required,1248,ipa-dict(en_US/CMUdict),corroborated,ECDICT,teacher_pdf_gloss,historical_partial_2010_2022,3,2014:（新课标ⅱ）;2018:（新课标Ⅰ）;2020:（新课标Ⅰ）
engage,engage**,selective_required,,ipa-dict(en_US/CMUdict),corroborated,ECDICT,ECDICT,historical_partial_2010_2022,1,2019:（新课标Ⅰ）
engine,engine*,required,1249,ipa-dict(en_US/CMUdict),corroborated,ECDICT,teacher_pdf_gloss,historical_partial_2010_2022,3,2017:（新课标ⅱ）;2017:（新课标ⅲ）;2022:（全国甲卷）
engineer,engineer,junior,1250,ipa-dict(en_US/CMUdict),corroborated,ECDICT,teacher_pdf_gloss,historical_partial_2010_2022,7,2015:（新课标Ⅰ）;2015:（新课标ⅱ）;2017:（新课标ⅱ）;2017:（新课标ⅲ）;2019:（新课标Ⅱ）;2020:（新课标Ⅰ）;2022:（全国乙卷）
england,England,junior,1251,ipa-dict(en_US/CMUdict),corroborated,ECDICT,teacher_pdf_gloss,historical_partial_2010_2022,2,2015:（新课标ⅱ）;2018:（新课标ⅱ）
english,English,junior,1252,ipa-dict(en_US/CMUdict),corroborated,ECDICT,teacher_pdf_gloss,historical_partial_2010_2022,10,2010:（新课标Ⅰ）;2010:（新课标Ⅱ）;2011:（全国卷ii）;2014:（新课标Ⅰ）;2014:（新课标ⅱ）;2018:（新课标Ⅰ）;2019:（新课标Ⅰ）;2019:（新课标Ⅱ）;2022:（全国乙卷）;2022:（全国甲卷）
enhance,enhance**,selective_required,,ipa-dict(en_US/CMUdict),corroborated,ECDICT,ECDICT,historical_partial_2010_2022,0,
enjoy,enjoy,junior,1254,ipa-dict(en_US/CMUdict),corroborated,ECDICT,teacher_pdf_gloss,historical_partial_2010_2022,23,2010:（新课标Ⅰ）;2010:（新课标Ⅱ）;2011:（全国卷ii）;2012:（新课标）;2013:（新课标ii）;2013:（新课标Ⅰ）;2016:（新课标ⅱ）;2016:（新课标ⅲ）;2017:（新课标Ⅰ）;2017:（新课标ⅱ）;2017:（新课标ⅲ）;2018:（新课标Ⅰ）;2018:（新课标ⅱ）;2018:（新课标ⅲ）;2019:（新课标Ⅰ）;2019:（新课标Ⅲ）;2020:（新课标Ⅰ）;2020:（新课标Ⅱ）;2020:（新课标Ⅲ）;2021:（新课标Ⅰ）;2021:（解析版）;2022:（全国乙卷）;2022:（全国甲卷）
enormous,enormous**,selective_required,,ipa-dict(en_US/CMUdict),corroborated,ECDICT,ECDICT,historical_partial_2010_2022,0,
enough,enough,junior,,ipa-dict(en_US/CMUdict),corroborated,ECDICT,ECDICT,historical_partial_2010_2022,21,2010:（新课标Ⅰ）;2010:（新课标Ⅱ）;2011:（新课标）;2012:（新课标）;2013:（新课标ii）;2013:（新课标Ⅰ）;2015:（新课标ⅱ）;2016:（新课标Ⅰ）;2017:（新课标Ⅰ）;2017:（新课标ⅱ）;2018:（新课标Ⅰ）;2018:（新课标ⅱ）;2018:（新课标ⅲ）;2019:（新课标Ⅰ）;2019:（新课标Ⅱ）;2019:（新课标Ⅲ）;2020:（新课标Ⅰ）;2020:（新课标Ⅲ）;2021:（新课标Ⅰ）;2021:（解析版）;2022:（全国甲卷）
enquiry,,extension,1258,ipa-dict(en_US/CMUdict),corroborated,ECDICT,teacher_pdf_gloss,historical_partial_2010_2022,0,
ensure,ensure*,required,,ipa-dict(en_US/CMUdict),corroborated,ECDICT,ECDICT,historical_partial_2010_2022,3,2017:（新课标ⅲ）;2020:（新课标Ⅰ）;2022:（全国甲卷）
enter,enter,junior,1259,ipa-dict(en_US/CMUdict),corroborated,ECDICT,teacher_pdf_gloss,historical_partial_2010_2022,13,2010:（新课标Ⅰ）;2011:（全国卷ii）;2012:（新课标）;2014:（新课标Ⅰ）;2014:（新课标ⅱ）;2015:（新课标Ⅰ）;2015:（新课标ⅱ）;2017:（新课标ⅱ）;2017:（新课标ⅲ）;2018:（新课标Ⅰ）;2018:（新课标ⅱ）;2021:（新课标Ⅰ）;2021:（解析版）
enterprise,enterprise**,selective_required,1260,ipa-dict(en_US/CMUdict),corroborated,ECDICT,teacher_pdf_gloss,historical_partial_2010_2022,1,2011:（新课标）
entertainment,entertainment**,selective_required,1261,ipa-dict(en_US/CMUdict),corroborated,ECDICT,teacher_pdf_gloss,historical_partial_2010_2022,8,2013:（新课标Ⅰ）;2017:（新课标Ⅰ）;2018:（新课标Ⅰ）;2018:（新课标ⅲ）;2019:（新课标Ⅲ）;2020:（新课标Ⅱ）;2020:（新课标Ⅲ）;2022:（全国甲卷）
enthusiastic,enthusiastic**,selective_required,1262,ipa-dict(en_US/CMUdict),corroborated,ECDICT,teacher_pdf_gloss,historical_partial_2010_2022,1,2020:（新课标Ⅱ）
entire,,extension,1263,ipa-dict(en_US/CMUdict),corroborated,ECDICT,teacher_pdf_gloss,historical_partial_2010_2022,4,2013:（新课标Ⅰ）;2017:（新课标Ⅰ）;2020:（新课标Ⅱ）;2021:（解析版）
entirely,entirely*,required,,ipa-dict(en_US/CMUdict),corroborated,ECDICT,ECDICT,historical_partial_2010_2022,1,2022:（全国甲卷）
entitle,entitle**,selective_required,,ipa-dict(en_US/CMUdict),corroborated,ECDICT,ECDICT,historical_partial_2010_2022,0,
entrance,entrance*,required,1264,ipa-dict(en_US/CMUdict),corroborated,ECDICT,teacher_pdf_gloss,historical_partial_2010_2022,6,2013:（新课标Ⅰ）;2015:（新课标ⅱ）;2017:（新课标Ⅰ）;2020:（新课标Ⅰ）;2021:（新课标Ⅰ）;2022:（全国乙卷）
entry,entry**,selective_required,1265,ipa-dict(en_US/CMUdict),corroborated,ECDICT,teacher_pdf_gloss,historical_partial_2010_2022,5,2014:（新课标Ⅰ）;2015:（新课标ⅱ）;2016:（新课标ⅱ）;2021:（解析版）;2022:（全国乙卷）
envelope,envelope*,required,1266,ipa-dict(en_US/CMUdict),corroborated,ECDICT,teacher_pdf_gloss,historical_partial_2010_2022,3,2017:（新课标ⅱ）;2019:（新课标Ⅰ）;2020:（新课标Ⅱ）
environment,environment,junior,1267,ipa-dict(en_US/CMUdict),corroborated,ECDICT,teacher_pdf_gloss,historical_partial_2010_2022,14,2013:（新课标Ⅰ）;2014:（新课标Ⅰ）;2014:（新课标ⅱ）;2015:（新课标Ⅰ）;2015:（新课标ⅱ）;2018:（新课标Ⅰ）;2018:（新课标ⅱ）;2018:（新课标ⅲ）;2019:（新课标Ⅰ）;2019:（新课标Ⅲ）;2020:（新课标Ⅱ）;2021:（新课标Ⅰ）;2021:（解析版）;2022:（全国乙卷）
envy,envy**,selective_required,1268,ipa-dict(en_US/CMUdict),corroborated,ECDICT,teacher_pdf_gloss,historical_partial_2010_2022,0,
ephemeral,,extension,,ipa-dict(en_US/CMUdict),corroborated,ECDICT,curated_override,historical_partial_2010_2022,0,
episode,episode**,selective_required,,ipa-dict(en_US/CMUdict),corroborated,ECDICT,ECDICT,historical_partial_2010_2022,0,
equal,equal*,required,1269,ipa-dict(en_US/CMUdict),corroborated,ECDICT,teacher_pdf_gloss,historical_partial_2010_2022,2,2014:（新课标Ⅰ）;2019:（新课标Ⅱ）
equality,,extension,1270,ipa-dict(en_US/CMUdict),corroborated,ECDICT,teacher_pdf_gloss,historical_partial_2010_2022,0,
equator,equator**,selective_required,,ipa-dict(en_US/CMUdict),corroborated,ECDICT,ECDICT,historical_partial_2010_2022,0,
equip,,extension,1271,ipa-dict(en_US/CMUdict),corroborated,ECDICT,teacher_pdf_gloss,historical_partial_2010_2022,1,2018:（新课标Ⅰ）
equipment,equipment*,required,1272,ipa-dict(en_US/CMUdict),corroborated,ECDICT,teacher_pdf_gloss,historical_partial_2010_2022,8,2010:（新课标Ⅱ）;2013:（新课标Ⅰ）;2014:（新课标ⅱ）;2015:（新课标ⅱ）;2017:（新课标Ⅰ）;2017:（新课标ⅲ）;2019:（新课标Ⅰ）;2021:（解析版）
era,era**,selective_required,,ipa-dict(en_US/CMUdict),corroborated,ECDICT,ECDICT,historical_partial_2010_2022,0,
eraser,eraser,junior,1273,ipa-dict(en_US/CMUdict),corroborated,ECDICT,teacher_pdf_gloss,historical_partial_2010_2022,0,
error,error*,required,1274,ipa-dict(en_US/CMUdict),corroborated,ECDICT,teacher_pdf_gloss,historical_partial_2010_2022,2,2019:（新课标Ⅰ）;2022:（全国甲卷）
erupt,erupt*,required,1275,ipa-dict(en_US/CMUdict),corroborated,ECDICT,teacher_pdf_gloss,historical_partial_2010_2022,0,
escape,escape*,required,1276,ipa-dict(en_US/CMUdict),corroborated,ECDICT,teacher_pdf_gloss,historical_partial_2010_2022,6,2014:（新课标Ⅰ）;2014:（新课标ⅱ）;2019:（新课标Ⅱ）;2021:（新课标Ⅰ）;2021:（解析版）;2022:（全国乙卷）
especially,especially,junior,1277,ipa-dict(en_US/CMUdict),corroborated,ECDICT,teacher_pdf_gloss,historical_partial_2010_2022,11,2010:（新课标Ⅱ）;2012:（新课标）;2013:（新课标ii）;2014:（新课标ⅱ）;2015:（新课标ⅱ）;2016:（新课标Ⅰ）;2016:（新课标ⅲ）;2018:（新课标Ⅰ）;2018:（新课标ⅱ）;2019:（新课标Ⅰ）;2021:（解析版）
essay,essay**,selective_required,1278,ipa-dict(en_US/CMUdict),corroborated,ECDICT,teacher_pdf_gloss,historical_partial_2010_2022,0,
essential,essential**,selective_required,,ipa-dict(en_US/CMUdict),corroborated,ECDICT,ECDICT,historical_partial_2010_2022,0,
establish,establish*,required,,ipa-dict(en_US/CMUdict),corroborated,ECDICT,ECDICT,historical_partial_2010_2022,0,
estate,estate**,selective_required,,ipa-dict(en_US/CMUdict),corroborated,ECDICT,ECDICT,historical_partial_2010_2022,0,
estimate,estimate**,selective_required,,ipa-dict(en_US/CMUdict),corroborated,ECDICT,ECDICT,historical_partial_2010_2022,0,
europe,Europe,junior,,ipa-dict(en_US/CMUdict),corroborated,ECDICT,ECDICT,historical_partial_2010_2022,4,2010:（新课标Ⅱ）;2013:（新课标ii）;2018:（新课标Ⅰ）;2020:（新课标Ⅲ）
european,European,junior,1280,ipa-dict(en_US/CMUdict),corroborated,ECDICT,teacher_pdf_gloss,historical_partial_2010_2022,4,2012:（新课标）;2013:（新课标Ⅰ）;2021:（解析版）;2022:（全国乙卷）
evaluate,evaluate**,selective_required,1281,ipa-dict(en_US/CMUdict),corroborated,ECDICT,teacher_pdf_gloss,historical_partial_2010_2022,5,2016:（新课标Ⅰ）;2017:（新课标ⅲ）;2018:（新课标Ⅰ）;2019:（新课标Ⅱ）;2020:（新课标Ⅰ）
eve,eve*,required,,ipa-dict(en_US/CMUdict),corroborated,ECDICT,ECDICT,historical_partial_2010_2022,0,
even,even,junior,1282,ipa-dict(en_US/CMUdict),corroborated,ECDICT,teacher_pdf_gloss,historical_partial_2010_2022,26,2010:（新课标Ⅰ）;2011:（全国卷ii）;2011:（新课标）;2012:（新课标）;2013:（新课标Ⅰ）;2014:（新课标Ⅰ）;2014:（新课标ⅱ）;2015:（新课标Ⅰ）;2015:（新课标ⅱ）;2016:（新课标Ⅰ）;2016:（新课标ⅱ）;2016:（新课标ⅲ）;2017:（新课标Ⅰ）;2017:（新课标ⅱ）;2018:（新课标Ⅰ）;2018:（新课标ⅱ）;2018:（新课标ⅲ）;2019:（新课标Ⅰ）;2019:（新课标Ⅱ）;2020:（新课标Ⅰ）;2020:（新课标Ⅱ）;2020:（新课标Ⅲ）;2021:（新课标Ⅰ）;2021:（解析版）;2022:（全国乙卷）;2022:（全国甲卷）
evening,evening,junior,1283,ipa-dict(en_US/CMUdict),corroborated,ECDICT,teacher_pdf_gloss,historical_partial_2010_2022,8,2010:（新课标Ⅱ）;2011:（全国卷ii）;2014:（新课标ⅱ）;2015:（新课标Ⅰ）;2016:（新课标ⅱ）;2016:（新课标ⅲ）;2018:（新课标Ⅰ）;2018:（新课标ⅱ）
event,event*,required,1284,ipa-dict(en_US/CMUdict),corroborated,ECDICT,teacher_pdf_gloss,historical_partial_2010_2022,14,2010:（新课标Ⅱ）;2011:（全国卷ii）;2012:（新课标）;2013:（新课标ii）;2016:（新课标ⅲ）;2017:（新课标Ⅰ）;2017:（新课标ⅱ）;2018:（新课标ⅲ）;2019:（新课标Ⅲ）;2020:（新课标Ⅰ）;2020:（新课标Ⅱ）;2021:（新课标Ⅰ）;2021:（解析版）;2022:（全国乙卷）
eventually,eventually*,required,1285,ipa-dict(en_US/CMUdict),corroborated,ECDICT,teacher_pdf_gloss,historical_partial_2010_2022,7,2017:（新课标ⅱ）;2018:（新课标Ⅰ）;2019:（新课标Ⅱ）;2020:（新课标Ⅰ）;2020:（新课标Ⅱ）;2021:（新课标Ⅰ）;2022:（全国甲卷）
ever,ever,junior,1286,ipa-dict(en_US/CMUdict),corroborated,ECDICT,teacher_pdf_gloss,historical_partial_2010_2022,14,2012:（新课标）;2013:（新课标ii）;2014:（新课标Ⅰ）;2015:（新课标ⅱ）;2016:（新课标Ⅰ）;2016:（新课标ⅱ）;2017:（新课标ⅱ）;2018:（新课标ⅱ）;2018:（新课标ⅲ）;2019:（新课标Ⅰ）;2019:（新课标Ⅱ）;2020:（新课标Ⅲ）;2021:（新课标Ⅰ）;2022:（全国甲卷）
every,every,junior,1287,ipa-dict(en_US/CMUdict),corroborated,ECDICT,teacher_pdf_gloss,historical_partial_2010_2022,23,2010:（新课标Ⅰ）;2010:（新课标Ⅱ）;2011:（全国卷ii）;2011:（新课标）;2012:（新课标）;2013:（新课标ii）;2013:（新课标Ⅰ）;2014:（新课标ⅱ）;2015:（新课标Ⅰ）;2016:（新课标Ⅰ）;2016:（新课标ⅱ）;2017:（新课标Ⅰ）;2017:（新课标ⅱ）;2018:（新课标Ⅰ）;2018:（新课标ⅱ）;2019:（新课标Ⅰ）;2020:（新课标Ⅰ）;2020:（新课标Ⅱ）;2020:（新课标Ⅲ）;2021:（新课标Ⅰ）;2021:（解析版）;2022:（全国乙卷）;2022:（全国甲卷）
everybody,everybody,junior,,ipa-dict(en_US/CMUdict),corroborated,curated_function_words,ECDICT,historical_partial_2010_2022,5,2010:（新课标Ⅰ）;2010:（新课标Ⅱ）;2012:（新课标）;2018:（新课标Ⅰ）;2019:（新课标Ⅰ）
everyday,everyday,junior,1288,ipa-dict(en_US/CMUdict),corroborated,ECDICT,teacher_pdf_gloss,historical_partial_2010_2022,1,2020:（新课标Ⅱ）
everyone,everyone,junior,1289,ipa-dict(en_US/CMUdict),corroborated,curated_function_words,teacher_pdf_gloss,historical_partial_2010_2022,18,2010:（新课标Ⅱ）;2012:（新课标）;2013:（新课标ii）;2014:（新课标ⅱ）;2015:（新课标ⅱ）;2016:（新课标Ⅰ）;2016:（新课标ⅱ）;2016:（新课标ⅲ）;2017:（新课标Ⅰ）;2017:（新课标ⅲ）;2018:（新课标ⅲ）;2019:（新课标Ⅰ）;2019:（新课标Ⅱ）;2019:（新课标Ⅲ）;2020:（新课标Ⅱ）;2020:（新课标Ⅲ）;2021:（新课标Ⅰ）;2021:（解析版）
everything,everything,junior,1290,ipa-dict(en_US/CMUdict),corroborated,curated_function_words,teacher_pdf_gloss,historical_partial_2010_2022,14,2010:（新课标Ⅰ）;2011:（全国卷ii）;2011:（新课标）;2012:（新课标）;2015:（新课标Ⅰ）;2016:（新课标Ⅰ）;2016:（新课标ⅱ）;2016:（新课标ⅲ）;2018:（新课标ⅱ）;2018:（新课标ⅲ）;2020:（新课标Ⅰ）;2020:（新课标Ⅱ）;2020:（新课标Ⅲ）;2021:（新课标Ⅰ）
everywhere,everywhere,junior,1291,ipa-dict(en_US/CMUdict),corroborated,ECDICT,teacher_pdf_gloss,historical_partial_2010_2022,6,2010:（新课标Ⅱ）;2011:（新课标）;2016:（新课标ⅲ）;2018:（新课标ⅲ）;2021:（解析版）;2022:（全国甲卷）
evidence,evidence**,selective_required,1292,ipa-dict(en_US/CMUdict),corroborated,ECDICT,teacher_pdf_gloss,historical_partial_2010_2022,7,2015:（新课标ⅱ）;2016:（新课标Ⅰ）;2018:（新课标Ⅰ）;2018:（新课标ⅱ）;2018:（新课标ⅲ）;2019:（新课标Ⅰ）;2022:（全国乙卷）
evident,,extension,1293,ipa-dict(en_US/CMUdict),corroborated,ECDICT,teacher_pdf_gloss,historical_partial_2010_2022,1,2019:（新课标Ⅰ）
evolution,,extension,1294,ipa-dict(en_US/CMUdict),corroborated,ECDICT,teacher_pdf_gloss,historical_partial_2010_2022,3,2014:（新课标Ⅰ）;2018:（新课标Ⅰ）;2020:（新课标Ⅲ）
exact,,extension,1295,ipa-dict(en_US/CMUdict),corroborated,ECDICT,teacher_pdf_gloss,historical_partial_2010_2022,2,2014:（新课标ⅱ）;2019:（新课标Ⅲ）
exactly,exactly,junior,1296,ipa-dict(en_US/CMUdict),corroborated,ECDICT,teacher_pdf_gloss,historical_partial_2010_2022,4,2011:（全国卷ii）;2015:（新课标ⅱ）;2020:（新课标Ⅲ）;2022:（全国乙卷）
exam,exam (examination),junior,1297,ipa-dict(en_US/CMUdict),corroborated,ECDICT,teacher_pdf_gloss,historical_partial_2010_2022,2,2012:（新课标）;2015:（新课标ⅱ）
examine,examine**,selective_required,1298,ipa-dict(en_US/CMUdict),corroborated,ECDICT,teacher_pdf_gloss,historical_partial_2010_2022,7,2010:（新课标Ⅰ）;2011:（全国卷ii）;2017:（新课标Ⅰ）;2019:（新课标Ⅰ）;2019:（新课标Ⅲ）;2021:（新课标Ⅰ）;2022:（全国乙卷）
example,example,junior,1299,ipa-dict(en_US/CMUdict),corroborated,ECDICT,teacher_pdf_gloss,historical_partial_2010_2022,17,2010:（新课标Ⅰ）;2010:（新课标Ⅱ）;2011:（全国卷ii）;2012:（新课标）;2013:（新课标Ⅰ）;2014:（新课标Ⅰ）;2014:（新课标ⅱ）;2015:（新课标Ⅰ）;2016:（新课标Ⅰ）;2016:（新课标ⅲ）;2017:（新课标ⅲ）;2018:（新课标ⅱ）;2018:（新课标ⅲ）;2019:（新课标Ⅱ）;2019:（新课标Ⅲ）;2020:（新课标Ⅰ）;2020:（新课标Ⅲ）
excellent,excellent,junior,1300,ipa-dict(en_US/CMUdict),corroborated,ECDICT,teacher_pdf_gloss,historical_partial_2010_2022,7,2011:（全国卷ii）;2011:（新课标）;2016:（新课标ⅱ）;2017:（新课标Ⅰ）;2018:（新课标ⅱ）;2018:（新课标ⅲ）;2019:（新课标Ⅱ）
except,except,junior,1301,ipa-dict(en_US/CMUdict),corroborated,curated_function_words,teacher_pdf_gloss,historical_partial_2010_2022,4,2011:（新课标）;2015:（新课标Ⅰ）;2019:（新课标Ⅰ）;2021:（解析版）
exceptional,exceptional**,selective_required,,ipa-dict(en_US/CMUdict),corroborated,ECDICT,ECDICT,historical_partial_2010_2022,1,2020:（新课标Ⅲ）
exchange,exchange*,required,1302,ipa-dict(en_US/CMUdict),corroborated,ECDICT,teacher_pdf_gloss,historical_partial_2010_2022,3,2017:（新课标ⅱ）;2018:（新课标ⅲ）;2022:（全国乙卷）
excited,excited,junior,,ipa-dict(en_US/CMUdict),corroborated,ECDICT,curated_override,historical_partial_2010_2022,9,2013:（新课标Ⅰ）;2014:（新课标Ⅰ）;2014:（新课标ⅱ）;2017:（新课标Ⅰ）;2018:（新课标Ⅰ）;2018:（新课标ⅱ）;2020:（新课标Ⅲ）;2021:（解析版）;2022:（全国甲卷）
exciting,exciting,junior,,ipa-dict(en_US/CMUdict),corroborated,ECDICT,ECDICT,historical_partial_2010_2022,10,2010:（新课标Ⅰ）;2011:（全国卷ii）;2011:（新课标）;2012:（新课标）;2013:（新课标Ⅰ）;2015:（新课标Ⅰ）;2016:（新课标ⅱ）;2016:（新课标ⅲ）;2019:（新课标Ⅱ）;2022:（全国乙卷）
excuse,excuse,junior,1304,ipa-dict(en_US/CMUdict),corroborated,ECDICT,curated_override,historical_partial_2010_2022,4,2010:（新课标Ⅱ）;2013:（新课标ii）;2017:（新课标ⅱ）;2019:（新课标Ⅰ）
exemplify,,extension,,ipa-dict(en_US/CMUdict),corroborated,ECDICT,curated_override,historical_partial_2010_2022,0,
exercise,exercise,junior,1305,ipa-dict(en_US/CMUdict),corroborated,ECDICT,teacher_pdf_gloss,historical_partial_2010_2022,10,2010:（新课标Ⅰ）;2011:（全国卷ii）;2016:（新课标ⅱ）;2017:（新课标Ⅰ）;2017:（新课标ⅲ）;2018:（新课标Ⅰ）;2018:（新课标ⅱ）;2019:（新课标Ⅰ）;2020:（新课标Ⅰ）;2022:（全国乙卷）
exhibition,exhibition**,selective_required,1306,ipa-dict(en_US/CMUdict),corroborated,ECDICT,teacher_pdf_gloss,historical_partial_2010_2022,7,2010:（新课标Ⅰ）;2013:（新课标Ⅰ）;2014:（新课标Ⅰ）;2015:（新课标Ⅰ）;2019:（新课标Ⅲ）;2020:（新课标Ⅱ）;2022:（全国乙卷）
exist,exist*,required,1307,ipa-dict(en_US/CMUdict),corroborated,ECDICT,teacher_pdf_gloss,historical_partial_2010_2022,7,2010:（新课标Ⅱ）;2011:（新课标）;2014:（新课标Ⅰ）;2015:（新课标Ⅰ）;2016:（新课标Ⅰ）;2018:（新课标ⅱ）;2018:（新课标ⅲ）
existence,,extension,1308,ipa-dict(en_US/CMUdict),corroborated,ECDICT,teacher_pdf_gloss,historical_partial_2010_2022,1,2016:（新课标ⅲ）
exit,exit*,required,1309,ipa-dict(en_US/CMUdict),corroborated,ECDICT,teacher_pdf_gloss,historical_partial_2010_2022,1,2015:（新课标Ⅰ）
expand,expand**,selective_required,1310,ipa-dict(en_US/CMUdict),corroborated,ECDICT,teacher_pdf_gloss,historical_partial_2010_2022,3,2020:（新课标Ⅱ）;2022:（全国乙卷）;2022:（全国甲卷）
expansion,expansion**,selective_required,,ipa-dict(en_US/CMUdict),corroborated,ECDICT,ECDICT,historical_partial_2010_2022,1,2015:（新课标Ⅰ）
expect,expect,junior,1311,ipa-dict(en_US/CMUdict),corroborated,ECDICT,teacher_pdf_gloss,historical_partial_2010_2022,16,2010:（新课标Ⅰ）;2010:（新课标Ⅱ）;2014:（新课标ⅱ）;2015:（新课标Ⅰ）;2015:（新课标ⅱ）;2016:（新课标ⅱ）;2017:（新课标Ⅰ）;2017:（新课标ⅱ）;2017:（新课标ⅲ）;2018:（新课标ⅲ）;2019:（新课标Ⅰ）;2020:（新课标Ⅰ）;2020:（新课标Ⅱ）;2020:（新课标Ⅲ）;2022:（全国乙卷）;2022:（全国甲卷）
expectation,expectation**,selective_required,1312,ipa-dict(en_US/CMUdict),corroborated,ECDICT,teacher_pdf_gloss,historical_partial_2010_2022,3,2016:（新课标ⅱ）;2021:（新课标Ⅰ）;2022:（全国甲卷）
expense,expense**,selective_required,1313,ipa-dict(en_US/CMUdict),corroborated,ECDICT,teacher_pdf_gloss,historical_partial_2010_2022,2,2018:（新课标Ⅰ）;2021:（新课标Ⅰ）
expensive,expensive,junior,1314,ipa-dict(en_US/CMUdict),corroborated,ECDICT,teacher_pdf_gloss,historical_partial_2010_2022,10,2011:（全国卷ii）;2013:（新课标Ⅰ）;2014:（新课标Ⅰ）;2017:（新课标Ⅰ）;2017:（新课标ⅱ）;2018:（新课标Ⅰ）;2018:（新课标ⅱ）;2018:（新课标ⅲ）;2019:（新课标Ⅰ）;2022:（全国乙卷）
experience,experience,junior,1315,ipa-dict(en_US/CMUdict),corroborated,ECDICT,teacher_pdf_gloss,historical_partial_2010_2022,26,2010:（新课标Ⅱ）;2011:（全国卷ii）;2011:（新课标）;2012:（新课标）;2013:（新课标ii）;2013:（新课标Ⅰ）;2014:（新课标Ⅰ）;2014:（新课标ⅱ）;2015:（新课标Ⅰ）;2015:（新课标ⅱ）;2016:（新课标Ⅰ）;2016:（新课标ⅱ）;2016:（新课标ⅲ）;2017:（新课标Ⅰ）;2017:（新课标ⅱ）;2017:（新课标ⅲ）;2018:（新课标Ⅰ）;2018:（新课标ⅱ）;2019:（新课标Ⅰ）;2019:（新课标Ⅱ）;2019:（新课标Ⅲ）;2020:（新课标Ⅰ）;2020:（新课标Ⅲ）;2021:（新课标Ⅰ）;2021:（解析版）;2022:（全国甲卷）
experiment,experiment*,required,1316,ipa-dict(en_US/CMUdict),corroborated,ECDICT,teacher_pdf_gloss,historical_partial_2010_2022,13,2010:（新课标Ⅰ）;2012:（新课标）;2013:（新课标Ⅰ）;2014:（新课标Ⅰ）;2017:（新课标ⅲ）;2018:（新课标Ⅰ）;2018:（新课标ⅲ）;2019:（新课标Ⅰ）;2019:（新课标Ⅲ）;2020:（新课标Ⅰ）;2020:（新课标Ⅱ）;2022:（全国乙卷）;2022:（全国甲卷）
expert,expert*,required,1317,ipa-dict(en_US/CMUdict),corroborated,ECDICT,teacher_pdf_gloss,historical_partial_2010_2022,9,2014:（新课标Ⅰ）;2015:（新课标ⅱ）;2016:（新课标ⅲ）;2017:（新课标ⅱ）;2018:（新课标Ⅰ）;2018:（新课标ⅱ）;2019:（新课标Ⅲ）;2020:（新课标Ⅰ）;2020:（新课标Ⅱ）
explain,explain,junior,1318,ipa-dict(en_US/CMUdict),corroborated,ECDICT,teacher_pdf_gloss,historical_partial_2010_2022,18,2010:（新课标Ⅰ）;2011:（全国卷ii）;2011:（新课标）;2012:（新课标）;2015:（新课标Ⅰ）;2016:（新课标ⅱ）;2016:（新课标ⅲ）;2017:（新课标Ⅰ）;2017:（新课标ⅱ）;2017:（新课标ⅲ）;2018:（新课标Ⅰ）;2018:（新课标ⅱ）;2019:（新课标Ⅰ）;2019:（新课标Ⅲ）;2020:（新课标Ⅰ）;2021:（新课标Ⅰ）;2022:（全国乙卷）;2022:（全国甲卷）
explanation,,extension,1319,ipa-dict(en_US/CMUdict),corroborated,ECDICT,teacher_pdf_gloss,historical_partial_2010_2022,5,2012:（新课标）;2016:（新课标ⅱ）;2016:（新课标ⅲ）;2019:（新课标Ⅱ）;2020:（新课标Ⅰ）
explicit,,extension,1320,ipa-dict(en_US/CMUdict),corroborated,ECDICT,teacher_pdf_gloss,historical_partial_2010_2022,0,
explode,explode**,selective_required,1321,ipa-dict(en_US/CMUdict),corroborated,ECDICT,teacher_pdf_gloss,historical_partial_2010_2022,1,2016:（新课标Ⅰ）
explore,explore*,required,1323,ipa-dict(en_US/CMUdict),corroborated,ECDICT,teacher_pdf_gloss,historical_partial_2010_2022,13,2014:（新课标Ⅰ）;2015:（新课标ⅱ）;2017:（新课标Ⅰ）;2017:（新课标ⅲ）;2018:（新课标Ⅰ）;2019:（新课标Ⅰ）;2019:（新课标Ⅲ）;2020:（新课标Ⅱ）;2020:（新课标Ⅲ）;2021:（新课标Ⅰ）;2021:（解析版）;2022:（全国乙卷）;2022:（全国甲卷）
export,export*,required,1325,ipa-dict(en_US/CMUdict),corroborated,ECDICT,curated_override,historical_partial_2010_2022,0,
expose,expose**,selective_required,1326,ipa-dict(en_US/CMUdict),corroborated,ECDICT,teacher_pdf_gloss,historical_partial_2010_2022,7,2013:（新课标Ⅰ）;2014:（新课标ⅱ）;2018:（新课标Ⅰ）;2020:（新课标Ⅰ）;2020:（新课标Ⅱ）;2021:（新课标Ⅰ）;2022:（全国乙卷）
exposure,exposure**,selective_required,,ipa-dict(en_US/CMUdict),corroborated,ECDICT,ECDICT,historical_partial_2010_2022,0,
express,express,junior,1327,ipa-dict(en_US/CMUdict),corroborated,ECDICT,teacher_pdf_gloss,historical_partial_2010_2022,11,2010:（新课标Ⅱ）;2012:（新课标）;2014:（新课标Ⅰ）;2015:（新课标Ⅰ）;2016:（新课标Ⅰ）;2017:（新课标Ⅰ）;2017:（新课标ⅲ）;2018:（新课标ⅲ）;2019:（新课标Ⅲ）;2020:（新课标Ⅲ）;2021:（新课标Ⅰ）
expression,,extension,1328,ipa-dict(en_US/CMUdict),corroborated,ECDICT,teacher_pdf_gloss,historical_partial_2010_2022,5,2010:（新课标Ⅰ）;2010:（新课标Ⅱ）;2011:（新课标）;2014:（新课标Ⅰ）;2014:（新课标ⅱ）
extend,extend**,selective_required,,ipa-dict(en_US/CMUdict),corroborated,ECDICT,ECDICT,historical_partial_2010_2022,2,2019:（新课标Ⅲ）;2020:（新课标Ⅰ）
extension,extension**,selective_required,1329,ipa-dict(en_US/CMUdict),corroborated,ECDICT,teacher_pdf_gloss,historical_partial_2010_2022,2,2019:（新课标Ⅰ）;2019:（新课标Ⅲ）
extent,extent*,required,,ipa-dict(en_US/CMUdict),corroborated,ECDICT,ECDICT,historical_partial_2010_2022,0,
external,external*,required,,ipa-dict(en_US/CMUdict),corroborated,ECDICT,ECDICT,historical_partial_2010_2022,0,
extinction,extinction*,required,,ipa-dict(en_US/CMUdict),corroborated,ECDICT,ECDICT,historical_partial_2010_2022,1,2018:（新课标Ⅰ）
extra,extra*,required,1330,ipa-dict(en_US/CMUdict),corroborated,ECDICT,teacher_pdf_gloss,historical_partial_2010_2022,9,2010:（新课标Ⅱ）;2013:（新课标ii）;2013:（新课标Ⅰ）;2014:（新课标Ⅰ）;2017:（新课标ⅲ）;2019:（新课标Ⅱ）;2021:（新课标Ⅰ）;2022:（全国乙卷）;2022:（全国甲卷）
extraordinary,extraordinary**,selective_required,1331,ipa-dict(en_US/CMUdict),corroborated,ECDICT,teacher_pdf_gloss,historical_partial_2010_2022,1,2011:（全国卷ii）
extreme,,extension,1332,ipa-dict(en_US/CMUdict),corroborated,ECDICT,teacher_pdf_gloss,historical_partial_2010_2022,4,2017:（新课标Ⅰ）;2019:（新课标Ⅱ）;2020:（新课标Ⅰ）;2022:（全国乙卷）
extremely,extremely*,required,1333,ipa-dict(en_US/CMUdict),corroborated,ECDICT,teacher_pdf_gloss,historical_partial_2010_2022,6,2013:（新课标ii）;2014:（新课标ⅱ）;2016:（新课标Ⅰ）;2017:（新课标ⅱ）;2018:（新课标ⅲ）;2021:（新课标Ⅰ）
eye,eye,junior,1334,ipa-dict(en_US/CMUdict),corroborated,ECDICT,teacher_pdf_gloss,historical_partial_2010_2022,13,2010:（新课标Ⅰ）;2010:（新课标Ⅱ）;2011:（新课标）;2012:（新课标）;2013:（新课标ii）;2015:（新课标Ⅰ）;2016:（新课标ⅲ）;2017:（新课标Ⅰ）;2018:（新课标ⅱ）;2018:（新课标ⅲ）;2019:（新课标Ⅰ）;2022:（全国乙卷）;2022:（全国甲卷）
fabric,fabric**,selective_required,,ipa-dict(en_US/CMUdict),corroborated,ECDICT,ECDICT,historical_partial_2010_2022,0,
face,face,junior,1338,ipa-dict(en_US/CMUdict),corroborated,ECDICT,teacher_pdf_gloss,historical_partial_2010_2022,18,2010:（新课标Ⅰ）;2011:（全国卷ii）;2013:（新课标ii）;2013:（新课标Ⅰ）;2014:（新课标Ⅰ）;2014:（新课标ⅱ）;2016:（新课标ⅱ）;2017:（新课标ⅱ）;2017:（新课标ⅲ）;2018:（新课标ⅱ）;2019:（新课标Ⅰ）;2019:（新课标Ⅱ）;2019:（新课标Ⅲ）;2020:（新课标Ⅰ）;2020:（新课标Ⅱ）;2021:（新课标Ⅰ）;2021:（解析版）;2022:（全国乙卷）
facilitate,facilitate**,selective_required,,ipa-dict(en_US/CMUdict),corroborated,ECDICT,ECDICT,historical_partial_2010_2022,0,
facility,facility*,required,,ipa-dict(en_US/CMUdict),corroborated,ECDICT,ECDICT,historical_partial_2010_2022,2,2013:（新课标ii）;2022:（全国乙卷）
fact,fact,junior,1340,ipa-dict(en_US/CMUdict),corroborated,ECDICT,teacher_pdf_gloss,historical_partial_2010_2022,15,2010:（新课标Ⅱ）;2011:（新课标）;2012:（新课标）;2013:（新课标Ⅰ）;2014:（新课标Ⅰ）;2016:（新课标ⅱ）;2017:（新课标ⅱ）;2017:（新课标ⅲ）;2018:（新课标Ⅰ）;2018:（新课标ⅲ）;2019:（新课标Ⅱ）;2020:（新课标Ⅰ）;2020:（新课标Ⅲ）;2021:（新课标Ⅰ）;2022:（全国乙卷）
factor,factor*,required,,ipa-dict(en_US/CMUdict),corroborated,ECDICT,ECDICT,historical_partial_2010_2022,2,2021:（新课标Ⅰ）;2021:（解析版）
factory,factory,junior,,ipa-dict(en_US/CMUdict),corroborated,ECDICT,ECDICT,historical_partial_2010_2022,3,2010:（新课标Ⅱ）;2013:（新课标ii）;2020:（新课标Ⅱ）
fade,,extension,1342,ipa-dict(en_US/CMUdict),corroborated,ECDICT,teacher_pdf_gloss,historical_partial_2010_2022,3,2019:（新课标Ⅰ）;2019:（新课标Ⅲ）;2020:（新课标Ⅰ）
fail,fail,junior,1343,ipa-dict(en_US/CMUdict),corroborated,ECDICT,teacher_pdf_gloss,historical_partial_2010_2022,10,2011:（全国卷ii）;2011:（新课标）;2013:（新课标Ⅰ）;2015:（新课标Ⅰ）;2015:（新课标ⅱ）;2016:（新课标ⅱ）;2017:（新课标Ⅰ）;2020:（新课标Ⅰ）;2020:（新课标Ⅱ）;2021:（新课标Ⅰ）
failure,failure*,required,1344,ipa-dict(en_US/CMUdict),corroborated,ECDICT,teacher_pdf_gloss,historical_partial_2010_2022,3,2012:（新课标）;2019:（新课标Ⅲ）;2020:（新课标Ⅰ）
fair,fair,junior,,ipa-dict(en_US/CMUdict),corroborated,ECDICT,ECDICT,historical_partial_2010_2022,4,2017:（新课标ⅱ）;2018:（新课标ⅱ）;2018:（新课标ⅲ）;2020:（新课标Ⅱ）
fairly,,extension,1346,ipa-dict(en_US/CMUdict),corroborated,ECDICT,teacher_pdf_gloss,historical_partial_2010_2022,1,2011:（全国卷ii）
faith,faith**,selective_required,1348,ipa-dict(en_US/CMUdict),corroborated,ECDICT,teacher_pdf_gloss,historical_partial_2010_2022,2,2011:（新课标）;2014:（新课标ⅱ）
fall,fall,junior,1349,ipa-dict(en_US/CMUdict),corroborated,ECDICT,teacher_pdf_gloss,historical_partial_2010_2022,15,2010:（新课标Ⅰ）;2011:（全国卷ii）;2011:（新课标）;2012:（新课标）;2013:（新课标ii）;2016:（新课标Ⅰ）;2016:（新课标ⅲ）;2017:（新课标Ⅰ）;2017:（新课标ⅲ）;2018:（新课标ⅲ）;2019:（新课标Ⅰ）;2020:（新课标Ⅰ）;2021:（新课标Ⅰ）;2021:（解析版）;2022:（全国甲卷）
false,false**,selective_required,1351,ipa-dict(en_US/CMUdict),corroborated,ECDICT,teacher_pdf_gloss,historical_partial_2010_2022,1,2014:（新课标Ⅰ）
familiar,familiar*,required,1352,ipa-dict(en_US/CMUdict),corroborated,ECDICT,teacher_pdf_gloss,historical_partial_2010_2022,10,2010:（新课标Ⅰ）;2011:（全国卷ii）;2012:（新课标）;2016:（新课标ⅱ）;2018:（新课标Ⅰ）;2018:（新课标ⅱ）;2019:（新课标Ⅰ）;2019:（新课标Ⅱ）;2020:（新课标Ⅰ）;2020:（新课标Ⅱ）
family,family,junior,1353,ipa-dict(en_US/CMUdict),corroborated,ECDICT,teacher_pdf_gloss,historical_partial_2010_2022,26,2010:（新课标Ⅰ）;2010:（新课标Ⅱ）;2011:（全国卷ii）;2011:（新课标）;2012:（新课标）;2013:（新课标ii）;2013:（新课标Ⅰ）;2014:（新课标Ⅰ）;2014:（新课标ⅱ）;2015:（新课标Ⅰ）;2015:（新课标ⅱ）;2016:（新课标Ⅰ）;2016:（新课标ⅱ）;2016:（新课标ⅲ）;2017:（新课标Ⅰ）;2017:（新课标ⅲ）;2018:（新课标Ⅰ）;2018:（新课标ⅱ）;2018:（新课标ⅲ）;2019:（新课标Ⅱ）;2020:（新课标Ⅱ）;2020:（新课标Ⅲ）;2021:（新课标Ⅰ）;2021:（解析版）;2022:（全国乙卷）;2022:（全国甲卷）
famous,famous,junior,1355,ipa-dict(en_US/CMUdict),corroborated,ECDICT,teacher_pdf_gloss,historical_partial_2010_2022,16,2010:（新课标Ⅰ）;2010:（新课标Ⅱ）;2011:（全国卷ii）;2012:（新课标）;2013:（新课标ii）;2013:（新课标Ⅰ）;2015:（新课标ⅱ）;2016:（新课标ⅲ）;2017:（新课标Ⅰ）;2017:（新课标ⅱ）;2017:（新课标ⅲ）;2018:（新课标Ⅰ）;2018:（新课标ⅲ）;2019:（新课标Ⅲ）;2020:（新课标Ⅱ）;2020:（新课标Ⅲ）
fan,fan,junior,,ipa-dict(en_US/CMUdict),corroborated,ECDICT,ECDICT,historical_partial_2010_2022,5,2011:（全国卷ii）;2012:（新课标）;2015:（新课标ⅱ）;2021:（新课标Ⅰ）;2022:（全国甲卷）
fancy,fancy*,required,1357,ipa-dict(en_US/CMUdict),corroborated,ECDICT,teacher_pdf_gloss,historical_partial_2010_2022,2,2016:（新课标Ⅰ）;2019:（新课标Ⅲ）
fantastic,fantastic,junior,,ipa-dict(en_US/CMUdict),corroborated,ECDICT,ECDICT,historical_partial_2010_2022,4,2017:（新课标ⅲ）;2018:（新课标Ⅰ）;2020:（新课标Ⅱ）;2021:（解析版）
fantasy,fantasy**,selective_required,1358,ipa-dict(en_US/CMUdict),corroborated,ECDICT,teacher_pdf_gloss,historical_partial_2010_2022,2,2019:（新课标Ⅱ）;2020:（新课标Ⅰ）
far,far,junior,,ipa-dict(en_US/CMUdict),corroborated,ECDICT,ECDICT,historical_partial_2010_2022,16,2010:（新课标Ⅰ）;2010:（新课标Ⅱ）;2011:（全国卷ii）;2011:（新课标）;2012:（新课标）;2013:（新课标ii）;2014:（新课标ⅱ）;2016:（新课标Ⅰ）;2016:（新课标ⅱ）;2016:（新课标ⅲ）;2017:（新课标ⅱ）;2019:（新课标Ⅰ）;2020:（新课标Ⅰ）;2021:（新课标Ⅰ）;2021:（解析版）;2022:（全国甲卷）
fare,,extension,1360,ipa-dict(en_US/CMUdict),corroborated,ECDICT,teacher_pdf_gloss,historical_partial_2010_2022,2,2014:（新课标ⅱ）;2022:（全国甲卷）
farm,farm,junior,1361,ipa-dict(en_US/CMUdict),corroborated,ECDICT,teacher_pdf_gloss,historical_partial_2010_2022,4,2011:（新课标）;2015:（新课标Ⅰ）;2017:（新课标ⅲ）;2019:（新课标Ⅲ）
farmer,farmer,junior,1362,ipa-dict(en_US/CMUdict),corroborated,ECDICT,teacher_pdf_gloss,historical_partial_2010_2022,6,2015:（新课标Ⅰ）;2017:（新课标ⅲ）;2018:（新课标Ⅰ）;2018:（新课标ⅱ）;2019:（新课标Ⅱ）;2020:（新课标Ⅱ）
fashion,fashion**,selective_required,,ipa-dict(en_US/CMUdict),corroborated,ECDICT,ECDICT,historical_partial_2010_2022,2,2019:（新课标Ⅲ）;2020:（新课标Ⅱ）
fast,fast,junior,,ipa-dict(en_US/CMUdict),corroborated,ECDICT,ECDICT,historical_partial_2010_2022,10,2010:（新课标Ⅰ）;2013:（新课标ii）;2015:（新课标Ⅰ）;2015:（新课标ⅱ）;2016:（新课标Ⅰ）;2017:（新课标Ⅰ）;2017:（新课标ⅲ）;2018:（新课标Ⅰ）;2018:（新课标ⅱ）;2019:（新课标Ⅰ）
fat,fat,junior,1365,ipa-dict(en_US/CMUdict),corroborated,ECDICT,teacher_pdf_gloss,historical_partial_2010_2022,6,2010:（新课标Ⅰ）;2010:（新课标Ⅱ）;2015:（新课标ⅱ）;2016:（新课标ⅲ）;2017:（新课标Ⅰ）;2018:（新课标ⅱ）
father,father (dad),junior,1366,ipa-dict(en_US/CMUdict),corroborated,ECDICT,teacher_pdf_gloss,historical_partial_2010_2022,12,2010:（新课标Ⅰ）;2011:（全国卷ii）;2011:（新课标）;2012:（新课标）;2013:（新课标ii）;2013:（新课标Ⅰ）;2014:（新课标Ⅰ）;2017:（新课标ⅲ）;2018:（新课标Ⅰ）;2018:（新课标ⅲ）;2020:（新课标Ⅱ）;2022:（全国甲卷）
fault,fault**,selective_required,1367,ipa-dict(en_US/CMUdict),corroborated,ECDICT,teacher_pdf_gloss,historical_partial_2010_2022,2,2010:（新课标Ⅱ）;2022:（全国乙卷）
favor,favour (favor)**,selective_required,1368,ipa-dict(en_US/CMUdict),corroborated,ECDICT,teacher_pdf_gloss,historical_partial_2010_2022,3,2010:（新课标Ⅰ）;2019:（新课标Ⅰ）;2021:（新课标Ⅰ）
favorite,favourite (favorite),junior,1369,ipa-dict(en_US/CMUdict),corroborated,ECDICT,teacher_pdf_gloss,historical_partial_2010_2022,6,2010:（新课标Ⅰ）;2011:（全国卷ii）;2012:（新课标）;2015:（新课标Ⅰ）;2015:（新课标ⅱ）;2021:（解析版）
fear,fear,junior,1371,ipa-dict(en_US/CMUdict),corroborated,ECDICT,teacher_pdf_gloss,historical_partial_2010_2022,7,2015:（新课标Ⅰ）;2017:（新课标ⅲ）;2019:（新课标Ⅱ）;2019:（新课标Ⅲ）;2020:（新课标Ⅰ）;2022:（全国乙卷）;2022:（全国甲卷）
feather,,extension,1373,ipa-dict(en_US/CMUdict),corroborated,ECDICT,teacher_pdf_gloss,historical_partial_2010_2022,2,2010:（新课标Ⅰ）;2012:（新课标）
feature,feature*,required,,ipa-dict(en_US/CMUdict),corroborated,ECDICT,ECDICT,historical_partial_2010_2022,1,2010:（新课标Ⅰ）
february,February,junior,1374,ipa-dict(en_US/CMUdict),corroborated,ECDICT,teacher_pdf_gloss,historical_partial_2010_2022,6,2014:（新课标Ⅰ）;2015:（新课标Ⅰ）;2016:（新课标ⅲ）;2017:（新课标ⅲ）;2018:（新课标ⅲ）;2022:（全国甲卷）
fee,fee**,selective_required,1376,ipa-dict(en_US/CMUdict),corroborated,ECDICT,teacher_pdf_gloss,historical_partial_2010_2022,1,2015:（新课标ⅱ）
feed,feed,junior,1377,ipa-dict(en_US/CMUdict),corroborated,ECDICT,teacher_pdf_gloss,historical_partial_2010_2022,6,2010:（新课标Ⅱ）;2014:（新课标Ⅰ）;2015:（新课标Ⅰ）;2017:（新课标Ⅰ）;2017:（新课标ⅲ）;2018:（新课标ⅱ）
feel,feel,junior,1378,ipa-dict(en_US/CMUdict),corroborated,ECDICT,teacher_pdf_gloss,historical_partial_2010_2022,26,2010:（新课标Ⅰ）;2010:（新课标Ⅱ）;2011:（全国卷ii）;2012:（新课标）;2013:（新课标ii）;2014:（新课标Ⅰ）;2015:（新课标Ⅰ）;2015:（新课标ⅱ）;2016:（新课标Ⅰ）;2016:（新课标ⅱ）;2016:（新课标ⅲ）;2017:（新课标Ⅰ）;2017:（新课标ⅱ）;2017:（新课标ⅲ）;2018:（新课标Ⅰ）;2018:（新课标ⅱ）;2018:（新课标ⅲ）;2019:（新课标Ⅰ）;2019:（新课标Ⅱ）;2019:（新课标Ⅲ）;2020:（新课标Ⅰ）;2020:（新课标Ⅱ）;2020:（新课标Ⅲ）;2021:（解析版）;2022:（全国乙卷）;2022:（全国甲卷）
feeling,feeling,junior,1379,ipa-dict(en_US/CMUdict),corroborated,ECDICT,teacher_pdf_gloss,historical_partial_2010_2022,16,2010:（新课标Ⅱ）;2011:（新课标）;2012:（新课标）;2014:（新课标Ⅰ）;2015:（新课标Ⅰ）;2016:（新课标ⅱ）;2016:（新课标ⅲ）;2017:（新课标Ⅰ）;2018:（新课标Ⅰ）;2018:（新课标ⅱ）;2018:（新课标ⅲ）;2019:（新课标Ⅰ）;2019:（新课标Ⅱ）;2020:（新课标Ⅰ）;2020:（新课标Ⅱ）;2021:（新课标Ⅰ）
fellow,fellow**,selective_required,1380,ipa-dict(en_US/CMUdict),corroborated,ECDICT,teacher_pdf_gloss,historical_partial_2010_2022,3,2010:（新课标Ⅱ）;2013:（新课标ii）;2022:（全国甲卷）
female,female*,required,1381,ipa-dict(en_US/CMUdict),corroborated,ECDICT,teacher_pdf_gloss,historical_partial_2010_2022,2,2018:（新课标ⅲ）;2021:（解析版）
fence,fence**,selective_required,1382,ipa-dict(en_US/CMUdict),corroborated,ECDICT,teacher_pdf_gloss,historical_partial_2010_2022,1,2016:（新课标ⅲ）
ferry,,extension,1383,ipa-dict(en_US/CMUdict),corroborated,ECDICT,teacher_pdf_gloss,historical_partial_2010_2022,1,2022:（全国甲卷）
festival,festival,junior,1384,ipa-dict(en_US/CMUdict),corroborated,ECDICT,teacher_pdf_gloss,historical_partial_2010_2022,8,2011:（全国卷ii）;2013:（新课标ii）;2014:（新课标Ⅰ）;2016:（新课标ⅲ）;2017:（新课标ⅱ）;2018:（新课标ⅲ）;2020:（新课标Ⅱ）;2022:（全国乙卷）
fetch,fetch**,selective_required,1385,ipa-dict(en_US/CMUdict),corroborated,ECDICT,teacher_pdf_gloss,historical_partial_2010_2022,0,
fever,fever,junior,1386,ipa-dict(en_US/CMUdict),corroborated,ECDICT,teacher_pdf_gloss,historical_partial_2010_2022,0,
few,few,junior,1387,ipa-dict(en_US/CMUdict),corroborated,curated_function_words,teacher_pdf_gloss,historical_partial_2010_2022,20,2010:（新课标Ⅱ）;2011:（新课标）;2013:（新课标Ⅰ）;2014:（新课标Ⅰ）;2014:（新课标ⅱ）;2015:（新课标Ⅰ）;2015:（新课标ⅱ）;2016:（新课标Ⅰ）;2016:（新课标ⅱ）;2017:（新课标Ⅰ）;2017:（新课标ⅱ）;2017:（新课标ⅲ）;2018:（新课标Ⅰ）;2018:（新课标ⅲ）;2019:（新课标Ⅰ）;2019:（新课标Ⅲ）;2020:（新课标Ⅰ）;2020:（新课标Ⅲ）;2021:（新课标Ⅰ）;2021:（解析版）
fibre,fibre (fiber)**,selective_required,1388,ipa-dict(en_US/CMUdict),corroborated,ECDICT,teacher_pdf_gloss,historical_partial_2010_2022,0,
fiction,fiction**,selective_required,1389,ipa-dict(en_US/CMUdict),corroborated,ECDICT,teacher_pdf_gloss,historical_partial_2010_2022,2,2013:（新课标Ⅰ）;2016:（新课标ⅲ）
field,field,junior,1390,ipa-dict(en_US/CMUdict),corroborated,ECDICT,teacher_pdf_gloss,historical_partial_2010_2022,8,2014:（新课标Ⅰ）;2016:（新课标ⅲ）;2018:（新课标ⅱ）;2019:（新课标Ⅱ）;2020:（新课标Ⅰ）;2020:（新课标Ⅱ）;2020:（新课标Ⅲ）;2021:（新课标Ⅰ）
fierce,,extension,1391,ipa-dict(en_US/CMUdict),corroborated,ECDICT,teacher_pdf_gloss,historical_partial_2010_2022,0,
fifteen,fifteen,junior,1392,ipa-dict(en_US/CMUdict),corroborated,curated_function_words,teacher_pdf_gloss,historical_partial_2010_2022,2,2016:（新课标ⅲ）;2019:（新课标Ⅰ）
fifth,fifth,junior,1393,ipa-dict(en_US/CMUdict),corroborated,ECDICT,teacher_pdf_gloss,historical_partial_2010_2022,1,2012:（新课标）
fifty,fifty,junior,1394,ipa-dict(en_US/CMUdict),corroborated,curated_function_words,teacher_pdf_gloss,historical_partial_2010_2022,1,2017:（新课标ⅲ）
fight,fight,junior,1395,ipa-dict(en_US/CMUdict),corroborated,ECDICT,teacher_pdf_gloss,historical_partial_2010_2022,10,2011:（全国卷ii）;2011:（新课标）;2012:（新课标）;2014:（新课标Ⅰ）;2017:（新课标Ⅰ）;2017:（新课标ⅱ）;2018:（新课标ⅱ）;2020:（新课标Ⅱ）;2020:（新课标Ⅲ）;2021:（解析版）
fighter,,extension,1397,ipa-dict(en_US/CMUdict),corroborated,ECDICT,teacher_pdf_gloss,historical_partial_2010_2022,0,
figure,figure*,required,1398,ipa-dict(en_US/CMUdict),corroborated,ECDICT,teacher_pdf_gloss,historical_partial_2010_2022,9,2012:（新课标）;2015:（新课标ⅱ）;2016:（新课标ⅱ）;2016:（新课标ⅲ）;2018:（新课标Ⅰ）;2019:（新课标Ⅰ）;2019:（新课标Ⅱ）;2020:（新课标Ⅱ）;2022:（全国乙卷）
file,file*,required,1399,ipa-dict(en_US/CMUdict),corroborated,ECDICT,teacher_pdf_gloss,historical_partial_2010_2022,0,
fill,fill,junior,1400,ipa-dict(en_US/CMUdict),corroborated,ECDICT,teacher_pdf_gloss,historical_partial_2010_2022,12,2010:（新课标Ⅱ）;2011:（新课标）;2015:（新课标Ⅰ）;2016:（新课标Ⅰ）;2016:（新课标ⅱ）;2016:（新课标ⅲ）;2017:（新课标ⅲ）;2018:（新课标ⅲ）;2019:（新课标Ⅰ）;2020:（新课标Ⅱ）;2020:（新课标Ⅲ）;2021:（解析版）
film,film,junior,1401,ipa-dict(en_US/CMUdict),corroborated,ECDICT,teacher_pdf_gloss,historical_partial_2010_2022,11,2011:（全国卷ii）;2012:（新课标）;2013:（新课标ii）;2014:（新课标Ⅰ）;2016:（新课标Ⅰ）;2016:（新课标ⅱ）;2017:（新课标ⅱ）;2017:（新课标ⅲ）;2018:（新课标ⅱ）;2020:（新课标Ⅲ）;2022:（全国甲卷）
final,,extension,1402,ipa-dict(en_US/CMUdict),corroborated,ECDICT,teacher_pdf_gloss,historical_partial_2010_2022,3,2018:（新课标ⅱ）;2019:（新课标Ⅱ）;2020:（新课标Ⅲ）
finally,finally,junior,,ipa-dict(en_US/CMUdict),corroborated,ECDICT,ECDICT,historical_partial_2010_2022,10,2012:（新课标）;2014:（新课标Ⅰ）;2014:（新课标ⅱ）;2015:（新课标ⅱ）;2016:（新课标Ⅰ）;2016:（新课标ⅲ）;2019:（新课标Ⅰ）;2019:（新课标Ⅲ）;2020:（新课标Ⅱ）;2020:（新课标Ⅲ）
finance,finance**,selective_required,1403,ipa-dict(en_US/CMUdict),corroborated,ECDICT,teacher_pdf_gloss,historical_partial_2010_2022,1,2021:（新课标Ⅰ）
financial,financial**,selective_required,,ipa-dict(en_US/CMUdict),corroborated,ECDICT,ECDICT,historical_partial_2010_2022,5,2016:（新课标Ⅰ）;2016:（新课标ⅲ）;2017:（新课标ⅲ）;2019:（新课标Ⅲ）;2020:（新课标Ⅲ）
find,find,junior,1404,ipa-dict(en_US/CMUdict),corroborated,ECDICT,teacher_pdf_gloss,historical_partial_2010_2022,29,2010:（新课标Ⅰ）;2010:（新课标Ⅱ）;2011:（全国卷ii）;2011:（新课标）;2012:（新课标）;2013:（新课标ii）;2013:（新课标Ⅰ）;2014:（新课标Ⅰ）;2014:（新课标ⅱ）;2015:（新课标Ⅰ）;2015:（新课标ⅱ）;2016:（新课标Ⅰ）;2016:（新课标ⅱ）;2016:（新课标ⅲ）;2017:（新课标Ⅰ）;2017:（新课标ⅱ）;2017:（新课标ⅲ）;2018:（新课标Ⅰ）;2018:（新课标ⅱ）;2018:（新课标ⅲ）;2019:（新课标Ⅰ）;2019:（新课标Ⅲ）;2020:（新课标Ⅰ）;2020:（新课标Ⅱ）;2020:（新课标Ⅲ）;2021:（新课标Ⅰ）;2021:（解析版）;2022:（全国乙卷）;2022:（全国甲卷）
finding,finding**,selective_required,,ipa-dict(en_US/CMUdict),corroborated,ECDICT,ECDICT,historical_partial_2010_2022,6,2012:（新课标）;2016:（新课标ⅲ）;2018:（新课标ⅱ）;2020:（新课标Ⅱ）;2020:（新课标Ⅲ）;2022:（全国乙卷）
fine,fine,junior,,ipa-dict(en_US/CMUdict),corroborated,ECDICT,ECDICT,historical_partial_2010_2022,9,2011:（新课标）;2015:（新课标Ⅰ）;2016:（新课标ⅱ）;2016:（新课标ⅲ）;2017:（新课标Ⅰ）;2017:（新课标ⅲ）;2020:（新课标Ⅱ）;2020:（新课标Ⅲ）;2022:（全国甲卷）
finger,finger,junior,1406,ipa-dict(en_US/CMUdict),corroborated,ECDICT,teacher_pdf_gloss,historical_partial_2010_2022,2,2019:（新课标Ⅰ）;2022:（全国甲卷）
finish,finish,junior,1408,ipa-dict(en_US/CMUdict),corroborated,ECDICT,teacher_pdf_gloss,historical_partial_2010_2022,11,2010:（新课标Ⅰ）;2010:（新课标Ⅱ）;2011:（全国卷ii）;2012:（新课标）;2013:（新课标Ⅰ）;2015:（新课标Ⅰ）;2015:（新课标ⅱ）;2016:（新课标Ⅰ）;2019:（新课标Ⅰ）;2019:（新课标Ⅱ）;2020:（新课标Ⅱ）
fire,fire,junior,,ipa-dict(en_US/CMUdict),corroborated,ECDICT,ECDICT,historical_partial_2010_2022,6,2014:（新课标Ⅰ）;2016:（新课标Ⅰ）;2017:（新课标Ⅰ）;2017:（新课标ⅲ）;2020:（新课标Ⅲ）;2021:（新课标Ⅰ）
firm,firm**,selective_required,1413,ipa-dict(en_US/CMUdict),corroborated,ECDICT,teacher_pdf_gloss,historical_partial_2010_2022,4,2011:（新课标）;2016:（新课标Ⅰ）;2017:（新课标ⅲ）;2020:（新课标Ⅰ）
firmly,,extension,1414,ipa-dict(en_US/CMUdict),corroborated,ECDICT,teacher_pdf_gloss,historical_partial_2010_2022,1,2020:（新课标Ⅲ）
first,first,junior,1415,ipa-dict(en_US/CMUdict),corroborated,ECDICT,teacher_pdf_gloss,historical_partial_2010_2022,28,2010:（新课标Ⅰ）;2010:（新课标Ⅱ）;2011:（全国卷ii）;2011:（新课标）;2013:（新课标ii）;2013:（新课标Ⅰ）;2014:（新课标Ⅰ）;2014:（新课标ⅱ）;2015:（新课标Ⅰ）;2015:（新课标ⅱ）;2016:（新课标Ⅰ）;2016:（新课标ⅱ）;2016:（新课标ⅲ）;2017:（新课标Ⅰ）;2017:（新课标ⅱ）;2017:（新课标ⅲ）;2018:（新课标Ⅰ）;2018:（新课标ⅱ）;2018:（新课标ⅲ）;2019:（新课标Ⅱ）;2019:（新课标Ⅲ）;2020:（新课标Ⅰ）;2020:（新课标Ⅱ）;2020:（新课标Ⅲ）;2021:（新课标Ⅰ）;2021:（解析版）;2022:（全国乙卷）;2022:（全国甲卷）
fish,fish,junior,1416,ipa-dict(en_US/CMUdict),corroborated,ECDICT,teacher_pdf_gloss,historical_partial_2010_2022,6,2014:（新课标Ⅰ）;2016:（新课标ⅱ）;2016:（新课标ⅲ）;2017:（新课标ⅲ）;2018:（新课标Ⅰ）;2020:（新课标Ⅲ）
fisherman,fisherman,junior,1417,ipa-dict(en_US/CMUdict),corroborated,ECDICT,teacher_pdf_gloss,historical_partial_2010_2022,0,
fist,fist**,selective_required,1418,ipa-dict(en_US/CMUdict),corroborated,ECDICT,teacher_pdf_gloss,historical_partial_2010_2022,4,2011:（新课标）;2015:（新课标Ⅰ）;2015:（新课标ⅱ）;2017:（新课标ⅱ）
fit,fit,junior,1419,ipa-dict(en_US/CMUdict),corroborated,ECDICT,teacher_pdf_gloss,historical_partial_2010_2022,6,2015:（新课标ⅱ）;2016:（新课标ⅲ）;2017:（新课标ⅲ）;2018:（新课标Ⅰ）;2018:（新课标ⅱ）;2022:（全国甲卷）
five,five,junior,1421,ipa-dict(en_US/CMUdict),corroborated,curated_function_words,teacher_pdf_gloss,historical_partial_2010_2022,18,2010:（新课标Ⅰ）;2011:（全国卷ii）;2011:（新课标）;2014:（新课标Ⅰ）;2014:（新课标ⅱ）;2015:（新课标ⅱ）;2016:（新课标ⅱ）;2016:（新课标ⅲ）;2017:（新课标ⅱ）;2018:（新课标Ⅰ）;2018:（新课标ⅱ）;2018:（新课标ⅲ）;2019:（新课标Ⅰ）;2019:（新课标Ⅱ）;2019:（新课标Ⅲ）;2020:（新课标Ⅰ）;2022:（全国乙卷）;2022:（全国甲卷）
fix,fix,junior,1422,ipa-dict(en_US/CMUdict),corroborated,ECDICT,teacher_pdf_gloss,historical_partial_2010_2022,4,2010:（新课标Ⅰ）;2011:（新课标）;2014:（新课标Ⅰ）;2015:（新课标Ⅰ）
flag,flag,junior,1423,ipa-dict(en_US/CMUdict),corroborated,ECDICT,teacher_pdf_gloss,historical_partial_2010_2022,0,
flame,,extension,1424,ipa-dict(en_US/CMUdict),corroborated,ECDICT,teacher_pdf_gloss,historical_partial_2010_2022,1,2016:（新课标Ⅰ）
flash,flash*,required,1426,ipa-dict(en_US/CMUdict),corroborated,ECDICT,teacher_pdf_gloss,historical_partial_2010_2022,2,2019:（新课标Ⅲ）;2021:（解析版）
flat,flat*,required,1428,ipa-dict(en_US/CMUdict),corroborated,ECDICT,teacher_pdf_gloss,historical_partial_2010_2022,2,2019:（新课标Ⅲ）;2020:（新课标Ⅲ）
flavor,flavour (flavor)**,selective_required,,ipa-dict(en_US/CMUdict),corroborated,ECDICT,ECDICT,historical_partial_2010_2022,1,2013:（新课标ii）
flee,,extension,1429,ipa-dict(en_US/CMUdict),corroborated,ECDICT,teacher_pdf_gloss,historical_partial_2010_2022,0,
flesh,,extension,1431,ipa-dict(en_US/CMUdict),corroborated,ECDICT,teacher_pdf_gloss,historical_partial_2010_2022,0,
flexible,flexible*,required,1430,ipa-dict(en_US/CMUdict),corroborated,ECDICT,teacher_pdf_gloss,historical_partial_2010_2022,3,2013:（新课标Ⅰ）;2015:（新课标ⅱ）;2019:（新课标Ⅱ）
flight,flight*,required,1432,ipa-dict(en_US/CMUdict),corroborated,ECDICT,teacher_pdf_gloss,historical_partial_2010_2022,6,2011:（新课标）;2013:（新课标Ⅰ）;2016:（新课标Ⅰ）;2016:（新课标ⅱ）;2017:（新课标ⅱ）;2019:（新课标Ⅱ）
float,,extension,1433,ipa-dict(en_US/CMUdict),corroborated,ECDICT,teacher_pdf_gloss,historical_partial_2010_2022,1,2020:（新课标Ⅲ）
flood,flood*,required,1434,ipa-dict(en_US/CMUdict),corroborated,ECDICT,teacher_pdf_gloss,historical_partial_2010_2022,2,2015:（新课标ⅱ）;2018:（新课标ⅲ）
floor,floor,junior,1435,ipa-dict(en_US/CMUdict),corroborated,ECDICT,teacher_pdf_gloss,historical_partial_2010_2022,5,2011:（全国卷ii）;2013:（新课标Ⅰ）;2018:（新课标Ⅰ）;2020:（新课标Ⅲ）;2021:（解析版）
flour,flour**,selective_required,1436,ipa-dict(en_US/CMUdict),corroborated,ECDICT,teacher_pdf_gloss,historical_partial_2010_2022,1,2018:（新课标Ⅰ）
flow,flow**,selective_required,1437,ipa-dict(en_US/CMUdict),corroborated,ECDICT,teacher_pdf_gloss,historical_partial_2010_2022,0,
flower,flower,junior,1438,ipa-dict(en_US/CMUdict),corroborated,ECDICT,teacher_pdf_gloss,historical_partial_2010_2022,8,2010:（新课标Ⅰ）;2011:（新课标）;2014:（新课标ⅱ）;2016:（新课标ⅱ）;2018:（新课标Ⅰ）;2020:（新课标Ⅱ）;2020:（新课标Ⅲ）;2021:（新课标Ⅰ）
flu,flu**,selective_required,1439,ipa-dict(en_US/CMUdict),corroborated,ECDICT,teacher_pdf_gloss,historical_partial_2010_2022,1,2019:（新课标Ⅱ）
fluent,fluent**,selective_required,1441,ipa-dict(en_US/CMUdict),corroborated,ECDICT,teacher_pdf_gloss,historical_partial_2010_2022,0,
fly,fly,junior,1442,ipa-dict(en_US/CMUdict),corroborated,ECDICT,teacher_pdf_gloss,historical_partial_2010_2022,9,2010:（新课标Ⅰ）;2012:（新课标）;2013:（新课标ii）;2015:（新课标Ⅰ）;2016:（新课标Ⅰ）;2016:（新课标ⅱ）;2017:（新课标ⅱ）;2017:（新课标ⅲ）;2022:（全国乙卷）
focus,focus*,required,1444,ipa-dict(en_US/CMUdict),corroborated,ECDICT,teacher_pdf_gloss,historical_partial_2010_2022,11,2013:（新课标ii）;2013:（新课标Ⅰ）;2014:（新课标Ⅰ）;2015:（新课标Ⅰ）;2016:（新课标ⅱ）;2017:（新课标ⅱ）;2018:（新课标ⅱ）;2018:（新课标ⅲ）;2019:（新课标Ⅱ）;2021:（新课标Ⅰ）;2021:（解析版）
foggy,foggy**,selective_required,1446,ipa-dict(en_US/CMUdict),corroborated,ECDICT,teacher_pdf_gloss,historical_partial_2010_2022,0,
fold,fold**,selective_required,1447,ipa-dict(en_US/CMUdict),corroborated,ECDICT,teacher_pdf_gloss,historical_partial_2010_2022,3,2011:（全国卷ii）;2017:（新课标Ⅰ）;2017:（新课标ⅱ）
folk,folk**,selective_required,1448,ipa-dict(en_US/CMUdict),corroborated,ECDICT,teacher_pdf_gloss,historical_partial_2010_2022,2,2019:（新课标Ⅱ）;2022:（全国甲卷）
follow,follow,junior,1449,ipa-dict(en_US/CMUdict),corroborated,ECDICT,teacher_pdf_gloss,historical_partial_2010_2022,8,2012:（新课标）;2015:（新课标Ⅰ）;2016:（新课标Ⅰ）;2018:（新课标Ⅰ）;2018:（新课标ⅲ）;2019:（新课标Ⅲ）;2020:（新课标Ⅰ）;2021:（解析版）
following,,extension,1450,ipa-dict(en_US/CMUdict),corroborated,ECDICT,teacher_pdf_gloss,historical_partial_2010_2022,25,2010:（新课标Ⅰ）;2010:（新课标Ⅱ）;2011:（全国卷ii）;2011:（新课标）;2012:（新课标）;2013:（新课标ii）;2013:（新课标Ⅰ）;2014:（新课标Ⅰ）;2014:（新课标ⅱ）;2015:（新课标Ⅰ）;2015:（新课标ⅱ）;2016:（新课标Ⅰ）;2017:（新课标Ⅰ）;2017:（新课标ⅲ）;2018:（新课标Ⅰ）;2018:（新课标ⅲ）;2019:（新课标Ⅰ）;2019:（新课标Ⅱ）;2019:（新课标Ⅲ）;2020:（新课标Ⅰ）;2020:（新课标Ⅲ）;2021:（新课标Ⅰ）;2021:（解析版）;2022:（全国乙卷）;2022:（全国甲卷）
fond,fond**,selective_required,1451,ipa-dict(en_US/CMUdict),corroborated,ECDICT,teacher_pdf_gloss,historical_partial_2010_2022,1,2019:（新课标Ⅱ）
food,food,junior,1452,ipa-dict(en_US/CMUdict),corroborated,ECDICT,teacher_pdf_gloss,historical_partial_2010_2022,20,2010:（新课标Ⅰ）;2010:（新课标Ⅱ）;2011:（全国卷ii）;2011:（新课标）;2012:（新课标）;2014:（新课标ⅱ）;2015:（新课标Ⅰ）;2015:（新课标ⅱ）;2016:（新课标ⅱ）;2016:（新课标ⅲ）;2017:（新课标Ⅰ）;2017:（新课标ⅱ）;2017:（新课标ⅲ）;2018:（新课标Ⅰ）;2018:（新课标ⅱ）;2018:（新课标ⅲ）;2019:（新课标Ⅱ）;2020:（新课标Ⅲ）;2021:（新课标Ⅰ）;2022:（全国甲卷）
fool,,extension,1453,ipa-dict(en_US/CMUdict),corroborated,ECDICT,teacher_pdf_gloss,historical_partial_2010_2022,2,2015:（新课标ⅱ）;2022:（全国乙卷）
foot,foot (pl. feet),junior,,ipa-dict(en_US/CMUdict),corroborated,ECDICT,ECDICT,historical_partial_2010_2022,4,2011:（新课标）;2014:（新课标ⅱ）;2020:（新课标Ⅰ）;2022:（全国甲卷）
football,football,junior,1456,ipa-dict(en_US/CMUdict),corroborated,ECDICT,teacher_pdf_gloss,historical_partial_2010_2022,2,2016:（新课标ⅲ）;2019:（新课标Ⅰ）
for,for,junior,1457,ipa-dict(en_US/CMUdict),corroborated,curated_function_words,teacher_pdf_gloss,historical_partial_2010_2022,30,2010:（新课标Ⅰ）;2010:（新课标Ⅱ）;2011:（全国卷ii）;2011:（新课标）;2012:（新课标）;2013:（新课标ii）;2013:（新课标Ⅰ）;2014:（新课标Ⅰ）;2014:（新课标ⅱ）;2015:（新课标Ⅰ）;2015:（新课标ⅱ）;2016:（新课标Ⅰ）;2016:（新课标ⅱ）;2016:（新课标ⅲ）;2017:（新课标Ⅰ）;2017:（新课标ⅱ）;2017:（新课标ⅲ）;2018:（新课标Ⅰ）;2018:（新课标ⅱ）;2018:（新课标ⅲ）;2019:（新课标Ⅰ）;2019:（新课标Ⅱ）;2019:（新课标Ⅲ）;2020:（新课标Ⅰ）;2020:（新课标Ⅱ）;2020:（新课标Ⅲ）;2021:（新课标Ⅰ）;2021:（解析版）;2022:（全国乙卷）;2022:（全国甲卷）
force,force,junior,1459,ipa-dict(en_US/CMUdict),corroborated,ECDICT,teacher_pdf_gloss,historical_partial_2010_2022,11,2013:（新课标ii）;2013:（新课标Ⅰ）;2014:（新课标Ⅰ）;2015:（新课标ⅱ）;2016:（新课标ⅱ）;2017:（新课标Ⅰ）;2017:（新课标ⅲ）;2019:（新课标Ⅰ）;2020:（新课标Ⅲ）;2021:（新课标Ⅰ）;2022:（全国乙卷）
forecast,forecast**,selective_required,1460,ipa-dict(en_US/CMUdict),corroborated,ECDICT,teacher_pdf_gloss,historical_partial_2010_2022,1,2019:（新课标Ⅲ）
forehead,forehead**,selective_required,1461,ipa-dict(en_US/CMUdict),corroborated,ECDICT,teacher_pdf_gloss,historical_partial_2010_2022,0,
foreign,foreign,junior,1462,ipa-dict(en_US/CMUdict),corroborated,ECDICT,teacher_pdf_gloss,historical_partial_2010_2022,4,2014:（新课标ⅱ）;2017:（新课标Ⅰ）;2018:（新课标ⅲ）;2022:（全国甲卷）
forest,forest,junior,1465,ipa-dict(en_US/CMUdict),corroborated,ECDICT,teacher_pdf_gloss,historical_partial_2010_2022,6,2010:（新课标Ⅰ）;2012:（新课标）;2014:（新课标Ⅰ）;2017:（新课标ⅲ）;2018:（新课标ⅲ）;2021:（解析版）
forever,forever**,selective_required,1466,ipa-dict(en_US/CMUdict),corroborated,ECDICT,teacher_pdf_gloss,historical_partial_2010_2022,1,2018:（新课标Ⅰ）
forget,forget,junior,1467,ipa-dict(en_US/CMUdict),corroborated,ECDICT,teacher_pdf_gloss,historical_partial_2010_2022,10,2010:（新课标Ⅱ）;2011:（全国卷ii）;2012:（新课标）;2014:（新课标Ⅰ）;2015:（新课标ⅱ）;2017:（新课标Ⅰ）;2018:（新课标ⅱ）;2020:（新课标Ⅲ）;2021:（解析版）;2022:（全国甲卷）
forgive,forgive**,selective_required,1469,ipa-dict(en_US/CMUdict),corroborated,ECDICT,teacher_pdf_gloss,historical_partial_2010_2022,1,2020:（新课标Ⅰ）
fork,fork,junior,1470,ipa-dict(en_US/CMUdict),corroborated,ECDICT,teacher_pdf_gloss,historical_partial_2010_2022,1,2022:（全国甲卷）
form,form,junior,1471,ipa-dict(en_US/CMUdict),corroborated,ECDICT,teacher_pdf_gloss,historical_partial_2010_2022,19,2010:（新课标Ⅱ）;2011:（新课标）;2012:（新课标）;2013:（新课标ii）;2013:（新课标Ⅰ）;2014:（新课标Ⅰ）;2015:（新课标ⅱ）;2016:（新课标ⅱ）;2017:（新课标Ⅰ）;2017:（新课标ⅱ）;2017:（新课标ⅲ）;2018:（新课标ⅱ）;2018:（新课标ⅲ）;2019:（新课标Ⅱ）;2020:（新课标Ⅰ）;2020:（新课标Ⅱ）;2021:（新课标Ⅰ）;2021:（解析版）;2022:（全国甲卷）
formal,formal*,required,,ipa-dict(en_US/CMUdict),corroborated,ECDICT,ECDICT,historical_partial_2010_2022,3,2017:（新课标Ⅰ）;2018:（新课标ⅱ）;2020:（新课标Ⅱ）
format,format**,selective_required,1472,ipa-dict(en_US/CMUdict),corroborated,ECDICT,teacher_pdf_gloss,historical_partial_2010_2022,0,
former,former*,required,1473,ipa-dict(en_US/CMUdict),corroborated,ECDICT,teacher_pdf_gloss,historical_partial_2010_2022,4,2014:（新课标ⅱ）;2015:（新课标ⅱ）;2017:（新课标ⅱ）;2018:（新课标Ⅰ）
fortnight,,extension,1474,ipa-dict(en_US/CMUdict),corroborated,ECDICT,teacher_pdf_gloss,historical_partial_2010_2022,0,
fortunately,fortunately*,required,,ipa-dict(en_US/CMUdict),corroborated,ECDICT,ECDICT,historical_partial_2010_2022,3,2015:（新课标ⅱ）;2018:（新课标ⅱ）;2021:（新课标Ⅰ）
fortune,,extension,1476,ipa-dict(en_US/CMUdict),corroborated,ECDICT,teacher_pdf_gloss,historical_partial_2010_2022,4,2010:（新课标Ⅰ）;2014:（新课标ⅱ）;2020:（新课标Ⅱ）;2021:（解析版）
forty,forty,junior,1477,ipa-dict(en_US/CMUdict),corroborated,curated_function_words,teacher_pdf_gloss,historical_partial_2010_2022,3,2014:（新课标ⅱ）;2017:（新课标ⅱ）;2022:（全国乙卷）
forward,forward*,required,1478,ipa-dict(en_US/CMUdict),corroborated,ECDICT,teacher_pdf_gloss,historical_partial_2010_2022,9,2010:（新课标Ⅰ）;2012:（新课标）;2013:（新课标ii）;2014:（新课标Ⅰ）;2016:（新课标Ⅰ）;2017:（新课标ⅲ）;2018:（新课标Ⅰ）;2019:（新课标Ⅱ）;2022:（全国甲卷）
found,found**,selective_required,1479,ipa-dict(en_US/CMUdict),corroborated,ECDICT,teacher_pdf_gloss,historical_partial_2010_2022,27,2010:（新课标Ⅰ）;2010:（新课标Ⅱ）;2011:（全国卷ii）;2011:（新课标）;2012:（新课标）;2013:（新课标Ⅰ）;2014:（新课标Ⅰ）;2014:（新课标ⅱ）;2015:（新课标Ⅰ）;2015:（新课标ⅱ）;2016:（新课标Ⅰ）;2016:（新课标ⅱ）;2016:（新课标ⅲ）;2017:（新课标Ⅰ）;2017:（新课标ⅱ）;2017:（新课标ⅲ）;2018:（新课标Ⅰ）;2018:（新课标ⅱ）;2018:（新课标ⅲ）;2019:（新课标Ⅰ）;2019:（新课标Ⅱ）;2020:（新课标Ⅰ）;2020:（新课标Ⅱ）;2020:（新课标Ⅲ）;2021:（新课标Ⅰ）;2021:（解析版）;2022:（全国甲卷）
foundation,foundation**,selective_required,,ipa-dict(en_US/CMUdict),corroborated,ECDICT,ECDICT,historical_partial_2010_2022,1,2022:（全国甲卷）
fountain,fountain**,selective_required,1481,ipa-dict(en_US/CMUdict),corroborated,ECDICT,teacher_pdf_gloss,historical_partial_2010_2022,0,
four,four,junior,1482,ipa-dict(en_US/CMUdict),corroborated,curated_function_words,teacher_pdf_gloss,historical_partial_2010_2022,22,2010:（新课标Ⅰ）;2011:（全国卷ii）;2012:（新课标）;2013:（新课标ii）;2013:（新课标Ⅰ）;2014:（新课标Ⅰ）;2014:（新课标ⅱ）;2015:（新课标ⅱ）;2016:（新课标Ⅰ）;2016:（新课标ⅱ）;2017:（新课标Ⅰ）;2017:（新课标ⅱ）;2017:（新课标ⅲ）;2018:（新课标Ⅰ）;2018:（新课标ⅱ）;2019:（新课标Ⅰ）;2019:（新课标Ⅱ）;2020:（新课标Ⅰ）;2020:（新课标Ⅱ）;2020:（新课标Ⅲ）;2021:（新课标Ⅰ）;2022:（全国甲卷）
fourteen,fourteen,junior,1483,ipa-dict(en_US/CMUdict),corroborated,curated_function_words,teacher_pdf_gloss,historical_partial_2010_2022,1,2017:（新课标ⅲ）
fourth,fourth,junior,1484,ipa-dict(en_US/CMUdict),corroborated,ECDICT,teacher_pdf_gloss,historical_partial_2010_2022,0,
fox,fox**,selective_required,1485,ipa-dict(en_US/CMUdict),corroborated,ECDICT,teacher_pdf_gloss,historical_partial_2010_2022,3,2017:（新课标ⅲ）;2018:（新课标ⅱ）;2022:（全国乙卷）
framework,,extension,1490,ipa-dict(en_US/CMUdict),corroborated,ECDICT,teacher_pdf_gloss,historical_partial_2010_2022,0,
france,France,junior,,ipa-dict(en_US/CMUdict),corroborated,ECDICT,ECDICT,historical_partial_2010_2022,4,2015:（新课标Ⅰ）;2018:（新课标ⅱ）;2020:（新课标Ⅲ）;2022:（全国甲卷）
frank,frank*,required,,ipa-dict(en_US/CMUdict),corroborated,ECDICT,ECDICT,historical_partial_2010_2022,1,2016:（新课标ⅱ）
free,free,junior,1491,ipa-dict(en_US/CMUdict),corroborated,ECDICT,teacher_pdf_gloss,historical_partial_2010_2022,13,2011:（全国卷ii）;2013:（新课标ii）;2013:（新课标Ⅰ）;2014:（新课标ⅱ）;2015:（新课标ⅱ）;2016:（新课标Ⅰ）;2016:（新课标ⅱ）;2016:（新课标ⅲ）;2017:（新课标ⅲ）;2018:（新课标Ⅰ）;2019:（新课标Ⅲ）;2022:（全国乙卷）;2022:（全国甲卷）
freedom,freedom**,selective_required,1492,ipa-dict(en_US/CMUdict),corroborated,ECDICT,teacher_pdf_gloss,historical_partial_2010_2022,3,2017:（新课标ⅲ）;2019:（新课标Ⅱ）;2021:（新课标Ⅰ）
freeze,freeze**,selective_required,1494,ipa-dict(en_US/CMUdict),corroborated,ECDICT,teacher_pdf_gloss,historical_partial_2010_2022,5,2011:（新课标）;2014:（新课标Ⅰ）;2015:（新课标Ⅰ）;2016:（新课标ⅱ）;2018:（新课标ⅱ）
french,French,junior,1496,ipa-dict(en_US/CMUdict),corroborated,ECDICT,teacher_pdf_gloss,historical_partial_2010_2022,3,2015:（新课标Ⅰ）;2016:（新课标Ⅰ）;2020:（新课标Ⅱ）
frequency,frequency**,selective_required,,ipa-dict(en_US/CMUdict),corroborated,ECDICT,ECDICT,historical_partial_2010_2022,0,
frequent,,extension,1498,ipa-dict(en_US/CMUdict),corroborated,ECDICT,teacher_pdf_gloss,historical_partial_2010_2022,2,2018:（新课标Ⅰ）;2020:（新课标Ⅱ）
frequently,frequently*,required,,ipa-dict(en_US/CMUdict),corroborated,ECDICT,ECDICT,historical_partial_2010_2022,6,2010:（新课标Ⅰ）;2015:（新课标Ⅰ）;2016:（新课标Ⅰ）;2018:（新课标ⅱ）;2020:（新课标Ⅱ）;2022:（全国乙卷）
fresh,fresh,junior,1499,ipa-dict(en_US/CMUdict),corroborated,ECDICT,teacher_pdf_gloss,historical_partial_2010_2022,9,2015:（新课标Ⅰ）;2016:（新课标Ⅰ）;2016:（新课标ⅱ）;2016:（新课标ⅲ）;2018:（新课标ⅱ）;2018:（新课标ⅲ）;2019:（新课标Ⅰ）;2019:（新课标Ⅱ）;2022:（全国乙卷）
friction,friction**,selective_required,1501,ipa-dict(en_US/CMUdict),corroborated,ECDICT,teacher_pdf_gloss,historical_partial_2010_2022,0,
friday,Friday,junior,1500,ipa-dict(en_US/CMUdict),corroborated,ECDICT,teacher_pdf_gloss,historical_partial_2010_2022,8,2011:（新课标）;2013:（新课标Ⅰ）;2014:（新课标Ⅰ）;2017:（新课标ⅱ）;2017:（新课标ⅲ）;2018:（新课标ⅱ）;2018:（新课标ⅲ）;2020:（新课标Ⅰ）
fridge,fridge (refrigerator),junior,,ipa-dict(en_US/CMUdict),corroborated,ECDICT,ECDICT,historical_partial_2010_2022,1,2016:（新课标ⅲ）
friend,friend,junior,1504,ipa-dict(en_US/CMUdict),corroborated,ECDICT,teacher_pdf_gloss,historical_partial_2010_2022,23,2010:（新课标Ⅰ）;2010:（新课标Ⅱ）;2011:（全国卷ii）;2011:（新课标）;2012:（新课标）;2013:（新课标ii）;2013:（新课标Ⅰ）;2014:（新课标Ⅰ）;2014:（新课标ⅱ）;2015:（新课标Ⅰ）;2015:（新课标ⅱ）;2016:（新课标Ⅰ）;2016:（新课标ⅲ）;2017:（新课标Ⅰ）;2017:（新课标ⅱ）;2017:（新课标ⅲ）;2019:（新课标Ⅱ）;2019:（新课标Ⅲ）;2020:（新课标Ⅰ）;2020:（新课标Ⅲ）;2021:（解析版）;2022:（全国乙卷）;2022:（全国甲卷）
friendly,friendly,junior,1505,ipa-dict(en_US/CMUdict),corroborated,ECDICT,teacher_pdf_gloss,historical_partial_2010_2022,6,2010:（新课标Ⅰ）;2011:（全国卷ii）;2013:（新课标Ⅰ）;2014:（新课标ⅱ）;2016:（新课标Ⅰ）;2019:（新课标Ⅰ）
friendship,friendship,junior,1506,ipa-dict(en_US/CMUdict),corroborated,ECDICT,teacher_pdf_gloss,historical_partial_2010_2022,8,2010:（新课标Ⅱ）;2011:（新课标）;2012:（新课标）;2015:（新课标Ⅰ）;2016:（新课标Ⅰ）;2017:（新课标ⅱ）;2019:（新课标Ⅰ）;2022:（全国乙卷）
frightened,frightened*,required,,ipa-dict(en_US/CMUdict),corroborated,ECDICT,ECDICT,historical_partial_2010_2022,5,2010:（新课标Ⅱ）;2011:（全国卷ii）;2011:（新课标）;2018:（新课标ⅲ）;2019:（新课标Ⅱ）
frog,frog**,selective_required,1509,ipa-dict(en_US/CMUdict),corroborated,ECDICT,teacher_pdf_gloss,historical_partial_2010_2022,0,
from,from,junior,1510,ipa-dict(en_US/CMUdict),corroborated,curated_function_words,teacher_pdf_gloss,historical_partial_2010_2022,30,2010:（新课标Ⅰ）;2010:（新课标Ⅱ）;2011:（全国卷ii）;2011:（新课标）;2012:（新课标）;2013:（新课标ii）;2013:（新课标Ⅰ）;2014:（新课标Ⅰ）;2014:（新课标ⅱ）;2015:（新课标Ⅰ）;2015:（新课标ⅱ）;2016:（新课标Ⅰ）;2016:（新课标ⅱ）;2016:（新课标ⅲ）;2017:（新课标Ⅰ）;2017:（新课标ⅱ）;2017:（新课标ⅲ）;2018:（新课标Ⅰ）;2018:（新课标ⅱ）;2018:（新课标ⅲ）;2019:（新课标Ⅰ）;2019:（新课标Ⅱ）;2019:（新课标Ⅲ）;2020:（新课标Ⅰ）;2020:（新课标Ⅱ）;2020:（新课标Ⅲ）;2021:（新课标Ⅰ）;2021:（解析版）;2022:（全国乙卷）;2022:（全国甲卷）
front,front,junior,1511,ipa-dict(en_US/CMUdict),corroborated,ECDICT,teacher_pdf_gloss,historical_partial_2010_2022,9,2010:（新课标Ⅰ）;2011:（全国卷ii）;2012:（新课标）;2014:（新课标Ⅰ）;2016:（新课标ⅱ）;2018:（新课标ⅲ）;2019:（新课标Ⅰ）;2020:（新课标Ⅲ）;2022:（全国甲卷）
frontier,frontier**,selective_required,1512,ipa-dict(en_US/CMUdict),corroborated,ECDICT,teacher_pdf_gloss,historical_partial_2010_2022,1,2019:（新课标Ⅱ）
frost,frost**,selective_required,1513,ipa-dict(en_US/CMUdict),corroborated,ECDICT,teacher_pdf_gloss,historical_partial_2010_2022,0,
fruit,fruit,junior,1514,ipa-dict(en_US/CMUdict),corroborated,ECDICT,teacher_pdf_gloss,historical_partial_2010_2022,8,2011:（新课标）;2014:（新课标Ⅰ）;2016:（新课标ⅲ）;2018:（新课标ⅱ）;2019:（新课标Ⅲ）;2020:（新课标Ⅱ）;2021:（解析版）;2022:（全国乙卷）
fry,fry**,selective_required,1516,ipa-dict(en_US/CMUdict),corroborated,ECDICT,teacher_pdf_gloss,historical_partial_2010_2022,2,2020:（新课标Ⅰ）;2021:（新课标Ⅰ）
fuel,fuel**,selective_required,1517,ipa-dict(en_US/CMUdict),corroborated,ECDICT,teacher_pdf_gloss,historical_partial_2010_2022,3,2015:（新课标ⅱ）;2017:（新课标ⅱ）;2019:（新课标Ⅲ）
full,full,junior,1518,ipa-dict(en_US/CMUdict),corroborated,ECDICT,teacher_pdf_gloss,historical_partial_2010_2022,14,2010:（新课标Ⅰ）;2010:（新课标Ⅱ）;2011:（全国卷ii）;2012:（新课标）;2013:（新课标ii）;2014:（新课标Ⅰ）;2015:（新课标Ⅰ）;2017:（新课标Ⅰ）;2017:（新课标ⅲ）;2018:（新课标Ⅰ）;2018:（新课标ⅲ）;2019:（新课标Ⅲ）;2021:（解析版）;2022:（全国乙卷）
fun,fun,junior,1519,ipa-dict(en_US/CMUdict),corroborated,ECDICT,teacher_pdf_gloss,historical_partial_2010_2022,14,2011:（新课标）;2012:（新课标）;2013:（新课标ii）;2015:（新课标Ⅰ）;2016:（新课标ⅱ）;2016:（新课标ⅲ）;2017:（新课标ⅱ）;2017:（新课标ⅲ）;2018:（新课标Ⅰ）;2018:（新课标ⅱ）;2020:（新课标Ⅱ）;2021:（新课标Ⅰ）;2021:（解析版）;2022:（全国甲卷）
function,function*,required,1520,ipa-dict(en_US/CMUdict),corroborated,ECDICT,teacher_pdf_gloss,historical_partial_2010_2022,6,2017:（新课标Ⅰ）;2018:（新课标Ⅰ）;2018:（新课标ⅲ）;2020:（新课标Ⅰ）;2021:（新课标Ⅰ）;2022:（全国乙卷）
fund,fund*,required,,ipa-dict(en_US/CMUdict),corroborated,ECDICT,ECDICT,historical_partial_2010_2022,2,2018:（新课标ⅲ）;2021:（解析版）
fundamental,fundamental**,selective_required,1521,ipa-dict(en_US/CMUdict),corroborated,ECDICT,teacher_pdf_gloss,historical_partial_2010_2022,1,2018:（新课标Ⅰ）
funeral,,extension,1522,ipa-dict(en_US/CMUdict),corroborated,ECDICT,teacher_pdf_gloss,historical_partial_2010_2022,0,
funny,funny,junior,1523,ipa-dict(en_US/CMUdict),corroborated,ECDICT,teacher_pdf_gloss,historical_partial_2010_2022,5,2010:（新课标Ⅱ）;2014:（新课标Ⅰ）;2016:（新课标ⅱ）;2016:（新课标ⅲ）;2021:（解析版）
furniture,furniture**,selective_required,1526,ipa-dict(en_US/CMUdict),corroborated,ECDICT,teacher_pdf_gloss,historical_partial_2010_2022,4,2010:（新课标Ⅰ）;2010:（新课标Ⅱ）;2013:（新课标Ⅰ）;2018:（新课标Ⅰ）
further,further*,required,,ipa-dict(en_US/CMUdict),corroborated,ECDICT,ECDICT,historical_partial_2010_2022,10,2011:（全国卷ii）;2012:（新课标）;2013:（新课标ii）;2013:（新课标Ⅰ）;2017:（新课标Ⅰ）;2019:（新课标Ⅰ）;2020:（新课标Ⅰ）;2020:（新课标Ⅲ）;2021:（新课标Ⅰ）;2022:（全国甲卷）
future,future,junior,1527,ipa-dict(en_US/CMUdict),corroborated,ECDICT,teacher_pdf_gloss,historical_partial_2010_2022,13,2012:（新课标）;2014:（新课标Ⅰ）;2014:（新课标ⅱ）;2015:（新课标Ⅰ）;2015:（新课标ⅱ）;2017:（新课标Ⅰ）;2017:（新课标ⅱ）;2018:（新课标Ⅰ）;2019:（新课标Ⅰ）;2020:（新课标Ⅰ）;2021:（解析版）;2022:（全国乙卷）;2022:（全国甲卷）
gain,gain**,selective_required,1528,ipa-dict(en_US/CMUdict),corroborated,ECDICT,teacher_pdf_gloss,historical_partial_2010_2022,7,2015:（新课标Ⅰ）;2016:（新课标ⅱ）;2017:（新课标Ⅰ）;2018:（新课标ⅲ）;2019:（新课标Ⅰ）;2020:（新课标Ⅱ）;2020:（新课标Ⅲ）
gallery,gallery**,selective_required,1530,ipa-dict(en_US/CMUdict),corroborated,ECDICT,teacher_pdf_gloss,historical_partial_2010_2022,4,2011:（全国卷ii）;2013:（新课标Ⅰ）;2020:（新课标Ⅱ）;2022:（全国乙卷）
game,game,junior,1532,ipa-dict(en_US/CMUdict),corroborated,ECDICT,teacher_pdf_gloss,historical_partial_2010_2022,12,2010:（新课标Ⅱ）;2012:（新课标）;2014:（新课标Ⅰ）;2015:（新课标ⅱ）;2016:（新课标ⅲ）;2018:（新课标Ⅰ）;2018:（新课标ⅱ）;2020:（新课标Ⅰ）;2020:（新课标Ⅱ）;2020:（新课标Ⅲ）;2021:（新课标Ⅰ）;2022:（全国乙卷）
gap,gap*,required,,ipa-dict(en_US/CMUdict),corroborated,ECDICT,ECDICT,historical_partial_2010_2022,2,2015:（新课标ⅱ）;2016:（新课标Ⅰ）
garage,,extension,1533,ipa-dict(en_US/CMUdict),corroborated,ECDICT,teacher_pdf_gloss,historical_partial_2010_2022,0,
garbage,garbage**,selective_required,1534,ipa-dict(en_US/CMUdict),corroborated,ECDICT,teacher_pdf_gloss,historical_partial_2010_2022,2,2021:（新课标Ⅰ）;2022:（全国甲卷）
garden,garden,junior,1535,ipa-dict(en_US/CMUdict),corroborated,ECDICT,teacher_pdf_gloss,historical_partial_2010_2022,13,2010:（新课标Ⅰ）;2011:（新课标）;2012:（新课标）;2014:（新课标Ⅰ）;2014:（新课标ⅱ）;2015:（新课标ⅱ）;2016:（新课标ⅱ）;2016:（新课标ⅲ）;2017:（新课标ⅱ）;2018:（新课标ⅲ）;2019:（新课标Ⅰ）;2020:（新课标Ⅱ）;2020:（新课标Ⅲ）
garlic,garlic**,selective_required,1537,ipa-dict(en_US/CMUdict),corroborated,ECDICT,teacher_pdf_gloss,historical_partial_2010_2022,0,
gas,gas*,required,1539,ipa-dict(en_US/CMUdict),corroborated,ECDICT,teacher_pdf_gloss,historical_partial_2010_2022,3,2017:（新课标ⅱ）;2018:（新课标Ⅰ）;2021:（新课标Ⅰ）
gate,gate,junior,1540,ipa-dict(en_US/CMUdict),corroborated,ECDICT,teacher_pdf_gloss,historical_partial_2010_2022,1,2021:（解析版）
gather,gather*,required,1541,ipa-dict(en_US/CMUdict),corroborated,ECDICT,teacher_pdf_gloss,historical_partial_2010_2022,6,2016:（新课标ⅱ）;2017:（新课标Ⅰ）;2017:（新课标ⅱ）;2017:（新课标ⅲ）;2019:（新课标Ⅲ）;2020:（新课标Ⅲ）
gay,,extension,1542,ipa-dict(en_US/CMUdict),corroborated,ECDICT,teacher_pdf_gloss,historical_partial_2010_2022,0,
gender,gender**,selective_required,,ipa-dict(en_US/CMUdict),corroborated,ECDICT,ECDICT,historical_partial_2010_2022,1,2021:（解析版）
general,general,junior,1543,ipa-dict(en_US/CMUdict),corroborated,ECDICT,teacher_pdf_gloss,historical_partial_2010_2022,7,2011:（新课标）;2012:（新课标）;2013:（新课标ii）;2014:（新课标Ⅰ）;2015:（新课标ⅱ）;2018:（新课标Ⅰ）;2022:（全国乙卷）
generate,generate**,selective_required,,ipa-dict(en_US/CMUdict),corroborated,ECDICT,ECDICT,historical_partial_2010_2022,1,2022:（全国乙卷）
generation,generation*,required,1544,ipa-dict(en_US/CMUdict),corroborated,ECDICT,teacher_pdf_gloss,historical_partial_2010_2022,10,2011:（全国卷ii）;2014:（新课标Ⅰ）;2015:（新课标Ⅰ）;2016:（新课标Ⅰ）;2017:（新课标Ⅰ）;2018:（新课标Ⅰ）;2020:（新课标Ⅱ）;2020:（新课标Ⅲ）;2021:（新课标Ⅰ）;2022:（全国乙卷）
generous,generous*,required,1545,ipa-dict(en_US/CMUdict),corroborated,ECDICT,teacher_pdf_gloss,historical_partial_2010_2022,4,2015:（新课标Ⅰ）;2017:（新课标Ⅰ）;2019:（新课标Ⅰ）;2020:（新课标Ⅲ）
genius,genius**,selective_required,,ipa-dict(en_US/CMUdict),corroborated,ECDICT,ECDICT,historical_partial_2010_2022,1,2021:（解析版）
gentle,gentle**,selective_required,1546,ipa-dict(en_US/CMUdict),corroborated,ECDICT,teacher_pdf_gloss,historical_partial_2010_2022,2,2020:（新课标Ⅲ）;2022:（全国甲卷）
gentleman,gentleman,junior,1547,ipa-dict(en_US/CMUdict),corroborated,ECDICT,teacher_pdf_gloss,historical_partial_2010_2022,1,2010:（新课标Ⅰ）
genuine,genuine**,selective_required,,ipa-dict(en_US/CMUdict),corroborated,ECDICT,ECDICT,historical_partial_2010_2022,0,
geography,geography,junior,1548,ipa-dict(en_US/CMUdict),corroborated,ECDICT,teacher_pdf_gloss,historical_partial_2010_2022,1,2018:（新课标Ⅰ）
geometry,geometry**,selective_required,1549,ipa-dict(en_US/CMUdict),corroborated,ECDICT,teacher_pdf_gloss,historical_partial_2010_2022,0,
german,German,junior,1550,ipa-dict(en_US/CMUdict),corroborated,ECDICT,teacher_pdf_gloss,historical_partial_2010_2022,2,2010:（新课标Ⅱ）;2011:（全国卷ii）
germany,Germany,junior,1551,ipa-dict(en_US/CMUdict),corroborated,ECDICT,teacher_pdf_gloss,historical_partial_2010_2022,1,2011:（全国卷ii）
gesture,,extension,1552,ipa-dict(en_US/CMUdict),corroborated,ECDICT,teacher_pdf_gloss,historical_partial_2010_2022,0,
get,get,junior,1553,ipa-dict(en_US/CMUdict),corroborated,ECDICT,teacher_pdf_gloss,historical_partial_2010_2022,28,2010:（新课标Ⅰ）;2010:（新课标Ⅱ）;2011:（全国卷ii）;2011:（新课标）;2012:（新课标）;2013:（新课标ii）;2013:（新课标Ⅰ）;2014:（新课标Ⅰ）;2014:（新课标ⅱ）;2015:（新课标Ⅰ）;2015:（新课标ⅱ）;2016:（新课标Ⅰ）;2016:（新课标ⅱ）;2017:（新课标Ⅰ）;2017:（新课标ⅱ）;2017:（新课标ⅲ）;2018:（新课标Ⅰ）;2018:（新课标ⅱ）;2018:（新课标ⅲ）;2019:（新课标Ⅰ）;2019:（新课标Ⅱ）;2019:（新课标Ⅲ）;2020:（新课标Ⅰ）;2020:（新课标Ⅲ）;2021:（新课标Ⅰ）;2021:（解析版）;2022:（全国乙卷）;2022:（全国甲卷）
gift,gift,junior,1555,ipa-dict(en_US/CMUdict),corroborated,ECDICT,teacher_pdf_gloss,historical_partial_2010_2022,7,2013:（新课标ii）;2015:（新课标Ⅰ）;2017:（新课标ⅱ）;2018:（新课标ⅲ）;2019:（新课标Ⅱ）;2020:（新课标Ⅱ）;2020:（新课标Ⅲ）
gifted,gifted**,selective_required,1556,ipa-dict(en_US/CMUdict),corroborated,ECDICT,teacher_pdf_gloss,historical_partial_2010_2022,1,2016:（新课标ⅱ）
giraffe,giraffe,junior,1557,ipa-dict(en_US/CMUdict),corroborated,ECDICT,teacher_pdf_gloss,historical_partial_2010_2022,0,
girl,girl,junior,1558,ipa-dict(en_US/CMUdict),corroborated,ECDICT,teacher_pdf_gloss,historical_partial_2010_2022,10,2010:（新课标Ⅱ）;2011:（新课标）;2014:（新课标ⅱ）;2015:（新课标ⅱ）;2018:（新课标ⅲ）;2019:（新课标Ⅰ）;2019:（新课标Ⅱ）;2020:（新课标Ⅱ）;2021:（解析版）;2022:（全国乙卷）
give,give,junior,,ipa-dict(en_US/CMUdict),corroborated,ECDICT,curated_override,historical_partial_2010_2022,28,2010:（新课标Ⅰ）;2010:（新课标Ⅱ）;2011:（全国卷ii）;2011:（新课标）;2012:（新课标）;2013:（新课标ii）;2013:（新课标Ⅰ）;2014:（新课标Ⅰ）;2014:（新课标ⅱ）;2015:（新课标Ⅰ）;2015:（新课标ⅱ）;2016:（新课标Ⅰ）;2016:（新课标ⅱ）;2016:（新课标ⅲ）;2017:（新课标Ⅰ）;2017:（新课标ⅱ）;2017:（新课标ⅲ）;2018:（新课标Ⅰ）;2018:（新课标ⅱ）;2018:（新课标ⅲ）;2019:（新课标Ⅰ）;2019:（新课标Ⅱ）;2020:（新课标Ⅰ）;2020:（新课标Ⅱ）;2020:（新课标Ⅲ）;2021:（新课标Ⅰ）;2021:（解析版）;2022:（全国甲卷）
glad,glad,junior,1560,ipa-dict(en_US/CMUdict),corroborated,ECDICT,teacher_pdf_gloss,historical_partial_2010_2022,4,2013:（新课标ii）;2018:（新课标ⅱ）;2018:（新课标ⅲ）;2020:（新课标Ⅱ）
glance,,extension,1561,ipa-dict(en_US/CMUdict),corroborated,ECDICT,teacher_pdf_gloss,historical_partial_2010_2022,2,2021:（解析版）;2022:（全国乙卷）
glass,glass,junior,1563,ipa-dict(en_US/CMUdict),corroborated,ECDICT,teacher_pdf_gloss,historical_partial_2010_2022,6,2010:（新课标Ⅰ）;2012:（新课标）;2015:（新课标ⅱ）;2018:（新课标ⅲ）;2019:（新课标Ⅲ）;2020:（新课标Ⅰ）
global,global*,required,,ipa-dict(en_US/CMUdict),corroborated,ECDICT,ECDICT,historical_partial_2010_2022,6,2014:（新课标Ⅰ）;2015:（新课标Ⅰ）;2019:（新课标Ⅰ）;2019:（新课标Ⅲ）;2021:（新课标Ⅰ）;2021:（解析版）
globe,globe**,selective_required,1565,ipa-dict(en_US/CMUdict),corroborated,ECDICT,teacher_pdf_gloss,historical_partial_2010_2022,3,2017:（新课标ⅱ）;2018:（新课标ⅱ）;2022:（全国乙卷）
glory,,extension,1566,ipa-dict(en_US/CMUdict),corroborated,ECDICT,teacher_pdf_gloss,historical_partial_2010_2022,0,
glove,glove,junior,1567,ipa-dict(en_US/CMUdict),corroborated,ECDICT,teacher_pdf_gloss,historical_partial_2010_2022,1,2013:（新课标ii）
glue,glue,junior,1568,ipa-dict(en_US/CMUdict),corroborated,ECDICT,teacher_pdf_gloss,historical_partial_2010_2022,0,
go,go,junior,,ipa-dict(en_US/CMUdict),corroborated,ECDICT,ECDICT,historical_partial_2010_2022,29,2010:（新课标Ⅰ）;2010:（新课标Ⅱ）;2011:（全国卷ii）;2011:（新课标）;2012:（新课标）;2013:（新课标ii）;2013:（新课标Ⅰ）;2014:（新课标Ⅰ）;2014:（新课标ⅱ）;2015:（新课标Ⅰ）;2015:（新课标ⅱ）;2016:（新课标Ⅰ）;2016:（新课标ⅱ）;2016:（新课标ⅲ）;2017:（新课标Ⅰ）;2017:（新课标ⅱ）;2017:（新课标ⅲ）;2018:（新课标Ⅰ）;2018:（新课标ⅱ）;2018:（新课标ⅲ）;2019:（新课标Ⅰ）;2019:（新课标Ⅱ）;2019:（新课标Ⅲ）;2020:（新课标Ⅰ）;2020:（新课标Ⅱ）;2021:（新课标Ⅰ）;2021:（解析版）;2022:（全国乙卷）;2022:（全国甲卷）
goal,goal*,required,1570,ipa-dict(en_US/CMUdict),corroborated,ECDICT,teacher_pdf_gloss,historical_partial_2010_2022,5,2015:（新课标ⅱ）;2017:（新课标Ⅰ）;2017:（新课标ⅱ）;2019:（新课标Ⅱ）;2021:（新课标Ⅰ）
goat,goat**,selective_required,1571,ipa-dict(en_US/CMUdict),corroborated,ECDICT,teacher_pdf_gloss,historical_partial_2010_2022,0,
god,,extension,1572,ipa-dict(en_US/CMUdict),corroborated,ECDICT,teacher_pdf_gloss,historical_partial_2010_2022,0,
gold,gold,junior,1573,ipa-dict(en_US/CMUdict),corroborated,ECDICT,teacher_pdf_gloss,historical_partial_2010_2022,5,2010:（新课标Ⅰ）;2016:（新课标Ⅰ）;2016:（新课标ⅲ）;2018:（新课标ⅲ）;2019:（新课标Ⅱ）
golden,,extension,1574,ipa-dict(en_US/CMUdict),corroborated,ECDICT,teacher_pdf_gloss,historical_partial_2010_2022,3,2011:（全国卷ii）;2012:（新课标）;2016:（新课标ⅲ）
golf,golf**,selective_required,1576,ipa-dict(en_US/CMUdict),corroborated,ECDICT,teacher_pdf_gloss,historical_partial_2010_2022,1,2014:（新课标Ⅰ）
good,good,junior,,ipa-dict(en_US/CMUdict),corroborated,ECDICT,ECDICT,historical_partial_2010_2022,29,2010:（新课标Ⅰ）;2010:（新课标Ⅱ）;2011:（全国卷ii）;2011:（新课标）;2012:（新课标）;2013:（新课标ii）;2013:（新课标Ⅰ）;2014:（新课标ⅱ）;2015:（新课标Ⅰ）;2015:（新课标ⅱ）;2016:（新课标Ⅰ）;2016:（新课标ⅱ）;2016:（新课标ⅲ）;2017:（新课标Ⅰ）;2017:（新课标ⅱ）;2017:（新课标ⅲ）;2018:（新课标Ⅰ）;2018:（新课标ⅱ）;2018:（新课标ⅲ）;2019:（新课标Ⅰ）;2019:（新课标Ⅱ）;2019:（新课标Ⅲ）;2020:（新课标Ⅰ）;2020:（新课标Ⅱ）;2020:（新课标Ⅲ）;2021:（新课标Ⅰ）;2021:（解析版）;2022:（全国乙卷）;2022:（全国甲卷）
goodbye,goodbye (bye),junior,,ipa-dict(en_US/CMUdict),corroborated,ECDICT,ECDICT,historical_partial_2010_2022,1,2021:（新课标Ⅰ）
goodness,,extension,1579,ipa-dict(en_US/CMUdict),corroborated,ECDICT,teacher_pdf_gloss,historical_partial_2010_2022,0,
goods,goods*,required,1580,ipa-dict(en_US/CMUdict),corroborated,ECDICT,teacher_pdf_gloss,historical_partial_2010_2022,3,2011:（新课标）;2013:（新课标Ⅰ）;2020:（新课标Ⅲ）
govern,,extension,1582,ipa-dict(en_US/CMUdict),corroborated,ECDICT,teacher_pdf_gloss,historical_partial_2010_2022,0,
government,government,junior,1583,ipa-dict(en_US/CMUdict),corroborated,ECDICT,teacher_pdf_gloss,historical_partial_2010_2022,10,2010:（新课标Ⅰ）;2010:（新课标Ⅱ）;2011:（全国卷ii）;2014:（新课标ⅱ）;2016:（新课标Ⅰ）;2017:（新课标ⅱ）;2017:（新课标ⅲ）;2018:（新课标ⅱ）;2019:（新课标Ⅰ）;2022:（全国乙卷）
grab,grab**,selective_required,,ipa-dict(en_US/CMUdict),corroborated,ECDICT,ECDICT,historical_partial_2010_2022,0,
grade,grade,junior,1585,ipa-dict(en_US/CMUdict),corroborated,ECDICT,teacher_pdf_gloss,historical_partial_2010_2022,6,2011:（新课标）;2012:（新课标）;2018:（新课标Ⅰ）;2019:（新课标Ⅰ）;2019:（新课标Ⅱ）;2021:（新课标Ⅰ）
gradually,gradually**,selective_required,1586,ipa-dict(en_US/CMUdict),corroborated,ECDICT,teacher_pdf_gloss,historical_partial_2010_2022,6,2015:（新课标ⅱ）;2017:（新课标Ⅰ）;2017:（新课标ⅲ）;2018:（新课标ⅲ）;2019:（新课标Ⅲ）;2020:（新课标Ⅰ）
graduate,graduate*,required,1587,ipa-dict(en_US/CMUdict),corroborated,ECDICT,teacher_pdf_gloss,historical_partial_2010_2022,5,2011:（新课标）;2013:（新课标ii）;2015:（新课标ⅱ）;2018:（新课标Ⅰ）;2020:（新课标Ⅲ）
grain,grain**,selective_required,1589,ipa-dict(en_US/CMUdict),corroborated,ECDICT,teacher_pdf_gloss,historical_partial_2010_2022,1,2014:（新课标Ⅰ）
gram,gramme (gram)**,selective_required,1590,ipa-dict(en_US/CMUdict),corroborated,ECDICT,teacher_pdf_gloss,historical_partial_2010_2022,0,
grammar,grammar,junior,1591,ipa-dict(en_US/CMUdict),corroborated,ECDICT,teacher_pdf_gloss,historical_partial_2010_2022,1,2014:（新课标Ⅰ）
grand,grand**,selective_required,1592,ipa-dict(en_US/CMUdict),corroborated,ECDICT,teacher_pdf_gloss,historical_partial_2010_2022,1,2016:（新课标Ⅰ）
grandchild,,extension,1593,ipa-dict(en_US/CMUdict),corroborated,ECDICT,teacher_pdf_gloss,historical_partial_2010_2022,0,
granddaughter,granddaughter,junior,1594,ipa-dict(en_US/CMUdict),corroborated,ECDICT,teacher_pdf_gloss,historical_partial_2010_2022,3,2016:（新课标Ⅰ）;2019:（新课标Ⅱ）;2022:（全国乙卷）
grandfather,grandfather (grandpa),junior,,ipa-dict(en_US/CMUdict),corroborated,ECDICT,ECDICT,historical_partial_2010_2022,2,2010:（新课标Ⅰ）;2013:（新课标Ⅰ）
grandmother,grandmother (grandma),junior,,ipa-dict(en_US/CMUdict),corroborated,ECDICT,ECDICT,historical_partial_2010_2022,3,2013:（新课标Ⅰ）;2018:（新课标ⅲ）;2021:（解析版）
grandparent,grandparent,junior,,ipa-dict(en_US/CMUdict),corroborated,ECDICT,ECDICT,historical_partial_2010_2022,2,2016:（新课标Ⅰ）;2018:（新课标Ⅰ）
grandson,grandson,junior,1598,ipa-dict(en_US/CMUdict),corroborated,ECDICT,teacher_pdf_gloss,historical_partial_2010_2022,0,
grape,grape,junior,1600,ipa-dict(en_US/CMUdict),corroborated,ECDICT,teacher_pdf_gloss,historical_partial_2010_2022,0,
graph,,extension,1601,ipa-dict(en_US/CMUdict),corroborated,ECDICT,teacher_pdf_gloss,historical_partial_2010_2022,0,
grasp,grasp**,selective_required,1602,ipa-dict(en_US/CMUdict),corroborated,ECDICT,teacher_pdf_gloss,historical_partial_2010_2022,2,2013:（新课标Ⅰ）;2018:（新课标Ⅰ）
grass,grass,junior,1603,ipa-dict(en_US/CMUdict),corroborated,ECDICT,teacher_pdf_gloss,historical_partial_2010_2022,3,2011:（全国卷ii）;2014:（新课标ⅱ）;2019:（新课标Ⅰ）
grateful,grateful**,selective_required,1604,ipa-dict(en_US/CMUdict),corroborated,ECDICT,teacher_pdf_gloss,historical_partial_2010_2022,2,2019:（新课标Ⅱ）;2021:（新课标Ⅰ）
gravity,gravity**,selective_required,1605,ipa-dict(en_US/CMUdict),corroborated,ECDICT,teacher_pdf_gloss,historical_partial_2010_2022,1,2019:（新课标Ⅱ）
great,great,junior,,ipa-dict(en_US/CMUdict),corroborated,ECDICT,ECDICT,historical_partial_2010_2022,23,2010:（新课标Ⅱ）;2011:（全国卷ii）;2011:（新课标）;2012:（新课标）;2013:（新课标ii）;2013:（新课标Ⅰ）;2014:（新课标Ⅰ）;2014:（新课标ⅱ）;2015:（新课标Ⅰ）;2015:（新课标ⅱ）;2016:（新课标Ⅰ）;2016:（新课标ⅱ）;2016:（新课标ⅲ）;2017:（新课标ⅱ）;2018:（新课标ⅱ）;2018:（新课标ⅲ）;2019:（新课标Ⅰ）;2019:（新课标Ⅲ）;2020:（新课标Ⅱ）;2020:（新课标Ⅲ）;2021:（解析版）;2022:（全国乙卷）;2022:（全国甲卷）
greece,,extension,1607,ipa-dict(en_US/CMUdict),corroborated,ECDICT,teacher_pdf_gloss,historical_partial_2010_2022,2,2011:（全国卷ii）;2021:（新课标Ⅰ）
greedy,greedy**,selective_required,1608,ipa-dict(en_US/CMUdict),corroborated,ECDICT,teacher_pdf_gloss,historical_partial_2010_2022,0,
green,green,junior,1610,ipa-dict(en_US/CMUdict),corroborated,ECDICT,teacher_pdf_gloss,historical_partial_2010_2022,8,2010:（新课标Ⅰ）;2013:（新课标ii）;2014:（新课标ⅱ）;2015:（新课标Ⅰ）;2019:（新课标Ⅰ）;2019:（新课标Ⅲ）;2020:（新课标Ⅰ）;2020:（新课标Ⅱ）
greenhouse,greenhouse*,required,,ipa-dict(en_US/CMUdict),corroborated,ECDICT,ECDICT,historical_partial_2010_2022,2,2017:（新课标Ⅰ）;2018:（新课标Ⅰ）
greet,greet**,selective_required,1612,ipa-dict(en_US/CMUdict),corroborated,ECDICT,teacher_pdf_gloss,historical_partial_2010_2022,4,2013:（新课标ii）;2019:（新课标Ⅲ）;2021:（新课标Ⅰ）;2022:（全国甲卷）
grey,grey,junior,,ipa-dict(en_US/CMUdict),corroborated,ECDICT,ECDICT,historical_partial_2010_2022,0,
grocery,grocery**,selective_required,,ipa-dict(en_US/CMUdict),corroborated,ECDICT,ECDICT,historical_partial_2010_2022,0,
ground,ground,junior,1617,ipa-dict(en_US/CMUdict),corroborated,ECDICT,teacher_pdf_gloss,historical_partial_2010_2022,9,2010:（新课标Ⅱ）;2012:（新课标）;2013:（新课标Ⅰ）;2017:（新课标Ⅰ）;2017:（新课标ⅱ）;2020:（新课标Ⅰ）;2020:（新课标Ⅱ）;2020:（新课标Ⅲ）;2021:（解析版）
group,group,junior,1618,ipa-dict(en_US/CMUdict),corroborated,ECDICT,teacher_pdf_gloss,historical_partial_2010_2022,19,2010:（新课标Ⅰ）;2011:（新课标）;2013:（新课标ii）;2013:（新课标Ⅰ）;2015:（新课标Ⅰ）;2016:（新课标Ⅰ）;2016:（新课标ⅱ）;2016:（新课标ⅲ）;2017:（新课标ⅱ）;2017:（新课标ⅲ）;2018:（新课标Ⅰ）;2018:（新课标ⅱ）;2018:（新课标ⅲ）;2019:（新课标Ⅰ）;2019:（新课标Ⅲ）;2020:（新课标Ⅲ）;2021:（新课标Ⅰ）;2022:（全国乙卷）;2022:（全国甲卷）
grow,grow,junior,,ipa-dict(en_US/CMUdict),corroborated,ECDICT,ECDICT,historical_partial_2010_2022,15,2011:（新课标）;2013:（新课标ii）;2014:（新课标Ⅰ）;2016:（新课标Ⅰ）;2016:（新课标ⅱ）;2016:（新课标ⅲ）;2017:（新课标Ⅰ）;2018:（新课标ⅱ）;2018:（新课标ⅲ）;2019:（新课标Ⅰ）;2019:（新课标Ⅱ）;2020:（新课标Ⅰ）;2020:（新课标Ⅱ）;2020:（新课标Ⅲ）;2021:（新课标Ⅰ）
growth,,extension,1620,ipa-dict(en_US/CMUdict),corroborated,ECDICT,teacher_pdf_gloss,historical_partial_2010_2022,4,2010:（新课标Ⅱ）;2011:（新课标）;2015:（新课标Ⅰ）;2018:（新课标ⅲ）
guarantee,guarantee**,selective_required,1622,ipa-dict(en_US/CMUdict),corroborated,ECDICT,teacher_pdf_gloss,historical_partial_2010_2022,3,2019:（新课标Ⅰ）;2020:（新课标Ⅰ）;2022:（全国乙卷）
guard,guard,junior,1623,ipa-dict(en_US/CMUdict),corroborated,ECDICT,teacher_pdf_gloss,historical_partial_2010_2022,0,
guess,guess,junior,1624,ipa-dict(en_US/CMUdict),corroborated,ECDICT,teacher_pdf_gloss,historical_partial_2010_2022,5,2011:（新课标）;2019:（新课标Ⅱ）;2020:（新课标Ⅲ）;2021:（新课标Ⅰ）;2022:（全国甲卷）
guest,guest,junior,1625,ipa-dict(en_US/CMUdict),corroborated,ECDICT,teacher_pdf_gloss,historical_partial_2010_2022,7,2010:（新课标Ⅰ）;2010:（新课标Ⅱ）;2011:（全国卷ii）;2011:（新课标）;2014:（新课标Ⅰ）;2018:（新课标Ⅰ）;2020:（新课标Ⅲ）
guidance,guidance**,selective_required,1626,ipa-dict(en_US/CMUdict),corroborated,ECDICT,teacher_pdf_gloss,historical_partial_2010_2022,2,2013:（新课标Ⅰ）;2014:（新课标Ⅰ）
guide,guide,junior,1627,ipa-dict(en_US/CMUdict),corroborated,ECDICT,teacher_pdf_gloss,historical_partial_2010_2022,13,2010:（新课标Ⅱ）;2012:（新课标）;2013:（新课标Ⅰ）;2014:（新课标Ⅰ）;2014:（新课标ⅱ）;2015:（新课标ⅱ）;2017:（新课标Ⅰ）;2018:（新课标Ⅰ）;2018:（新课标ⅱ）;2018:（新课标ⅲ）;2019:（新课标Ⅱ）;2020:（新课标Ⅱ）;2022:（全国乙卷）
guideline,guideline*,required,,ipa-dict(en_US/CMUdict),corroborated,ECDICT,ECDICT,historical_partial_2010_2022,2,2010:（新课标Ⅰ）;2014:（新课标Ⅰ）
guilty,guilty**,selective_required,1628,ipa-dict(en_US/CMUdict),corroborated,ECDICT,teacher_pdf_gloss,historical_partial_2010_2022,1,2013:（新课标Ⅰ）
guitar,guitar,junior,1629,ipa-dict(en_US/CMUdict),corroborated,ECDICT,teacher_pdf_gloss,historical_partial_2010_2022,0,
gun,gun,junior,1630,ipa-dict(en_US/CMUdict),corroborated,ECDICT,teacher_pdf_gloss,historical_partial_2010_2022,1,2019:（新课标Ⅱ）
guy,guy*,required,,ipa-dict(en_US/CMUdict),corroborated,ECDICT,ECDICT,historical_partial_2010_2022,0,
gym,gym*,required,,ipa-dict(en_US/CMUdict),corroborated,ECDICT,ECDICT,historical_partial_2010_2022,0,
gymnastics,gymnastics*,required,1632,ipa-dict(en_US/CMUdict),corroborated,ECDICT,teacher_pdf_gloss,historical_partial_2010_2022,0,
ha,,extension,1633,ipa-dict(en_US/CMUdict),corroborated,ECDICT,teacher_pdf_gloss,historical_partial_2010_2022,0,
habit,habit,junior,1634,ipa-dict(en_US/CMUdict),corroborated,ECDICT,teacher_pdf_gloss,historical_partial_2010_2022,10,2010:（新课标Ⅰ）;2010:（新课标Ⅱ）;2013:（新课标ii）;2014:（新课标Ⅰ）;2015:（新课标ⅱ）;2016:（新课标ⅱ）;2016:（新课标ⅲ）;2018:（新课标ⅱ）;2018:（新课标ⅲ）;2019:（新课标Ⅱ）
habitat,habitat**,selective_required,,ipa-dict(en_US/CMUdict),corroborated,ECDICT,ECDICT,historical_partial_2010_2022,0,
hair,hair,junior,1635,ipa-dict(en_US/CMUdict),corroborated,ECDICT,teacher_pdf_gloss,historical_partial_2010_2022,2,2010:（新课标Ⅱ）;2021:（新课标Ⅰ）
half,half,junior,1637,ipa-dict(en_US/CMUdict),corroborated,ECDICT,teacher_pdf_gloss,historical_partial_2010_2022,18,2010:（新课标Ⅰ）;2010:（新课标Ⅱ）;2011:（新课标）;2012:（新课标）;2013:（新课标ii）;2014:（新课标Ⅰ）;2014:（新课标ⅱ）;2015:（新课标ⅱ）;2017:（新课标ⅱ）;2018:（新课标Ⅰ）;2018:（新课标ⅱ）;2018:（新课标ⅲ）;2019:（新课标Ⅱ）;2019:（新课标Ⅲ）;2020:（新课标Ⅱ）;2020:（新课标Ⅲ）;2021:（新课标Ⅰ）;2022:（全国乙卷）
hall,hall,junior,1638,ipa-dict(en_US/CMUdict),corroborated,ECDICT,teacher_pdf_gloss,historical_partial_2010_2022,10,2010:（新课标Ⅰ）;2011:（全国卷ii）;2011:（新课标）;2013:（新课标ii）;2016:（新课标ⅲ）;2018:（新课标ⅲ）;2019:（新课标Ⅲ）;2020:（新课标Ⅱ）;2021:（解析版）;2022:（全国甲卷）
ham,ham**,selective_required,1639,ipa-dict(en_US/CMUdict),corroborated,ECDICT,teacher_pdf_gloss,historical_partial_2010_2022,0,
hamburger,hamburger,junior,1640,ipa-dict(en_US/CMUdict),corroborated,ECDICT,teacher_pdf_gloss,historical_partial_2010_2022,0,
hand,hand,junior,1642,ipa-dict(en_US/CMUdict),corroborated,ECDICT,teacher_pdf_gloss,historical_partial_2010_2022,19,2010:（新课标Ⅰ）;2010:（新课标Ⅱ）;2012:（新课标）;2013:（新课标ii）;2013:（新课标Ⅰ）;2014:（新课标Ⅰ）;2015:（新课标Ⅰ）;2015:（新课标ⅱ）;2016:（新课标ⅲ）;2017:（新课标Ⅰ）;2017:（新课标ⅱ）;2018:（新课标ⅲ）;2019:（新课标Ⅰ）;2019:（新课标Ⅱ）;2019:（新课标Ⅲ）;2021:（新课标Ⅰ）;2021:（解析版）;2022:（全国乙卷）;2022:（全国甲卷）
handbag,handbag,junior,1643,ipa-dict(en_US/CMUdict),corroborated,ECDICT,teacher_pdf_gloss,historical_partial_2010_2022,1,2020:（新课标Ⅲ）
handful,,extension,1644,ipa-dict(en_US/CMUdict),corroborated,ECDICT,teacher_pdf_gloss,historical_partial_2010_2022,1,2020:（新课标Ⅰ）
handkerchief,handkerchief**,selective_required,1645,ipa-dict(en_US/CMUdict),corroborated,ECDICT,teacher_pdf_gloss,historical_partial_2010_2022,0,
handle,handle**,selective_required,1646,ipa-dict(en_US/CMUdict),corroborated,ECDICT,teacher_pdf_gloss,historical_partial_2010_2022,8,2013:（新课标ii）;2013:（新课标Ⅰ）;2016:（新课标ⅱ）;2017:（新课标ⅱ）;2018:（新课标ⅱ）;2020:（新课标Ⅱ）;2020:（新课标Ⅲ）;2022:（全国甲卷）
handsome,handsome,junior,1647,ipa-dict(en_US/CMUdict),corroborated,ECDICT,teacher_pdf_gloss,historical_partial_2010_2022,0,
handwriting,handwriting**,selective_required,1649,ipa-dict(en_US/CMUdict),corroborated,ECDICT,teacher_pdf_gloss,historical_partial_2010_2022,0,
hang,hang,junior,,ipa-dict(en_US/CMUdict),corroborated,ECDICT,ECDICT,historical_partial_2010_2022,3,2010:（新课标Ⅰ）;2011:（全国卷ii）;2013:（新课标ii）
happen,happen,junior,1652,ipa-dict(en_US/CMUdict),corroborated,ECDICT,teacher_pdf_gloss,historical_partial_2010_2022,18,2010:（新课标Ⅰ）;2011:（全国卷ii）;2011:（新课标）;2012:（新课标）;2013:（新课标Ⅰ）;2015:（新课标Ⅰ）;2015:（新课标ⅱ）;2016:（新课标ⅱ）;2016:（新课标ⅲ）;2017:（新课标ⅱ）;2017:（新课标ⅲ）;2018:（新课标Ⅰ）;2018:（新课标ⅱ）;2018:（新课标ⅲ）;2019:（新课标Ⅲ）;2020:（新课标Ⅲ）;2022:（全国乙卷）;2022:（全国甲卷）
happily,,extension,1653,ipa-dict(en_US/CMUdict),corroborated,ECDICT,teacher_pdf_gloss,historical_partial_2010_2022,3,2011:（全国卷ii）;2018:（新课标Ⅰ）;2021:（新课标Ⅰ）
happiness,,extension,1654,ipa-dict(en_US/CMUdict),corroborated,ECDICT,teacher_pdf_gloss,historical_partial_2010_2022,1,2015:（新课标Ⅰ）
happy,happy,junior,1655,ipa-dict(en_US/CMUdict),corroborated,ECDICT,teacher_pdf_gloss,historical_partial_2010_2022,10,2010:（新课标Ⅱ）;2011:（全国卷ii）;2011:（新课标）;2012:（新课标）;2013:（新课标ii）;2015:（新课标Ⅰ）;2015:（新课标ⅱ）;2017:（新课标ⅲ）;2019:（新课标Ⅱ）;2020:（新课标Ⅱ）
hard,hard,junior,,ipa-dict(en_US/CMUdict),corroborated,ECDICT,ECDICT,historical_partial_2010_2022,19,2010:（新课标Ⅱ）;2011:（新课标）;2012:（新课标）;2013:（新课标ii）;2013:（新课标Ⅰ）;2014:（新课标Ⅰ）;2014:（新课标ⅱ）;2015:（新课标Ⅰ）;2016:（新课标Ⅰ）;2016:（新课标ⅲ）;2017:（新课标Ⅰ）;2017:（新课标ⅲ）;2018:（新课标ⅱ）;2018:（新课标ⅲ）;2019:（新课标Ⅱ）;2019:（新课标Ⅲ）;2020:（新课标Ⅲ）;2021:（新课标Ⅰ）;2022:（全国甲卷）
hardly,hardly,junior,1658,ipa-dict(en_US/CMUdict),corroborated,ECDICT,teacher_pdf_gloss,historical_partial_2010_2022,9,2011:（新课标）;2013:（新课标Ⅰ）;2014:（新课标ⅱ）;2015:（新课标ⅱ）;2017:（新课标Ⅰ）;2018:（新课标Ⅰ）;2018:（新课标ⅱ）;2019:（新课标Ⅰ）;2020:（新课标Ⅰ）
harm,harm**,selective_required,1661,ipa-dict(en_US/CMUdict),corroborated,ECDICT,teacher_pdf_gloss,historical_partial_2010_2022,5,2014:（新课标Ⅰ）;2016:（新课标Ⅰ）;2018:（新课标ⅱ）;2018:（新课标ⅲ）;2019:（新课标Ⅰ）
harmful,harmful,junior,1662,ipa-dict(en_US/CMUdict),corroborated,ECDICT,teacher_pdf_gloss,historical_partial_2010_2022,4,2015:（新课标ⅱ）;2016:（新课标Ⅰ）;2020:（新课标Ⅰ）;2020:（新课标Ⅱ）
harmonious,harmonious**,selective_required,,ipa-dict(en_US/CMUdict),corroborated,ECDICT,ECDICT,historical_partial_2010_2022,0,
harmony,harmony**,selective_required,1664,ipa-dict(en_US/CMUdict),corroborated,ECDICT,teacher_pdf_gloss,historical_partial_2010_2022,1,2018:（新课标ⅲ）
harvest,harvest**,selective_required,1665,ipa-dict(en_US/CMUdict),corroborated,ECDICT,teacher_pdf_gloss,historical_partial_2010_2022,2,2016:（新课标Ⅰ）;2020:（新课标Ⅲ）
hat,hat,junior,1666,ipa-dict(en_US/CMUdict),corroborated,ECDICT,teacher_pdf_gloss,historical_partial_2010_2022,3,2015:（新课标ⅱ）;2016:（新课标ⅲ）;2021:（解析版）
hatch,hatch**,selective_required,1667,ipa-dict(en_US/CMUdict),corroborated,ECDICT,teacher_pdf_gloss,historical_partial_2010_2022,0,
hate,hate,junior,1668,ipa-dict(en_US/CMUdict),corroborated,ECDICT,teacher_pdf_gloss,historical_partial_2010_2022,5,2011:（新课标）;2013:（新课标Ⅰ）;2018:（新课标ⅲ）;2020:（新课标Ⅰ）;2021:（新课标Ⅰ）
have,have (has),junior,,ipa-dict(en_US/CMUdict),corroborated,ECDICT,ECDICT,historical_partial_2010_2022,30,2010:（新课标Ⅰ）;2010:（新课标Ⅱ）;2011:（全国卷ii）;2011:（新课标）;2012:（新课标）;2013:（新课标ii）;2013:（新课标Ⅰ）;2014:（新课标Ⅰ）;2014:（新课标ⅱ）;2015:（新课标Ⅰ）;2015:（新课标ⅱ）;2016:（新课标Ⅰ）;2016:（新课标ⅱ）;2016:（新课标ⅲ）;2017:（新课标Ⅰ）;2017:（新课标ⅱ）;2017:（新课标ⅲ）;2018:（新课标Ⅰ）;2018:（新课标ⅱ）;2018:（新课标ⅲ）;2019:（新课标Ⅰ）;2019:（新课标Ⅱ）;2019:（新课标Ⅲ）;2020:（新课标Ⅰ）;2020:（新课标Ⅱ）;2020:（新课标Ⅲ）;2021:（新课标Ⅰ）;2021:（解析版）;2022:（全国乙卷）;2022:（全国甲卷）
he,he,junior,1672,ipa-dict(en_US/CMUdict),corroborated,curated_function_words,teacher_pdf_gloss,historical_partial_2010_2022,29,2010:（新课标Ⅰ）;2010:（新课标Ⅱ）;2011:（全国卷ii）;2011:（新课标）;2012:（新课标）;2013:（新课标ii）;2013:（新课标Ⅰ）;2014:（新课标Ⅰ）;2014:（新课标ⅱ）;2015:（新课标Ⅰ）;2015:（新课标ⅱ）;2016:（新课标Ⅰ）;2016:（新课标ⅱ）;2016:（新课标ⅲ）;2017:（新课标Ⅰ）;2017:（新课标ⅱ）;2017:（新课标ⅲ）;2018:（新课标Ⅰ）;2018:（新课标ⅱ）;2018:（新课标ⅲ）;2019:（新课标Ⅰ）;2019:（新课标Ⅱ）;2020:（新课标Ⅰ）;2020:（新课标Ⅱ）;2020:（新课标Ⅲ）;2021:（新课标Ⅰ）;2021:（解析版）;2022:（全国乙卷）;2022:（全国甲卷）
head,head,junior,1673,ipa-dict(en_US/CMUdict),corroborated,ECDICT,teacher_pdf_gloss,historical_partial_2010_2022,18,2010:（新课标Ⅰ）;2010:（新课标Ⅱ）;2011:（全国卷ii）;2011:（新课标）;2012:（新课标）;2013:（新课标ii）;2013:（新课标Ⅰ）;2014:（新课标Ⅰ）;2014:（新课标ⅱ）;2015:（新课标Ⅰ）;2016:（新课标ⅱ）;2016:（新课标ⅲ）;2017:（新课标Ⅰ）;2018:（新课标ⅱ）;2018:（新课标ⅲ）;2019:（新课标Ⅰ）;2021:（解析版）;2022:（全国乙卷）
headache,headache,junior,1674,ipa-dict(en_US/CMUdict),corroborated,ECDICT,teacher_pdf_gloss,historical_partial_2010_2022,1,2015:（新课标ⅱ）
headline,,extension,1675,ipa-dict(en_US/CMUdict),corroborated,ECDICT,teacher_pdf_gloss,historical_partial_2010_2022,0,
health,health,junior,1678,ipa-dict(en_US/CMUdict),corroborated,ECDICT,teacher_pdf_gloss,historical_partial_2010_2022,15,2010:（新课标Ⅰ）;2012:（新课标）;2013:（新课标ii）;2014:（新课标ⅱ）;2016:（新课标ⅲ）;2017:（新课标Ⅰ）;2017:（新课标ⅲ）;2018:（新课标Ⅰ）;2018:（新课标ⅱ）;2019:（新课标Ⅰ）;2019:（新课标Ⅲ）;2020:（新课标Ⅱ）;2020:（新课标Ⅲ）;2021:（解析版）;2022:（全国乙卷）
healthy,healthy,junior,1679,ipa-dict(en_US/CMUdict),corroborated,ECDICT,teacher_pdf_gloss,historical_partial_2010_2022,10,2015:（新课标Ⅰ）;2015:（新课标ⅱ）;2017:（新课标Ⅰ）;2018:（新课标Ⅰ）;2018:（新课标ⅱ）;2019:（新课标Ⅰ）;2019:（新课标Ⅲ）;2020:（新课标Ⅲ）;2021:（解析版）;2022:（全国乙卷）
hear,hear,junior,,ipa-dict(en_US/CMUdict),corroborated,ECDICT,ECDICT,historical_partial_2010_2022,8,2011:（全国卷ii）;2011:（新课标）;2014:（新课标ⅱ）;2016:（新课标ⅲ）;2017:（新课标ⅱ）;2019:（新课标Ⅲ）;2022:（全国乙卷）;2022:（全国甲卷）
hearing,,extension,1682,ipa-dict(en_US/CMUdict),corroborated,ECDICT,teacher_pdf_gloss,historical_partial_2010_2022,5,2013:（新课标Ⅰ）;2017:（新课标Ⅰ）;2017:（新课标ⅱ）;2019:（新课标Ⅰ）;2021:（解析版）
heart,heart,junior,1683,ipa-dict(en_US/CMUdict),corroborated,ECDICT,teacher_pdf_gloss,historical_partial_2010_2022,11,2010:（新课标Ⅰ）;2010:（新课标Ⅱ）;2016:（新课标ⅲ）;2017:（新课标Ⅰ）;2018:（新课标Ⅰ）;2018:（新课标ⅲ）;2019:（新课标Ⅰ）;2019:（新课标Ⅱ）;2020:（新课标Ⅱ）;2021:（新课标Ⅰ）;2022:（全国甲卷）
heat,heat,junior,1684,ipa-dict(en_US/CMUdict),corroborated,ECDICT,teacher_pdf_gloss,historical_partial_2010_2022,4,2015:（新课标ⅱ）;2017:（新课标ⅲ）;2020:（新课标Ⅲ）;2021:（解析版）
heaven,,extension,1685,ipa-dict(en_US/CMUdict),corroborated,ECDICT,teacher_pdf_gloss,historical_partial_2010_2022,0,
heavily,,extension,1687,ipa-dict(en_US/CMUdict),corroborated,ECDICT,teacher_pdf_gloss,historical_partial_2010_2022,1,2017:（新课标ⅲ）
heavy,heavy,junior,1686,ipa-dict(en_US/CMUdict),corroborated,ECDICT,teacher_pdf_gloss,historical_partial_2010_2022,3,2012:（新课标）;2013:（新课标Ⅰ）;2016:（新课标ⅲ）
heel,,extension,1688,ipa-dict(en_US/CMUdict),corroborated,ECDICT,teacher_pdf_gloss,historical_partial_2010_2022,0,
height,height,junior,1689,ipa-dict(en_US/CMUdict),corroborated,ECDICT,teacher_pdf_gloss,historical_partial_2010_2022,4,2010:（新课标Ⅰ）;2011:（新课标）;2013:（新课标Ⅰ）;2014:（新课标ⅱ）
helicopter,,extension,1690,ipa-dict(en_US/CMUdict),corroborated,ECDICT,teacher_pdf_gloss,historical_partial_2010_2022,0,
hello,hello,junior,1691,ipa-dict(en_US/CMUdict),corroborated,curated_function_words,teacher_pdf_gloss,historical_partial_2010_2022,3,2021:（新课标Ⅰ）;2021:（解析版）;2022:（全国甲卷）
helmet,,extension,1692,ipa-dict(en_US/CMUdict),corroborated,ECDICT,teacher_pdf_gloss,historical_partial_2010_2022,1,2018:（新课标Ⅰ）
help,help,junior,1693,ipa-dict(en_US/CMUdict),corroborated,ECDICT,teacher_pdf_gloss,historical_partial_2010_2022,30,2010:（新课标Ⅰ）;2010:（新课标Ⅱ）;2011:（全国卷ii）;2011:（新课标）;2012:（新课标）;2013:（新课标ii）;2013:（新课标Ⅰ）;2014:（新课标Ⅰ）;2014:（新课标ⅱ）;2015:（新课标Ⅰ）;2015:（新课标ⅱ）;2016:（新课标Ⅰ）;2016:（新课标ⅱ）;2016:（新课标ⅲ）;2017:（新课标Ⅰ）;2017:（新课标ⅱ）;2017:（新课标ⅲ）;2018:（新课标Ⅰ）;2018:（新课标ⅱ）;2018:（新课标ⅲ）;2019:（新课标Ⅰ）;2019:（新课标Ⅱ）;2019:（新课标Ⅲ）;2020:（新课标Ⅰ）;2020:（新课标Ⅱ）;2020:（新课标Ⅲ）;2021:（新课标Ⅰ）;2021:（解析版）;2022:（全国乙卷）;2022:（全国甲卷）
helpful,helpful,junior,1694,ipa-dict(en_US/CMUdict),corroborated,ECDICT,teacher_pdf_gloss,historical_partial_2010_2022,5,2012:（新课标）;2015:（新课标ⅱ）;2017:（新课标Ⅰ）;2021:（新课标Ⅰ）;2022:（全国乙卷）
hen,hen,junior,1695,ipa-dict(en_US/CMUdict),corroborated,ECDICT,teacher_pdf_gloss,historical_partial_2010_2022,0,
hence,hence**,selective_required,,ipa-dict(en_US/CMUdict),corroborated,ECDICT,ECDICT,historical_partial_2010_2022,0,
her,her,junior,1696,ipa-dict(en_US/CMUdict),corroborated,curated_function_words,teacher_pdf_gloss,historical_partial_2010_2022,27,2010:（新课标Ⅰ）;2010:（新课标Ⅱ）;2011:（全国卷ii）;2011:（新课标）;2012:（新课标）;2013:（新课标ii）;2013:（新课标Ⅰ）;2014:（新课标ⅱ）;2015:（新课标Ⅰ）;2015:（新课标ⅱ）;2016:（新课标Ⅰ）;2016:（新课标ⅱ）;2016:（新课标ⅲ）;2017:（新课标Ⅰ）;2017:（新课标ⅲ）;2018:（新课标Ⅰ）;2018:（新课标ⅲ）;2019:（新课标Ⅰ）;2019:（新课标Ⅱ）;2019:（新课标Ⅲ）;2020:（新课标Ⅰ）;2020:（新课标Ⅱ）;2020:（新课标Ⅲ）;2021:（新课标Ⅰ）;2021:（解析版）;2022:（全国乙卷）;2022:（全国甲卷）
herb,herb**,selective_required,1697,ipa-dict(en_US/CMUdict),corroborated,ECDICT,teacher_pdf_gloss,historical_partial_2010_2022,0,
here,here,junior,1698,ipa-dict(en_US/CMUdict),corroborated,ECDICT,teacher_pdf_gloss,historical_partial_2010_2022,21,2010:（新课标Ⅱ）;2011:（全国卷ii）;2011:（新课标）;2013:（新课标ii）;2013:（新课标Ⅰ）;2014:（新课标ⅱ）;2015:（新课标Ⅰ）;2015:（新课标ⅱ）;2016:（新课标ⅱ）;2017:（新课标Ⅰ）;2017:（新课标ⅲ）;2018:（新课标Ⅰ）;2018:（新课标ⅲ）;2019:（新课标Ⅰ）;2019:（新课标Ⅱ）;2020:（新课标Ⅰ）;2020:（新课标Ⅱ）;2021:（新课标Ⅰ）;2021:（解析版）;2022:（全国乙卷）;2022:（全国甲卷）
hero,hero,junior,1699,ipa-dict(en_US/CMUdict),corroborated,ECDICT,teacher_pdf_gloss,historical_partial_2010_2022,2,2011:（全国卷ii）;2013:（新课标ii）
hers,hers,junior,1701,ipa-dict(en_US/CMUdict),corroborated,curated_function_words,teacher_pdf_gloss,historical_partial_2010_2022,0,
herself,herself,junior,1702,ipa-dict(en_US/CMUdict),corroborated,curated_function_words,teacher_pdf_gloss,historical_partial_2010_2022,3,2019:（新课标Ⅱ）;2020:（新课标Ⅲ）;2022:（全国甲卷）
hesitate,hesitate*,required,,ipa-dict(en_US/CMUdict),corroborated,ECDICT,ECDICT,historical_partial_2010_2022,5,2013:（新课标Ⅰ）;2016:（新课标ⅱ）;2018:（新课标ⅱ）;2020:（新课标Ⅰ）;2021:（新课标Ⅰ）
hey,,extension,1703,ipa-dict(en_US/CMUdict),corroborated,curated_function_words,teacher_pdf_gloss,historical_partial_2010_2022,2,2010:（新课标Ⅱ）;2016:（新课标ⅲ）
hi,hi,junior,1704,ipa-dict(en_US/CMUdict),corroborated,curated_function_words,teacher_pdf_gloss,historical_partial_2010_2022,0,
hide,hide,junior,1707,ipa-dict(en_US/CMUdict),corroborated,ECDICT,teacher_pdf_gloss,historical_partial_2010_2022,5,2016:（新课标Ⅰ）;2017:（新课标ⅲ）;2019:（新课标Ⅱ）;2019:（新课标Ⅲ）;2022:（全国乙卷）
high,high,junior,1709,ipa-dict(en_US/CMUdict),corroborated,ECDICT,teacher_pdf_gloss,historical_partial_2010_2022,17,2010:（新课标Ⅰ）;2011:（全国卷ii）;2012:（新课标）;2014:（新课标Ⅰ）;2016:（新课标Ⅰ）;2017:（新课标Ⅰ）;2017:（新课标ⅱ）;2017:（新课标ⅲ）;2018:（新课标ⅱ）;2019:（新课标Ⅰ）;2019:（新课标Ⅱ）;2019:（新课标Ⅲ）;2020:（新课标Ⅱ）;2020:（新课标Ⅲ）;2021:（解析版）;2022:（全国乙卷）;2022:（全国甲卷）
highlight,highlight**,selective_required,,ipa-dict(en_US/CMUdict),corroborated,ECDICT,ECDICT,historical_partial_2010_2022,2,2011:（全国卷ii）;2020:（新课标Ⅲ）
highway,,extension,1710,ipa-dict(en_US/CMUdict),corroborated,ECDICT,teacher_pdf_gloss,historical_partial_2010_2022,0,
hike,hike**,selective_required,,ipa-dict(en_US/CMUdict),corroborated,ECDICT,ECDICT,historical_partial_2010_2022,2,2021:（新课标Ⅰ）;2022:（全国甲卷）
hill,hill,junior,1711,ipa-dict(en_US/CMUdict),corroborated,ECDICT,teacher_pdf_gloss,historical_partial_2010_2022,8,2010:（新课标Ⅱ）;2017:（新课标ⅱ）;2018:（新课标Ⅰ）;2018:（新课标ⅲ）;2019:（新课标Ⅱ）;2019:（新课标Ⅲ）;2020:（新课标Ⅲ）;2022:（全国乙卷）
him,him,junior,1714,ipa-dict(en_US/CMUdict),corroborated,curated_function_words,teacher_pdf_gloss,historical_partial_2010_2022,23,2010:（新课标Ⅰ）;2010:（新课标Ⅱ）;2011:（全国卷ii）;2012:（新课标）;2013:（新课标ii）;2013:（新课标Ⅰ）;2014:（新课标ⅱ）;2015:（新课标Ⅰ）;2015:（新课标ⅱ）;2016:（新课标Ⅰ）;2016:（新课标ⅲ）;2017:（新课标ⅱ）;2017:（新课标ⅲ）;2018:（新课标Ⅰ）;2018:（新课标ⅱ）;2018:（新课标ⅲ）;2019:（新课标Ⅰ）;2019:（新课标Ⅱ）;2020:（新课标Ⅱ）;2020:（新课标Ⅲ）;2021:（新课标Ⅰ）;2021:（解析版）;2022:（全国甲卷）
himself,himself,junior,1715,ipa-dict(en_US/CMUdict),corroborated,curated_function_words,teacher_pdf_gloss,historical_partial_2010_2022,4,2011:（新课标）;2013:（新课标Ⅰ）;2019:（新课标Ⅰ）;2019:（新课标Ⅱ）
hire,hire**,selective_required,1716,ipa-dict(en_US/CMUdict),corroborated,ECDICT,teacher_pdf_gloss,historical_partial_2010_2022,7,2010:（新课标Ⅱ）;2011:（全国卷ii）;2016:（新课标ⅱ）;2019:（新课标Ⅰ）;2020:（新课标Ⅰ）;2020:（新课标Ⅲ）;2021:（解析版）
his,his,junior,1717,ipa-dict(en_US/CMUdict),corroborated,curated_function_words,teacher_pdf_gloss,historical_partial_2010_2022,30,2010:（新课标Ⅰ）;2010:（新课标Ⅱ）;2011:（全国卷ii）;2011:（新课标）;2012:（新课标）;2013:（新课标ii）;2013:（新课标Ⅰ）;2014:（新课标Ⅰ）;2014:（新课标ⅱ）;2015:（新课标Ⅰ）;2015:（新课标ⅱ）;2016:（新课标Ⅰ）;2016:（新课标ⅱ）;2016:（新课标ⅲ）;2017:（新课标Ⅰ）;2017:（新课标ⅱ）;2017:（新课标ⅲ）;2018:（新课标Ⅰ）;2018:（新课标ⅱ）;2018:（新课标ⅲ）;2019:（新课标Ⅰ）;2019:（新课标Ⅱ）;2019:（新课标Ⅲ）;2020:（新课标Ⅰ）;2020:（新课标Ⅱ）;2020:（新课标Ⅲ）;2021:（新课标Ⅰ）;2021:（解析版）;2022:（全国乙卷）;2022:（全国甲卷）
historic,historic**,selective_required,,ipa-dict(en_US/CMUdict),corroborated,ECDICT,ECDICT,historical_partial_2010_2022,4,2015:（新课标ⅱ）;2020:（新课标Ⅰ）;2020:（新课标Ⅱ）;2020:（新课标Ⅲ）
history,history,junior,1718,ipa-dict(en_US/CMUdict),corroborated,ECDICT,teacher_pdf_gloss,historical_partial_2010_2022,14,2011:（全国卷ii）;2011:（新课标）;2012:（新课标）;2015:（新课标Ⅰ）;2015:（新课标ⅱ）;2016:（新课标Ⅰ）;2017:（新课标Ⅰ）;2017:（新课标ⅲ）;2018:（新课标Ⅰ）;2019:（新课标Ⅲ）;2020:（新课标Ⅰ）;2020:（新课标Ⅱ）;2021:（解析版）;2022:（全国乙卷）
hit,hit,junior,,ipa-dict(en_US/CMUdict),corroborated,ECDICT,ECDICT,historical_partial_2010_2022,6,2012:（新课标）;2014:（新课标ⅱ）;2015:（新课标ⅱ）;2019:（新课标Ⅰ）;2020:（新课标Ⅰ）;2022:（全国甲卷）
hobby,hobby,junior,1721,ipa-dict(en_US/CMUdict),corroborated,ECDICT,teacher_pdf_gloss,historical_partial_2010_2022,3,2011:（新课标）;2018:（新课标ⅲ）;2021:（解析版）
hold,hold,junior,1722,ipa-dict(en_US/CMUdict),corroborated,ECDICT,teacher_pdf_gloss,historical_partial_2010_2022,13,2010:（新课标Ⅰ）;2013:（新课标ii）;2013:（新课标Ⅰ）;2014:（新课标Ⅰ）;2014:（新课标ⅱ）;2015:（新课标Ⅰ）;2016:（新课标Ⅰ）;2019:（新课标Ⅰ）;2019:（新课标Ⅲ）;2020:（新课标Ⅰ）;2021:（新课标Ⅰ）;2021:（解析版）;2022:（全国乙卷）
hole,hole,junior,1723,ipa-dict(en_US/CMUdict),corroborated,ECDICT,teacher_pdf_gloss,historical_partial_2010_2022,3,2017:（新课标Ⅰ）;2017:（新课标ⅱ）;2022:（全国甲卷）
holiday,holiday,junior,1724,ipa-dict(en_US/CMUdict),corroborated,ECDICT,teacher_pdf_gloss,historical_partial_2010_2022,12,2010:（新课标Ⅰ）;2010:（新课标Ⅱ）;2013:（新课标ii）;2014:（新课标ⅱ）;2015:（新课标ⅱ）;2016:（新课标ⅱ）;2017:（新课标Ⅰ）;2017:（新课标ⅲ）;2018:（新课标Ⅰ）;2018:（新课标ⅲ）;2020:（新课标Ⅰ）;2020:（新课标Ⅱ）
holy,,extension,1725,ipa-dict(en_US/CMUdict),corroborated,ECDICT,teacher_pdf_gloss,historical_partial_2010_2022,1,2020:（新课标Ⅰ）
home,home,junior,1726,ipa-dict(en_US/CMUdict),corroborated,ECDICT,teacher_pdf_gloss,historical_partial_2010_2022,23,2010:（新课标Ⅰ）;2010:（新课标Ⅱ）;2011:（全国卷ii）;2011:（新课标）;2013:（新课标Ⅰ）;2014:（新课标Ⅰ）;2014:（新课标ⅱ）;2015:（新课标Ⅰ）;2015:（新课标ⅱ）;2016:（新课标Ⅰ）;2016:（新课标ⅱ）;2016:（新课标ⅲ）;2017:（新课标Ⅰ）;2018:（新课标Ⅰ）;2018:（新课标ⅱ）;2019:（新课标Ⅱ）;2019:（新课标Ⅲ）;2020:（新课标Ⅰ）;2020:（新课标Ⅱ）;2020:（新课标Ⅲ）;2021:（新课标Ⅰ）;2021:（解析版）;2022:（全国甲卷）
homeland,,extension,1727,ipa-dict(en_US/CMUdict),corroborated,ECDICT,teacher_pdf_gloss,historical_partial_2010_2022,0,
hometown,hometown,junior,1728,ipa-dict(en_US/CMUdict),corroborated,ECDICT,teacher_pdf_gloss,historical_partial_2010_2022,1,2020:（新课标Ⅱ）
homework,homework,junior,1729,ipa-dict(en_US/CMUdict),corroborated,ECDICT,teacher_pdf_gloss,historical_partial_2010_2022,5,2010:（新课标Ⅰ）;2013:（新课标Ⅰ）;2014:（新课标ⅱ）;2018:（新课标ⅲ）;2019:（新课标Ⅱ）
honest,honest,junior,1730,ipa-dict(en_US/CMUdict),corroborated,ECDICT,teacher_pdf_gloss,historical_partial_2010_2022,2,2016:（新课标Ⅰ）;2021:（新课标Ⅰ）
honey,honey*,required,1731,ipa-dict(en_US/CMUdict),corroborated,ECDICT,teacher_pdf_gloss,historical_partial_2010_2022,1,2012:（新课标）
honour,honour (honor)*,required,1733,ipa-dict(en_US/CMUdict),corroborated,ECDICT,teacher_pdf_gloss,historical_partial_2010_2022,2,2016:（新课标Ⅰ）;2021:（新课标Ⅰ）
hook,,extension,1734,ipa-dict(en_US/CMUdict),corroborated,ECDICT,teacher_pdf_gloss,historical_partial_2010_2022,1,2019:（新课标Ⅱ）
hope,hope,junior,1736,ipa-dict(en_US/CMUdict),corroborated,ECDICT,teacher_pdf_gloss,historical_partial_2010_2022,18,2010:（新课标Ⅰ）;2011:（全国卷ii）;2011:（新课标）;2012:（新课标）;2013:（新课标ii）;2013:（新课标Ⅰ）;2014:（新课标ⅱ）;2015:（新课标Ⅰ）;2016:（新课标Ⅰ）;2016:（新课标ⅱ）;2016:（新课标ⅲ）;2017:（新课标Ⅰ）;2017:（新课标ⅲ）;2019:（新课标Ⅰ）;2019:（新课标Ⅱ）;2020:（新课标Ⅰ）;2021:（新课标Ⅰ）;2022:（全国甲卷）
horrible,horrible*,required,1739,ipa-dict(en_US/CMUdict),corroborated,ECDICT,teacher_pdf_gloss,historical_partial_2010_2022,0,
horse,horse,junior,1740,ipa-dict(en_US/CMUdict),corroborated,ECDICT,teacher_pdf_gloss,historical_partial_2010_2022,1,2022:（全国乙卷）
hospital,hospital,junior,1741,ipa-dict(en_US/CMUdict),corroborated,ECDICT,teacher_pdf_gloss,historical_partial_2010_2022,9,2010:（新课标Ⅰ）;2013:（新课标ii）;2013:（新课标Ⅰ）;2016:（新课标ⅲ）;2017:（新课标ⅱ）;2018:（新课标ⅱ）;2018:（新课标ⅲ）;2019:（新课标Ⅰ）;2022:（全国甲卷）
host,host*,required,1742,ipa-dict(en_US/CMUdict),corroborated,ECDICT,teacher_pdf_gloss,historical_partial_2010_2022,4,2019:（新课标Ⅲ）;2020:（新课标Ⅲ）;2021:（新课标Ⅰ）;2022:（全国甲卷）
hot,hot,junior,1744,ipa-dict(en_US/CMUdict),corroborated,ECDICT,teacher_pdf_gloss,historical_partial_2010_2022,9,2010:（新课标Ⅰ）;2010:（新课标Ⅱ）;2012:（新课标）;2015:（新课标Ⅰ）;2015:（新课标ⅱ）;2018:（新课标Ⅰ）;2020:（新课标Ⅰ）;2020:（新课标Ⅲ）;2022:（全国甲卷）
hotel,hotel,junior,1746,ipa-dict(en_US/CMUdict),corroborated,ECDICT,teacher_pdf_gloss,historical_partial_2010_2022,8,2010:（新课标Ⅱ）;2011:（新课标）;2014:（新课标ⅱ）;2015:（新课标Ⅰ）;2016:（新课标Ⅰ）;2016:（新课标ⅱ）;2016:（新课标ⅲ）;2021:（解析版）
hour,hour,junior,1747,ipa-dict(en_US/CMUdict),corroborated,ECDICT,teacher_pdf_gloss,historical_partial_2010_2022,21,2010:（新课标Ⅰ）;2010:（新课标Ⅱ）;2011:（全国卷ii）;2013:（新课标ii）;2013:（新课标Ⅰ）;2014:（新课标Ⅰ）;2014:（新课标ⅱ）;2015:（新课标Ⅰ）;2016:（新课标Ⅰ）;2016:（新课标ⅱ）;2016:（新课标ⅲ）;2017:（新课标Ⅰ）;2017:（新课标ⅱ）;2017:（新课标ⅲ）;2018:（新课标Ⅰ）;2018:（新课标ⅱ）;2018:（新课标ⅲ）;2019:（新课标Ⅱ）;2020:（新课标Ⅰ）;2021:（解析版）;2022:（全国乙卷）
house,house,junior,1748,ipa-dict(en_US/CMUdict),corroborated,ECDICT,teacher_pdf_gloss,historical_partial_2010_2022,18,2010:（新课标Ⅰ）;2010:（新课标Ⅱ）;2011:（全国卷ii）;2011:（新课标）;2012:（新课标）;2013:（新课标ii）;2013:（新课标Ⅰ）;2014:（新课标ⅱ）;2015:（新课标ⅱ）;2016:（新课标Ⅰ）;2017:（新课标ⅱ）;2018:（新课标Ⅰ）;2019:（新课标Ⅱ）;2019:（新课标Ⅲ）;2020:（新课标Ⅱ）;2020:（新课标Ⅲ）;2021:（新课标Ⅰ）;2022:（全国甲卷）
household,household**,selective_required,,ipa-dict(en_US/CMUdict),corroborated,ECDICT,ECDICT,historical_partial_2010_2022,3,2018:（新课标Ⅰ）;2020:（新课标Ⅲ）;2021:（新课标Ⅰ）
housework,housework,junior,1750,ipa-dict(en_US/CMUdict),corroborated,ECDICT,teacher_pdf_gloss,historical_partial_2010_2022,1,2021:（新课标Ⅰ）
housing,housing**,selective_required,,ipa-dict(en_US/CMUdict),corroborated,ECDICT,ECDICT,historical_partial_2010_2022,2,2013:（新课标ii）;2020:（新课标Ⅲ）
how,how,junior,1751,ipa-dict(en_US/CMUdict),corroborated,ECDICT,teacher_pdf_gloss,historical_partial_2010_2022,30,2010:（新课标Ⅰ）;2010:（新课标Ⅱ）;2011:（全国卷ii）;2011:（新课标）;2012:（新课标）;2013:（新课标ii）;2013:（新课标Ⅰ）;2014:（新课标Ⅰ）;2014:（新课标ⅱ）;2015:（新课标Ⅰ）;2015:（新课标ⅱ）;2016:（新课标Ⅰ）;2016:（新课标ⅱ）;2016:（新课标ⅲ）;2017:（新课标Ⅰ）;2017:（新课标ⅱ）;2017:（新课标ⅲ）;2018:（新课标Ⅰ）;2018:（新课标ⅱ）;2018:（新课标ⅲ）;2019:（新课标Ⅰ）;2019:（新课标Ⅱ）;2019:（新课标Ⅲ）;2020:（新课标Ⅰ）;2020:（新课标Ⅱ）;2020:（新课标Ⅲ）;2021:（新课标Ⅰ）;2021:（解析版）;2022:（全国乙卷）;2022:（全国甲卷）
however,however,junior,1752,ipa-dict(en_US/CMUdict),corroborated,curated_function_words,teacher_pdf_gloss,historical_partial_2010_2022,23,2011:（全国卷ii）;2011:（新课标）;2012:（新课标）;2013:（新课标Ⅰ）;2014:（新课标Ⅰ）;2016:（新课标Ⅰ）;2016:（新课标ⅱ）;2016:（新课标ⅲ）;2017:（新课标Ⅰ）;2017:（新课标ⅱ）;2017:（新课标ⅲ）;2018:（新课标Ⅰ）;2018:（新课标ⅱ）;2018:（新课标ⅲ）;2019:（新课标Ⅰ）;2019:（新课标Ⅱ）;2019:（新课标Ⅲ）;2020:（新课标Ⅰ）;2020:（新课标Ⅱ）;2020:（新课标Ⅲ）;2021:（新课标Ⅰ）;2022:（全国乙卷）;2022:（全国甲卷）
hug,hug*,required,1754,ipa-dict(en_US/CMUdict),corroborated,ECDICT,teacher_pdf_gloss,historical_partial_2010_2022,1,2010:（新课标Ⅰ）
huge,huge,junior,1755,ipa-dict(en_US/CMUdict),corroborated,ECDICT,teacher_pdf_gloss,historical_partial_2010_2022,5,2010:（新课标Ⅰ）;2018:（新课标ⅲ）;2019:（新课标Ⅲ）;2021:（解析版）;2022:（全国乙卷）
human,human,junior,1756,ipa-dict(en_US/CMUdict),corroborated,ECDICT,teacher_pdf_gloss,historical_partial_2010_2022,11,2010:（新课标Ⅱ）;2011:（全国卷ii）;2014:（新课标Ⅰ）;2016:（新课标Ⅰ）;2017:（新课标Ⅰ）;2017:（新课标ⅲ）;2018:（新课标Ⅰ）;2019:（新课标Ⅰ）;2020:（新课标Ⅰ）;2020:（新课标Ⅲ）;2022:（全国甲卷）
humble,humble**,selective_required,,ipa-dict(en_US/CMUdict),corroborated,ECDICT,ECDICT,historical_partial_2010_2022,1,2020:（新课标Ⅲ）
humorous,humorous,junior,1758,ipa-dict(en_US/CMUdict),corroborated,ECDICT,teacher_pdf_gloss,historical_partial_2010_2022,4,2015:（新课标ⅱ）;2017:（新课标Ⅰ）;2017:（新课标ⅱ）;2019:（新课标Ⅰ）
humour,,extension,1759,ipa-dict(en_US/CMUdict),corroborated,ECDICT,teacher_pdf_gloss,historical_partial_2010_2022,0,
hundred,hundred,junior,1760,ipa-dict(en_US/CMUdict),corroborated,curated_function_words,teacher_pdf_gloss,historical_partial_2010_2022,7,2014:（新课标Ⅰ）;2016:（新课标ⅱ）;2017:（新课标ⅲ）;2018:（新课标ⅲ）;2019:（新课标Ⅲ）;2020:（新课标Ⅱ）;2020:（新课标Ⅲ）
hunger,,extension,1761,ipa-dict(en_US/CMUdict),corroborated,ECDICT,teacher_pdf_gloss,historical_partial_2010_2022,2,2016:（新课标ⅱ）;2017:（新课标Ⅰ）
hungry,hungry,junior,1762,ipa-dict(en_US/CMUdict),corroborated,ECDICT,teacher_pdf_gloss,historical_partial_2010_2022,7,2010:（新课标Ⅰ）;2010:（新课标Ⅱ）;2014:（新课标ⅱ）;2015:（新课标ⅱ）;2017:（新课标Ⅰ）;2019:（新课标Ⅰ）;2021:（解析版）
hunt,hunt**,selective_required,1763,ipa-dict(en_US/CMUdict),corroborated,ECDICT,teacher_pdf_gloss,historical_partial_2010_2022,3,2016:（新课标ⅱ）;2019:（新课标Ⅱ）;2020:（新课标Ⅱ）
hunter,,extension,1764,ipa-dict(en_US/CMUdict),corroborated,ECDICT,teacher_pdf_gloss,historical_partial_2010_2022,3,2013:（新课标Ⅰ）;2014:（新课标Ⅰ）;2020:（新课标Ⅱ）
hurricane,hurricane*,required,1765,ipa-dict(en_US/CMUdict),corroborated,ECDICT,teacher_pdf_gloss,historical_partial_2010_2022,1,2016:（新课标Ⅰ）
hurry,hurry,junior,1766,ipa-dict(en_US/CMUdict),corroborated,ECDICT,teacher_pdf_gloss,historical_partial_2010_2022,4,2010:（新课标Ⅰ）;2013:（新课标ii）;2014:（新课标ⅱ）;2020:（新课标Ⅰ）
hurt,hurt,junior,,ipa-dict(en_US/CMUdict),corroborated,ECDICT,ECDICT,historical_partial_2010_2022,6,2011:（全国卷ii）;2013:（新课标ii）;2014:（新课标ⅱ）;2015:（新课标Ⅰ）;2016:（新课标ⅲ）;2020:（新课标Ⅱ）
husband,husband,junior,1768,ipa-dict(en_US/CMUdict),corroborated,ECDICT,teacher_pdf_gloss,historical_partial_2010_2022,8,2010:（新课标Ⅰ）;2011:（新课标）;2013:（新课标Ⅰ）;2014:（新课标ⅱ）;2018:（新课标ⅱ）;2018:（新课标ⅲ）;2019:（新课标Ⅱ）;2020:（新课标Ⅲ）
hydrogen,hydrogen**,selective_required,1769,ipa-dict(en_US/CMUdict),corroborated,ECDICT,teacher_pdf_gloss,historical_partial_2010_2022,0,
i,,extension,1770,ipa-dict(en_US/CMUdict),corroborated,curated_function_words,teacher_pdf_gloss,historical_partial_2010_2022,30,2010:（新课标Ⅰ）;2010:（新课标Ⅱ）;2011:（全国卷ii）;2011:（新课标）;2012:（新课标）;2013:（新课标ii）;2013:（新课标Ⅰ）;2014:（新课标Ⅰ）;2014:（新课标ⅱ）;2015:（新课标Ⅰ）;2015:（新课标ⅱ）;2016:（新课标Ⅰ）;2016:（新课标ⅱ）;2016:（新课标ⅲ）;2017:（新课标Ⅰ）;2017:（新课标ⅱ）;2017:（新课标ⅲ）;2018:（新课标Ⅰ）;2018:（新课标ⅱ）;2018:（新课标ⅲ）;2019:（新课标Ⅰ）;2019:（新课标Ⅱ）;2019:（新课标Ⅲ）;2020:（新课标Ⅰ）;2020:（新课标Ⅱ）;2020:（新课标Ⅲ）;2021:（新课标Ⅰ）;2021:（解析版）;2022:（全国乙卷）;2022:（全国甲卷）
ice,ice,junior,1771,ipa-dict(en_US/CMUdict),corroborated,ECDICT,teacher_pdf_gloss,historical_partial_2010_2022,10,2010:（新课标Ⅰ）;2010:（新课标Ⅱ）;2014:（新课标ⅱ）;2015:（新课标Ⅰ）;2016:（新课标Ⅰ）;2016:（新课标ⅱ）;2017:（新课标ⅲ）;2018:（新课标ⅱ）;2020:（新课标Ⅰ）;2022:（全国乙卷）
ice-cream,ice-cream,junior,,ipa-dict(en_US/CMUdict),corroborated,ECDICT,ECDICT,historical_partial_2010_2022,0,
idea,idea,junior,1774,ipa-dict(en_US/CMUdict),corroborated,ECDICT,teacher_pdf_gloss,historical_partial_2010_2022,22,2010:（新课标Ⅱ）;2011:（全国卷ii）;2012:（新课标）;2013:（新课标ii）;2013:（新课标Ⅰ）;2014:（新课标Ⅰ）;2014:（新课标ⅱ）;2015:（新课标ⅱ）;2016:（新课标ⅱ）;2016:（新课标ⅲ）;2017:（新课标Ⅰ）;2018:（新课标Ⅰ）;2018:（新课标ⅲ）;2019:（新课标Ⅰ）;2019:（新课标Ⅱ）;2019:（新课标Ⅲ）;2020:（新课标Ⅰ）;2020:（新课标Ⅱ）;2020:（新课标Ⅲ）;2021:（解析版）;2022:（全国乙卷）;2022:（全国甲卷）
ideal,ideal**,selective_required,,ipa-dict(en_US/CMUdict),corroborated,ECDICT,ECDICT,historical_partial_2010_2022,0,
identical,identical**,selective_required,,ipa-dict(en_US/CMUdict),corroborated,ECDICT,ECDICT,historical_partial_2010_2022,0,
identification,,extension,1776,ipa-dict(en_US/CMUdict),corroborated,ECDICT,teacher_pdf_gloss,historical_partial_2010_2022,1,2016:（新课标ⅱ）
identify,identify**,selective_required,,ipa-dict(en_US/CMUdict),corroborated,ECDICT,ECDICT,historical_partial_2010_2022,1,2016:（新课标ⅱ）
identity,identity*,required,1775,ipa-dict(en_US/CMUdict),corroborated,ECDICT,teacher_pdf_gloss,historical_partial_2010_2022,3,2019:（新课标Ⅰ）;2021:（新课标Ⅰ）;2022:（全国乙卷）
idiom,idiom**,selective_required,1777,ipa-dict(en_US/CMUdict),corroborated,ECDICT,teacher_pdf_gloss,historical_partial_2010_2022,0,
if,if,junior,1778,ipa-dict(en_US/CMUdict),corroborated,curated_function_words,teacher_pdf_gloss,historical_partial_2010_2022,30,2010:（新课标Ⅰ）;2010:（新课标Ⅱ）;2011:（全国卷ii）;2011:（新课标）;2012:（新课标）;2013:（新课标ii）;2013:（新课标Ⅰ）;2014:（新课标Ⅰ）;2014:（新课标ⅱ）;2015:（新课标Ⅰ）;2015:（新课标ⅱ）;2016:（新课标Ⅰ）;2016:（新课标ⅱ）;2016:（新课标ⅲ）;2017:（新课标Ⅰ）;2017:（新课标ⅱ）;2017:（新课标ⅲ）;2018:（新课标Ⅰ）;2018:（新课标ⅱ）;2018:（新课标ⅲ）;2019:（新课标Ⅰ）;2019:（新课标Ⅱ）;2019:（新课标Ⅲ）;2020:（新课标Ⅰ）;2020:（新课标Ⅱ）;2020:（新课标Ⅲ）;2021:（新课标Ⅰ）;2021:（解析版）;2022:（全国乙卷）;2022:（全国甲卷）
ignore,ignore*,required,1779,ipa-dict(en_US/CMUdict),corroborated,ECDICT,teacher_pdf_gloss,historical_partial_2010_2022,5,2014:（新课标Ⅰ）;2015:（新课标Ⅰ）;2017:（新课标Ⅰ）;2017:（新课标ⅱ）;2022:（全国乙卷）
ill,ill,junior,1780,ipa-dict(en_US/CMUdict),corroborated,ECDICT,teacher_pdf_gloss,historical_partial_2010_2022,3,2010:（新课标Ⅱ）;2017:（新课标ⅱ）;2020:（新课标Ⅲ）
illegal,illegal**,selective_required,1781,ipa-dict(en_US/CMUdict),corroborated,ECDICT,teacher_pdf_gloss,historical_partial_2010_2022,0,
illness,illness,junior,1782,ipa-dict(en_US/CMUdict),corroborated,ECDICT,teacher_pdf_gloss,historical_partial_2010_2022,3,2013:（新课标Ⅰ）;2017:（新课标ⅲ）;2018:（新课标ⅲ）
illustrate,illustrate*,required,,ipa-dict(en_US/CMUdict),corroborated,ECDICT,ECDICT,historical_partial_2010_2022,1,2021:（新课标Ⅰ）
image,image*,required,,ipa-dict(en_US/CMUdict),corroborated,ECDICT,ECDICT,historical_partial_2010_2022,4,2011:（全国卷ii）;2016:（新课标ⅱ）;2020:（新课标Ⅲ）;2021:（解析版）
imagine,imagine,junior,1783,ipa-dict(en_US/CMUdict),corroborated,ECDICT,teacher_pdf_gloss,historical_partial_2010_2022,10,2015:（新课标ⅱ）;2017:（新课标ⅱ）;2018:（新课标ⅱ）;2018:（新课标ⅲ）;2019:（新课标Ⅰ）;2019:（新课标Ⅱ）;2019:（新课标Ⅲ）;2020:（新课标Ⅰ）;2020:（新课标Ⅲ）;2022:（全国乙卷）
immediate,,extension,1784,ipa-dict(en_US/CMUdict),corroborated,ECDICT,teacher_pdf_gloss,historical_partial_2010_2022,5,2012:（新课标）;2014:（新课标Ⅰ）;2016:（新课标ⅱ）;2018:（新课标ⅲ）;2019:（新课标Ⅲ）
immediately,immediately*,required,1785,ipa-dict(en_US/CMUdict),corroborated,ECDICT,teacher_pdf_gloss,historical_partial_2010_2022,7,2010:（新课标Ⅰ）;2014:（新课标Ⅰ）;2014:（新课标ⅱ）;2016:（新课标ⅱ）;2016:（新课标ⅲ）;2018:（新课标ⅱ）;2021:（解析版）
immigration,,extension,1786,ipa-dict(en_US/CMUdict),corroborated,ECDICT,teacher_pdf_gloss,historical_partial_2010_2022,0,
impact,impact*,required,,ipa-dict(en_US/CMUdict),corroborated,ECDICT,ECDICT,historical_partial_2010_2022,2,2019:（新课标Ⅱ）;2021:（新课标Ⅰ）
imply,imply**,selective_required,,ipa-dict(en_US/CMUdict),corroborated,ECDICT,ECDICT,historical_partial_2010_2022,1,2016:（新课标Ⅰ）
import,import*,required,1787,ipa-dict(en_US/CMUdict),corroborated,ECDICT,teacher_pdf_gloss,historical_partial_2010_2022,2,2015:（新课标Ⅰ）;2022:（全国乙卷）
importance,,extension,1788,ipa-dict(en_US/CMUdict),corroborated,ECDICT,teacher_pdf_gloss,historical_partial_2010_2022,8,2010:（新课标Ⅱ）;2013:（新课标ii）;2014:（新课标ⅱ）;2015:（新课标Ⅰ）;2016:（新课标ⅱ）;2019:（新课标Ⅰ）;2019:（新课标Ⅱ）;2022:（全国乙卷）
important,important,junior,1789,ipa-dict(en_US/CMUdict),corroborated,ECDICT,teacher_pdf_gloss,historical_partial_2010_2022,21,2010:（新课标Ⅰ）;2011:（全国卷ii）;2011:（新课标）;2012:（新课标）;2013:（新课标ii）;2013:（新课标Ⅰ）;2014:（新课标Ⅰ）;2014:（新课标ⅱ）;2016:（新课标Ⅰ）;2016:（新课标ⅱ）;2017:（新课标Ⅰ）;2017:（新课标ⅱ）;2017:（新课标ⅲ）;2018:（新课标Ⅰ）;2018:（新课标ⅱ）;2019:（新课标Ⅱ）;2019:（新课标Ⅲ）;2020:（新课标Ⅰ）;2021:（新课标Ⅰ）;2022:（全国乙卷）;2022:（全国甲卷）
impossible,impossible,junior,1790,ipa-dict(en_US/CMUdict),corroborated,ECDICT,teacher_pdf_gloss,historical_partial_2010_2022,7,2013:（新课标ii）;2014:（新课标Ⅰ）;2014:（新课标ⅱ）;2017:（新课标Ⅰ）;2017:（新课标ⅲ）;2019:（新课标Ⅲ）;2021:（新课标Ⅰ）
impress,impress**,selective_required,1791,ipa-dict(en_US/CMUdict),corroborated,ECDICT,teacher_pdf_gloss,historical_partial_2010_2022,2,2013:（新课标Ⅰ）;2018:（新课标ⅲ）
impression,impression*,required,1792,ipa-dict(en_US/CMUdict),corroborated,ECDICT,teacher_pdf_gloss,historical_partial_2010_2022,4,2013:（新课标Ⅰ）;2016:（新课标ⅱ）;2018:（新课标Ⅰ）;2022:（全国甲卷）
improve,improve*,required,1793,ipa-dict(en_US/CMUdict),corroborated,ECDICT,teacher_pdf_gloss,historical_partial_2010_2022,15,2013:（新课标ii）;2014:（新课标Ⅰ）;2014:（新课标ⅱ）;2015:（新课标ⅱ）;2016:（新课标Ⅰ）;2016:（新课标ⅱ）;2017:（新课标Ⅰ）;2017:（新课标ⅲ）;2018:（新课标Ⅰ）;2018:（新课标ⅱ）;2019:（新课标Ⅰ）;2020:（新课标Ⅱ）;2021:（新课标Ⅰ）;2021:（解析版）;2022:（全国乙卷）
in,in,junior,,ipa-dict(en_US/CMUdict),corroborated,curated_function_words,ECDICT,historical_partial_2010_2022,30,2010:（新课标Ⅰ）;2010:（新课标Ⅱ）;2011:（全国卷ii）;2011:（新课标）;2012:（新课标）;2013:（新课标ii）;2013:（新课标Ⅰ）;2014:（新课标Ⅰ）;2014:（新课标ⅱ）;2015:（新课标Ⅰ）;2015:（新课标ⅱ）;2016:（新课标Ⅰ）;2016:（新课标ⅱ）;2016:（新课标ⅲ）;2017:（新课标Ⅰ）;2017:（新课标ⅱ）;2017:（新课标ⅲ）;2018:（新课标Ⅰ）;2018:（新课标ⅱ）;2018:（新课标ⅲ）;2019:（新课标Ⅰ）;2019:（新课标Ⅱ）;2019:（新课标Ⅲ）;2020:（新课标Ⅰ）;2020:（新课标Ⅱ）;2020:（新课标Ⅲ）;2021:（新课标Ⅰ）;2021:（解析版）;2022:（全国乙卷）;2022:（全国甲卷）
inch,inch**,selective_required,1795,ipa-dict(en_US/CMUdict),corroborated,ECDICT,teacher_pdf_gloss,historical_partial_2010_2022,3,2011:（新课标）;2015:（新课标ⅱ）;2017:（新课标Ⅰ）
incident,incident**,selective_required,1796,ipa-dict(en_US/CMUdict),corroborated,ECDICT,teacher_pdf_gloss,historical_partial_2010_2022,1,2021:（解析版）
include,include,junior,1797,ipa-dict(en_US/CMUdict),corroborated,ECDICT,teacher_pdf_gloss,historical_partial_2010_2022,18,2011:（全国卷ii）;2011:（新课标）;2013:（新课标ii）;2013:（新课标Ⅰ）;2014:（新课标Ⅰ）;2014:（新课标ⅱ）;2015:（新课标ⅱ）;2016:（新课标Ⅰ）;2016:（新课标ⅲ）;2017:（新课标ⅱ）;2017:（新课标ⅲ）;2018:（新课标Ⅰ）;2018:（新课标ⅲ）;2020:（新课标Ⅰ）;2020:（新课标Ⅱ）;2020:（新课标Ⅲ）;2022:（全国乙卷）;2022:（全国甲卷）
income,income*,required,1798,ipa-dict(en_US/CMUdict),corroborated,ECDICT,teacher_pdf_gloss,historical_partial_2010_2022,4,2011:（新课标）;2013:（新课标Ⅰ）;2017:（新课标ⅲ）;2020:（新课标Ⅱ）
increase,increase,junior,1800,ipa-dict(en_US/CMUdict),corroborated,ECDICT,curated_override,historical_partial_2010_2022,12,2010:（新课标Ⅱ）;2011:（全国卷ii）;2011:（新课标）;2012:（新课标）;2013:（新课标ii）;2014:（新课标ⅱ）;2015:（新课标ⅱ）;2017:（新课标Ⅰ）;2017:（新课标ⅲ）;2018:（新课标ⅱ）;2019:（新课标Ⅰ）;2021:（新课标Ⅰ）
incredible,incredible**,selective_required,,ipa-dict(en_US/CMUdict),corroborated,ECDICT,ECDICT,historical_partial_2010_2022,0,
indeed,indeed*,required,1801,ipa-dict(en_US/CMUdict),corroborated,ECDICT,teacher_pdf_gloss,historical_partial_2010_2022,7,2012:（新课标）;2016:（新课标ⅱ）;2018:（新课标ⅱ）;2019:（新课标Ⅲ）;2020:（新课标Ⅰ）;2021:（新课标Ⅰ）;2022:（全国甲卷）
independence,,extension,1802,ipa-dict(en_US/CMUdict),corroborated,ECDICT,teacher_pdf_gloss,historical_partial_2010_2022,4,2013:（新课标Ⅰ）;2014:（新课标Ⅰ）;2015:（新课标ⅱ）;2017:（新课标ⅲ）
independent,independent*,required,1803,ipa-dict(en_US/CMUdict),corroborated,ECDICT,teacher_pdf_gloss,historical_partial_2010_2022,4,2016:（新课标ⅲ）;2017:（新课标ⅲ）;2018:（新课标Ⅰ）;2022:（全国甲卷）
india,India,junior,1804,ipa-dict(en_US/CMUdict),corroborated,ECDICT,teacher_pdf_gloss,historical_partial_2010_2022,6,2013:（新课标Ⅰ）;2014:（新课标Ⅰ）;2014:（新课标ⅱ）;2016:（新课标ⅲ）;2020:（新课标Ⅲ）;2022:（全国甲卷）
indian,Indian,junior,,ipa-dict(en_US/CMUdict),corroborated,ECDICT,ECDICT,historical_partial_2010_2022,1,2015:（新课标ⅱ）
indicate,indicate*,required,1806,ipa-dict(en_US/CMUdict),corroborated,ECDICT,teacher_pdf_gloss,historical_partial_2010_2022,4,2018:（新课标ⅱ）;2019:（新课标Ⅲ）;2020:（新课标Ⅲ）;2022:（全国甲卷）
indifferent,,extension,,curated_homograph_override,curated,ECDICT,curated_override,historical_partial_2010_2022,0,
individual,individual*,required,,ipa-dict(en_US/CMUdict),corroborated,ECDICT,ECDICT,historical_partial_2010_2022,1,2017:（新课标Ⅰ）
industry,industry,junior,1807,ipa-dict(en_US/CMUdict),corroborated,ECDICT,teacher_pdf_gloss,historical_partial_2010_2022,7,2010:（新课标Ⅱ）;2011:（新课标）;2013:（新课标ii）;2017:（新课标Ⅰ）;2017:（新课标ⅱ）;2018:（新课标ⅲ）;2022:（全国乙卷）
infection,infection**,selective_required,,ipa-dict(en_US/CMUdict),corroborated,ECDICT,ECDICT,historical_partial_2010_2022,0,
infer,infer**,selective_required,,ipa-dict(en_US/CMUdict),corroborated,ECDICT,ECDICT,historical_partial_2010_2022,19,2010:（新课标Ⅰ）;2010:（新课标Ⅱ）;2011:（新课标）;2014:（新课标Ⅰ）;2014:（新课标ⅱ）;2016:（新课标Ⅰ）;2016:（新课标ⅲ）;2017:（新课标Ⅰ）;2017:（新课标ⅱ）;2017:（新课标ⅲ）;2018:（新课标Ⅰ）;2019:（新课标Ⅰ）;2019:（新课标Ⅱ）;2020:（新课标Ⅰ）;2020:（新课标Ⅱ）;2020:（新课标Ⅲ）;2021:（新课标Ⅰ）;2021:（解析版）;2022:（全国乙卷）
influence,influence,junior,1808,ipa-dict(en_US/CMUdict),corroborated,ECDICT,teacher_pdf_gloss,historical_partial_2010_2022,6,2016:（新课标Ⅰ）;2016:（新课标ⅲ）;2019:（新课标Ⅱ）;2019:（新课标Ⅲ）;2021:（解析版）;2022:（全国乙卷）
influential,influential**,selective_required,,ipa-dict(en_US/CMUdict),corroborated,ECDICT,ECDICT,historical_partial_2010_2022,0,
inform,,extension,1809,ipa-dict(en_US/CMUdict),corroborated,ECDICT,teacher_pdf_gloss,historical_partial_2010_2022,3,2014:（新课标Ⅰ）;2018:（新课标ⅲ）;2021:（新课标Ⅰ）
information,information,junior,1810,ipa-dict(en_US/CMUdict),corroborated,ECDICT,teacher_pdf_gloss,historical_partial_2010_2022,16,2010:（新课标Ⅱ）;2011:（新课标）;2013:（新课标ii）;2013:（新课标Ⅰ）;2014:（新课标Ⅰ）;2014:（新课标ⅱ）;2016:（新课标Ⅰ）;2016:（新课标ⅲ）;2017:（新课标Ⅰ）;2017:（新课标ⅱ）;2017:（新课标ⅲ）;2018:（新课标Ⅰ）;2018:（新课标ⅲ）;2019:（新课标Ⅲ）;2020:（新课标Ⅰ）;2021:（新课标Ⅰ）
initial,initial**,selective_required,1812,ipa-dict(en_US/CMUdict),corroborated,ECDICT,teacher_pdf_gloss,historical_partial_2010_2022,0,
initiative,initiative**,selective_required,,ipa-dict(en_US/CMUdict),corroborated,ECDICT,ECDICT,historical_partial_2010_2022,1,2022:（全国乙卷）
injure,,extension,1813,ipa-dict(en_US/CMUdict),corroborated,ECDICT,teacher_pdf_gloss,historical_partial_2010_2022,4,2016:（新课标Ⅰ）;2017:（新课标Ⅰ）;2017:（新课标ⅱ）;2019:（新课标Ⅱ）
injury,injury**,selective_required,1814,ipa-dict(en_US/CMUdict),corroborated,ECDICT,teacher_pdf_gloss,historical_partial_2010_2022,3,2015:（新课标ⅱ）;2017:（新课标Ⅰ）;2020:（新课标Ⅰ）
inn,,extension,1817,ipa-dict(en_US/CMUdict),corroborated,ECDICT,teacher_pdf_gloss,historical_partial_2010_2022,0,
inner,inner**,selective_required,,ipa-dict(en_US/CMUdict),corroborated,ECDICT,ECDICT,historical_partial_2010_2022,0,
innocent,innocent**,selective_required,1818,ipa-dict(en_US/CMUdict),corroborated,ECDICT,teacher_pdf_gloss,historical_partial_2010_2022,0,
innovation,innovation**,selective_required,,ipa-dict(en_US/CMUdict),corroborated,ECDICT,ECDICT,historical_partial_2010_2022,0,
input,input**,selective_required,,ipa-dict(en_US/CMUdict),corroborated,ECDICT,ECDICT,historical_partial_2010_2022,0,
inquire,inquire**,selective_required,,ipa-dict(en_US/CMUdict),corroborated,ECDICT,ECDICT,historical_partial_2010_2022,0,
insect,insect*,required,1819,ipa-dict(en_US/CMUdict),corroborated,ECDICT,teacher_pdf_gloss,historical_partial_2010_2022,3,2014:（新课标Ⅰ）;2017:（新课标Ⅰ）;2017:（新课标ⅱ）
insert,,extension,1820,ipa-dict(en_US/CMUdict),corroborated,ECDICT,teacher_pdf_gloss,historical_partial_2010_2022,1,2022:（全国甲卷）
inside,inside,junior,1821,ipa-dict(en_US/CMUdict),corroborated,curated_function_words,teacher_pdf_gloss,historical_partial_2010_2022,7,2012:（新课标）;2014:（新课标Ⅰ）;2016:（新课标ⅱ）;2017:（新课标ⅱ）;2019:（新课标Ⅲ）;2021:（解析版）;2022:（全国甲卷）
insight,insight**,selective_required,,ipa-dict(en_US/CMUdict),corroborated,ECDICT,ECDICT,historical_partial_2010_2022,1,2017:（新课标Ⅰ）
insist,insist**,selective_required,1822,ipa-dict(en_US/CMUdict),corroborated,ECDICT,teacher_pdf_gloss,historical_partial_2010_2022,5,2013:（新课标ii）;2020:（新课标Ⅰ）;2020:（新课标Ⅲ）;2022:（全国乙卷）;2022:（全国甲卷）
inspect,,extension,1823,ipa-dict(en_US/CMUdict),corroborated,ECDICT,teacher_pdf_gloss,historical_partial_2010_2022,1,2022:（全国乙卷）
inspection,inspection**,selective_required,,ipa-dict(en_US/CMUdict),corroborated,ECDICT,ECDICT,historical_partial_2010_2022,1,2022:（全国乙卷）
inspire,inspire*,required,1824,ipa-dict(en_US/CMUdict),corroborated,ECDICT,teacher_pdf_gloss,historical_partial_2010_2022,7,2014:（新课标Ⅰ）;2016:（新课标ⅲ）;2017:（新课标Ⅰ）;2019:（新课标Ⅰ）;2020:（新课标Ⅰ）;2021:（新课标Ⅰ）;2022:（全国甲卷）
instance,instance**,selective_required,,ipa-dict(en_US/CMUdict),corroborated,ECDICT,ECDICT,historical_partial_2010_2022,0,
instant,instant**,selective_required,1825,ipa-dict(en_US/CMUdict),corroborated,ECDICT,teacher_pdf_gloss,historical_partial_2010_2022,1,2014:（新课标Ⅰ）
instead,instead,junior,1826,ipa-dict(en_US/CMUdict),corroborated,ECDICT,teacher_pdf_gloss,historical_partial_2010_2022,16,2013:（新课标ii）;2013:（新课标Ⅰ）;2014:（新课标Ⅰ）;2014:（新课标ⅱ）;2015:（新课标Ⅰ）;2015:（新课标ⅱ）;2016:（新课标Ⅰ）;2017:（新课标Ⅰ）;2017:（新课标ⅲ）;2018:（新课标Ⅰ）;2018:（新课标ⅱ）;2019:（新课标Ⅰ）;2019:（新课标Ⅲ）;2020:（新课标Ⅰ）;2020:（新课标Ⅲ）;2022:（全国甲卷）
institute,institute**,selective_required,1827,ipa-dict(en_US/CMUdict),corroborated,ECDICT,teacher_pdf_gloss,historical_partial_2010_2022,4,2017:（新课标ⅱ）;2018:（新课标Ⅰ）;2018:（新课标ⅱ）;2020:（新课标Ⅰ）
institution,institution**,selective_required,,ipa-dict(en_US/CMUdict),corroborated,ECDICT,ECDICT,historical_partial_2010_2022,2,2015:（新课标Ⅰ）;2015:（新课标ⅱ）
instruct,,extension,1829,ipa-dict(en_US/CMUdict),corroborated,ECDICT,teacher_pdf_gloss,historical_partial_2010_2022,1,2022:（全国乙卷）
instruction,instruction,junior,1830,ipa-dict(en_US/CMUdict),corroborated,ECDICT,teacher_pdf_gloss,historical_partial_2010_2022,5,2016:（新课标Ⅰ）;2016:（新课标ⅱ）;2017:（新课标ⅱ）;2022:（全国乙卷）;2022:（全国甲卷）
instrument,instrument,junior,1831,ipa-dict(en_US/CMUdict),corroborated,ECDICT,teacher_pdf_gloss,historical_partial_2010_2022,4,2017:（新课标ⅲ）;2019:（新课标Ⅱ）;2020:（新课标Ⅰ）;2022:（全国甲卷）
insurance,insurance**,selective_required,1832,ipa-dict(en_US/CMUdict),corroborated,ECDICT,teacher_pdf_gloss,historical_partial_2010_2022,0,
integrate,integrate**,selective_required,,ipa-dict(en_US/CMUdict),corroborated,ECDICT,ECDICT,historical_partial_2010_2022,1,2015:（新课标ⅱ）
integrity,integrity**,selective_required,,ipa-dict(en_US/CMUdict),corroborated,ECDICT,ECDICT,historical_partial_2010_2022,0,
intelligence,,extension,1834,ipa-dict(en_US/CMUdict),corroborated,ECDICT,teacher_pdf_gloss,historical_partial_2010_2022,3,2011:（全国卷ii）;2018:（新课标ⅱ）;2021:（解析版）
intelligent,intelligent*,required,,ipa-dict(en_US/CMUdict),corroborated,ECDICT,ECDICT,historical_partial_2010_2022,4,2011:（全国卷ii）;2013:（新课标Ⅰ）;2017:（新课标ⅲ）;2021:（解析版）
intend,intend*,required,1835,ipa-dict(en_US/CMUdict),corroborated,ECDICT,teacher_pdf_gloss,historical_partial_2010_2022,6,2016:（新课标ⅱ）;2018:（新课标Ⅰ）;2018:（新课标ⅲ）;2020:（新课标Ⅰ）;2021:（新课标Ⅰ）;2022:（全国甲卷）
intense,intense**,selective_required,,ipa-dict(en_US/CMUdict),corroborated,ECDICT,ECDICT,historical_partial_2010_2022,0,
intention,intention**,selective_required,1836,ipa-dict(en_US/CMUdict),corroborated,ECDICT,teacher_pdf_gloss,historical_partial_2010_2022,3,2020:（新课标Ⅰ）;2020:（新课标Ⅱ）;2020:（新课标Ⅲ）
interaction,interaction**,selective_required,,ipa-dict(en_US/CMUdict),corroborated,ECDICT,ECDICT,historical_partial_2010_2022,4,2017:（新课标Ⅰ）;2018:（新课标ⅱ）;2019:（新课标Ⅱ）;2021:（新课标Ⅰ）
interest,interest,junior,1837,ipa-dict(en_US/CMUdict),corroborated,ECDICT,teacher_pdf_gloss,historical_partial_2010_2022,19,2010:（新课标Ⅱ）;2011:（新课标）;2012:（新课标）;2013:（新课标Ⅰ）;2014:（新课标Ⅰ）;2015:（新课标Ⅰ）;2015:（新课标ⅱ）;2016:（新课标Ⅰ）;2016:（新课标ⅱ）;2016:（新课标ⅲ）;2017:（新课标Ⅰ）;2017:（新课标ⅲ）;2018:（新课标Ⅰ）;2018:（新课标ⅲ）;2019:（新课标Ⅱ）;2019:（新课标Ⅲ）;2021:（新课标Ⅰ）;2021:（解析版）;2022:（全国甲卷）
interesting,interesting,junior,1838,ipa-dict(en_US/CMUdict),corroborated,ECDICT,teacher_pdf_gloss,historical_partial_2010_2022,14,2010:（新课标Ⅰ）;2011:（新课标）;2012:（新课标）;2013:（新课标ii）;2013:（新课标Ⅰ）;2016:（新课标ⅱ）;2016:（新课标ⅲ）;2017:（新课标ⅱ）;2017:（新课标ⅲ）;2018:（新课标Ⅰ）;2019:（新课标Ⅰ）;2019:（新课标Ⅲ）;2020:（新课标Ⅰ）;2021:（新课标Ⅰ）
internal,internal**,selective_required,,ipa-dict(en_US/CMUdict),corroborated,ECDICT,ECDICT,historical_partial_2010_2022,0,
international,international,junior,1839,ipa-dict(en_US/CMUdict),corroborated,ECDICT,teacher_pdf_gloss,historical_partial_2010_2022,9,2017:（新课标Ⅰ）;2018:（新课标Ⅰ）;2018:（新课标ⅲ）;2019:（新课标Ⅱ）;2019:（新课标Ⅲ）;2020:（新课标Ⅱ）;2021:（解析版）;2022:（全国乙卷）;2022:（全国甲卷）
internet,Internet,junior,1840,ipa-dict(en_US/CMUdict),corroborated,teacher_pdf,teacher_pdf_gloss,historical_partial_2010_2022,3,2014:（新课标Ⅰ）;2014:（新课标ⅱ）;2017:（新课标ⅱ）
interpret,interpret**,selective_required,,ipa-dict(en_US/CMUdict),corroborated,ECDICT,ECDICT,historical_partial_2010_2022,1,2022:（全国乙卷）
interrupt,interrupt**,selective_required,1842,ipa-dict(en_US/CMUdict),corroborated,ECDICT,teacher_pdf_gloss,historical_partial_2010_2022,4,2016:（新课标Ⅰ）;2017:（新课标ⅱ）;2018:（新课标ⅲ）;2021:（新课标Ⅰ）
interval,,extension,1843,ipa-dict(en_US/CMUdict),corroborated,ECDICT,teacher_pdf_gloss,historical_partial_2010_2022,0,
intervention,intervention**,selective_required,,ipa-dict(en_US/CMUdict),corroborated,ECDICT,ECDICT,historical_partial_2010_2022,0,
interview,interview,junior,1844,ipa-dict(en_US/CMUdict),corroborated,ECDICT,teacher_pdf_gloss,historical_partial_2010_2022,4,2017:（新课标ⅲ）;2018:（新课标Ⅰ）;2019:（新课标Ⅱ）;2021:（新课标Ⅰ）
into,into,junior,1845,ipa-dict(en_US/CMUdict),corroborated,curated_function_words,teacher_pdf_gloss,historical_partial_2010_2022,28,2010:（新课标Ⅰ）;2010:（新课标Ⅱ）;2011:（全国卷ii）;2011:（新课标）;2012:（新课标）;2013:（新课标ii）;2013:（新课标Ⅰ）;2014:（新课标ⅱ）;2015:（新课标Ⅰ）;2015:（新课标ⅱ）;2016:（新课标Ⅰ）;2016:（新课标ⅱ）;2016:（新课标ⅲ）;2017:（新课标Ⅰ）;2017:（新课标ⅱ）;2017:（新课标ⅲ）;2018:（新课标Ⅰ）;2018:（新课标ⅱ）;2018:（新课标ⅲ）;2019:（新课标Ⅰ）;2019:（新课标Ⅲ）;2020:（新课标Ⅰ）;2020:（新课标Ⅱ）;2020:（新课标Ⅲ）;2021:（新课标Ⅰ）;2021:（解析版）;2022:（全国乙卷）;2022:（全国甲卷）
intricate,,extension,,ipa-dict(en_US/CMUdict),corroborated,ECDICT,curated_override,historical_partial_2010_2022,0,
introduce,introduce,junior,1846,ipa-dict(en_US/CMUdict),corroborated,ECDICT,teacher_pdf_gloss,historical_partial_2010_2022,13,2010:（新课标Ⅰ）;2013:（新课标ii）;2016:（新课标Ⅰ）;2016:（新课标ⅱ）;2016:（新课标ⅲ）;2017:（新课标Ⅰ）;2017:（新课标ⅱ）;2018:（新课标Ⅰ）;2019:（新课标Ⅲ）;2020:（新课标Ⅱ）;2021:（新课标Ⅰ）;2022:（全国乙卷）;2022:（全国甲卷）
introduction,introduction,junior,1847,ipa-dict(en_US/CMUdict),corroborated,ECDICT,teacher_pdf_gloss,historical_partial_2010_2022,3,2010:（新课标Ⅰ）;2014:（新课标Ⅰ）;2018:（新课标Ⅰ）
invent,invent,junior,1848,ipa-dict(en_US/CMUdict),corroborated,ECDICT,teacher_pdf_gloss,historical_partial_2010_2022,3,2010:（新课标Ⅱ）;2011:（新课标）;2014:（新课标Ⅰ）
invention,invention,junior,1849,ipa-dict(en_US/CMUdict),corroborated,ECDICT,teacher_pdf_gloss,historical_partial_2010_2022,1,2019:（新课标Ⅰ）
investigate,investigate**,selective_required,,ipa-dict(en_US/CMUdict),corroborated,ECDICT,ECDICT,historical_partial_2010_2022,0,
investment,investment**,selective_required,,ipa-dict(en_US/CMUdict),corroborated,ECDICT,ECDICT,historical_partial_2010_2022,0,
invitation,,extension,1851,ipa-dict(en_US/CMUdict),corroborated,ECDICT,teacher_pdf_gloss,historical_partial_2010_2022,5,2011:（新课标）;2012:（新课标）;2017:（新课标ⅲ）;2021:（解析版）;2022:（全国甲卷）
invite,invite,junior,1852,ipa-dict(en_US/CMUdict),corroborated,ECDICT,teacher_pdf_gloss,historical_partial_2010_2022,15,2010:（新课标Ⅱ）;2011:（全国卷ii）;2011:（新课标）;2012:（新课标）;2014:（新课标Ⅰ）;2016:（新课标Ⅰ）;2016:（新课标ⅲ）;2017:（新课标ⅱ）;2018:（新课标Ⅰ）;2018:（新课标ⅱ）;2018:（新课标ⅲ）;2019:（新课标Ⅰ）;2019:（新课标Ⅲ）;2021:（解析版）;2022:（全国乙卷）
involve,involve**,selective_required,,ipa-dict(en_US/CMUdict),corroborated,ECDICT,ECDICT,historical_partial_2010_2022,1,2015:（新课标ⅱ）
ireland,,extension,1853,ipa-dict(en_US/CMUdict),corroborated,ECDICT,teacher_pdf_gloss,historical_partial_2010_2022,0,
irish,,extension,1854,ipa-dict(en_US/CMUdict),corroborated,ECDICT,teacher_pdf_gloss,historical_partial_2010_2022,0,
iron,iron**,selective_required,1855,ipa-dict(en_US/CMUdict),corroborated,ECDICT,teacher_pdf_gloss,historical_partial_2010_2022,1,2018:（新课标ⅱ）
island,island,junior,1858,ipa-dict(en_US/CMUdict),corroborated,ECDICT,teacher_pdf_gloss,historical_partial_2010_2022,8,2010:（新课标Ⅱ）;2011:（全国卷ii）;2012:（新课标）;2015:（新课标Ⅰ）;2016:（新课标Ⅰ）;2017:（新课标ⅲ）;2020:（新课标Ⅲ）;2022:（全国甲卷）
issue,issue*,required,,ipa-dict(en_US/CMUdict),corroborated,ECDICT,ECDICT,historical_partial_2010_2022,1,2022:（全国乙卷）
it,it,junior,1859,ipa-dict(en_US/CMUdict),corroborated,curated_function_words,teacher_pdf_gloss,historical_partial_2010_2022,30,2010:（新课标Ⅰ）;2010:（新课标Ⅱ）;2011:（全国卷ii）;2011:（新课标）;2012:（新课标）;2013:（新课标ii）;2013:（新课标Ⅰ）;2014:（新课标Ⅰ）;2014:（新课标ⅱ）;2015:（新课标Ⅰ）;2015:（新课标ⅱ）;2016:（新课标Ⅰ）;2016:（新课标ⅱ）;2016:（新课标ⅲ）;2017:（新课标Ⅰ）;2017:（新课标ⅱ）;2017:（新课标ⅲ）;2018:（新课标Ⅰ）;2018:（新课标ⅱ）;2018:（新课标ⅲ）;2019:（新课标Ⅰ）;2019:（新课标Ⅱ）;2019:（新课标Ⅲ）;2020:（新课标Ⅰ）;2020:（新课标Ⅱ）;2020:（新课标Ⅲ）;2021:（新课标Ⅰ）;2021:（解析版）;2022:（全国乙卷）;2022:（全国甲卷）
italy,,extension,1861,ipa-dict(en_US/CMUdict),corroborated,ECDICT,teacher_pdf_gloss,historical_partial_2010_2022,3,2011:（全国卷ii）;2020:（新课标Ⅱ）;2022:（全国甲卷）
item,item**,selective_required,,ipa-dict(en_US/CMUdict),corroborated,ECDICT,ECDICT,historical_partial_2010_2022,1,2020:（新课标Ⅰ）
its,its,junior,1862,ipa-dict(en_US/CMUdict),corroborated,curated_function_words,teacher_pdf_gloss,historical_partial_2010_2022,28,2010:（新课标Ⅰ）;2010:（新课标Ⅱ）;2011:（全国卷ii）;2011:（新课标）;2012:（新课标）;2013:（新课标ii）;2013:（新课标Ⅰ）;2014:（新课标Ⅰ）;2014:（新课标ⅱ）;2015:（新课标Ⅰ）;2015:（新课标ⅱ）;2016:（新课标Ⅰ）;2016:（新课标ⅱ）;2017:（新课标Ⅰ）;2017:（新课标ⅱ）;2017:（新课标ⅲ）;2018:（新课标Ⅰ）;2018:（新课标ⅱ）;2018:（新课标ⅲ）;2019:（新课标Ⅰ）;2019:（新课标Ⅲ）;2020:（新课标Ⅰ）;2020:（新课标Ⅱ）;2020:（新课标Ⅲ）;2021:（新课标Ⅰ）;2021:（解析版）;2022:（全国乙卷）;2022:（全国甲卷）
itself,itself,junior,1863,ipa-dict(en_US/CMUdict),corroborated,curated_function_words,teacher_pdf_gloss,historical_partial_2010_2022,6,2011:（全国卷ii）;2013:（新课标ii）;2016:（新课标ⅲ）;2017:（新课标ⅱ）;2021:（解析版）;2022:（全国甲卷）
jacket,jacket,junior,1864,ipa-dict(en_US/CMUdict),corroborated,ECDICT,teacher_pdf_gloss,historical_partial_2010_2022,0,
jam,jam**,selective_required,1865,ipa-dict(en_US/CMUdict),corroborated,ECDICT,teacher_pdf_gloss,historical_partial_2010_2022,6,2015:（新课标Ⅰ）;2015:（新课标ⅱ）;2016:（新课标ⅱ）;2017:（新课标ⅱ）;2019:（新课标Ⅰ）;2022:（全国乙卷）
january,January,junior,1866,ipa-dict(en_US/CMUdict),corroborated,ECDICT,teacher_pdf_gloss,historical_partial_2010_2022,4,2014:（新课标Ⅰ）;2017:（新课标ⅲ）;2021:（解析版）;2022:（全国乙卷）
japan,Japan,junior,1867,ipa-dict(en_US/CMUdict),corroborated,ECDICT,teacher_pdf_gloss,historical_partial_2010_2022,3,2011:（全国卷ii）;2016:（新课标ⅲ）;2022:（全国甲卷）
japanese,Japanese,junior,1868,ipa-dict(en_US/CMUdict),corroborated,ECDICT,teacher_pdf_gloss,historical_partial_2010_2022,0,
jar,,extension,1869,ipa-dict(en_US/CMUdict),corroborated,ECDICT,teacher_pdf_gloss,historical_partial_2010_2022,2,2011:（新课标）;2013:（新课标ii）
jaw,jaw**,selective_required,1870,ipa-dict(en_US/CMUdict),corroborated,ECDICT,teacher_pdf_gloss,historical_partial_2010_2022,0,
jazz,jazz**,selective_required,1871,ipa-dict(en_US/CMUdict),corroborated,ECDICT,teacher_pdf_gloss,historical_partial_2010_2022,3,2016:（新课标ⅱ）;2017:（新课标Ⅰ）;2022:（全国甲卷）
jeans,jeans*,required,1872,ipa-dict(en_US/CMUdict),corroborated,ECDICT,teacher_pdf_gloss,historical_partial_2010_2022,0,
jet,,extension,1874,ipa-dict(en_US/CMUdict),corroborated,ECDICT,teacher_pdf_gloss,historical_partial_2010_2022,0,
jewelry,,extension,1876,ipa-dict(en_US/CMUdict),corroborated,ECDICT,teacher_pdf_gloss,historical_partial_2010_2022,0,
job,job,junior,1877,ipa-dict(en_US/CMUdict),corroborated,ECDICT,teacher_pdf_gloss,historical_partial_2010_2022,16,2010:（新课标Ⅱ）;2011:（全国卷ii）;2014:（新课标Ⅰ）;2015:（新课标Ⅰ）;2015:（新课标ⅱ）;2016:（新课标Ⅰ）;2017:（新课标Ⅰ）;2017:（新课标ⅱ）;2018:（新课标Ⅰ）;2019:（新课标Ⅰ）;2019:（新课标Ⅱ）;2020:（新课标Ⅰ）;2020:（新课标Ⅱ）;2021:（新课标Ⅰ）;2021:（解析版）;2022:（全国甲卷）
jog,jog*,required,1878,ipa-dict(en_US/CMUdict),corroborated,ECDICT,teacher_pdf_gloss,historical_partial_2010_2022,0,
join,join,junior,1879,ipa-dict(en_US/CMUdict),corroborated,ECDICT,teacher_pdf_gloss,historical_partial_2010_2022,13,2010:（新课标Ⅰ）;2011:（全国卷ii）;2011:（新课标）;2013:（新课标ii）;2014:（新课标ⅱ）;2016:（新课标Ⅰ）;2016:（新课标ⅲ）;2017:（新课标ⅱ）;2017:（新课标ⅲ）;2018:（新课标Ⅰ）;2018:（新课标ⅲ）;2020:（新课标Ⅲ）;2021:（解析版）
joint,joint**,selective_required,,ipa-dict(en_US/CMUdict),corroborated,ECDICT,ECDICT,historical_partial_2010_2022,0,
joke,joke,junior,1880,ipa-dict(en_US/CMUdict),corroborated,ECDICT,teacher_pdf_gloss,historical_partial_2010_2022,4,2018:（新课标ⅱ）;2019:（新课标Ⅰ）;2019:（新课标Ⅱ）;2021:（新课标Ⅰ）
journal,journal*,required,,ipa-dict(en_US/CMUdict),corroborated,ECDICT,ECDICT,historical_partial_2010_2022,4,2016:（新课标ⅱ）;2018:（新课标Ⅰ）;2020:（新课标Ⅰ）;2020:（新课标Ⅱ）
journalist,journalist**,selective_required,1881,ipa-dict(en_US/CMUdict),corroborated,ECDICT,teacher_pdf_gloss,historical_partial_2010_2022,1,2018:（新课标Ⅰ）
journey,journey,junior,1882,ipa-dict(en_US/CMUdict),corroborated,ECDICT,teacher_pdf_gloss,historical_partial_2010_2022,8,2010:（新课标Ⅰ）;2013:（新课标ii）;2016:（新课标ⅱ）;2018:（新课标ⅱ）;2018:（新课标ⅲ）;2019:（新课标Ⅲ）;2020:（新课标Ⅲ）;2022:（全国甲卷）
joy,joy*,required,1883,ipa-dict(en_US/CMUdict),corroborated,ECDICT,teacher_pdf_gloss,historical_partial_2010_2022,6,2010:（新课标Ⅰ）;2014:（新课标ⅱ）;2017:（新课标ⅲ）;2018:（新课标ⅲ）;2019:（新课标Ⅱ）;2020:（新课标Ⅱ）
judge,judge*,required,1884,ipa-dict(en_US/CMUdict),corroborated,ECDICT,teacher_pdf_gloss,historical_partial_2010_2022,5,2010:（新课标Ⅰ）;2010:（新课标Ⅱ）;2013:（新课标Ⅰ）;2016:（新课标ⅲ）;2019:（新课标Ⅱ）
judgement,,extension,1885,ipa-dict(en_US/CMUdict),corroborated,ECDICT,teacher_pdf_gloss,historical_partial_2010_2022,0,
juice,juice,junior,1886,ipa-dict(en_US/CMUdict),corroborated,ECDICT,teacher_pdf_gloss,historical_partial_2010_2022,4,2015:（新课标Ⅰ）;2018:（新课标ⅱ）;2019:（新课标Ⅲ）;2022:（全国乙卷）
july,July,junior,1888,ipa-dict(en_US/CMUdict),corroborated,ECDICT,teacher_pdf_gloss,historical_partial_2010_2022,2,2018:（新课标ⅱ）;2020:（新课标Ⅱ）
jump,jump,junior,1889,ipa-dict(en_US/CMUdict),corroborated,ECDICT,teacher_pdf_gloss,historical_partial_2010_2022,7,2014:（新课标Ⅰ）;2014:（新课标ⅱ）;2015:（新课标ⅱ）;2016:（新课标ⅱ）;2018:（新课标Ⅰ）;2018:（新课标ⅱ）;2019:（新课标Ⅱ）
june,June,junior,1890,ipa-dict(en_US/CMUdict),corroborated,ECDICT,teacher_pdf_gloss,historical_partial_2010_2022,2,2016:（新课标ⅲ）;2020:（新课标Ⅱ）
jungle,jungle**,selective_required,1891,ipa-dict(en_US/CMUdict),corroborated,ECDICT,teacher_pdf_gloss,historical_partial_2010_2022,0,
junior,junior*,required,1892,ipa-dict(en_US/CMUdict),corroborated,ECDICT,teacher_pdf_gloss,historical_partial_2010_2022,0,
just,just,junior,1896,ipa-dict(en_US/CMUdict),corroborated,ECDICT,teacher_pdf_gloss,historical_partial_2010_2022,29,2010:（新课标Ⅰ）;2010:（新课标Ⅱ）;2011:（全国卷ii）;2011:（新课标）;2012:（新课标）;2013:（新课标ii）;2013:（新课标Ⅰ）;2014:（新课标Ⅰ）;2014:（新课标ⅱ）;2015:（新课标Ⅰ）;2016:（新课标Ⅰ）;2016:（新课标ⅱ）;2016:（新课标ⅲ）;2017:（新课标Ⅰ）;2017:（新课标ⅱ）;2017:（新课标ⅲ）;2018:（新课标Ⅰ）;2018:（新课标ⅱ）;2018:（新课标ⅲ）;2019:（新课标Ⅰ）;2019:（新课标Ⅱ）;2019:（新课标Ⅲ）;2020:（新课标Ⅰ）;2020:（新课标Ⅱ）;2020:（新课标Ⅲ）;2021:（新课标Ⅰ）;2021:（解析版）;2022:（全国乙卷）;2022:（全国甲卷）
justice,justice*,required,1897,ipa-dict(en_US/CMUdict),corroborated,ECDICT,teacher_pdf_gloss,historical_partial_2010_2022,0,
justify,justify**,selective_required,,ipa-dict(en_US/CMUdict),corroborated,ECDICT,ECDICT,historical_partial_2010_2022,0,
kangaroo,kangaroo*,required,1898,ipa-dict(en_US/CMUdict),corroborated,ECDICT,teacher_pdf_gloss,historical_partial_2010_2022,0,
keep,keep,junior,,ipa-dict(en_US/CMUdict),corroborated,ECDICT,ECDICT,historical_partial_2010_2022,27,2010:（新课标Ⅰ）;2010:（新课标Ⅱ）;2011:（全国卷ii）;2011:（新课标）;2012:（新课标）;2013:（新课标ii）;2013:（新课标Ⅰ）;2014:（新课标ⅱ）;2015:（新课标Ⅰ）;2015:（新课标ⅱ）;2016:（新课标Ⅰ）;2016:（新课标ⅱ）;2017:（新课标Ⅰ）;2017:（新课标ⅱ）;2017:（新课标ⅲ）;2018:（新课标Ⅰ）;2018:（新课标ⅱ）;2018:（新课标ⅲ）;2019:（新课标Ⅰ）;2019:（新课标Ⅱ）;2020:（新课标Ⅰ）;2020:（新课标Ⅱ）;2020:（新课标Ⅲ）;2021:（新课标Ⅰ）;2021:（解析版）;2022:（全国乙卷）;2022:（全国甲卷）
keeper,,extension,1900,ipa-dict(en_US/CMUdict),corroborated,ECDICT,teacher_pdf_gloss,historical_partial_2010_2022,1,2022:（全国乙卷）
kettle,kettle**,selective_required,1901,ipa-dict(en_US/CMUdict),corroborated,ECDICT,teacher_pdf_gloss,historical_partial_2010_2022,0,
key,key,junior,1902,ipa-dict(en_US/CMUdict),corroborated,ECDICT,teacher_pdf_gloss,historical_partial_2010_2022,8,2011:（新课标）;2013:（新课标Ⅰ）;2016:（新课标Ⅰ）;2017:（新课标ⅲ）;2018:（新课标Ⅰ）;2018:（新课标ⅱ）;2019:（新课标Ⅰ）;2022:（全国甲卷）
keyboard,keyboard,junior,1903,ipa-dict(en_US/CMUdict),corroborated,ECDICT,teacher_pdf_gloss,historical_partial_2010_2022,1,2019:（新课标Ⅰ）
kick,kick,junior,1904,ipa-dict(en_US/CMUdict),corroborated,ECDICT,teacher_pdf_gloss,historical_partial_2010_2022,2,2016:（新课标Ⅰ）;2019:（新课标Ⅰ）
kid,kid,junior,1905,ipa-dict(en_US/CMUdict),corroborated,ECDICT,teacher_pdf_gloss,historical_partial_2010_2022,14,2012:（新课标）;2014:（新课标Ⅰ）;2015:（新课标Ⅰ）;2017:（新课标ⅱ）;2018:（新课标Ⅰ）;2018:（新课标ⅱ）;2018:（新课标ⅲ）;2019:（新课标Ⅰ）;2019:（新课标Ⅱ）;2020:（新课标Ⅰ）;2020:（新课标Ⅱ）;2021:（新课标Ⅰ）;2021:（解析版）;2022:（全国乙卷）
kill,kill,junior,1906,ipa-dict(en_US/CMUdict),corroborated,ECDICT,teacher_pdf_gloss,historical_partial_2010_2022,5,2011:（全国卷ii）;2014:（新课标Ⅰ）;2017:（新课标ⅲ）;2018:（新课标ⅲ）;2019:（新课标Ⅱ）
kilometer,kilometre (kilometer),junior,,ipa-dict(en_US/CMUdict),corroborated,ECDICT,ECDICT,historical_partial_2010_2022,7,2014:（新课标Ⅰ）;2014:（新课标ⅱ）;2017:（新课标ⅱ）;2019:（新课标Ⅰ）;2020:（新课标Ⅰ）;2021:（解析版）;2022:（全国甲卷）
kind,kind,junior,1910,ipa-dict(en_US/CMUdict),corroborated,ECDICT,teacher_pdf_gloss,historical_partial_2010_2022,20,2010:（新课标Ⅱ）;2011:（全国卷ii）;2011:（新课标）;2012:（新课标）;2013:（新课标ii）;2013:（新课标Ⅰ）;2014:（新课标ⅱ）;2015:（新课标ⅱ）;2016:（新课标ⅱ）;2016:（新课标ⅲ）;2017:（新课标Ⅰ）;2017:（新课标ⅱ）;2017:（新课标ⅲ）;2018:（新课标Ⅰ）;2018:（新课标ⅲ）;2019:（新课标Ⅰ）;2019:（新课标Ⅱ）;2020:（新课标Ⅲ）;2021:（新课标Ⅰ）;2022:（全国甲卷）
kindergarten,kindergarten**,selective_required,1911,ipa-dict(en_US/CMUdict),corroborated,ECDICT,teacher_pdf_gloss,historical_partial_2010_2022,1,2018:（新课标ⅲ）
king,king,junior,1914,ipa-dict(en_US/CMUdict),corroborated,ECDICT,teacher_pdf_gloss,historical_partial_2010_2022,4,2015:（新课标ⅱ）;2016:（新课标ⅲ）;2018:（新课标ⅲ）;2019:（新课标Ⅱ）
kingdom,kingdom**,selective_required,1915,ipa-dict(en_US/CMUdict),corroborated,ECDICT,teacher_pdf_gloss,historical_partial_2010_2022,1,2016:（新课标Ⅰ）
kiss,kiss,junior,1916,ipa-dict(en_US/CMUdict),corroborated,ECDICT,teacher_pdf_gloss,historical_partial_2010_2022,1,2011:（新课标）
kit,kit**,selective_required,,ipa-dict(en_US/CMUdict),corroborated,ECDICT,ECDICT,historical_partial_2010_2022,0,
kitchen,kitchen,junior,1917,ipa-dict(en_US/CMUdict),corroborated,ECDICT,teacher_pdf_gloss,historical_partial_2010_2022,6,2011:（新课标）;2014:（新课标ⅱ）;2017:（新课标Ⅰ）;2020:（新课标Ⅱ）;2020:（新课标Ⅲ）;2021:（新课标Ⅰ）
kite,kite,junior,1918,ipa-dict(en_US/CMUdict),corroborated,ECDICT,teacher_pdf_gloss,historical_partial_2010_2022,0,
knee,knee,junior,1919,ipa-dict(en_US/CMUdict),corroborated,ECDICT,teacher_pdf_gloss,historical_partial_2010_2022,5,2013:（新课标Ⅰ）;2018:（新课标Ⅰ）;2020:（新课标Ⅰ）;2021:（新课标Ⅰ）;2022:（全国甲卷）
knife,knife,junior,1920,ipa-dict(en_US/CMUdict),corroborated,ECDICT,teacher_pdf_gloss,historical_partial_2010_2022,0,
knock,knock,junior,1921,ipa-dict(en_US/CMUdict),corroborated,ECDICT,teacher_pdf_gloss,historical_partial_2010_2022,3,2017:（新课标ⅱ）;2017:（新课标ⅲ）;2020:（新课标Ⅰ）
know,know,junior,1922,ipa-dict(en_US/CMUdict),corroborated,ECDICT,teacher_pdf_gloss,historical_partial_2010_2022,30,2010:（新课标Ⅰ）;2010:（新课标Ⅱ）;2011:（全国卷ii）;2011:（新课标）;2012:（新课标）;2013:（新课标ii）;2013:（新课标Ⅰ）;2014:（新课标Ⅰ）;2014:（新课标ⅱ）;2015:（新课标Ⅰ）;2015:（新课标ⅱ）;2016:（新课标Ⅰ）;2016:（新课标ⅱ）;2016:（新课标ⅲ）;2017:（新课标Ⅰ）;2017:（新课标ⅱ）;2017:（新课标ⅲ）;2018:（新课标Ⅰ）;2018:（新课标ⅱ）;2018:（新课标ⅲ）;2019:（新课标Ⅰ）;2019:（新课标Ⅱ）;2019:（新课标Ⅲ）;2020:（新课标Ⅰ）;2020:（新课标Ⅱ）;2020:（新课标Ⅲ）;2021:（新课标Ⅰ）;2021:（解析版）;2022:（全国乙卷）;2022:（全国甲卷）
knowledge,knowledge,junior,1923,ipa-dict(en_US/CMUdict),corroborated,ECDICT,teacher_pdf_gloss,historical_partial_2010_2022,9,2011:（新课标）;2013:（新课标ii）;2014:（新课标Ⅰ）;2015:（新课标Ⅰ）;2016:（新课标ⅱ）;2016:（新课标ⅲ）;2018:（新课标ⅲ）;2020:（新课标Ⅱ）;2020:（新课标Ⅲ）
lab,lab (laboratory),junior,1924,ipa-dict(en_US/CMUdict),corroborated,ECDICT,teacher_pdf_gloss,historical_partial_2010_2022,2,2017:（新课标ⅲ）;2022:（全国乙卷）
label,label**,selective_required,,ipa-dict(en_US/CMUdict),corroborated,ECDICT,ECDICT,historical_partial_2010_2022,0,
labor,labour (labor)**,selective_required,,ipa-dict(en_US/CMUdict),corroborated,ECDICT,ECDICT,historical_partial_2010_2022,0,
lack,lack**,selective_required,1927,ipa-dict(en_US/CMUdict),corroborated,ECDICT,teacher_pdf_gloss,historical_partial_2010_2022,7,2010:（新课标Ⅱ）;2015:（新课标Ⅰ）;2016:（新课标Ⅰ）;2019:（新课标Ⅰ）;2019:（新课标Ⅱ）;2020:（新课标Ⅰ）;2022:（全国甲卷）
ladder,,extension,1928,ipa-dict(en_US/CMUdict),corroborated,ECDICT,teacher_pdf_gloss,historical_partial_2010_2022,0,
lady,lady,junior,1929,ipa-dict(en_US/CMUdict),corroborated,ECDICT,teacher_pdf_gloss,historical_partial_2010_2022,2,2016:（新课标Ⅰ）;2016:（新课标ⅱ）
lake,lake,junior,1930,ipa-dict(en_US/CMUdict),corroborated,ECDICT,teacher_pdf_gloss,historical_partial_2010_2022,6,2014:（新课标ⅱ）;2016:（新课标Ⅰ）;2018:（新课标ⅱ）;2019:（新课标Ⅰ）;2020:（新课标Ⅰ）;2020:（新课标Ⅱ）
lamb,lamb**,selective_required,1931,ipa-dict(en_US/CMUdict),corroborated,ECDICT,teacher_pdf_gloss,historical_partial_2010_2022,0,
lamp,lamp**,selective_required,1933,ipa-dict(en_US/CMUdict),corroborated,ECDICT,teacher_pdf_gloss,historical_partial_2010_2022,4,2015:（新课标ⅱ）;2020:（新课标Ⅰ）;2021:（新课标Ⅰ）;2021:（解析版）
land,land,junior,1934,ipa-dict(en_US/CMUdict),corroborated,ECDICT,teacher_pdf_gloss,historical_partial_2010_2022,11,2010:（新课标Ⅱ）;2013:（新课标ii）;2015:（新课标Ⅰ）;2016:（新课标Ⅰ）;2017:（新课标ⅲ）;2019:（新课标Ⅰ）;2020:（新课标Ⅰ）;2020:（新课标Ⅲ）;2021:（解析版）;2022:（全国乙卷）;2022:（全国甲卷）
landscape,landscape**,selective_required,,ipa-dict(en_US/CMUdict),corroborated,ECDICT,ECDICT,historical_partial_2010_2022,3,2020:（新课标Ⅱ）;2020:（新课标Ⅲ）;2021:（解析版）
language,language,junior,1935,ipa-dict(en_US/CMUdict),corroborated,ECDICT,teacher_pdf_gloss,historical_partial_2010_2022,15,2010:（新课标Ⅱ）;2011:（全国卷ii）;2012:（新课标）;2014:（新课标Ⅰ）;2014:（新课标ⅱ）;2016:（新课标Ⅰ）;2017:（新课标Ⅰ）;2017:（新课标ⅱ）;2018:（新课标Ⅰ）;2018:（新课标ⅲ）;2019:（新课标Ⅰ）;2019:（新课标Ⅲ）;2020:（新课标Ⅰ）;2020:（新课标Ⅱ）;2021:（解析版）
lantern,lantern*,required,1936,ipa-dict(en_US/CMUdict),corroborated,ECDICT,teacher_pdf_gloss,historical_partial_2010_2022,0,
lap,lap*,required,1937,ipa-dict(en_US/CMUdict),corroborated,ECDICT,teacher_pdf_gloss,historical_partial_2010_2022,0,
laptop,laptop**,selective_required,,ipa-dict(en_US/CMUdict),corroborated,WordNet,ECDICT,historical_partial_2010_2022,0,
large,large,junior,1938,ipa-dict(en_US/CMUdict),corroborated,ECDICT,teacher_pdf_gloss,historical_partial_2010_2022,15,2010:（新课标Ⅰ）;2010:（新课标Ⅱ）;2011:（全国卷ii）;2011:（新课标）;2014:（新课标Ⅰ）;2014:（新课标ⅱ）;2015:（新课标Ⅰ）;2015:（新课标ⅱ）;2016:（新课标ⅲ）;2017:（新课标ⅲ）;2018:（新课标Ⅰ）;2018:（新课标ⅲ）;2019:（新课标Ⅰ）;2019:（新课标Ⅲ）;2022:（全国乙卷）
laser,,extension,1939,ipa-dict(en_US/CMUdict),corroborated,ECDICT,teacher_pdf_gloss,historical_partial_2010_2022,0,
last,last,junior,,ipa-dict(en_US/CMUdict),corroborated,ECDICT,ECDICT,historical_partial_2010_2022,29,2010:（新课标Ⅰ）;2010:（新课标Ⅱ）;2011:（全国卷ii）;2011:（新课标）;2012:（新课标）;2013:（新课标ii）;2013:（新课标Ⅰ）;2014:（新课标Ⅰ）;2014:（新课标ⅱ）;2015:（新课标Ⅰ）;2015:（新课标ⅱ）;2016:（新课标Ⅰ）;2016:（新课标ⅱ）;2016:（新课标ⅲ）;2017:（新课标Ⅰ）;2017:（新课标ⅱ）;2017:（新课标ⅲ）;2018:（新课标Ⅰ）;2018:（新课标ⅱ）;2019:（新课标Ⅰ）;2019:（新课标Ⅱ）;2019:（新课标Ⅲ）;2020:（新课标Ⅰ）;2020:（新课标Ⅱ）;2020:（新课标Ⅲ）;2021:（新课标Ⅰ）;2021:（解析版）;2022:（全国乙卷）;2022:（全国甲卷）
late,late,junior,1941,ipa-dict(en_US/CMUdict),corroborated,ECDICT,teacher_pdf_gloss,historical_partial_2010_2022,16,2010:（新课标Ⅰ）;2010:（新课标Ⅱ）;2011:（全国卷ii）;2013:（新课标ii）;2014:（新课标Ⅰ）;2014:（新课标ⅱ）;2015:（新课标ⅱ）;2017:（新课标Ⅰ）;2017:（新课标ⅱ）;2017:（新课标ⅲ）;2018:（新课标ⅱ）;2019:（新课标Ⅱ）;2019:（新课标Ⅲ）;2020:（新课标Ⅱ）;2021:（新课标Ⅰ）;2022:（全国甲卷）
lately,,extension,1942,ipa-dict(en_US/CMUdict),corroborated,ECDICT,teacher_pdf_gloss,historical_partial_2010_2022,1,2020:（新课标Ⅲ）
later,later,junior,1943,ipa-dict(en_US/CMUdict),corroborated,ECDICT,teacher_pdf_gloss,historical_partial_2010_2022,21,2010:（新课标Ⅱ）;2011:（全国卷ii）;2011:（新课标）;2013:（新课标ii）;2013:（新课标Ⅰ）;2014:（新课标Ⅰ）;2014:（新课标ⅱ）;2015:（新课标ⅱ）;2016:（新课标ⅱ）;2017:（新课标Ⅰ）;2017:（新课标ⅱ）;2017:（新课标ⅲ）;2018:（新课标ⅱ）;2018:（新课标ⅲ）;2019:（新课标Ⅰ）;2019:（新课标Ⅱ）;2020:（新课标Ⅰ）;2020:（新课标Ⅱ）;2020:（新课标Ⅲ）;2021:（解析版）;2022:（全国甲卷）
latter,,extension,1945,ipa-dict(en_US/CMUdict),corroborated,ECDICT,teacher_pdf_gloss,historical_partial_2010_2022,0,
laugh,laugh,junior,1946,ipa-dict(en_US/CMUdict),corroborated,ECDICT,teacher_pdf_gloss,historical_partial_2010_2022,6,2012:（新课标）;2016:（新课标ⅱ）;2017:（新课标Ⅰ）;2017:（新课标ⅱ）;2020:（新课标Ⅲ）;2021:（新课标Ⅰ）
laughter,,extension,1947,ipa-dict(en_US/CMUdict),corroborated,ECDICT,teacher_pdf_gloss,historical_partial_2010_2022,0,
launch,launch**,selective_required,,ipa-dict(en_US/CMUdict),corroborated,ECDICT,ECDICT,historical_partial_2010_2022,0,
law,law,junior,1950,ipa-dict(en_US/CMUdict),corroborated,ECDICT,teacher_pdf_gloss,historical_partial_2010_2022,7,2011:（新课标）;2012:（新课标）;2014:（新课标Ⅰ）;2014:（新课标ⅱ）;2016:（新课标Ⅰ）;2020:（新课标Ⅱ）;2020:（新课标Ⅲ）
lawyer,lawyer**,selective_required,1951,ipa-dict(en_US/CMUdict),corroborated,ECDICT,teacher_pdf_gloss,historical_partial_2010_2022,0,
lay,lay,junior,1952,ipa-dict(en_US/CMUdict),corroborated,ECDICT,teacher_pdf_gloss,historical_partial_2010_2022,4,2014:（新课标ⅱ）;2016:（新课标ⅱ）;2017:（新课标Ⅰ）;2017:（新课标ⅱ）
lazy,lazy,junior,1953,ipa-dict(en_US/CMUdict),corroborated,ECDICT,teacher_pdf_gloss,historical_partial_2010_2022,1,2011:（全国卷ii）
lead,lead,junior,,curated_homograph_override,curated,ECDICT,curated_override,historical_partial_2010_2022,10,2010:（新课标Ⅱ）;2012:（新课标）;2014:（新课标Ⅰ）;2016:（新课标ⅲ）;2018:（新课标ⅱ）;2018:（新课标ⅲ）;2019:（新课标Ⅰ）;2019:（新课标Ⅱ）;2020:（新课标Ⅱ）;2020:（新课标Ⅲ）
leader,leader,junior,1955,ipa-dict(en_US/CMUdict),corroborated,ECDICT,teacher_pdf_gloss,historical_partial_2010_2022,2,2014:（新课标ⅱ）;2016:（新课标ⅲ）
leadership,leadership**,selective_required,,ipa-dict(en_US/CMUdict),corroborated,ECDICT,ECDICT,historical_partial_2010_2022,1,2022:（全国甲卷）
leading,,extension,1956,ipa-dict(en_US/CMUdict),corroborated,ECDICT,teacher_pdf_gloss,historical_partial_2010_2022,6,2010:（新课标Ⅰ）;2015:（新课标Ⅰ）;2017:（新课标ⅱ）;2017:（新课标ⅲ）;2019:（新课标Ⅰ）;2019:（新课标Ⅲ）
leaf,leaf,junior,1957,ipa-dict(en_US/CMUdict),corroborated,ECDICT,teacher_pdf_gloss,historical_partial_2010_2022,0,
league,league**,selective_required,1958,ipa-dict(en_US/CMUdict),corroborated,ECDICT,teacher_pdf_gloss,historical_partial_2010_2022,0,
leak,leak**,selective_required,1959,ipa-dict(en_US/CMUdict),corroborated,ECDICT,teacher_pdf_gloss,historical_partial_2010_2022,0,
learn,learn,junior,1960,ipa-dict(en_US/CMUdict),corroborated,ECDICT,teacher_pdf_gloss,historical_partial_2010_2022,27,2010:（新课标Ⅰ）;2010:（新课标Ⅱ）;2011:（全国卷ii）;2011:（新课标）;2012:（新课标）;2013:（新课标ii）;2013:（新课标Ⅰ）;2014:（新课标Ⅰ）;2014:（新课标ⅱ）;2015:（新课标Ⅰ）;2015:（新课标ⅱ）;2016:（新课标ⅱ）;2016:（新课标ⅲ）;2017:（新课标Ⅰ）;2017:（新课标ⅱ）;2018:（新课标Ⅰ）;2018:（新课标ⅱ）;2018:（新课标ⅲ）;2019:（新课标Ⅰ）;2019:（新课标Ⅱ）;2019:（新课标Ⅲ）;2020:（新课标Ⅰ）;2020:（新课标Ⅱ）;2020:（新课标Ⅲ）;2021:（解析版）;2022:（全国乙卷）;2022:（全国甲卷）
least,least,junior,1962,ipa-dict(en_US/CMUdict),corroborated,ECDICT,teacher_pdf_gloss,historical_partial_2010_2022,10,2010:（新课标Ⅰ）;2010:（新课标Ⅱ）;2012:（新课标）;2014:（新课标ⅱ）;2015:（新课标ⅱ）;2018:（新课标Ⅰ）;2019:（新课标Ⅰ）;2020:（新课标Ⅱ）;2020:（新课标Ⅲ）;2021:（解析版）
leather,leather**,selective_required,1963,ipa-dict(en_US/CMUdict),corroborated,ECDICT,teacher_pdf_gloss,historical_partial_2010_2022,0,
leave,leave,junior,,ipa-dict(en_US/CMUdict),corroborated,ECDICT,curated_override,historical_partial_2010_2022,18,2010:（新课标Ⅰ）;2011:（全国卷ii）;2012:（新课标）;2013:（新课标ii）;2013:（新课标Ⅰ）;2014:（新课标ⅱ）;2015:（新课标ⅱ）;2016:（新课标Ⅰ）;2016:（新课标ⅱ）;2016:（新课标ⅲ）;2017:（新课标ⅱ）;2017:（新课标ⅲ）;2018:（新课标ⅱ）;2018:（新课标ⅲ）;2020:（新课标Ⅰ）;2020:（新课标Ⅲ）;2021:（新课标Ⅰ）;2022:（全国乙卷）
lecture,lecture*,required,1965,ipa-dict(en_US/CMUdict),corroborated,ECDICT,teacher_pdf_gloss,historical_partial_2010_2022,4,2011:（全国卷ii）;2011:（新课标）;2016:（新课标ⅲ）;2022:（全国乙卷）
left,left,junior,1966,ipa-dict(en_US/CMUdict),corroborated,ECDICT,teacher_pdf_gloss,historical_partial_2010_2022,18,2010:（新课标Ⅰ）;2012:（新课标）;2013:（新课标ii）;2013:（新课标Ⅰ）;2014:（新课标Ⅰ）;2014:（新课标ⅱ）;2015:（新课标Ⅰ）;2015:（新课标ⅱ）;2016:（新课标ⅲ）;2017:（新课标Ⅰ）;2018:（新课标Ⅰ）;2018:（新课标ⅲ）;2019:（新课标Ⅲ）;2020:（新课标Ⅱ）;2020:（新课标Ⅲ）;2021:（解析版）;2022:（全国乙卷）;2022:（全国甲卷）
leg,leg,junior,1970,ipa-dict(en_US/CMUdict),corroborated,ECDICT,teacher_pdf_gloss,historical_partial_2010_2022,5,2014:（新课标Ⅰ）;2014:（新课标ⅱ）;2018:（新课标Ⅰ）;2020:（新课标Ⅰ）;2022:（全国甲卷）
legal,legal**,selective_required,1971,ipa-dict(en_US/CMUdict),corroborated,ECDICT,teacher_pdf_gloss,historical_partial_2010_2022,0,
leisure,leisure**,selective_required,,ipa-dict(en_US/CMUdict),corroborated,ECDICT,ECDICT,historical_partial_2010_2022,1,2010:（新课标Ⅱ）
lemon,lemon,junior,1972,ipa-dict(en_US/CMUdict),corroborated,ECDICT,teacher_pdf_gloss,historical_partial_2010_2022,2,2015:（新课标Ⅰ）;2018:（新课标ⅱ）
lend,lend,junior,1974,ipa-dict(en_US/CMUdict),corroborated,ECDICT,teacher_pdf_gloss,historical_partial_2010_2022,2,2013:（新课标ii）;2017:（新课标ⅲ）
length,length*,required,1975,ipa-dict(en_US/CMUdict),corroborated,ECDICT,teacher_pdf_gloss,historical_partial_2010_2022,3,2011:（新课标）;2012:（新课标）;2015:（新课标ⅱ）
less,less,junior,1976,ipa-dict(en_US/CMUdict),corroborated,ECDICT,teacher_pdf_gloss,historical_partial_2010_2022,18,2010:（新课标Ⅰ）;2011:（新课标）;2013:（新课标ii）;2013:（新课标Ⅰ）;2014:（新课标Ⅰ）;2015:（新课标Ⅰ）;2015:（新课标ⅱ）;2016:（新课标ⅱ）;2017:（新课标Ⅰ）;2018:（新课标Ⅰ）;2018:（新课标ⅱ）;2018:（新课标ⅲ）;2019:（新课标Ⅰ）;2020:（新课标Ⅰ）;2020:（新课标Ⅱ）;2021:（解析版）;2022:（全国乙卷）;2022:（全国甲卷）
lesson,lesson,junior,1977,ipa-dict(en_US/CMUdict),corroborated,ECDICT,teacher_pdf_gloss,historical_partial_2010_2022,13,2010:（新课标Ⅱ）;2011:（全国卷ii）;2011:（新课标）;2013:（新课标ii）;2014:（新课标ⅱ）;2015:（新课标ⅱ）;2016:（新课标ⅱ）;2017:（新课标Ⅰ）;2017:（新课标ⅱ）;2018:（新课标Ⅰ）;2018:（新课标ⅱ）;2018:（新课标ⅲ）;2020:（新课标Ⅲ）
let,let,junior,,ipa-dict(en_US/CMUdict),corroborated,ECDICT,ECDICT,historical_partial_2010_2022,17,2010:（新课标Ⅰ）;2010:（新课标Ⅱ）;2011:（全国卷ii）;2013:（新课标Ⅰ）;2014:（新课标ⅱ）;2015:（新课标Ⅰ）;2015:（新课标ⅱ）;2016:（新课标Ⅰ）;2016:（新课标ⅲ）;2017:（新课标ⅱ）;2018:（新课标ⅱ）;2019:（新课标Ⅰ）;2019:（新课标Ⅱ）;2019:（新课标Ⅲ）;2020:（新课标Ⅱ）;2020:（新课标Ⅲ）;2022:（全国甲卷）
letter,letter,junior,1979,ipa-dict(en_US/CMUdict),corroborated,ECDICT,teacher_pdf_gloss,historical_partial_2010_2022,9,2010:（新课标Ⅱ）;2011:（全国卷ii）;2014:（新课标ⅱ）;2016:（新课标Ⅰ）;2019:（新课标Ⅱ）;2019:（新课标Ⅲ）;2020:（新课标Ⅱ）;2021:（解析版）;2022:（全国乙卷）
level,level,junior,1981,ipa-dict(en_US/CMUdict),corroborated,ECDICT,teacher_pdf_gloss,historical_partial_2010_2022,8,2010:（新课标Ⅰ）;2011:（全国卷ii）;2011:（新课标）;2014:（新课标ⅱ）;2015:（新课标Ⅰ）;2018:（新课标ⅱ）;2021:（新课标Ⅰ）;2022:（全国乙卷）
liberation,liberation**,selective_required,1984,ipa-dict(en_US/CMUdict),corroborated,ECDICT,teacher_pdf_gloss,historical_partial_2010_2022,1,2014:（新课标Ⅰ）
liberty,liberty**,selective_required,1982,ipa-dict(en_US/CMUdict),corroborated,ECDICT,teacher_pdf_gloss,historical_partial_2010_2022,0,
librarian,librarian**,selective_required,1985,ipa-dict(en_US/CMUdict),corroborated,ECDICT,teacher_pdf_gloss,historical_partial_2010_2022,0,
library,library,junior,1986,ipa-dict(en_US/CMUdict),corroborated,ECDICT,teacher_pdf_gloss,historical_partial_2010_2022,5,2010:（新课标Ⅰ）;2014:（新课标Ⅰ）;2018:（新课标ⅱ）;2019:（新课标Ⅲ）;2020:（新课标Ⅱ）
license,license**,selective_required,1987,ipa-dict(en_US/CMUdict),corroborated,ECDICT,teacher_pdf_gloss,historical_partial_2010_2022,1,2014:（新课标Ⅰ）
lid,,extension,1988,ipa-dict(en_US/CMUdict),corroborated,ECDICT,teacher_pdf_gloss,historical_partial_2010_2022,1,2022:（全国甲卷）
lie,lie,junior,1989,ipa-dict(en_US/CMUdict),corroborated,ECDICT,teacher_pdf_gloss,historical_partial_2010_2022,8,2010:（新课标Ⅱ）;2013:（新课标Ⅰ）;2014:（新课标ⅱ）;2015:（新课标ⅱ）;2017:（新课标Ⅰ）;2017:（新课标ⅲ）;2019:（新课标Ⅱ）;2020:（新课标Ⅰ）
life,life,junior,1990,ipa-dict(en_US/CMUdict),corroborated,ECDICT,teacher_pdf_gloss,historical_partial_2010_2022,24,2010:（新课标Ⅰ）;2010:（新课标Ⅱ）;2011:（全国卷ii）;2011:（新课标）;2012:（新课标）;2013:（新课标ii）;2014:（新课标Ⅰ）;2014:（新课标ⅱ）;2015:（新课标Ⅰ）;2016:（新课标Ⅰ）;2016:（新课标ⅱ）;2016:（新课标ⅲ）;2017:（新课标Ⅰ）;2017:（新课标ⅲ）;2018:（新课标Ⅰ）;2018:（新课标ⅱ）;2018:（新课标ⅲ）;2019:（新课标Ⅰ）;2019:（新课标Ⅱ）;2020:（新课标Ⅰ）;2020:（新课标Ⅱ）;2020:（新课标Ⅲ）;2022:（全国乙卷）;2022:（全国甲卷）
lifetime,,extension,1991,ipa-dict(en_US/CMUdict),corroborated,ECDICT,teacher_pdf_gloss,historical_partial_2010_2022,4,2019:（新课标Ⅱ）;2020:（新课标Ⅰ）;2021:（解析版）;2022:（全国甲卷）
lift,lift,junior,1992,ipa-dict(en_US/CMUdict),corroborated,ECDICT,teacher_pdf_gloss,historical_partial_2010_2022,3,2013:（新课标Ⅰ）;2017:（新课标ⅱ）;2018:（新课标ⅱ）
light,light,junior,,ipa-dict(en_US/CMUdict),corroborated,ECDICT,ECDICT,historical_partial_2010_2022,12,2011:（新课标）;2012:（新课标）;2013:（新课标ii）;2014:（新课标ⅱ）;2015:（新课标ⅱ）;2016:（新课标Ⅰ）;2017:（新课标ⅱ）;2017:（新课标ⅲ）;2018:（新课标Ⅰ）;2019:（新课标Ⅲ）;2020:（新课标Ⅰ）;2021:（新课标Ⅰ）
lightning,,extension,1994,ipa-dict(en_US/CMUdict),corroborated,ECDICT,teacher_pdf_gloss,historical_partial_2010_2022,0,
like,like,junior,1995,ipa-dict(en_US/CMUdict),corroborated,curated_function_words,teacher_pdf_gloss,historical_partial_2010_2022,30,2010:（新课标Ⅰ）;2010:（新课标Ⅱ）;2011:（全国卷ii）;2011:（新课标）;2012:（新课标）;2013:（新课标ii）;2013:（新课标Ⅰ）;2014:（新课标Ⅰ）;2014:（新课标ⅱ）;2015:（新课标Ⅰ）;2015:（新课标ⅱ）;2016:（新课标Ⅰ）;2016:（新课标ⅱ）;2016:（新课标ⅲ）;2017:（新课标Ⅰ）;2017:（新课标ⅱ）;2017:（新课标ⅲ）;2018:（新课标Ⅰ）;2018:（新课标ⅱ）;2018:（新课标ⅲ）;2019:（新课标Ⅰ）;2019:（新课标Ⅱ）;2019:（新课标Ⅲ）;2020:（新课标Ⅰ）;2020:（新课标Ⅱ）;2020:（新课标Ⅲ）;2021:（新课标Ⅰ）;2021:（解析版）;2022:（全国乙卷）;2022:（全国甲卷）
likely,likely*,required,1996,ipa-dict(en_US/CMUdict),corroborated,ECDICT,teacher_pdf_gloss,historical_partial_2010_2022,19,2010:（新课标Ⅱ）;2012:（新课标）;2013:（新课标Ⅰ）;2014:（新课标Ⅰ）;2015:（新课标ⅱ）;2016:（新课标Ⅰ）;2016:（新课标ⅱ）;2016:（新课标ⅲ）;2017:（新课标ⅱ）;2017:（新课标ⅲ）;2018:（新课标ⅱ）;2019:（新课标Ⅰ）;2020:（新课标Ⅰ）;2020:（新课标Ⅱ）;2020:（新课标Ⅲ）;2021:（新课标Ⅰ）;2021:（解析版）;2022:（全国乙卷）;2022:（全国甲卷）
limit,limit**,selective_required,1997,ipa-dict(en_US/CMUdict),corroborated,ECDICT,teacher_pdf_gloss,historical_partial_2010_2022,2,2017:（新课标ⅲ）;2018:（新课标ⅱ）
limited,limited*,required,,ipa-dict(en_US/CMUdict),corroborated,ECDICT,ECDICT,historical_partial_2010_2022,5,2011:（新课标）;2012:（新课标）;2016:（新课标ⅲ）;2020:（新课标Ⅰ）;2021:（新课标Ⅰ）
line,line,junior,,ipa-dict(en_US/CMUdict),corroborated,ECDICT,ECDICT,historical_partial_2010_2022,8,2013:（新课标ii）;2017:（新课标Ⅰ）;2017:（新课标ⅱ）;2017:（新课标ⅲ）;2018:（新课标ⅱ）;2019:（新课标Ⅰ）;2020:（新课标Ⅰ）;2022:（全国乙卷）
link,link**,selective_required,1999,ipa-dict(en_US/CMUdict),corroborated,ECDICT,teacher_pdf_gloss,historical_partial_2010_2022,4,2015:（新课标Ⅰ）;2016:（新课标ⅱ）;2018:（新课标ⅱ）;2019:（新课标Ⅱ）
lion,lion,junior,2000,ipa-dict(en_US/CMUdict),corroborated,ECDICT,teacher_pdf_gloss,historical_partial_2010_2022,1,2014:（新课标Ⅰ）
lip,,extension,2001,ipa-dict(en_US/CMUdict),corroborated,ECDICT,teacher_pdf_gloss,historical_partial_2010_2022,0,
liquid,liquid**,selective_required,2002,ipa-dict(en_US/CMUdict),corroborated,ECDICT,teacher_pdf_gloss,historical_partial_2010_2022,2,2015:（新课标ⅱ）;2017:（新课标Ⅰ）
list,list,junior,2003,ipa-dict(en_US/CMUdict),corroborated,ECDICT,teacher_pdf_gloss,historical_partial_2010_2022,12,2011:（新课标）;2013:（新课标ii）;2013:（新课标Ⅰ）;2016:（新课标Ⅰ）;2016:（新课标ⅱ）;2016:（新课标ⅲ）;2018:（新课标ⅱ）;2019:（新课标Ⅲ）;2020:（新课标Ⅰ）;2020:（新课标Ⅱ）;2020:（新课标Ⅲ）;2021:（新课标Ⅰ）
listen,listen,junior,2004,ipa-dict(en_US/CMUdict),corroborated,ECDICT,teacher_pdf_gloss,historical_partial_2010_2022,10,2011:（全国卷ii）;2011:（新课标）;2012:（新课标）;2013:（新课标ii）;2014:（新课标ⅱ）;2016:（新课标ⅱ）;2017:（新课标ⅱ）;2018:（新课标ⅱ）;2019:（新课标Ⅲ）;2022:（全国乙卷）
literally,literally**,selective_required,,ipa-dict(en_US/CMUdict),corroborated,ECDICT,ECDICT,historical_partial_2010_2022,0,
literary,literary**,selective_required,2006,ipa-dict(en_US/CMUdict),corroborated,ECDICT,teacher_pdf_gloss,historical_partial_2010_2022,1,2010:（新课标Ⅱ）
literature,literature*,required,2005,ipa-dict(en_US/CMUdict),corroborated,ECDICT,teacher_pdf_gloss,historical_partial_2010_2022,2,2013:（新课标Ⅰ）;2014:（新课标Ⅰ）
litter,litter,junior,2008,ipa-dict(en_US/CMUdict),corroborated,ECDICT,teacher_pdf_gloss,historical_partial_2010_2022,0,
little,little,junior,,ipa-dict(en_US/CMUdict),corroborated,ECDICT,ECDICT,historical_partial_2010_2022,25,2010:（新课标Ⅰ）;2010:（新课标Ⅱ）;2011:（全国卷ii）;2012:（新课标）;2013:（新课标ii）;2013:（新课标Ⅰ）;2014:（新课标ⅱ）;2015:（新课标Ⅰ）;2015:（新课标ⅱ）;2016:（新课标Ⅰ）;2016:（新课标ⅱ）;2016:（新课标ⅲ）;2017:（新课标Ⅰ）;2017:（新课标ⅲ）;2018:（新课标Ⅰ）;2018:（新课标ⅱ）;2018:（新课标ⅲ）;2019:（新课标Ⅰ）;2019:（新课标Ⅱ）;2019:（新课标Ⅲ）;2020:（新课标Ⅲ）;2021:（新课标Ⅰ）;2021:（解析版）;2022:（全国乙卷）;2022:（全国甲卷）
live,live,junior,,curated_homograph_override,curated,ECDICT,curated_override,historical_partial_2010_2022,23,2010:（新课标Ⅰ）;2010:（新课标Ⅱ）;2012:（新课标）;2013:（新课标ii）;2013:（新课标Ⅰ）;2014:（新课标Ⅰ）;2014:（新课标ⅱ）;2015:（新课标Ⅰ）;2016:（新课标Ⅰ）;2016:（新课标ⅱ）;2016:（新课标ⅲ）;2017:（新课标ⅱ）;2018:（新课标Ⅰ）;2018:（新课标ⅱ）;2018:（新课标ⅲ）;2019:（新课标Ⅱ）;2020:（新课标Ⅰ）;2020:（新课标Ⅱ）;2020:（新课标Ⅲ）;2021:（新课标Ⅰ）;2021:（解析版）;2022:（全国乙卷）;2022:（全国甲卷）
lively,lively,junior,2011,ipa-dict(en_US/CMUdict),corroborated,ECDICT,teacher_pdf_gloss,historical_partial_2010_2022,2,2010:（新课标Ⅰ）;2016:（新课标Ⅰ）
living,living*,required,2012,ipa-dict(en_US/CMUdict),corroborated,ECDICT,teacher_pdf_gloss,historical_partial_2010_2022,15,2010:（新课标Ⅰ）;2010:（新课标Ⅱ）;2011:（新课标）;2013:（新课标Ⅰ）;2014:（新课标Ⅰ）;2014:（新课标ⅱ）;2015:（新课标Ⅰ）;2016:（新课标Ⅰ）;2017:（新课标ⅲ）;2018:（新课标Ⅰ）;2019:（新课标Ⅰ）;2020:（新课标Ⅲ）;2021:（新课标Ⅰ）;2022:（全国乙卷）;2022:（全国甲卷）
load,load**,selective_required,2013,ipa-dict(en_US/CMUdict),corroborated,ECDICT,teacher_pdf_gloss,historical_partial_2010_2022,2,2020:（新课标Ⅱ）;2021:（解析版）
loan,loan**,selective_required,,ipa-dict(en_US/CMUdict),corroborated,ECDICT,ECDICT,historical_partial_2010_2022,0,
local,local,junior,2015,ipa-dict(en_US/CMUdict),corroborated,ECDICT,teacher_pdf_gloss,historical_partial_2010_2022,18,2010:（新课标Ⅱ）;2014:（新课标Ⅰ）;2015:（新课标Ⅰ）;2016:（新课标ⅱ）;2016:（新课标ⅲ）;2017:（新课标ⅲ）;2018:（新课标Ⅰ）;2018:（新课标ⅲ）;2019:（新课标Ⅰ）;2019:（新课标Ⅱ）;2019:（新课标Ⅲ）;2020:（新课标Ⅰ）;2020:（新课标Ⅱ）;2020:（新课标Ⅲ）;2021:（新课标Ⅰ）;2021:（解析版）;2022:（全国乙卷）;2022:（全国甲卷）
location,location*,required,,ipa-dict(en_US/CMUdict),corroborated,ECDICT,ECDICT,historical_partial_2010_2022,2,2017:（新课标ⅲ）;2018:（新课标ⅱ）
lock,lock,junior,2016,ipa-dict(en_US/CMUdict),corroborated,ECDICT,teacher_pdf_gloss,historical_partial_2010_2022,3,2013:（新课标Ⅰ）;2017:（新课标ⅲ）;2021:（解析版）
log,log**,selective_required,,ipa-dict(en_US/CMUdict),corroborated,ECDICT,ECDICT,historical_partial_2010_2022,0,
logical,logical**,selective_required,,ipa-dict(en_US/CMUdict),corroborated,ECDICT,ECDICT,historical_partial_2010_2022,0,
london,London,junior,2018,ipa-dict(en_US/CMUdict),corroborated,ECDICT,teacher_pdf_gloss,historical_partial_2010_2022,9,2010:（新课标Ⅱ）;2011:（新课标）;2015:（新课标Ⅰ）;2016:（新课标Ⅰ）;2017:（新课标ⅱ）;2018:（新课标ⅱ）;2018:（新课标ⅲ）;2021:（解析版）;2022:（全国乙卷）
lonely,lonely,junior,2019,ipa-dict(en_US/CMUdict),corroborated,ECDICT,teacher_pdf_gloss,historical_partial_2010_2022,5,2010:（新课标Ⅰ）;2011:（全国卷ii）;2014:（新课标ⅱ）;2019:（新课标Ⅰ）;2020:（新课标Ⅲ）
long,long,junior,2020,ipa-dict(en_US/CMUdict),corroborated,ECDICT,teacher_pdf_gloss,historical_partial_2010_2022,23,2010:（新课标Ⅰ）;2011:（全国卷ii）;2011:（新课标）;2012:（新课标）;2013:（新课标ii）;2013:（新课标Ⅰ）;2014:（新课标Ⅰ）;2015:（新课标Ⅰ）;2016:（新课标Ⅰ）;2016:（新课标ⅲ）;2017:（新课标Ⅰ）;2018:（新课标Ⅰ）;2018:（新课标ⅱ）;2018:（新课标ⅲ）;2019:（新课标Ⅱ）;2019:（新课标Ⅲ）;2020:（新课标Ⅰ）;2020:（新课标Ⅱ）;2020:（新课标Ⅲ）;2021:（新课标Ⅰ）;2021:（解析版）;2022:（全国乙卷）;2022:（全国甲卷）
look,look,junior,2021,ipa-dict(en_US/CMUdict),corroborated,ECDICT,teacher_pdf_gloss,historical_partial_2010_2022,30,2010:（新课标Ⅰ）;2010:（新课标Ⅱ）;2011:（全国卷ii）;2011:（新课标）;2012:（新课标）;2013:（新课标ii）;2013:（新课标Ⅰ）;2014:（新课标Ⅰ）;2014:（新课标ⅱ）;2015:（新课标Ⅰ）;2015:（新课标ⅱ）;2016:（新课标Ⅰ）;2016:（新课标ⅱ）;2016:（新课标ⅲ）;2017:（新课标Ⅰ）;2017:（新课标ⅱ）;2017:（新课标ⅲ）;2018:（新课标Ⅰ）;2018:（新课标ⅱ）;2018:（新课标ⅲ）;2019:（新课标Ⅰ）;2019:（新课标Ⅱ）;2019:（新课标Ⅲ）;2020:（新课标Ⅰ）;2020:（新课标Ⅱ）;2020:（新课标Ⅲ）;2021:（新课标Ⅰ）;2021:（解析版）;2022:（全国乙卷）;2022:（全国甲卷）
loose,loose**,selective_required,2022,ipa-dict(en_US/CMUdict),corroborated,ECDICT,teacher_pdf_gloss,historical_partial_2010_2022,1,2015:（新课标Ⅰ）
lorry,,extension,2023,ipa-dict(en_US/CMUdict),corroborated,ECDICT,teacher_pdf_gloss,historical_partial_2010_2022,0,
lose,lose,junior,2025,ipa-dict(en_US/CMUdict),corroborated,ECDICT,teacher_pdf_gloss,historical_partial_2010_2022,11,2010:（新课标Ⅰ）;2011:（新课标）;2013:（新课标Ⅰ）;2014:（新课标Ⅰ）;2014:（新课标ⅱ）;2015:（新课标Ⅰ）;2016:（新课标ⅱ）;2017:（新课标Ⅰ）;2017:（新课标ⅲ）;2020:（新课标Ⅲ）;2022:（全国甲卷）
loss,loss*,required,2024,ipa-dict(en_US/CMUdict),corroborated,ECDICT,teacher_pdf_gloss,historical_partial_2010_2022,2,2014:（新课标Ⅰ）;2021:（解析版）
lot,lot,junior,2027,ipa-dict(en_US/CMUdict),corroborated,ECDICT,teacher_pdf_gloss,historical_partial_2010_2022,23,2010:（新课标Ⅰ）;2010:（新课标Ⅱ）;2011:（全国卷ii）;2012:（新课标）;2013:（新课标ii）;2014:（新课标Ⅰ）;2014:（新课标ⅱ）;2015:（新课标Ⅰ）;2015:（新课标ⅱ）;2016:（新课标ⅱ）;2016:（新课标ⅲ）;2017:（新课标Ⅰ）;2017:（新课标ⅱ）;2017:（新课标ⅲ）;2018:（新课标Ⅰ）;2018:（新课标ⅱ）;2018:（新课标ⅲ）;2019:（新课标Ⅰ）;2019:（新课标Ⅲ）;2020:（新课标Ⅰ）;2020:（新课标Ⅲ）;2021:（新课标Ⅰ）;2022:（全国甲卷）
loud,loud,junior,2028,ipa-dict(en_US/CMUdict),corroborated,ECDICT,teacher_pdf_gloss,historical_partial_2010_2022,5,2012:（新课标）;2015:（新课标ⅱ）;2018:（新课标ⅲ）;2021:（新课标Ⅰ）;2021:（解析版）
lounge,,extension,2031,ipa-dict(en_US/CMUdict),corroborated,ECDICT,teacher_pdf_gloss,historical_partial_2010_2022,1,2010:（新课标Ⅰ）
love,love,junior,2032,ipa-dict(en_US/CMUdict),corroborated,ECDICT,teacher_pdf_gloss,historical_partial_2010_2022,21,2010:（新课标Ⅰ）;2010:（新课标Ⅱ）;2011:（全国卷ii）;2013:（新课标ii）;2015:（新课标Ⅰ）;2016:（新课标ⅱ）;2017:（新课标Ⅰ）;2017:（新课标ⅱ）;2018:（新课标Ⅰ）;2018:（新课标ⅱ）;2018:（新课标ⅲ）;2019:（新课标Ⅰ）;2019:（新课标Ⅱ）;2019:（新课标Ⅲ）;2020:（新课标Ⅰ）;2020:（新课标Ⅱ）;2020:（新课标Ⅲ）;2021:（新课标Ⅰ）;2021:（解析版）;2022:（全国乙卷）;2022:（全国甲卷）
lovely,lovely,junior,2033,ipa-dict(en_US/CMUdict),corroborated,ECDICT,teacher_pdf_gloss,historical_partial_2010_2022,4,2017:（新课标ⅲ）;2018:（新课标ⅱ）;2020:（新课标Ⅲ）;2022:（全国甲卷）
low,low,junior,2034,ipa-dict(en_US/CMUdict),corroborated,ECDICT,teacher_pdf_gloss,historical_partial_2010_2022,12,2011:（新课标）;2012:（新课标）;2013:（新课标Ⅰ）;2015:（新课标Ⅰ）;2017:（新课标Ⅰ）;2018:（新课标ⅱ）;2018:（新课标ⅲ）;2019:（新课标Ⅰ）;2020:（新课标Ⅱ）;2021:（新课标Ⅰ）;2021:（解析版）;2022:（全国乙卷）
lower,lower**,selective_required,,ipa-dict(en_US/CMUdict),corroborated,ECDICT,ECDICT,historical_partial_2010_2022,9,2010:（新课标Ⅰ）;2011:（新课标）;2014:（新课标ⅱ）;2015:（新课标ⅱ）;2017:（新课标Ⅰ）;2017:（新课标ⅱ）;2018:（新课标ⅲ）;2019:（新课标Ⅰ）;2021:（新课标Ⅰ）
luck,luck,junior,2035,ipa-dict(en_US/CMUdict),corroborated,ECDICT,teacher_pdf_gloss,historical_partial_2010_2022,5,2014:（新课标ⅱ）;2017:（新课标Ⅰ）;2018:（新课标ⅲ）;2020:（新课标Ⅱ）;2021:（解析版）
lucky,lucky,junior,2036,ipa-dict(en_US/CMUdict),corroborated,ECDICT,teacher_pdf_gloss,historical_partial_2010_2022,5,2011:（全国卷ii）;2013:（新课标ii）;2017:（新课标ⅲ）;2020:（新课标Ⅱ）;2020:（新课标Ⅲ）
lunar,lunar**,selective_required,,ipa-dict(en_US/CMUdict),corroborated,ECDICT,ECDICT,historical_partial_2010_2022,1,2020:（新课标Ⅰ）
lunch,lunch,junior,2038,ipa-dict(en_US/CMUdict),corroborated,ECDICT,teacher_pdf_gloss,historical_partial_2010_2022,9,2010:（新课标Ⅰ）;2013:（新课标ii）;2016:（新课标ⅱ）;2017:（新课标Ⅰ）;2017:（新课标ⅱ）;2018:（新课标ⅱ）;2018:（新课标ⅲ）;2019:（新课标Ⅱ）;2022:（全国甲卷）
lung,lung**,selective_required,2039,ipa-dict(en_US/CMUdict),corroborated,ECDICT,teacher_pdf_gloss,historical_partial_2010_2022,3,2013:（新课标Ⅰ）;2018:（新课标ⅲ）;2019:（新课标Ⅰ）
luxury,luxury**,selective_required,,ipa-dict(en_US/CMUdict),corroborated,ECDICT,ECDICT,historical_partial_2010_2022,0,
machine,machine,junior,2040,ipa-dict(en_US/CMUdict),corroborated,ECDICT,teacher_pdf_gloss,historical_partial_2010_2022,5,2010:（新课标Ⅱ）;2014:（新课标ⅱ）;2016:（新课标ⅱ）;2018:（新课标ⅱ）;2020:（新课标Ⅲ）
mad,mad,junior,2041,ipa-dict(en_US/CMUdict),corroborated,ECDICT,teacher_pdf_gloss,historical_partial_2010_2022,2,2010:（新课标Ⅱ）;2020:（新课标Ⅲ）
madam,madam**,selective_required,2042,ipa-dict(en_US/CMUdict),corroborated,ECDICT,teacher_pdf_gloss,historical_partial_2010_2022,1,2013:（新课标Ⅰ）
magazine,magazine,junior,2043,ipa-dict(en_US/CMUdict),corroborated,ECDICT,teacher_pdf_gloss,historical_partial_2010_2022,7,2010:（新课标Ⅰ）;2016:（新课标Ⅰ）;2017:（新课标ⅲ）;2018:（新课标ⅱ）;2019:（新课标Ⅰ）;2021:（解析版）;2022:（全国乙卷）
magic,magic,junior,2044,ipa-dict(en_US/CMUdict),corroborated,ECDICT,teacher_pdf_gloss,historical_partial_2010_2022,1,2012:（新课标）
mail,mail**,selective_required,2046,ipa-dict(en_US/CMUdict),corroborated,ECDICT,teacher_pdf_gloss,historical_partial_2010_2022,3,2010:（新课标Ⅱ）;2011:（全国卷ii）;2016:（新课标ⅱ）
main,main,junior,2048,ipa-dict(en_US/CMUdict),corroborated,ECDICT,teacher_pdf_gloss,historical_partial_2010_2022,12,2010:（新课标Ⅱ）;2012:（新课标）;2013:（新课标Ⅰ）;2014:（新课标Ⅰ）;2014:（新课标ⅱ）;2016:（新课标Ⅰ）;2016:（新课标ⅲ）;2018:（新课标ⅱ）;2018:（新课标ⅲ）;2020:（新课标Ⅱ）;2021:（新课标Ⅰ）;2022:（全国乙卷）
maintain,maintain*,required,,ipa-dict(en_US/CMUdict),corroborated,ECDICT,ECDICT,historical_partial_2010_2022,0,
major,major*,required,2050,ipa-dict(en_US/CMUdict),corroborated,ECDICT,teacher_pdf_gloss,historical_partial_2010_2022,11,2013:（新课标Ⅰ）;2015:（新课标Ⅰ）;2015:（新课标ⅱ）;2017:（新课标Ⅰ）;2017:（新课标ⅲ）;2018:（新课标Ⅰ）;2018:（新课标ⅱ）;2018:（新课标ⅲ）;2020:（新课标Ⅰ）;2021:（新课标Ⅰ）;2022:（全国乙卷）
majority,majority*,required,2051,ipa-dict(en_US/CMUdict),corroborated,ECDICT,teacher_pdf_gloss,historical_partial_2010_2022,1,2016:（新课标Ⅰ）
make,make,junior,2052,ipa-dict(en_US/CMUdict),corroborated,ECDICT,teacher_pdf_gloss,historical_partial_2010_2022,30,2010:（新课标Ⅰ）;2010:（新课标Ⅱ）;2011:（全国卷ii）;2011:（新课标）;2012:（新课标）;2013:（新课标ii）;2013:（新课标Ⅰ）;2014:（新课标Ⅰ）;2014:（新课标ⅱ）;2015:（新课标Ⅰ）;2015:（新课标ⅱ）;2016:（新课标Ⅰ）;2016:（新课标ⅱ）;2016:（新课标ⅲ）;2017:（新课标Ⅰ）;2017:（新课标ⅱ）;2017:（新课标ⅲ）;2018:（新课标Ⅰ）;2018:（新课标ⅱ）;2018:（新课标ⅲ）;2019:（新课标Ⅰ）;2019:（新课标Ⅱ）;2019:（新课标Ⅲ）;2020:（新课标Ⅰ）;2020:（新课标Ⅱ）;2020:（新课标Ⅲ）;2021:（新课标Ⅰ）;2021:（解析版）;2022:（全国乙卷）;2022:（全国甲卷）
male,male*,required,2053,ipa-dict(en_US/CMUdict),corroborated,ECDICT,teacher_pdf_gloss,historical_partial_2010_2022,2,2011:（新课标）;2018:（新课标ⅲ）
man,man (pl. men),junior,2054,ipa-dict(en_US/CMUdict),corroborated,ECDICT,teacher_pdf_gloss,historical_partial_2010_2022,18,2010:（新课标Ⅱ）;2011:（全国卷ii）;2011:（新课标）;2012:（新课标）;2013:（新课标Ⅰ）;2014:（新课标Ⅰ）;2015:（新课标Ⅰ）;2016:（新课标Ⅰ）;2016:（新课标ⅱ）;2017:（新课标ⅱ）;2017:（新课标ⅲ）;2018:（新课标ⅱ）;2018:（新课标ⅲ）;2019:（新课标Ⅲ）;2020:（新课标Ⅰ）;2020:（新课标Ⅲ）;2021:（解析版）;2022:（全国甲卷）
manage,manage,junior,2055,ipa-dict(en_US/CMUdict),corroborated,ECDICT,teacher_pdf_gloss,historical_partial_2010_2022,8,2010:（新课标Ⅰ）;2011:（新课标）;2014:（新课标ⅱ）;2016:（新课标ⅱ）;2017:（新课标ⅱ）;2017:（新课标ⅲ）;2018:（新课标Ⅰ）;2019:（新课标Ⅲ）
manager,manager,junior,2056,ipa-dict(en_US/CMUdict),corroborated,ECDICT,teacher_pdf_gloss,historical_partial_2010_2022,3,2010:（新课标Ⅱ）;2019:（新课标Ⅱ）;2021:（新课标Ⅰ）
mankind,mankind**,selective_required,2057,ipa-dict(en_US/CMUdict),corroborated,ECDICT,teacher_pdf_gloss,historical_partial_2010_2022,1,2022:（全国乙卷）
manner,manner**,selective_required,2059,ipa-dict(en_US/CMUdict),corroborated,ECDICT,teacher_pdf_gloss,historical_partial_2010_2022,6,2011:（全国卷ii）;2013:（新课标Ⅰ）;2018:（新课标Ⅰ）;2018:（新课标ⅱ）;2019:（新课标Ⅰ）;2019:（新课标Ⅱ）
many,many,junior,2061,ipa-dict(en_US/CMUdict),corroborated,curated_function_words,teacher_pdf_gloss,historical_partial_2010_2022,27,2010:（新课标Ⅰ）;2010:（新课标Ⅱ）;2011:（全国卷ii）;2011:（新课标）;2012:（新课标）;2013:（新课标ii）;2013:（新课标Ⅰ）;2014:（新课标Ⅰ）;2014:（新课标ⅱ）;2015:（新课标Ⅰ）;2016:（新课标Ⅰ）;2016:（新课标ⅱ）;2016:（新课标ⅲ）;2017:（新课标ⅱ）;2017:（新课标ⅲ）;2018:（新课标Ⅰ）;2018:（新课标ⅱ）;2018:（新课标ⅲ）;2019:（新课标Ⅰ）;2019:（新课标Ⅱ）;2019:（新课标Ⅲ）;2020:（新课标Ⅰ）;2020:（新课标Ⅱ）;2020:（新课标Ⅲ）;2021:（新课标Ⅰ）;2021:（解析版）;2022:（全国甲卷）
map,map,junior,2062,ipa-dict(en_US/CMUdict),corroborated,ECDICT,teacher_pdf_gloss,historical_partial_2010_2022,4,2010:（新课标Ⅰ）;2011:（全国卷ii）;2012:（新课标）;2018:（新课标Ⅰ）
marathon,marathon**,selective_required,2065,ipa-dict(en_US/CMUdict),corroborated,ECDICT,teacher_pdf_gloss,historical_partial_2010_2022,2,2015:（新课标ⅱ）;2020:（新课标Ⅰ）
marble,,extension,2066,ipa-dict(en_US/CMUdict),corroborated,ECDICT,teacher_pdf_gloss,historical_partial_2010_2022,0,
march,March,junior,2067,ipa-dict(en_US/CMUdict),corroborated,ECDICT,curated_override,historical_partial_2010_2022,12,2010:（新课标Ⅰ）;2011:（新课标）;2014:（新课标Ⅰ）;2014:（新课标ⅱ）;2015:（新课标Ⅰ）;2015:（新课标ⅱ）;2016:（新课标Ⅰ）;2016:（新课标ⅱ）;2016:（新课标ⅲ）;2017:（新课标ⅲ）;2018:（新课标ⅲ）;2022:（全国甲卷）
mark,mark,junior,2069,ipa-dict(en_US/CMUdict),corroborated,ECDICT,teacher_pdf_gloss,historical_partial_2010_2022,7,2010:（新课标Ⅰ）;2011:（全国卷ii）;2014:（新课标Ⅰ）;2017:（新课标ⅱ）;2017:（新课标ⅲ）;2020:（新课标Ⅱ）;2022:（全国乙卷）
market,market,junior,2070,ipa-dict(en_US/CMUdict),corroborated,ECDICT,teacher_pdf_gloss,historical_partial_2010_2022,12,2010:（新课标Ⅱ）;2011:（新课标）;2013:（新课标ii）;2015:（新课标Ⅰ）;2017:（新课标ⅱ）;2018:（新课标Ⅰ）;2018:（新课标ⅲ）;2019:（新课标Ⅰ）;2019:（新课标Ⅲ）;2020:（新课标Ⅱ）;2020:（新课标Ⅲ）;2022:（全国乙卷）
marriage,marriage*,required,2071,ipa-dict(en_US/CMUdict),corroborated,ECDICT,teacher_pdf_gloss,historical_partial_2010_2022,2,2010:（新课标Ⅰ）;2017:（新课标ⅲ）
married,,extension,2072,ipa-dict(en_US/CMUdict),corroborated,ECDICT,teacher_pdf_gloss,historical_partial_2010_2022,2,2011:（新课标）;2020:（新课标Ⅲ）
marry,marry,junior,2073,ipa-dict(en_US/CMUdict),corroborated,ECDICT,teacher_pdf_gloss,historical_partial_2010_2022,0,
mass,mass*,required,2075,ipa-dict(en_US/CMUdict),corroborated,ECDICT,teacher_pdf_gloss,historical_partial_2010_2022,6,2014:（新课标Ⅰ）;2016:（新课标ⅱ）;2016:（新课标ⅲ）;2019:（新课标Ⅰ）;2019:（新课标Ⅲ）;2020:（新课标Ⅰ）
massive,massive**,selective_required,,ipa-dict(en_US/CMUdict),corroborated,ECDICT,ECDICT,historical_partial_2010_2022,2,2020:（新课标Ⅱ）;2021:（新课标Ⅰ）
master,master*,required,2076,ipa-dict(en_US/CMUdict),corroborated,ECDICT,teacher_pdf_gloss,historical_partial_2010_2022,3,2010:（新课标Ⅱ）;2017:（新课标ⅱ）;2019:（新课标Ⅲ）
match,match,junior,2078,ipa-dict(en_US/CMUdict),corroborated,ECDICT,teacher_pdf_gloss,historical_partial_2010_2022,7,2010:（新课标Ⅱ）;2011:（新课标）;2017:（新课标Ⅰ）;2018:（新课标ⅲ）;2019:（新课标Ⅰ）;2020:（新课标Ⅲ）;2021:（新课标Ⅰ）
material,material*,required,2079,ipa-dict(en_US/CMUdict),corroborated,ECDICT,teacher_pdf_gloss,historical_partial_2010_2022,9,2011:（新课标）;2013:（新课标Ⅰ）;2014:（新课标Ⅰ）;2014:（新课标ⅱ）;2017:（新课标Ⅰ）;2017:（新课标ⅱ）;2018:（新课标Ⅰ）;2018:（新课标ⅱ）;2019:（新课标Ⅱ）
math,maths (mathematics),junior,,ipa-dict(en_US/CMUdict),corroborated,ECDICT,ECDICT,historical_partial_2010_2022,4,2010:（新课标Ⅰ）;2011:（新课标）;2012:（新课标）;2017:（新课标Ⅰ）
matter,matter,junior,,ipa-dict(en_US/CMUdict),corroborated,ECDICT,ECDICT,historical_partial_2010_2022,17,2011:（全国卷ii）;2013:（新课标ii）;2013:（新课标Ⅰ）;2014:（新课标Ⅰ）;2015:（新课标Ⅰ）;2016:（新课标ⅱ）;2017:（新课标ⅱ）;2017:（新课标ⅲ）;2018:（新课标Ⅰ）;2018:（新课标ⅱ）;2018:（新课标ⅲ）;2019:（新课标Ⅱ）;2019:（新课标Ⅲ）;2020:（新课标Ⅰ）;2020:（新课标Ⅱ）;2021:（解析版）;2022:（全国甲卷）
mature,mature**,selective_required,2082,ipa-dict(en_US/CMUdict),corroborated,ECDICT,teacher_pdf_gloss,historical_partial_2010_2022,3,2015:（新课标ⅱ）;2020:（新课标Ⅱ）;2021:（解析版）
maximum,maximum**,selective_required,2083,ipa-dict(en_US/CMUdict),corroborated,ECDICT,teacher_pdf_gloss,historical_partial_2010_2022,0,
may,may,junior,2085,ipa-dict(en_US/CMUdict),corroborated,curated_modal_verbs,curated_override,historical_partial_2010_2022,27,2010:（新课标Ⅰ）;2011:（全国卷ii）;2011:（新课标）;2012:（新课标）;2013:（新课标ii）;2013:（新课标Ⅰ）;2014:（新课标Ⅰ）;2014:（新课标ⅱ）;2015:（新课标ⅱ）;2016:（新课标Ⅰ）;2016:（新课标ⅱ）;2016:（新课标ⅲ）;2017:（新课标ⅱ）;2017:（新课标ⅲ）;2018:（新课标Ⅰ）;2018:（新课标ⅱ）;2018:（新课标ⅲ）;2019:（新课标Ⅰ）;2019:（新课标Ⅱ）;2019:（新课标Ⅲ）;2020:（新课标Ⅰ）;2020:（新课标Ⅱ）;2020:（新课标Ⅲ）;2021:（新课标Ⅰ）;2021:（解析版）;2022:（全国乙卷）;2022:（全国甲卷）
maybe,maybe,junior,2086,ipa-dict(en_US/CMUdict),corroborated,ECDICT,teacher_pdf_gloss,historical_partial_2010_2022,7,2014:（新课标Ⅰ）;2016:（新课标Ⅰ）;2017:（新课标ⅱ）;2020:（新课标Ⅰ）;2020:（新课标Ⅲ）;2021:（解析版）;2022:（全国乙卷）
me,me,junior,2087,ipa-dict(en_US/CMUdict),corroborated,curated_function_words,teacher_pdf_gloss,historical_partial_2010_2022,29,2010:（新课标Ⅰ）;2010:（新课标Ⅱ）;2011:（全国卷ii）;2011:（新课标）;2012:（新课标）;2013:（新课标ii）;2013:（新课标Ⅰ）;2014:（新课标Ⅰ）;2014:（新课标ⅱ）;2015:（新课标Ⅰ）;2015:（新课标ⅱ）;2016:（新课标Ⅰ）;2016:（新课标ⅱ）;2016:（新课标ⅲ）;2017:（新课标Ⅰ）;2017:（新课标ⅱ）;2017:（新课标ⅲ）;2018:（新课标Ⅰ）;2018:（新课标ⅱ）;2018:（新课标ⅲ）;2019:（新课标Ⅰ）;2019:（新课标Ⅱ）;2020:（新课标Ⅰ）;2020:（新课标Ⅱ）;2020:（新课标Ⅲ）;2021:（新课标Ⅰ）;2021:（解析版）;2022:（全国乙卷）;2022:（全国甲卷）
meal,meal,junior,2088,ipa-dict(en_US/CMUdict),corroborated,ECDICT,teacher_pdf_gloss,historical_partial_2010_2022,13,2010:（新课标Ⅰ）;2011:（全国卷ii）;2013:（新课标ii）;2014:（新课标ⅱ）;2015:（新课标Ⅰ）;2015:（新课标ⅱ）;2016:（新课标Ⅰ）;2017:（新课标Ⅰ）;2018:（新课标Ⅰ）;2019:（新课标Ⅱ）;2020:（新课标Ⅲ）;2021:（新课标Ⅰ）;2022:（全国甲卷）
mean,mean,junior,2089,ipa-dict(en_US/CMUdict),corroborated,ECDICT,teacher_pdf_gloss,historical_partial_2010_2022,22,2010:（新课标Ⅱ）;2011:（全国卷ii）;2011:（新课标）;2012:（新课标）;2013:（新课标Ⅰ）;2014:（新课标ⅱ）;2015:（新课标Ⅰ）;2016:（新课标Ⅰ）;2016:（新课标ⅱ）;2016:（新课标ⅲ）;2017:（新课标ⅱ）;2017:（新课标ⅲ）;2018:（新课标ⅲ）;2019:（新课标Ⅰ）;2019:（新课标Ⅱ）;2019:（新课标Ⅲ）;2020:（新课标Ⅰ）;2020:（新课标Ⅱ）;2020:（新课标Ⅲ）;2021:（新课标Ⅰ）;2021:（解析版）;2022:（全国甲卷）
meaning,meaning,junior,2090,ipa-dict(en_US/CMUdict),corroborated,ECDICT,teacher_pdf_gloss,historical_partial_2010_2022,6,2010:（新课标Ⅱ）;2016:（新课标Ⅰ）;2020:（新课标Ⅰ）;2020:（新课标Ⅱ）;2021:（新课标Ⅰ）;2022:（全国甲卷）
means,means**,selective_required,2091,ipa-dict(en_US/CMUdict),corroborated,ECDICT,teacher_pdf_gloss,historical_partial_2010_2022,12,2011:（全国卷ii）;2011:（新课标）;2012:（新课标）;2013:（新课标ii）;2013:（新课标Ⅰ）;2016:（新课标Ⅰ）;2016:（新课标ⅲ）;2018:（新课标Ⅰ）;2018:（新课标ⅲ）;2019:（新课标Ⅲ）;2021:（新课标Ⅰ）;2022:（全国甲卷）
meanwhile,,extension,2092,ipa-dict(en_US/CMUdict),corroborated,ECDICT,teacher_pdf_gloss,historical_partial_2010_2022,1,2012:（新课标）
measure,measure*,required,2093,ipa-dict(en_US/CMUdict),corroborated,ECDICT,teacher_pdf_gloss,historical_partial_2010_2022,4,2010:（新课标Ⅰ）;2014:（新课标ⅱ）;2019:（新课标Ⅰ）;2019:（新课标Ⅲ）
meat,meat,junior,2094,ipa-dict(en_US/CMUdict),corroborated,ECDICT,teacher_pdf_gloss,historical_partial_2010_2022,2,2016:（新课标ⅱ）;2018:（新课标ⅱ）
mechanic,mechanic**,selective_required,,ipa-dict(en_US/CMUdict),corroborated,ECDICT,ECDICT,historical_partial_2010_2022,0,
medal,medal*,required,2095,ipa-dict(en_US/CMUdict),corroborated,ECDICT,teacher_pdf_gloss,historical_partial_2010_2022,0,
media,,extension,2097,ipa-dict(en_US/CMUdict),corroborated,ECDICT,teacher_pdf_gloss,historical_partial_2010_2022,8,2013:（新课标Ⅰ）;2016:（新课标ⅲ）;2018:（新课标ⅱ）;2018:（新课标ⅲ）;2019:（新课标Ⅲ）;2020:（新课标Ⅱ）;2021:（新课标Ⅰ）;2022:（全国乙卷）
medical,medical,junior,2098,ipa-dict(en_US/CMUdict),corroborated,ECDICT,teacher_pdf_gloss,historical_partial_2010_2022,9,2010:（新课标Ⅰ）;2013:（新课标ii）;2016:（新课标Ⅰ）;2017:（新课标Ⅰ）;2018:（新课标Ⅰ）;2019:（新课标Ⅲ）;2020:（新课标Ⅰ）;2021:（新课标Ⅰ）;2022:（全国甲卷）
medicine,medicine,junior,2099,ipa-dict(en_US/CMUdict),corroborated,ECDICT,teacher_pdf_gloss,historical_partial_2010_2022,2,2013:（新课标ii）;2015:（新课标Ⅰ）
medium,medium (pl. media)*,required,2100,ipa-dict(en_US/CMUdict),corroborated,ECDICT,teacher_pdf_gloss,historical_partial_2010_2022,1,2018:（新课标Ⅰ）
meet,meet,junior,2101,ipa-dict(en_US/CMUdict),corroborated,ECDICT,teacher_pdf_gloss,historical_partial_2010_2022,13,2010:（新课标Ⅰ）;2011:（全国卷ii）;2013:（新课标ii）;2016:（新课标Ⅰ）;2016:（新课标ⅱ）;2016:（新课标ⅲ）;2017:（新课标ⅱ）;2018:（新课标Ⅰ）;2018:（新课标ⅱ）;2018:（新课标ⅲ）;2019:（新课标Ⅱ）;2020:（新课标Ⅲ）;2021:（新课标Ⅰ）
meeting,meeting,junior,2102,ipa-dict(en_US/CMUdict),corroborated,ECDICT,teacher_pdf_gloss,historical_partial_2010_2022,9,2010:（新课标Ⅱ）;2011:（全国卷ii）;2011:（新课标）;2013:（新课标Ⅰ）;2017:（新课标Ⅰ）;2017:（新课标ⅲ）;2018:（新课标ⅲ）;2019:（新课标Ⅲ）;2022:（全国甲卷）
member,member,junior,2104,ipa-dict(en_US/CMUdict),corroborated,ECDICT,teacher_pdf_gloss,historical_partial_2010_2022,12,2010:（新课标Ⅱ）;2011:（全国卷ii）;2011:（新课标）;2013:（新课标ii）;2013:（新课标Ⅰ）;2016:（新课标ⅱ）;2017:（新课标ⅲ）;2018:（新课标ⅱ）;2018:（新课标ⅲ）;2019:（新课标Ⅱ）;2021:（新课标Ⅰ）;2021:（解析版）
membership,membership**,selective_required,,ipa-dict(en_US/CMUdict),corroborated,ECDICT,ECDICT,historical_partial_2010_2022,5,2011:（全国卷ii）;2016:（新课标ⅱ）;2016:（新课标ⅲ）;2021:（新课标Ⅰ）;2022:（全国甲卷）
memorial,memorial**,selective_required,2105,ipa-dict(en_US/CMUdict),corroborated,ECDICT,teacher_pdf_gloss,historical_partial_2010_2022,3,2010:（新课标Ⅰ）;2016:（新课标ⅲ）;2018:（新课标Ⅰ）
memory,memory*,required,2106,ipa-dict(en_US/CMUdict),corroborated,ECDICT,teacher_pdf_gloss,historical_partial_2010_2022,9,2011:（全国卷ii）;2011:（新课标）;2012:（新课标）;2013:（新课标Ⅰ）;2015:（新课标Ⅰ）;2016:（新课标ⅱ）;2016:（新课标ⅲ）;2017:（新课标ⅲ）;2022:（全国甲卷）
mental,mental*,required,2109,ipa-dict(en_US/CMUdict),corroborated,ECDICT,teacher_pdf_gloss,historical_partial_2010_2022,4,2010:（新课标Ⅰ）;2013:（新课标Ⅰ）;2017:（新课标ⅲ）;2020:（新课标Ⅰ）
mentally,,extension,2110,ipa-dict(en_US/CMUdict),corroborated,ECDICT,teacher_pdf_gloss,historical_partial_2010_2022,3,2012:（新课标）;2017:（新课标ⅲ）;2021:（新课标Ⅰ）
mention,mention,junior,2111,ipa-dict(en_US/CMUdict),corroborated,ECDICT,teacher_pdf_gloss,historical_partial_2010_2022,10,2010:（新课标Ⅰ）;2011:（全国卷ii）;2012:（新课标）;2013:（新课标Ⅰ）;2014:（新课标Ⅰ）;2016:（新课标Ⅰ）;2016:（新课标ⅱ）;2016:（新课标ⅲ）;2019:（新课标Ⅱ）;2021:（新课标Ⅰ）
menu,menu,junior,2112,ipa-dict(en_US/CMUdict),corroborated,ECDICT,teacher_pdf_gloss,historical_partial_2010_2022,3,2015:（新课标Ⅰ）;2016:（新课标ⅱ）;2017:（新课标Ⅰ）
merchant,,extension,2113,ipa-dict(en_US/CMUdict),corroborated,ECDICT,teacher_pdf_gloss,historical_partial_2010_2022,2,2011:（新课标）;2017:（新课标ⅱ）
mercy,mercy**,selective_required,2115,ipa-dict(en_US/CMUdict),corroborated,ECDICT,teacher_pdf_gloss,historical_partial_2010_2022,0,
merely,merely**,selective_required,2116,ipa-dict(en_US/CMUdict),corroborated,ECDICT,teacher_pdf_gloss,historical_partial_2010_2022,4,2010:（新课标Ⅱ）;2013:（新课标ii）;2016:（新课标ⅲ）;2020:（新课标Ⅰ）
merry,merry*,required,2117,ipa-dict(en_US/CMUdict),corroborated,ECDICT,teacher_pdf_gloss,historical_partial_2010_2022,0,
mess,mess,junior,2118,ipa-dict(en_US/CMUdict),corroborated,ECDICT,teacher_pdf_gloss,historical_partial_2010_2022,2,2021:（解析版）;2022:（全国甲卷）
message,message,junior,2119,ipa-dict(en_US/CMUdict),corroborated,ECDICT,teacher_pdf_gloss,historical_partial_2010_2022,11,2011:（全国卷ii）;2011:（新课标）;2012:（新课标）;2013:（新课标ii）;2015:（新课标Ⅰ）;2016:（新课标Ⅰ）;2017:（新课标ⅱ）;2018:（新课标ⅲ）;2020:（新课标Ⅱ）;2021:（解析版）;2022:（全国乙卷）
metal,metal*,required,2121,ipa-dict(en_US/CMUdict),corroborated,ECDICT,teacher_pdf_gloss,historical_partial_2010_2022,2,2013:（新课标Ⅰ）;2016:（新课标ⅲ）
meter,metre (meter),junior,2123,ipa-dict(en_US/CMUdict),corroborated,ECDICT,teacher_pdf_gloss,historical_partial_2010_2022,4,2014:（新课标ⅱ）;2019:（新课标Ⅰ）;2019:（新课标Ⅲ）;2021:（解析版）
method,method,junior,2122,ipa-dict(en_US/CMUdict),corroborated,ECDICT,teacher_pdf_gloss,historical_partial_2010_2022,14,2010:（新课标Ⅱ）;2011:（新课标）;2015:（新课标ⅱ）;2016:（新课标ⅱ）;2016:（新课标ⅲ）;2017:（新课标Ⅰ）;2017:（新课标ⅱ）;2017:（新课标ⅲ）;2018:（新课标Ⅰ）;2019:（新课标Ⅰ）;2020:（新课标Ⅰ）;2020:（新课标Ⅱ）;2020:（新课标Ⅲ）;2022:（全国乙卷）
mexican,,extension,2124,ipa-dict(en_US/CMUdict),corroborated,ECDICT,teacher_pdf_gloss,historical_partial_2010_2022,4,2010:（新课标Ⅱ）;2016:（新课标Ⅰ）;2018:（新课标Ⅰ）;2022:（全国甲卷）
mexico,,extension,2125,ipa-dict(en_US/CMUdict),corroborated,ECDICT,teacher_pdf_gloss,historical_partial_2010_2022,2,2010:（新课标Ⅱ）;2018:（新课标Ⅰ）
microscope,microscope**,selective_required,2127,ipa-dict(en_US/CMUdict),corroborated,ECDICT,teacher_pdf_gloss,historical_partial_2010_2022,0,
middle,middle,junior,2131,ipa-dict(en_US/CMUdict),corroborated,ECDICT,teacher_pdf_gloss,historical_partial_2010_2022,7,2010:（新课标Ⅱ）;2011:（新课标）;2014:（新课标ⅱ）;2017:（新课标Ⅰ）;2018:（新课标ⅱ）;2019:（新课标Ⅲ）;2022:（全国甲卷）
midnight,midnight*,required,2133,ipa-dict(en_US/CMUdict),corroborated,ECDICT,teacher_pdf_gloss,historical_partial_2010_2022,2,2013:（新课标ii）;2014:（新课标ⅱ）
might,might,junior,,ipa-dict(en_US/CMUdict),corroborated,curated_modal_verbs,curated_override,historical_partial_2010_2022,18,2010:（新课标Ⅱ）;2011:（全国卷ii）;2011:（新课标）;2012:（新课标）;2013:（新课标ii）;2013:（新课标Ⅰ）;2015:（新课标Ⅰ）;2016:（新课标Ⅰ）;2016:（新课标ⅱ）;2016:（新课标ⅲ）;2017:（新课标Ⅰ）;2017:（新课标ⅱ）;2017:（新课标ⅲ）;2018:（新课标ⅱ）;2019:（新课标Ⅰ）;2020:（新课标Ⅰ）;2022:（全国乙卷）;2022:（全国甲卷）
mild,mild**,selective_required,2135,ipa-dict(en_US/CMUdict),corroborated,ECDICT,teacher_pdf_gloss,historical_partial_2010_2022,1,2018:（新课标Ⅰ）
mile,mile,junior,2136,ipa-dict(en_US/CMUdict),corroborated,ECDICT,teacher_pdf_gloss,historical_partial_2010_2022,10,2010:（新课标Ⅰ）;2010:（新课标Ⅱ）;2014:（新课标Ⅰ）;2015:（新课标ⅱ）;2016:（新课标ⅱ）;2017:（新课标ⅱ）;2018:（新课标Ⅰ）;2018:（新课标ⅲ）;2019:（新课标Ⅱ）;2020:（新课标Ⅰ）
military,military*,required,,ipa-dict(en_US/CMUdict),corroborated,ECDICT,ECDICT,historical_partial_2010_2022,0,
milk,milk,junior,2137,ipa-dict(en_US/CMUdict),corroborated,ECDICT,teacher_pdf_gloss,historical_partial_2010_2022,4,2010:（新课标Ⅰ）;2011:（新课标）;2020:（新课标Ⅲ）;2021:（新课标Ⅰ）
millimetre,millimetre (millimeter)**,selective_required,,ipa-dict(en_US/CMUdict),corroborated,ECDICT,ECDICT,historical_partial_2010_2022,0,
million,million**,selective_required,2138,ipa-dict(en_US/CMUdict),corroborated,curated_function_words,teacher_pdf_gloss,historical_partial_2010_2022,15,2010:（新课标Ⅱ）;2013:（新课标ii）;2014:（新课标ⅱ）;2016:（新课标ⅱ）;2017:（新课标Ⅰ）;2017:（新课标ⅱ）;2017:（新课标ⅲ）;2018:（新课标Ⅰ）;2018:（新课标ⅱ）;2018:（新课标ⅲ）;2020:（新课标Ⅰ）;2020:（新课标Ⅱ）;2020:（新课标Ⅲ）;2021:（新课标Ⅰ）;2022:（全国乙卷）
mind,mind,junior,2140,ipa-dict(en_US/CMUdict),corroborated,ECDICT,teacher_pdf_gloss,historical_partial_2010_2022,14,2010:（新课标Ⅱ）;2011:（新课标）;2012:（新课标）;2013:（新课标ii）;2013:（新课标Ⅰ）;2014:（新课标Ⅰ）;2015:（新课标ⅱ）;2016:（新课标ⅱ）;2017:（新课标Ⅰ）;2017:（新课标ⅲ）;2019:（新课标Ⅱ）;2020:（新课标Ⅱ）;2022:（全国乙卷）;2022:（全国甲卷）
mine,mine,junior,2141,ipa-dict(en_US/CMUdict),corroborated,curated_function_words,teacher_pdf_gloss,historical_partial_2010_2022,1,2018:（新课标Ⅰ）
mineral,mineral**,selective_required,2142,ipa-dict(en_US/CMUdict),corroborated,ECDICT,teacher_pdf_gloss,historical_partial_2010_2022,1,2018:（新课标Ⅰ）
minimum,minimum**,selective_required,2144,ipa-dict(en_US/CMUdict),corroborated,ECDICT,teacher_pdf_gloss,historical_partial_2010_2022,1,2018:（新课标Ⅰ）
minister,minister**,selective_required,2146,ipa-dict(en_US/CMUdict),corroborated,ECDICT,teacher_pdf_gloss,historical_partial_2010_2022,3,2019:（新课标Ⅲ）;2020:（新课标Ⅲ）;2022:（全国乙卷）
ministry,,extension,2147,ipa-dict(en_US/CMUdict),corroborated,ECDICT,teacher_pdf_gloss,historical_partial_2010_2022,2,2018:（新课标ⅱ）;2020:（新课标Ⅱ）
minor,minor**,selective_required,,ipa-dict(en_US/CMUdict),corroborated,ECDICT,ECDICT,historical_partial_2010_2022,0,
minority,minority**,selective_required,2148,ipa-dict(en_US/CMUdict),corroborated,ECDICT,teacher_pdf_gloss,historical_partial_2010_2022,0,
minute,minute,junior,2150,ipa-dict(en_US/CMUdict),corroborated,ECDICT,teacher_pdf_gloss,historical_partial_2010_2022,15,2010:（新课标Ⅰ）;2011:（全国卷ii）;2012:（新课标）;2013:（新课标Ⅰ）;2015:（新课标ⅱ）;2016:（新课标ⅱ）;2016:（新课标ⅲ）;2017:（新课标Ⅰ）;2017:（新课标ⅱ）;2017:（新课标ⅲ）;2018:（新课标Ⅰ）;2018:（新课标ⅲ）;2019:（新课标Ⅰ）;2021:（新课标Ⅰ）;2021:（解析版）
mirror,mirror**,selective_required,2151,ipa-dict(en_US/CMUdict),corroborated,ECDICT,teacher_pdf_gloss,historical_partial_2010_2022,4,2011:（全国卷ii）;2018:（新课标Ⅰ）;2019:（新课标Ⅲ）;2021:（解析版）
miss,Miss,junior,2152,ipa-dict(en_US/CMUdict),corroborated,ECDICT,curated_override,historical_partial_2010_2022,14,2010:（新课标Ⅱ）;2011:（全国卷ii）;2011:（新课标）;2013:（新课标Ⅰ）;2014:（新课标ⅱ）;2015:（新课标Ⅰ）;2015:（新课标ⅱ）;2016:（新课标ⅲ）;2017:（新课标Ⅰ）;2017:（新课标ⅲ）;2018:（新课标ⅱ）;2019:（新课标Ⅱ）;2020:（新课标Ⅱ）;2022:（全国甲卷）
missile,missile**,selective_required,2154,ipa-dict(en_US/CMUdict),corroborated,ECDICT,teacher_pdf_gloss,historical_partial_2010_2022,0,
missing,missing,junior,,ipa-dict(en_US/CMUdict),corroborated,ECDICT,ECDICT,historical_partial_2010_2022,4,2014:（新课标ⅱ）;2015:（新课标ⅱ）;2017:（新课标Ⅰ）;2021:（解析版）
mission,mission**,selective_required,,ipa-dict(en_US/CMUdict),corroborated,ECDICT,ECDICT,historical_partial_2010_2022,0,
mist,mist**,selective_required,2155,ipa-dict(en_US/CMUdict),corroborated,ECDICT,teacher_pdf_gloss,historical_partial_2010_2022,1,2020:（新课标Ⅲ）
mistake,mistake,junior,2156,ipa-dict(en_US/CMUdict),corroborated,ECDICT,teacher_pdf_gloss,historical_partial_2010_2022,12,2010:（新课标Ⅰ）;2010:（新课标Ⅱ）;2013:（新课标ii）;2014:（新课标ⅱ）;2015:（新课标Ⅰ）;2016:（新课标ⅱ）;2016:（新课标ⅲ）;2017:（新课标ⅱ）;2018:（新课标ⅲ）;2019:（新课标Ⅰ）;2020:（新课标Ⅰ）;2022:（全国甲卷）
mix,mix,junior,2159,ipa-dict(en_US/CMUdict),corroborated,ECDICT,teacher_pdf_gloss,historical_partial_2010_2022,4,2015:（新课标ⅱ）;2019:（新课标Ⅰ）;2019:（新课标Ⅲ）;2022:（全国乙卷）
mixture,mixture**,selective_required,2160,ipa-dict(en_US/CMUdict),corroborated,ECDICT,teacher_pdf_gloss,historical_partial_2010_2022,2,2017:（新课标ⅱ）;2018:（新课标ⅲ）
mm,,extension,2161,ipa-dict(en_US/CMUdict),corroborated,WordNet,teacher_pdf_gloss,historical_partial_2010_2022,0,
mobile,,extension,2162,ipa-dict(en_US/CMUdict),corroborated,ECDICT,teacher_pdf_gloss,historical_partial_2010_2022,3,2017:（新课标ⅲ）;2018:（新课标Ⅰ）;2021:（新课标Ⅰ）
mode,mode**,selective_required,,ipa-dict(en_US/CMUdict),corroborated,ECDICT,ECDICT,historical_partial_2010_2022,0,
model,model,junior,2164,ipa-dict(en_US/CMUdict),corroborated,ECDICT,teacher_pdf_gloss,historical_partial_2010_2022,11,2011:（全国卷ii）;2011:（新课标）;2012:（新课标）;2014:（新课标Ⅰ）;2015:（新课标ⅱ）;2016:（新课标ⅱ）;2017:（新课标ⅲ）;2018:（新课标ⅱ）;2019:（新课标Ⅱ）;2019:（新课标Ⅲ）;2020:（新课标Ⅱ）
modern,modern,junior,2166,ipa-dict(en_US/CMUdict),corroborated,ECDICT,teacher_pdf_gloss,historical_partial_2010_2022,12,2011:（全国卷ii）;2011:（新课标）;2013:（新课标Ⅰ）;2015:（新课标Ⅰ）;2015:（新课标ⅱ）;2016:（新课标ⅲ）;2017:（新课标Ⅰ）;2017:（新课标ⅲ）;2018:（新课标ⅱ）;2018:（新课标ⅲ）;2021:（新课标Ⅰ）;2022:（全国甲卷）
modest,,extension,2167,ipa-dict(en_US/CMUdict),corroborated,ECDICT,teacher_pdf_gloss,historical_partial_2010_2022,1,2017:（新课标ⅱ）
moment,moment*,required,2169,ipa-dict(en_US/CMUdict),corroborated,ECDICT,teacher_pdf_gloss,historical_partial_2010_2022,9,2011:（全国卷ii）;2013:（新课标Ⅰ）;2014:（新课标ⅱ）;2015:（新课标Ⅰ）;2015:（新课标ⅱ）;2017:（新课标ⅲ）;2018:（新课标ⅲ）;2019:（新课标Ⅱ）;2022:（全国甲卷）
monday,Monday,junior,2171,ipa-dict(en_US/CMUdict),corroborated,ECDICT,teacher_pdf_gloss,historical_partial_2010_2022,4,2017:（新课标ⅱ）;2018:（新课标ⅱ）;2018:（新课标ⅲ）;2020:（新课标Ⅰ）
money,money,junior,2172,ipa-dict(en_US/CMUdict),corroborated,ECDICT,teacher_pdf_gloss,historical_partial_2010_2022,19,2010:（新课标Ⅰ）;2010:（新课标Ⅱ）;2011:（全国卷ii）;2013:（新课标Ⅰ）;2014:（新课标Ⅰ）;2014:（新课标ⅱ）;2015:（新课标Ⅰ）;2015:（新课标ⅱ）;2016:（新课标Ⅰ）;2016:（新课标ⅱ）;2017:（新课标ⅱ）;2018:（新课标Ⅰ）;2018:（新课标ⅲ）;2019:（新课标Ⅱ）;2019:（新课标Ⅲ）;2020:（新课标Ⅰ）;2020:（新课标Ⅲ）;2021:（新课标Ⅰ）;2022:（全国乙卷）
monitor,monitor**,selective_required,2173,ipa-dict(en_US/CMUdict),corroborated,ECDICT,teacher_pdf_gloss,historical_partial_2010_2022,4,2016:（新课标ⅲ）;2017:（新课标ⅲ）;2018:（新课标Ⅰ）;2020:（新课标Ⅲ）
monkey,monkey,junior,2174,ipa-dict(en_US/CMUdict),corroborated,ECDICT,teacher_pdf_gloss,historical_partial_2010_2022,4,2018:（新课标ⅲ）;2019:（新课标Ⅲ）;2020:（新课标Ⅲ）;2022:（全国甲卷）
month,month,junior,2175,ipa-dict(en_US/CMUdict),corroborated,ECDICT,teacher_pdf_gloss,historical_partial_2010_2022,16,2010:（新课标Ⅰ）;2011:（全国卷ii）;2011:（新课标）;2014:（新课标Ⅰ）;2014:（新课标ⅱ）;2015:（新课标Ⅰ）;2015:（新课标ⅱ）;2016:（新课标ⅲ）;2017:（新课标ⅱ）;2017:（新课标ⅲ）;2018:（新课标ⅱ）;2019:（新课标Ⅲ）;2020:（新课标Ⅱ）;2020:（新课标Ⅲ）;2022:（全国乙卷）;2022:（全国甲卷）
monthly,monthly**,selective_required,,ipa-dict(en_US/CMUdict),corroborated,ECDICT,ECDICT,historical_partial_2010_2022,2,2011:（全国卷ii）;2015:（新课标Ⅰ）
monument,,extension,2176,ipa-dict(en_US/CMUdict),corroborated,ECDICT,teacher_pdf_gloss,historical_partial_2010_2022,4,2014:（新课标Ⅰ）;2015:（新课标ⅱ）;2018:（新课标Ⅰ）;2020:（新课标Ⅲ）
mood,mood**,selective_required,,ipa-dict(en_US/CMUdict),corroborated,ECDICT,ECDICT,historical_partial_2010_2022,2,2013:（新课标ii）;2019:（新课标Ⅰ）
moon,moon,junior,2177,ipa-dict(en_US/CMUdict),corroborated,ECDICT,teacher_pdf_gloss,historical_partial_2010_2022,2,2020:（新课标Ⅰ）;2022:（全国乙卷）
moral,moral**,selective_required,2180,ipa-dict(en_US/CMUdict),corroborated,ECDICT,teacher_pdf_gloss,historical_partial_2010_2022,0,
more,more,junior,2181,ipa-dict(en_US/CMUdict),corroborated,ECDICT,teacher_pdf_gloss,historical_partial_2010_2022,30,2010:（新课标Ⅰ）;2010:（新课标Ⅱ）;2011:（全国卷ii）;2011:（新课标）;2012:（新课标）;2013:（新课标ii）;2013:（新课标Ⅰ）;2014:（新课标Ⅰ）;2014:（新课标ⅱ）;2015:（新课标Ⅰ）;2015:（新课标ⅱ）;2016:（新课标Ⅰ）;2016:（新课标ⅱ）;2016:（新课标ⅲ）;2017:（新课标Ⅰ）;2017:（新课标ⅱ）;2017:（新课标ⅲ）;2018:（新课标Ⅰ）;2018:（新课标ⅱ）;2018:（新课标ⅲ）;2019:（新课标Ⅰ）;2019:（新课标Ⅱ）;2019:（新课标Ⅲ）;2020:（新课标Ⅰ）;2020:（新课标Ⅱ）;2020:（新课标Ⅲ）;2021:（新课标Ⅰ）;2021:（解析版）;2022:（全国乙卷）;2022:（全国甲卷）
moreover,moreover*,required,,ipa-dict(en_US/CMUdict),corroborated,ECDICT,ECDICT,historical_partial_2010_2022,0,
morning,morning,junior,2182,ipa-dict(en_US/CMUdict),corroborated,ECDICT,teacher_pdf_gloss,historical_partial_2010_2022,18,2010:（新课标Ⅰ）;2012:（新课标）;2014:（新课标Ⅰ）;2014:（新课标ⅱ）;2015:（新课标Ⅰ）;2016:（新课标Ⅰ）;2016:（新课标ⅱ）;2016:（新课标ⅲ）;2017:（新课标ⅲ）;2018:（新课标Ⅰ）;2018:（新课标ⅱ）;2018:（新课标ⅲ）;2020:（新课标Ⅱ）;2020:（新课标Ⅲ）;2021:（新课标Ⅰ）;2021:（解析版）;2022:（全国乙卷）;2022:（全国甲卷）
moscow,,extension,2183,ipa-dict(en_US/CMUdict),corroborated,ECDICT,teacher_pdf_gloss,historical_partial_2010_2022,1,2017:（新课标ⅱ）
mosquito,mosquito**,selective_required,2185,ipa-dict(en_US/CMUdict),corroborated,ECDICT,teacher_pdf_gloss,historical_partial_2010_2022,0,
most,most,junior,,ipa-dict(en_US/CMUdict),corroborated,curated_function_words,ECDICT,historical_partial_2010_2022,30,2010:（新课标Ⅰ）;2010:（新课标Ⅱ）;2011:（全国卷ii）;2011:（新课标）;2012:（新课标）;2013:（新课标ii）;2013:（新课标Ⅰ）;2014:（新课标Ⅰ）;2014:（新课标ⅱ）;2015:（新课标Ⅰ）;2015:（新课标ⅱ）;2016:（新课标Ⅰ）;2016:（新课标ⅱ）;2016:（新课标ⅲ）;2017:（新课标Ⅰ）;2017:（新课标ⅱ）;2017:（新课标ⅲ）;2018:（新课标Ⅰ）;2018:（新课标ⅱ）;2018:（新课标ⅲ）;2019:（新课标Ⅰ）;2019:（新课标Ⅱ）;2019:（新课标Ⅲ）;2020:（新课标Ⅰ）;2020:（新课标Ⅱ）;2020:（新课标Ⅲ）;2021:（新课标Ⅰ）;2021:（解析版）;2022:（全国乙卷）;2022:（全国甲卷）
mostly,mostly**,selective_required,,ipa-dict(en_US/CMUdict),corroborated,ECDICT,ECDICT,historical_partial_2010_2022,7,2010:（新课标Ⅰ）;2011:（全国卷ii）;2014:（新课标Ⅰ）;2016:（新课标ⅲ）;2017:（新课标ⅲ）;2019:（新课标Ⅰ）;2021:（解析版）
mother,mother (mum),junior,2187,ipa-dict(en_US/CMUdict),corroborated,ECDICT,teacher_pdf_gloss,historical_partial_2010_2022,16,2010:（新课标Ⅰ）;2010:（新课标Ⅱ）;2011:（全国卷ii）;2011:（新课标）;2012:（新课标）;2013:（新课标ii）;2013:（新课标Ⅰ）;2014:（新课标ⅱ）;2016:（新课标Ⅰ）;2017:（新课标Ⅰ）;2017:（新课标ⅱ）;2018:（新课标ⅲ）;2019:（新课标Ⅰ）;2020:（新课标Ⅱ）;2020:（新课标Ⅲ）;2021:（解析版）
motion,motion**,selective_required,,ipa-dict(en_US/CMUdict),corroborated,ECDICT,ECDICT,historical_partial_2010_2022,0,
motivate,motivate**,selective_required,,ipa-dict(en_US/CMUdict),corroborated,ECDICT,ECDICT,historical_partial_2010_2022,1,2019:（新课标Ⅱ）
motivation,,extension,2189,ipa-dict(en_US/CMUdict),corroborated,ECDICT,teacher_pdf_gloss,historical_partial_2010_2022,2,2017:（新课标ⅲ）;2019:（新课标Ⅱ）
motive,motive**,selective_required,,ipa-dict(en_US/CMUdict),corroborated,ECDICT,ECDICT,historical_partial_2010_2022,0,
motor,motor**,selective_required,2190,ipa-dict(en_US/CMUdict),corroborated,ECDICT,teacher_pdf_gloss,historical_partial_2010_2022,1,2014:（新课标ⅱ）
mount,mount**,selective_required,,ipa-dict(en_US/CMUdict),corroborated,ECDICT,ECDICT,historical_partial_2010_2022,1,2020:（新课标Ⅲ）
mountain,mountain,junior,,ipa-dict(en_US/CMUdict),corroborated,ECDICT,ECDICT,historical_partial_2010_2022,10,2010:（新课标Ⅰ）;2014:（新课标ⅱ）;2015:（新课标Ⅰ）;2016:（新课标Ⅰ）;2018:（新课标ⅲ）;2019:（新课标Ⅰ）;2019:（新课标Ⅲ）;2020:（新课标Ⅲ）;2022:（全国乙卷）;2022:（全国甲卷）
mouse,mouse (pl. mice),junior,2197,ipa-dict(en_US/CMUdict),corroborated,ECDICT,teacher_pdf_gloss,historical_partial_2010_2022,0,
mouth,mouth,junior,2199,ipa-dict(en_US/CMUdict),corroborated,ECDICT,teacher_pdf_gloss,historical_partial_2010_2022,2,2018:（新课标ⅲ）;2022:（全国乙卷）
move,move,junior,2201,ipa-dict(en_US/CMUdict),corroborated,ECDICT,teacher_pdf_gloss,historical_partial_2010_2022,23,2010:（新课标Ⅰ）;2010:（新课标Ⅱ）;2011:（全国卷ii）;2011:（新课标）;2012:（新课标）;2013:（新课标ii）;2013:（新课标Ⅰ）;2014:（新课标ⅱ）;2015:（新课标Ⅰ）;2016:（新课标Ⅰ）;2016:（新课标ⅱ）;2016:（新课标ⅲ）;2017:（新课标Ⅰ）;2018:（新课标Ⅰ）;2018:（新课标ⅱ）;2018:（新课标ⅲ）;2019:（新课标Ⅱ）;2020:（新课标Ⅰ）;2020:（新课标Ⅱ）;2020:（新课标Ⅲ）;2021:（解析版）;2022:（全国乙卷）;2022:（全国甲卷）
movement,movement*,required,2202,ipa-dict(en_US/CMUdict),corroborated,ECDICT,teacher_pdf_gloss,historical_partial_2010_2022,8,2011:（全国卷ii）;2011:（新课标）;2014:（新课标ⅱ）;2016:（新课标Ⅰ）;2017:（新课标Ⅰ）;2019:（新课标Ⅲ）;2021:（新课标Ⅰ）;2022:（全国乙卷）
movie,movie,junior,2203,ipa-dict(en_US/CMUdict),corroborated,ECDICT,teacher_pdf_gloss,historical_partial_2010_2022,5,2015:（新课标ⅱ）;2016:（新课标ⅱ）;2017:（新课标ⅱ）;2017:（新课标ⅲ）;2019:（新课标Ⅲ）
mr,Mr,junior,,ipa-dict(en_US/CMUdict),corroborated,WordNet,curated_override,historical_partial_2010_2022,7,2010:（新课标Ⅱ）;2011:（全国卷ii）;2011:（新课标）;2013:（新课标ii）;2013:（新课标Ⅰ）;2017:（新课标ⅱ）;2018:（新课标ⅱ）
mrs,Mrs,junior,,ipa-dict(en_US/CMUdict),corroborated,WordNet,ECDICT,historical_partial_2010_2022,5,2010:（新课标Ⅰ）;2011:（新课标）;2016:（新课标Ⅰ）;2017:（新课标ⅱ）;2018:（新课标ⅱ）
ms,Ms,junior,,ipa-dict(en_US/CMUdict),corroborated,WordNet,curated_override,historical_partial_2010_2022,3,2010:（新课标Ⅰ）;2011:（新课标）;2016:（新课标Ⅰ）
much,much,junior,,ipa-dict(en_US/CMUdict),corroborated,curated_function_words,ECDICT,historical_partial_2010_2022,26,2010:（新课标Ⅰ）;2010:（新课标Ⅱ）;2011:（全国卷ii）;2011:（新课标）;2012:（新课标）;2013:（新课标Ⅰ）;2014:（新课标Ⅰ）;2015:（新课标Ⅰ）;2015:（新课标ⅱ）;2016:（新课标Ⅰ）;2016:（新课标ⅲ）;2017:（新课标Ⅰ）;2017:（新课标ⅱ）;2017:（新课标ⅲ）;2018:（新课标Ⅰ）;2018:（新课标ⅱ）;2018:（新课标ⅲ）;2019:（新课标Ⅰ）;2019:（新课标Ⅱ）;2020:（新课标Ⅰ）;2020:（新课标Ⅱ）;2020:（新课标Ⅲ）;2021:（新课标Ⅰ）;2021:（解析版）;2022:（全国乙卷）;2022:（全国甲卷）
mud,mud**,selective_required,2208,ipa-dict(en_US/CMUdict),corroborated,ECDICT,teacher_pdf_gloss,historical_partial_2010_2022,1,2022:（全国乙卷）
multiple,multiple**,selective_required,,ipa-dict(en_US/CMUdict),corroborated,ECDICT,ECDICT,historical_partial_2010_2022,0,
murder,murder**,selective_required,2211,ipa-dict(en_US/CMUdict),corroborated,ECDICT,teacher_pdf_gloss,historical_partial_2010_2022,0,
muscle,muscle**,selective_required,,ipa-dict(en_US/CMUdict),corroborated,ECDICT,ECDICT,historical_partial_2010_2022,3,2015:（新课标ⅱ）;2018:（新课标Ⅰ）;2019:（新课标Ⅰ）
museum,museum,junior,2212,ipa-dict(en_US/CMUdict),corroborated,ECDICT,teacher_pdf_gloss,historical_partial_2010_2022,12,2010:（新课标Ⅱ）;2012:（新课标）;2013:（新课标Ⅰ）;2014:（新课标Ⅰ）;2015:（新课标Ⅰ）;2015:（新课标ⅱ）;2017:（新课标ⅲ）;2018:（新课标Ⅰ）;2018:（新课标ⅲ）;2020:（新课标Ⅱ）;2020:（新课标Ⅲ）;2022:（全国乙卷）
mushroom,mushroom**,selective_required,2213,ipa-dict(en_US/CMUdict),corroborated,ECDICT,teacher_pdf_gloss,historical_partial_2010_2022,0,
music,music,junior,2214,ipa-dict(en_US/CMUdict),corroborated,ECDICT,teacher_pdf_gloss,historical_partial_2010_2022,15,2010:（新课标Ⅱ）;2011:（全国卷ii）;2011:（新课标）;2012:（新课标）;2013:（新课标ii）;2014:（新课标Ⅰ）;2014:（新课标ⅱ）;2015:（新课标ⅱ）;2016:（新课标ⅱ）;2016:（新课标ⅲ）;2017:（新课标Ⅰ）;2017:（新课标ⅲ）;2018:（新课标ⅲ）;2021:（解析版）;2022:（全国甲卷）
musical,,extension,2215,ipa-dict(en_US/CMUdict),corroborated,ECDICT,teacher_pdf_gloss,historical_partial_2010_2022,6,2010:（新课标Ⅱ）;2012:（新课标）;2016:（新课标ⅲ）;2017:（新课标ⅲ）;2019:（新课标Ⅲ）;2022:（全国甲卷）
musician,musician,junior,2216,ipa-dict(en_US/CMUdict),corroborated,ECDICT,teacher_pdf_gloss,historical_partial_2010_2022,4,2016:（新课标ⅱ）;2016:（新课标ⅲ）;2017:（新课标Ⅰ）;2019:（新课标Ⅲ）
must,must,junior,,ipa-dict(en_US/CMUdict),corroborated,curated_modal_verbs,curated_override,historical_partial_2010_2022,18,2010:（新课标Ⅰ）;2011:（全国卷ii）;2011:（新课标）;2012:（新课标）;2013:（新课标ii）;2013:（新课标Ⅰ）;2014:（新课标ⅱ）;2015:（新课标Ⅰ）;2016:（新课标Ⅰ）;2017:（新课标Ⅰ）;2017:（新课标ⅱ）;2017:（新课标ⅲ）;2019:（新课标Ⅱ）;2020:（新课标Ⅰ）;2020:（新课标Ⅱ）;2021:（新课标Ⅰ）;2021:（解析版）;2022:（全国乙卷）
my,my,junior,2220,ipa-dict(en_US/CMUdict),corroborated,ECDICT,teacher_pdf_gloss,historical_partial_2010_2022,28,2010:（新课标Ⅰ）;2010:（新课标Ⅱ）;2011:（全国卷ii）;2011:（新课标）;2012:（新课标）;2013:（新课标ii）;2013:（新课标Ⅰ）;2014:（新课标Ⅰ）;2014:（新课标ⅱ）;2015:（新课标Ⅰ）;2015:（新课标ⅱ）;2016:（新课标Ⅰ）;2016:（新课标ⅱ）;2016:（新课标ⅲ）;2017:（新课标Ⅰ）;2017:（新课标ⅲ）;2018:（新课标Ⅰ）;2018:（新课标ⅱ）;2018:（新课标ⅲ）;2019:（新课标Ⅰ）;2019:（新课标Ⅱ）;2019:（新课标Ⅲ）;2020:（新课标Ⅰ）;2020:（新课标Ⅱ）;2020:（新课标Ⅲ）;2021:（新课标Ⅰ）;2021:（解析版）;2022:（全国甲卷）
myself,myself,junior,2221,ipa-dict(en_US/CMUdict),corroborated,ECDICT,teacher_pdf_gloss,historical_partial_2010_2022,10,2013:（新课标Ⅰ）;2016:（新课标ⅱ）;2016:（新课标ⅲ）;2017:（新课标Ⅰ）;2017:（新课标ⅲ）;2018:（新课标ⅲ）;2019:（新课标Ⅰ）;2019:（新课标Ⅱ）;2020:（新课标Ⅰ）;2021:（解析版）
nail,nail**,selective_required,2222,ipa-dict(en_US/CMUdict),corroborated,ECDICT,teacher_pdf_gloss,historical_partial_2010_2022,0,
name,name,junior,2223,ipa-dict(en_US/CMUdict),corroborated,ECDICT,teacher_pdf_gloss,historical_partial_2010_2022,20,2010:（新课标Ⅰ）;2011:（全国卷ii）;2011:（新课标）;2013:（新课标ii）;2013:（新课标Ⅰ）;2014:（新课标ⅱ）;2015:（新课标Ⅰ）;2016:（新课标ⅱ）;2016:（新课标ⅲ）;2017:（新课标ⅱ）;2017:（新课标ⅲ）;2018:（新课标ⅱ）;2018:（新课标ⅲ）;2019:（新课标Ⅰ）;2019:（新课标Ⅲ）;2020:（新课标Ⅰ）;2020:（新课标Ⅱ）;2020:（新课标Ⅲ）;2022:（全国乙卷）;2022:（全国甲卷）
narrow,narrow*,required,2224,ipa-dict(en_US/CMUdict),corroborated,ECDICT,teacher_pdf_gloss,historical_partial_2010_2022,1,2011:（全国卷ii）
nation,nation*,required,2225,ipa-dict(en_US/CMUdict),corroborated,ECDICT,teacher_pdf_gloss,historical_partial_2010_2022,3,2014:（新课标Ⅰ）;2017:（新课标Ⅰ）;2022:（全国乙卷）
national,national,junior,2226,ipa-dict(en_US/CMUdict),corroborated,ECDICT,teacher_pdf_gloss,historical_partial_2010_2022,14,2011:（全国卷ii）;2013:（新课标Ⅰ）;2014:（新课标Ⅰ）;2015:（新课标ⅱ）;2016:（新课标ⅲ）;2017:（新课标Ⅰ）;2017:（新课标ⅱ）;2017:（新课标ⅲ）;2018:（新课标Ⅰ）;2018:（新课标ⅲ）;2019:（新课标Ⅰ）;2021:（新课标Ⅰ）;2022:（全国乙卷）;2022:（全国甲卷）
nationality,nationality*,required,2227,ipa-dict(en_US/CMUdict),corroborated,ECDICT,teacher_pdf_gloss,historical_partial_2010_2022,0,
native,native**,selective_required,2229,ipa-dict(en_US/CMUdict),corroborated,ECDICT,teacher_pdf_gloss,historical_partial_2010_2022,6,2011:（全国卷ii）;2014:（新课标Ⅰ）;2014:（新课标ⅱ）;2016:（新课标Ⅰ）;2016:（新课标ⅲ）;2022:（全国甲卷）
natural,natural,junior,2230,ipa-dict(en_US/CMUdict),corroborated,ECDICT,teacher_pdf_gloss,historical_partial_2010_2022,13,2010:（新课标Ⅱ）;2012:（新课标）;2014:（新课标Ⅰ）;2015:（新课标Ⅰ）;2016:（新课标ⅱ）;2017:（新课标Ⅰ）;2017:（新课标ⅱ）;2018:（新课标ⅲ）;2019:（新课标Ⅰ）;2020:（新课标Ⅲ）;2021:（新课标Ⅰ）;2021:（解析版）;2022:（全国乙卷）
nature,nature,junior,2231,ipa-dict(en_US/CMUdict),corroborated,ECDICT,teacher_pdf_gloss,historical_partial_2010_2022,8,2015:（新课标ⅱ）;2017:（新课标Ⅰ）;2018:（新课标ⅱ）;2018:（新课标ⅲ）;2019:（新课标Ⅰ）;2019:（新课标Ⅱ）;2020:（新课标Ⅲ）;2021:（解析版）
navy,navy**,selective_required,2232,ipa-dict(en_US/CMUdict),corroborated,ECDICT,teacher_pdf_gloss,historical_partial_2010_2022,0,
near,near,junior,2233,ipa-dict(en_US/CMUdict),corroborated,curated_function_words,teacher_pdf_gloss,historical_partial_2010_2022,12,2010:（新课标Ⅰ）;2011:（新课标）;2013:（新课标Ⅰ）;2014:（新课标Ⅰ）;2016:（新课标Ⅰ）;2016:（新课标ⅲ）;2017:（新课标Ⅰ）;2018:（新课标ⅲ）;2019:（新课标Ⅰ）;2020:（新课标Ⅰ）;2020:（新课标Ⅲ）;2021:（解析版）
nearby,nearby*,required,2234,ipa-dict(en_US/CMUdict),corroborated,ECDICT,teacher_pdf_gloss,historical_partial_2010_2022,5,2012:（新课标）;2015:（新课标Ⅰ）;2016:（新课标ⅱ）;2018:（新课标ⅲ）;2019:（新课标Ⅲ）
nearly,nearly,junior,2235,ipa-dict(en_US/CMUdict),corroborated,ECDICT,teacher_pdf_gloss,historical_partial_2010_2022,8,2010:（新课标Ⅱ）;2014:（新课标Ⅰ）;2014:（新课标ⅱ）;2017:（新课标ⅲ）;2018:（新课标ⅱ）;2019:（新课标Ⅱ）;2019:（新课标Ⅲ）;2022:（全国甲卷）
neat,neat*,required,2236,ipa-dict(en_US/CMUdict),corroborated,ECDICT,teacher_pdf_gloss,historical_partial_2010_2022,1,2017:（新课标Ⅰ）
necessary,necessary,junior,2237,ipa-dict(en_US/CMUdict),corroborated,ECDICT,teacher_pdf_gloss,historical_partial_2010_2022,12,2010:（新课标Ⅱ）;2011:（新课标）;2012:（新课标）;2016:（新课标Ⅰ）;2017:（新课标Ⅰ）;2017:（新课标ⅱ）;2018:（新课标ⅱ）;2018:（新课标ⅲ）;2019:（新课标Ⅰ）;2020:（新课标Ⅰ）;2021:（新课标Ⅰ）;2021:（解析版）
neck,neck,junior,2238,ipa-dict(en_US/CMUdict),corroborated,ECDICT,teacher_pdf_gloss,historical_partial_2010_2022,1,2016:（新课标Ⅰ）
need,need,junior,2241,ipa-dict(en_US/CMUdict),corroborated,ECDICT,teacher_pdf_gloss,historical_partial_2010_2022,26,2010:（新课标Ⅰ）;2010:（新课标Ⅱ）;2011:（新课标）;2012:（新课标）;2013:（新课标ii）;2014:（新课标Ⅰ）;2014:（新课标ⅱ）;2015:（新课标Ⅰ）;2015:（新课标ⅱ）;2016:（新课标Ⅰ）;2016:（新课标ⅱ）;2016:（新课标ⅲ）;2017:（新课标Ⅰ）;2017:（新课标ⅱ）;2017:（新课标ⅲ）;2018:（新课标Ⅰ）;2018:（新课标ⅲ）;2019:（新课标Ⅰ）;2019:（新课标Ⅱ）;2019:（新课标Ⅲ）;2020:（新课标Ⅰ）;2020:（新课标Ⅲ）;2021:（新课标Ⅰ）;2021:（解析版）;2022:（全国乙卷）;2022:（全国甲卷）
needle,needle**,selective_required,2242,ipa-dict(en_US/CMUdict),corroborated,ECDICT,teacher_pdf_gloss,historical_partial_2010_2022,0,
negative,negative*,required,,ipa-dict(en_US/CMUdict),corroborated,ECDICT,ECDICT,historical_partial_2010_2022,1,2016:（新课标ⅲ）
negotiate,negotiate**,selective_required,2243,ipa-dict(en_US/CMUdict),corroborated,ECDICT,teacher_pdf_gloss,historical_partial_2010_2022,0,
neighbor,neighbour (neighbor),junior,2244,ipa-dict(en_US/CMUdict),corroborated,ECDICT,teacher_pdf_gloss,historical_partial_2010_2022,4,2014:（新课标Ⅰ）;2017:（新课标ⅱ）;2019:（新课标Ⅰ）;2019:（新课标Ⅲ）
neighborhood,neighbourhood (neighborhood)**,selective_required,2245,ipa-dict(en_US/CMUdict),corroborated,ECDICT,teacher_pdf_gloss,historical_partial_2010_2022,3,2011:（全国卷ii）;2013:（新课标ii）;2015:（新课标Ⅰ）
neither,neither,junior,2246,ipa-dict(en_US/CMUdict),corroborated,curated_function_words,teacher_pdf_gloss,historical_partial_2010_2022,8,2010:（新课标Ⅰ）;2010:（新课标Ⅱ）;2011:（全国卷ii）;2012:（新课标）;2013:（新课标Ⅰ）;2015:（新课标ⅱ）;2019:（新课标Ⅱ）;2022:（全国甲卷）
nephew,nephew**,selective_required,2247,ipa-dict(en_US/CMUdict),corroborated,ECDICT,teacher_pdf_gloss,historical_partial_2010_2022,0,
nervous,nervous,junior,2248,ipa-dict(en_US/CMUdict),corroborated,ECDICT,teacher_pdf_gloss,historical_partial_2010_2022,6,2010:（新课标Ⅰ）;2016:（新课标ⅱ）;2017:（新课标Ⅰ）;2018:（新课标ⅲ）;2019:（新课标Ⅰ）;2022:（全国甲卷）
nest,nest**,selective_required,2249,ipa-dict(en_US/CMUdict),corroborated,ECDICT,teacher_pdf_gloss,historical_partial_2010_2022,4,2012:（新课标）;2014:（新课标Ⅰ）;2017:（新课标Ⅰ）;2022:（全国甲卷）
net,net**,selective_required,2250,ipa-dict(en_US/CMUdict),corroborated,ECDICT,teacher_pdf_gloss,historical_partial_2010_2022,2,2014:（新课标Ⅰ）;2019:（新课标Ⅰ）
network,network**,selective_required,2251,ipa-dict(en_US/CMUdict),corroborated,ECDICT,teacher_pdf_gloss,historical_partial_2010_2022,6,2011:（全国卷ii）;2016:（新课标ⅲ）;2017:（新课标ⅲ）;2018:（新课标ⅱ）;2018:（新课标ⅲ）;2019:（新课标Ⅲ）
never,never,junior,2252,ipa-dict(en_US/CMUdict),corroborated,ECDICT,teacher_pdf_gloss,historical_partial_2010_2022,16,2010:（新课标Ⅰ）;2010:（新课标Ⅱ）;2011:（全国卷ii）;2011:（新课标）;2012:（新课标）;2013:（新课标Ⅰ）;2014:（新课标Ⅰ）;2015:（新课标ⅱ）;2016:（新课标Ⅰ）;2016:（新课标ⅱ）;2017:（新课标Ⅰ）;2018:（新课标ⅲ）;2019:（新课标Ⅰ）;2020:（新课标Ⅱ）;2021:（新课标Ⅰ）;2022:（全国甲卷）
nevertheless,nevertheless**,selective_required,,ipa-dict(en_US/CMUdict),corroborated,ECDICT,ECDICT,historical_partial_2010_2022,1,2017:（新课标Ⅰ）
new,new,junior,2253,ipa-dict(en_US/CMUdict),corroborated,ECDICT,teacher_pdf_gloss,historical_partial_2010_2022,29,2010:（新课标Ⅰ）;2010:（新课标Ⅱ）;2011:（全国卷ii）;2011:（新课标）;2012:（新课标）;2013:（新课标ii）;2013:（新课标Ⅰ）;2014:（新课标Ⅰ）;2014:（新课标ⅱ）;2015:（新课标Ⅰ）;2015:（新课标ⅱ）;2016:（新课标Ⅰ）;2016:（新课标ⅱ）;2016:（新课标ⅲ）;2017:（新课标Ⅰ）;2017:（新课标ⅱ）;2017:（新课标ⅲ）;2018:（新课标Ⅰ）;2018:（新课标ⅱ）;2018:（新课标ⅲ）;2019:（新课标Ⅰ）;2019:（新课标Ⅱ）;2019:（新课标Ⅲ）;2020:（新课标Ⅰ）;2020:（新课标Ⅱ）;2020:（新课标Ⅲ）;2021:（解析版）;2022:（全国乙卷）;2022:（全国甲卷）
news,news,junior,2257,ipa-dict(en_US/CMUdict),corroborated,ECDICT,teacher_pdf_gloss,historical_partial_2010_2022,11,2012:（新课标）;2015:（新课标ⅱ）;2016:（新课标Ⅰ）;2016:（新课标ⅲ）;2017:（新课标Ⅰ）;2018:（新课标Ⅰ）;2018:（新课标ⅲ）;2020:（新课标Ⅱ）;2021:（新课标Ⅰ）;2021:（解析版）;2022:（全国乙卷）
newspaper,newspaper,junior,2258,ipa-dict(en_US/CMUdict),corroborated,ECDICT,teacher_pdf_gloss,historical_partial_2010_2022,4,2011:（全国卷ii）;2011:（新课标）;2015:（新课标ⅱ）;2019:（新课标Ⅲ）
next,next,junior,,ipa-dict(en_US/CMUdict),corroborated,ECDICT,ECDICT,historical_partial_2010_2022,17,2011:（全国卷ii）;2011:（新课标）;2012:（新课标）;2013:（新课标Ⅰ）;2014:（新课标Ⅰ）;2014:（新课标ⅱ）;2015:（新课标ⅱ）;2017:（新课标Ⅰ）;2017:（新课标ⅱ）;2018:（新课标ⅱ）;2019:（新课标Ⅰ）;2019:（新课标Ⅱ）;2020:（新课标Ⅰ）;2020:（新课标Ⅲ）;2021:（解析版）;2022:（全国乙卷）;2022:（全国甲卷）
nice,nice,junior,2260,ipa-dict(en_US/CMUdict),corroborated,ECDICT,teacher_pdf_gloss,historical_partial_2010_2022,10,2011:（全国卷ii）;2013:（新课标Ⅰ）;2015:（新课标Ⅰ）;2015:（新课标ⅱ）;2016:（新课标ⅱ）;2018:（新课标ⅲ）;2019:（新课标Ⅰ）;2019:（新课标Ⅱ）;2020:（新课标Ⅱ）;2021:（解析版）
niece,niece**,selective_required,2261,ipa-dict(en_US/CMUdict),corroborated,ECDICT,teacher_pdf_gloss,historical_partial_2010_2022,0,
night,night,junior,2262,ipa-dict(en_US/CMUdict),corroborated,ECDICT,teacher_pdf_gloss,historical_partial_2010_2022,17,2010:（新课标Ⅱ）;2011:（新课标）;2013:（新课标ii）;2014:（新课标ⅱ）;2015:（新课标Ⅰ）;2015:（新课标ⅱ）;2016:（新课标ⅱ）;2016:（新课标ⅲ）;2017:（新课标Ⅰ）;2017:（新课标ⅲ）;2018:（新课标Ⅰ）;2018:（新课标ⅱ）;2018:（新课标ⅲ）;2019:（新课标Ⅱ）;2019:（新课标Ⅲ）;2020:（新课标Ⅱ）;2022:（全国乙卷）
nine,nine,junior,2264,ipa-dict(en_US/CMUdict),corroborated,curated_function_words,teacher_pdf_gloss,historical_partial_2010_2022,2,2011:（全国卷ii）;2019:（新课标Ⅰ）
nineteen,nineteen,junior,2265,ipa-dict(en_US/CMUdict),corroborated,curated_function_words,teacher_pdf_gloss,historical_partial_2010_2022,1,2019:（新课标Ⅰ）
ninety,ninety,junior,2266,ipa-dict(en_US/CMUdict),corroborated,curated_function_words,teacher_pdf_gloss,historical_partial_2010_2022,0,
ninth,ninth,junior,2267,ipa-dict(en_US/CMUdict),corroborated,ECDICT,teacher_pdf_gloss,historical_partial_2010_2022,0,
no,no,junior,2268,ipa-dict(en_US/CMUdict),corroborated,ECDICT,teacher_pdf_gloss,historical_partial_2010_2022,30,2010:（新课标Ⅰ）;2010:（新课标Ⅱ）;2011:（全国卷ii）;2011:（新课标）;2012:（新课标）;2013:（新课标ii）;2013:（新课标Ⅰ）;2014:（新课标Ⅰ）;2014:（新课标ⅱ）;2015:（新课标Ⅰ）;2015:（新课标ⅱ）;2016:（新课标Ⅰ）;2016:（新课标ⅱ）;2016:（新课标ⅲ）;2017:（新课标Ⅰ）;2017:（新课标ⅱ）;2017:（新课标ⅲ）;2018:（新课标Ⅰ）;2018:（新课标ⅱ）;2018:（新课标ⅲ）;2019:（新课标Ⅰ）;2019:（新课标Ⅱ）;2019:（新课标Ⅲ）;2020:（新课标Ⅰ）;2020:（新课标Ⅱ）;2020:（新课标Ⅲ）;2021:（新课标Ⅰ）;2021:（解析版）;2022:（全国乙卷）;2022:（全国甲卷）
noble,noble**,selective_required,2270,ipa-dict(en_US/CMUdict),corroborated,ECDICT,teacher_pdf_gloss,historical_partial_2010_2022,0,
nobody,nobody,junior,2271,ipa-dict(en_US/CMUdict),corroborated,curated_function_words,teacher_pdf_gloss,historical_partial_2010_2022,4,2011:（新课标）;2013:（新课标ii）;2016:（新课标ⅱ）;2019:（新课标Ⅱ）
nod,nod,junior,2272,ipa-dict(en_US/CMUdict),corroborated,ECDICT,teacher_pdf_gloss,historical_partial_2010_2022,2,2016:（新课标ⅱ）;2021:（解析版）
noise,noise,junior,2273,ipa-dict(en_US/CMUdict),corroborated,ECDICT,teacher_pdf_gloss,historical_partial_2010_2022,4,2015:（新课标ⅱ）;2017:（新课标ⅱ）;2018:（新课标ⅲ）;2021:（新课标Ⅰ）
noisy,noisy,junior,2275,ipa-dict(en_US/CMUdict),corroborated,ECDICT,teacher_pdf_gloss,historical_partial_2010_2022,0,
nonchalant,,extension,,ipa-dict(en_US/CMUdict),corroborated,ECDICT,curated_override,historical_partial_2010_2022,0,
none,none,junior,2276,ipa-dict(en_US/CMUdict),corroborated,curated_function_words,teacher_pdf_gloss,historical_partial_2010_2022,4,2012:（新课标）;2018:（新课标Ⅰ）;2018:（新课标ⅱ）;2019:（新课标Ⅱ）
noodle,noodle,junior,2279,ipa-dict(en_US/CMUdict),corroborated,ECDICT,teacher_pdf_gloss,historical_partial_2010_2022,0,
noon,noon,junior,2280,ipa-dict(en_US/CMUdict),corroborated,ECDICT,teacher_pdf_gloss,historical_partial_2010_2022,0,
nor,nor,junior,2281,ipa-dict(en_US/CMUdict),corroborated,curated_function_words,teacher_pdf_gloss,historical_partial_2010_2022,2,2019:（新课标Ⅱ）;2022:（全国甲卷）
normal,normal*,required,2282,ipa-dict(en_US/CMUdict),corroborated,ECDICT,teacher_pdf_gloss,historical_partial_2010_2022,6,2010:（新课标Ⅱ）;2014:（新课标ⅱ）;2015:（新课标Ⅰ）;2017:（新课标Ⅰ）;2019:（新课标Ⅲ）;2021:（新课标Ⅰ）
north,north,junior,,ipa-dict(en_US/CMUdict),corroborated,ECDICT,ECDICT,historical_partial_2010_2022,9,2010:（新课标Ⅱ）;2013:（新课标Ⅰ）;2014:（新课标Ⅰ）;2015:（新课标Ⅰ）;2016:（新课标Ⅰ）;2017:（新课标ⅲ）;2018:（新课标ⅲ）;2019:（新课标Ⅰ）;2019:（新课标Ⅲ）
northeast,,extension,2284,ipa-dict(en_US/CMUdict),corroborated,ECDICT,teacher_pdf_gloss,historical_partial_2010_2022,1,2015:（新课标Ⅰ）
northern,northern,junior,2285,ipa-dict(en_US/CMUdict),corroborated,ECDICT,teacher_pdf_gloss,historical_partial_2010_2022,3,2012:（新课标）;2018:（新课标ⅱ）;2020:（新课标Ⅲ）
northwest,,extension,2287,ipa-dict(en_US/CMUdict),corroborated,ECDICT,teacher_pdf_gloss,historical_partial_2010_2022,0,
nose,nose,junior,2288,ipa-dict(en_US/CMUdict),corroborated,ECDICT,teacher_pdf_gloss,historical_partial_2010_2022,3,2011:（全国卷ii）;2021:（解析版）;2022:（全国乙卷）
not,not,junior,2289,ipa-dict(en_US/CMUdict),corroborated,ECDICT,teacher_pdf_gloss,historical_partial_2010_2022,30,2010:（新课标Ⅰ）;2010:（新课标Ⅱ）;2011:（全国卷ii）;2011:（新课标）;2012:（新课标）;2013:（新课标ii）;2013:（新课标Ⅰ）;2014:（新课标Ⅰ）;2014:（新课标ⅱ）;2015:（新课标Ⅰ）;2015:（新课标ⅱ）;2016:（新课标Ⅰ）;2016:（新课标ⅱ）;2016:（新课标ⅲ）;2017:（新课标Ⅰ）;2017:（新课标ⅱ）;2017:（新课标ⅲ）;2018:（新课标Ⅰ）;2018:（新课标ⅱ）;2018:（新课标ⅲ）;2019:（新课标Ⅰ）;2019:（新课标Ⅱ）;2019:（新课标Ⅲ）;2020:（新课标Ⅰ）;2020:（新课标Ⅱ）;2020:（新课标Ⅲ）;2021:（新课标Ⅰ）;2021:（解析版）;2022:（全国乙卷）;2022:（全国甲卷）
note,note,junior,,ipa-dict(en_US/CMUdict),corroborated,ECDICT,ECDICT,historical_partial_2010_2022,5,2011:（新课标）;2017:（新课标ⅱ）;2019:（新课标Ⅰ）;2020:（新课标Ⅱ）;2021:（新课标Ⅰ）
notebook,notebook,junior,2291,ipa-dict(en_US/CMUdict),corroborated,ECDICT,teacher_pdf_gloss,historical_partial_2010_2022,0,
nothing,nothing,junior,2292,ipa-dict(en_US/CMUdict),corroborated,curated_function_words,teacher_pdf_gloss,historical_partial_2010_2022,13,2011:（全国卷ii）;2012:（新课标）;2013:（新课标ii）;2013:（新课标Ⅰ）;2014:（新课标ⅱ）;2015:（新课标ⅱ）;2016:（新课标Ⅰ）;2017:（新课标Ⅰ）;2017:（新课标ⅲ）;2018:（新课标ⅲ）;2020:（新课标Ⅰ）;2020:（新课标Ⅲ）;2022:（全国乙卷）
notice,notice,junior,2293,ipa-dict(en_US/CMUdict),corroborated,ECDICT,teacher_pdf_gloss,historical_partial_2010_2022,11,2011:（全国卷ii）;2011:（新课标）;2012:（新课标）;2013:（新课标Ⅰ）;2014:（新课标Ⅰ）;2015:（新课标Ⅰ）;2016:（新课标Ⅰ）;2016:（新课标ⅱ）;2016:（新课标ⅲ）;2019:（新课标Ⅲ）;2021:（解析版）
novel,novel**,selective_required,2294,ipa-dict(en_US/CMUdict),corroborated,ECDICT,teacher_pdf_gloss,historical_partial_2010_2022,4,2019:（新课标Ⅰ）;2019:（新课标Ⅱ）;2020:（新课标Ⅱ）;2021:（解析版）
novelist,novelist**,selective_required,2295,ipa-dict(en_US/CMUdict),corroborated,ECDICT,teacher_pdf_gloss,historical_partial_2010_2022,1,2020:（新课标Ⅱ）
november,November,junior,2296,ipa-dict(en_US/CMUdict),corroborated,ECDICT,teacher_pdf_gloss,historical_partial_2010_2022,7,2011:（新课标）;2015:（新课标Ⅰ）;2015:（新课标ⅱ）;2016:（新课标ⅲ）;2018:（新课标ⅲ）;2022:（全国乙卷）;2022:（全国甲卷）
now,now,junior,2297,ipa-dict(en_US/CMUdict),corroborated,ECDICT,teacher_pdf_gloss,historical_partial_2010_2022,27,2010:（新课标Ⅰ）;2010:（新课标Ⅱ）;2011:（全国卷ii）;2011:（新课标）;2013:（新课标ii）;2013:（新课标Ⅰ）;2014:（新课标Ⅰ）;2015:（新课标Ⅰ）;2015:（新课标ⅱ）;2016:（新课标Ⅰ）;2016:（新课标ⅱ）;2016:（新课标ⅲ）;2017:（新课标Ⅰ）;2017:（新课标ⅱ）;2017:（新课标ⅲ）;2018:（新课标ⅱ）;2018:（新课标ⅲ）;2019:（新课标Ⅰ）;2019:（新课标Ⅱ）;2019:（新课标Ⅲ）;2020:（新课标Ⅰ）;2020:（新课标Ⅱ）;2020:（新课标Ⅲ）;2021:（新课标Ⅰ）;2021:（解析版）;2022:（全国乙卷）;2022:（全国甲卷）
nowadays,nowadays*,required,2298,ipa-dict(en_US/CMUdict),corroborated,ECDICT,teacher_pdf_gloss,historical_partial_2010_2022,0,
nowhere,nowhere*,required,2299,ipa-dict(en_US/CMUdict),corroborated,ECDICT,teacher_pdf_gloss,historical_partial_2010_2022,1,2018:（新课标ⅲ）
nuclear,nuclear**,selective_required,2300,ipa-dict(en_US/CMUdict),corroborated,ECDICT,teacher_pdf_gloss,historical_partial_2010_2022,0,
number,number,junior,2302,ipa-dict(en_US/CMUdict),corroborated,ECDICT,teacher_pdf_gloss,historical_partial_2010_2022,21,2010:（新课标Ⅱ）;2011:（新课标）;2012:（新课标）;2013:（新课标ii）;2013:（新课标Ⅰ）;2014:（新课标Ⅰ）;2014:（新课标ⅱ）;2015:（新课标ⅱ）;2016:（新课标Ⅰ）;2016:（新课标ⅱ）;2016:（新课标ⅲ）;2017:（新课标ⅱ）;2018:（新课标Ⅰ）;2018:（新课标ⅱ）;2018:（新课标ⅲ）;2019:（新课标Ⅱ）;2019:（新课标Ⅲ）;2020:（新课标Ⅲ）;2021:（新课标Ⅰ）;2021:（解析版）;2022:（全国乙卷）
nurse,nurse,junior,2303,ipa-dict(en_US/CMUdict),corroborated,ECDICT,teacher_pdf_gloss,historical_partial_2010_2022,4,2010:（新课标Ⅰ）;2016:（新课标Ⅰ）;2019:（新课标Ⅲ）;2021:（新课标Ⅰ）
nursery,,extension,2304,ipa-dict(en_US/CMUdict),corroborated,ECDICT,teacher_pdf_gloss,historical_partial_2010_2022,1,2016:（新课标Ⅰ）
nut,nut*,required,2306,ipa-dict(en_US/CMUdict),corroborated,ECDICT,teacher_pdf_gloss,historical_partial_2010_2022,1,2022:（全国甲卷）
nutrition,nutrition**,selective_required,2307,ipa-dict(en_US/CMUdict),corroborated,ECDICT,teacher_pdf_gloss,historical_partial_2010_2022,2,2010:（新课标Ⅰ）;2018:（新课标ⅱ）
o'clock,o’clock,junior,2318,ipa-dict(en_US/CMUdict),corroborated,ECDICT,teacher_pdf_gloss,historical_partial_2010_2022,0,
object,object,junior,2310,ipa-dict(en_US/CMUdict),corroborated,ECDICT,teacher_pdf_gloss,historical_partial_2010_2022,5,2013:（新课标Ⅰ）;2015:（新课标Ⅰ）;2018:（新课标ⅱ）;2018:（新课标ⅲ）;2022:（全国甲卷）
objective,objective**,selective_required,,ipa-dict(en_US/CMUdict),corroborated,ECDICT,ECDICT,historical_partial_2010_2022,3,2019:（新课标Ⅱ）;2020:（新课标Ⅰ）;2021:（解析版）
obscure,,extension,,ipa-dict(en_US/CMUdict),corroborated,ECDICT,curated_override,historical_partial_2010_2022,0,
observe,observe*,required,2311,ipa-dict(en_US/CMUdict),corroborated,ECDICT,teacher_pdf_gloss,historical_partial_2010_2022,4,2017:（新课标ⅱ）;2018:（新课标Ⅰ）;2018:（新课标ⅲ）;2019:（新课标Ⅰ）
obtain,obtain**,selective_required,2312,ipa-dict(en_US/CMUdict),corroborated,ECDICT,teacher_pdf_gloss,historical_partial_2010_2022,3,2014:（新课标Ⅰ）;2017:（新课标Ⅰ）;2020:（新课标Ⅰ）
obvious,,extension,2313,ipa-dict(en_US/CMUdict),corroborated,ECDICT,teacher_pdf_gloss,historical_partial_2010_2022,2,2017:（新课标Ⅰ）;2020:（新课标Ⅰ）
obviously,obviously*,required,,ipa-dict(en_US/CMUdict),corroborated,ECDICT,ECDICT,historical_partial_2010_2022,3,2019:（新课标Ⅰ）;2019:（新课标Ⅲ）;2021:（解析版）
occasion,occasion*,required,,ipa-dict(en_US/CMUdict),corroborated,ECDICT,ECDICT,historical_partial_2010_2022,1,2017:（新课标ⅱ）
occupation,occupation**,selective_required,2314,ipa-dict(en_US/CMUdict),corroborated,ECDICT,teacher_pdf_gloss,historical_partial_2010_2022,0,
occupy,occupy**,selective_required,,ipa-dict(en_US/CMUdict),corroborated,ECDICT,ECDICT,historical_partial_2010_2022,1,2022:（全国甲卷）
occur,occur*,required,2315,ipa-dict(en_US/CMUdict),corroborated,ECDICT,teacher_pdf_gloss,historical_partial_2010_2022,6,2010:（新课标Ⅱ）;2011:（全国卷ii）;2012:（新课标）;2014:（新课标ⅱ）;2018:（新课标ⅱ）;2020:（新课标Ⅲ）
ocean,ocean*,required,2316,ipa-dict(en_US/CMUdict),corroborated,ECDICT,teacher_pdf_gloss,historical_partial_2010_2022,4,2016:（新课标Ⅰ）;2016:（新课标ⅲ）;2020:（新课标Ⅲ）;2021:（新课标Ⅰ）
october,October,junior,2319,ipa-dict(en_US/CMUdict),corroborated,ECDICT,teacher_pdf_gloss,historical_partial_2010_2022,3,2016:（新课标ⅲ）;2017:（新课标ⅲ）;2021:（新课标Ⅰ）
odd,odd*,required,,ipa-dict(en_US/CMUdict),corroborated,ECDICT,ECDICT,historical_partial_2010_2022,0,
of,of,junior,2320,ipa-dict(en_US/CMUdict),corroborated,curated_function_words,teacher_pdf_gloss,historical_partial_2010_2022,30,2010:（新课标Ⅰ）;2010:（新课标Ⅱ）;2011:（全国卷ii）;2011:（新课标）;2012:（新课标）;2013:（新课标ii）;2013:（新课标Ⅰ）;2014:（新课标Ⅰ）;2014:（新课标ⅱ）;2015:（新课标Ⅰ）;2015:（新课标ⅱ）;2016:（新课标Ⅰ）;2016:（新课标ⅱ）;2016:（新课标ⅲ）;2017:（新课标Ⅰ）;2017:（新课标ⅱ）;2017:（新课标ⅲ）;2018:（新课标Ⅰ）;2018:（新课标ⅱ）;2018:（新课标ⅲ）;2019:（新课标Ⅰ）;2019:（新课标Ⅱ）;2019:（新课标Ⅲ）;2020:（新课标Ⅰ）;2020:（新课标Ⅱ）;2020:（新课标Ⅲ）;2021:（新课标Ⅰ）;2021:（解析版）;2022:（全国乙卷）;2022:（全国甲卷）
off,off,junior,2321,ipa-dict(en_US/CMUdict),corroborated,curated_function_words,teacher_pdf_gloss,historical_partial_2010_2022,19,2010:（新课标Ⅰ）;2011:（全国卷ii）;2011:（新课标）;2013:（新课标ii）;2013:（新课标Ⅰ）;2014:（新课标Ⅰ）;2015:（新课标Ⅰ）;2015:（新课标ⅱ）;2016:（新课标Ⅰ）;2017:（新课标Ⅰ）;2017:（新课标ⅱ）;2017:（新课标ⅲ）;2018:（新课标ⅱ）;2019:（新课标Ⅰ）;2019:（新课标Ⅱ）;2020:（新课标Ⅰ）;2020:（新课标Ⅲ）;2021:（解析版）;2022:（全国甲卷）
offer,offer,junior,2324,ipa-dict(en_US/CMUdict),corroborated,ECDICT,teacher_pdf_gloss,historical_partial_2010_2022,16,2010:（新课标Ⅱ）;2011:（全国卷ii）;2012:（新课标）;2013:（新课标ii）;2013:（新课标Ⅰ）;2014:（新课标ⅱ）;2015:（新课标Ⅰ）;2016:（新课标ⅲ）;2017:（新课标Ⅰ）;2017:（新课标ⅲ）;2018:（新课标Ⅰ）;2018:（新课标ⅱ）;2019:（新课标Ⅰ）;2019:（新课标Ⅲ）;2020:（新课标Ⅰ）;2022:（全国甲卷）
office,office,junior,2325,ipa-dict(en_US/CMUdict),corroborated,ECDICT,teacher_pdf_gloss,historical_partial_2010_2022,13,2010:（新课标Ⅰ）;2010:（新课标Ⅱ）;2011:（新课标）;2013:（新课标ii）;2016:（新课标ⅱ）;2016:（新课标ⅲ）;2017:（新课标ⅱ）;2017:（新课标ⅲ）;2018:（新课标ⅲ）;2019:（新课标Ⅲ）;2020:（新课标Ⅰ）;2020:（新课标Ⅱ）;2021:（新课标Ⅰ）
officer,officer,junior,2326,ipa-dict(en_US/CMUdict),corroborated,ECDICT,teacher_pdf_gloss,historical_partial_2010_2022,2,2016:（新课标ⅱ）;2019:（新课标Ⅲ）
official,official*,required,,ipa-dict(en_US/CMUdict),corroborated,ECDICT,ECDICT,historical_partial_2010_2022,15,2013:（新课标ii）;2014:（新课标Ⅰ）;2014:（新课标ⅱ）;2015:（新课标ⅱ）;2016:（新课标Ⅰ）;2017:（新课标Ⅰ）;2017:（新课标ⅲ）;2019:（新课标Ⅰ）;2019:（新课标Ⅱ）;2020:（新课标Ⅱ）;2020:（新课标Ⅲ）;2021:（新课标Ⅰ）;2021:（解析版）;2022:（全国乙卷）;2022:（全国甲卷）
often,often,junior,2329,ipa-dict(en_US/CMUdict),corroborated,ECDICT,teacher_pdf_gloss,historical_partial_2010_2022,24,2010:（新课标Ⅰ）;2010:（新课标Ⅱ）;2011:（全国卷ii）;2011:（新课标）;2012:（新课标）;2013:（新课标Ⅰ）;2014:（新课标Ⅰ）;2014:（新课标ⅱ）;2015:（新课标ⅱ）;2016:（新课标ⅱ）;2016:（新课标ⅲ）;2017:（新课标ⅱ）;2017:（新课标ⅲ）;2018:（新课标Ⅰ）;2018:（新课标ⅱ）;2018:（新课标ⅲ）;2019:（新课标Ⅱ）;2020:（新课标Ⅰ）;2020:（新课标Ⅱ）;2020:（新课标Ⅲ）;2021:（新课标Ⅰ）;2021:（解析版）;2022:（全国乙卷）;2022:（全国甲卷）
oh,,extension,2330,ipa-dict(en_US/CMUdict),corroborated,curated_function_words,teacher_pdf_gloss,historical_partial_2010_2022,5,2012:（新课标）;2014:（新课标ⅱ）;2016:（新课标ⅱ）;2021:（新课标Ⅰ）;2022:（全国甲卷）
oil,oil,junior,2331,ipa-dict(en_US/CMUdict),corroborated,ECDICT,teacher_pdf_gloss,historical_partial_2010_2022,4,2011:（新课标）;2016:（新课标Ⅰ）;2018:（新课标Ⅰ）;2020:（新课标Ⅰ）
ok,OK,junior,2333,ipa-dict(en_US/CMUdict),corroborated,ECDICT,teacher_pdf_gloss,historical_partial_2010_2022,0,
old,old,junior,2334,ipa-dict(en_US/CMUdict),corroborated,ECDICT,teacher_pdf_gloss,historical_partial_2010_2022,20,2010:（新课标Ⅰ）;2010:（新课标Ⅱ）;2011:（新课标）;2013:（新课标ii）;2013:（新课标Ⅰ）;2014:（新课标Ⅰ）;2014:（新课标ⅱ）;2015:（新课标Ⅰ）;2016:（新课标ⅲ）;2017:（新课标ⅱ）;2017:（新课标ⅲ）;2018:（新课标Ⅰ）;2018:（新课标ⅲ）;2019:（新课标Ⅰ）;2020:（新课标Ⅰ）;2020:（新课标Ⅱ）;2020:（新课标Ⅲ）;2021:（新课标Ⅰ）;2021:（解析版）;2022:（全国甲卷）
olympics,Olympics,junior,,ipa-dict(en_US/CMUdict),corroborated,ECDICT,ECDICT,historical_partial_2010_2022,1,2020:（新课标Ⅰ）
on,on,junior,,ipa-dict(en_US/CMUdict),corroborated,curated_function_words,ECDICT,historical_partial_2010_2022,30,2010:（新课标Ⅰ）;2010:（新课标Ⅱ）;2011:（全国卷ii）;2011:（新课标）;2012:（新课标）;2013:（新课标ii）;2013:（新课标Ⅰ）;2014:（新课标Ⅰ）;2014:（新课标ⅱ）;2015:（新课标Ⅰ）;2015:（新课标ⅱ）;2016:（新课标Ⅰ）;2016:（新课标ⅱ）;2016:（新课标ⅲ）;2017:（新课标Ⅰ）;2017:（新课标ⅱ）;2017:（新课标ⅲ）;2018:（新课标Ⅰ）;2018:（新课标ⅱ）;2018:（新课标ⅲ）;2019:（新课标Ⅰ）;2019:（新课标Ⅱ）;2019:（新课标Ⅲ）;2020:（新课标Ⅰ）;2020:（新课标Ⅱ）;2020:（新课标Ⅲ）;2021:（新课标Ⅰ）;2021:（解析版）;2022:（全国乙卷）;2022:（全国甲卷）
once,once,junior,2339,ipa-dict(en_US/CMUdict),corroborated,curated_function_words,teacher_pdf_gloss,historical_partial_2010_2022,17,2010:（新课标Ⅱ）;2011:（全国卷ii）;2012:（新课标）;2013:（新课标ii）;2014:（新课标Ⅰ）;2015:（新课标Ⅰ）;2015:（新课标ⅱ）;2016:（新课标Ⅰ）;2016:（新课标ⅱ）;2017:（新课标Ⅰ）;2017:（新课标ⅱ）;2017:（新课标ⅲ）;2018:（新课标ⅲ）;2019:（新课标Ⅱ）;2021:（新课标Ⅰ）;2021:（解析版）;2022:（全国乙卷）
one,one,junior,2340,ipa-dict(en_US/CMUdict),corroborated,curated_function_words,teacher_pdf_gloss,historical_partial_2010_2022,30,2010:（新课标Ⅰ）;2010:（新课标Ⅱ）;2011:（全国卷ii）;2011:（新课标）;2012:（新课标）;2013:（新课标ii）;2013:（新课标Ⅰ）;2014:（新课标Ⅰ）;2014:（新课标ⅱ）;2015:（新课标Ⅰ）;2015:（新课标ⅱ）;2016:（新课标Ⅰ）;2016:（新课标ⅱ）;2016:（新课标ⅲ）;2017:（新课标Ⅰ）;2017:（新课标ⅱ）;2017:（新课标ⅲ）;2018:（新课标Ⅰ）;2018:（新课标ⅱ）;2018:（新课标ⅲ）;2019:（新课标Ⅰ）;2019:（新课标Ⅱ）;2019:（新课标Ⅲ）;2020:（新课标Ⅰ）;2020:（新课标Ⅱ）;2020:（新课标Ⅲ）;2021:（新课标Ⅰ）;2021:（解析版）;2022:（全国乙卷）;2022:（全国甲卷）
onion,onion**,selective_required,2342,ipa-dict(en_US/CMUdict),corroborated,ECDICT,teacher_pdf_gloss,historical_partial_2010_2022,0,
online,online,junior,,ipa-dict(en_US/CMUdict),corroborated,WordNet,ECDICT,historical_partial_2010_2022,7,2015:（新课标Ⅰ）;2016:（新课标ⅱ）;2016:（新课标ⅲ）;2017:（新课标ⅲ）;2018:（新课标ⅱ）;2019:（新课标Ⅰ）;2019:（新课标Ⅲ）
only,only,junior,2343,ipa-dict(en_US/CMUdict),corroborated,ECDICT,teacher_pdf_gloss,historical_partial_2010_2022,30,2010:（新课标Ⅰ）;2010:（新课标Ⅱ）;2011:（全国卷ii）;2011:（新课标）;2012:（新课标）;2013:（新课标ii）;2013:（新课标Ⅰ）;2014:（新课标Ⅰ）;2014:（新课标ⅱ）;2015:（新课标Ⅰ）;2015:（新课标ⅱ）;2016:（新课标Ⅰ）;2016:（新课标ⅱ）;2016:（新课标ⅲ）;2017:（新课标Ⅰ）;2017:（新课标ⅱ）;2017:（新课标ⅲ）;2018:（新课标Ⅰ）;2018:（新课标ⅱ）;2018:（新课标ⅲ）;2019:（新课标Ⅰ）;2019:（新课标Ⅱ）;2019:（新课标Ⅲ）;2020:（新课标Ⅰ）;2020:（新课标Ⅱ）;2020:（新课标Ⅲ）;2021:（新课标Ⅰ）;2021:（解析版）;2022:（全国乙卷）;2022:（全国甲卷）
onto,onto*,required,2344,ipa-dict(en_US/CMUdict),corroborated,curated_function_words,teacher_pdf_gloss,historical_partial_2010_2022,4,2019:（新课标Ⅲ）;2020:（新课标Ⅰ）;2021:（解析版）;2022:（全国甲卷）
open,open,junior,2345,ipa-dict(en_US/CMUdict),corroborated,ECDICT,teacher_pdf_gloss,historical_partial_2010_2022,18,2010:（新课标Ⅱ）;2011:（全国卷ii）;2011:（新课标）;2013:（新课标Ⅰ）;2014:（新课标ⅱ）;2015:（新课标Ⅰ）;2015:（新课标ⅱ）;2016:（新课标ⅱ）;2016:（新课标ⅲ）;2017:（新课标Ⅰ）;2017:（新课标ⅱ）;2018:（新课标ⅲ）;2019:（新课标Ⅱ）;2019:（新课标Ⅲ）;2020:（新课标Ⅰ）;2020:（新课标Ⅱ）;2021:（新课标Ⅰ）;2021:（解析版）
opening,,extension,2347,ipa-dict(en_US/CMUdict),corroborated,ECDICT,teacher_pdf_gloss,historical_partial_2010_2022,9,2010:（新课标Ⅰ）;2011:（全国卷ii）;2013:（新课标Ⅰ）;2018:（新课标ⅲ）;2019:（新课标Ⅲ）;2020:（新课标Ⅰ）;2021:（新课标Ⅰ）;2021:（解析版）;2022:（全国乙卷）
opera,opera*,required,2348,ipa-dict(en_US/CMUdict),corroborated,ECDICT,teacher_pdf_gloss,historical_partial_2010_2022,1,2016:（新课标ⅲ）
operate,,extension,2350,ipa-dict(en_US/CMUdict),corroborated,ECDICT,teacher_pdf_gloss,historical_partial_2010_2022,6,2013:（新课标ii）;2013:（新课标Ⅰ）;2017:（新课标ⅱ）;2019:（新课标Ⅰ）;2020:（新课标Ⅰ）;2021:（新课标Ⅰ）
operation,operation*,required,2351,ipa-dict(en_US/CMUdict),corroborated,ECDICT,teacher_pdf_gloss,historical_partial_2010_2022,5,2013:（新课标Ⅰ）;2016:（新课标Ⅰ）;2021:（新课标Ⅰ）;2022:（全国乙卷）;2022:（全国甲卷）
operator,operator**,selective_required,2352,ipa-dict(en_US/CMUdict),corroborated,ECDICT,teacher_pdf_gloss,historical_partial_2010_2022,2,2012:（新课标）;2022:（全国乙卷）
opinion,opinion*,required,2353,ipa-dict(en_US/CMUdict),corroborated,ECDICT,teacher_pdf_gloss,historical_partial_2010_2022,11,2010:（新课标Ⅰ）;2012:（新课标）;2013:（新课标ii）;2017:（新课标Ⅰ）;2018:（新课标ⅲ）;2019:（新课标Ⅰ）;2020:（新课标Ⅰ）;2020:（新课标Ⅱ）;2020:（新课标Ⅲ）;2021:（新课标Ⅰ）;2021:（解析版）
opponent,opponent**,selective_required,,ipa-dict(en_US/CMUdict),corroborated,ECDICT,ECDICT,historical_partial_2010_2022,1,2018:（新课标Ⅰ）
opportunity,opportunity*,required,,ipa-dict(en_US/CMUdict),corroborated,ECDICT,ECDICT,historical_partial_2010_2022,3,2019:（新课标Ⅰ）;2020:（新课标Ⅰ）;2022:（全国甲卷）
oppose,oppose**,selective_required,2354,ipa-dict(en_US/CMUdict),corroborated,ECDICT,teacher_pdf_gloss,historical_partial_2010_2022,3,2013:（新课标Ⅰ）;2017:（新课标ⅲ）;2020:（新课标Ⅲ）
opposite,opposite,junior,2355,ipa-dict(en_US/CMUdict),corroborated,curated_function_words,teacher_pdf_gloss,historical_partial_2010_2022,3,2010:（新课标Ⅰ）;2013:（新课标ii）;2019:（新课标Ⅰ）
optimistic,optimistic**,selective_required,2356,ipa-dict(en_US/CMUdict),corroborated,ECDICT,teacher_pdf_gloss,historical_partial_2010_2022,1,2015:（新课标Ⅰ）
option,option*,required,,ipa-dict(en_US/CMUdict),corroborated,ECDICT,ECDICT,historical_partial_2010_2022,4,2014:（新课标Ⅰ）;2017:（新课标Ⅰ）;2018:（新课标Ⅰ）;2020:（新课标Ⅱ）
or,or,junior,2358,ipa-dict(en_US/CMUdict),corroborated,curated_function_words,teacher_pdf_gloss,historical_partial_2010_2022,30,2010:（新课标Ⅰ）;2010:（新课标Ⅱ）;2011:（全国卷ii）;2011:（新课标）;2012:（新课标）;2013:（新课标ii）;2013:（新课标Ⅰ）;2014:（新课标Ⅰ）;2014:（新课标ⅱ）;2015:（新课标Ⅰ）;2015:（新课标ⅱ）;2016:（新课标Ⅰ）;2016:（新课标ⅱ）;2016:（新课标ⅲ）;2017:（新课标Ⅰ）;2017:（新课标ⅱ）;2017:（新课标ⅲ）;2018:（新课标Ⅰ）;2018:（新课标ⅱ）;2018:（新课标ⅲ）;2019:（新课标Ⅰ）;2019:（新课标Ⅱ）;2019:（新课标Ⅲ）;2020:（新课标Ⅰ）;2020:（新课标Ⅱ）;2020:（新课标Ⅲ）;2021:（新课标Ⅰ）;2021:（解析版）;2022:（全国乙卷）;2022:（全国甲卷）
oral,,extension,2359,ipa-dict(en_US/CMUdict),corroborated,ECDICT,teacher_pdf_gloss,historical_partial_2010_2022,1,2014:（新课标Ⅰ）
orange,orange,junior,2360,ipa-dict(en_US/CMUdict),corroborated,ECDICT,teacher_pdf_gloss,historical_partial_2010_2022,6,2013:（新课标Ⅰ）;2015:（新课标Ⅰ）;2018:（新课标ⅱ）;2019:（新课标Ⅱ）;2020:（新课标Ⅱ）;2020:（新课标Ⅲ）
orbit,orbit**,selective_required,2361,ipa-dict(en_US/CMUdict),corroborated,ECDICT,teacher_pdf_gloss,historical_partial_2010_2022,1,2020:（新课标Ⅰ）
order,order,junior,2362,ipa-dict(en_US/CMUdict),corroborated,ECDICT,teacher_pdf_gloss,historical_partial_2010_2022,14,2010:（新课标Ⅰ）;2011:（全国卷ii）;2011:（新课标）;2015:（新课标Ⅰ）;2016:（新课标Ⅰ）;2016:（新课标ⅱ）;2017:（新课标Ⅰ）;2017:（新课标ⅲ）;2018:（新课标Ⅰ）;2018:（新课标ⅲ）;2020:（新课标Ⅰ）;2020:（新课标Ⅱ）;2020:（新课标Ⅲ）;2022:（全国甲卷）
ordinary,ordinary*,required,2364,ipa-dict(en_US/CMUdict),corroborated,ECDICT,teacher_pdf_gloss,historical_partial_2010_2022,1,2010:（新课标Ⅱ）
organ,organ**,selective_required,2365,ipa-dict(en_US/CMUdict),corroborated,ECDICT,teacher_pdf_gloss,historical_partial_2010_2022,0,
organic,organic**,selective_required,,ipa-dict(en_US/CMUdict),corroborated,ECDICT,ECDICT,historical_partial_2010_2022,1,2017:（新课标ⅱ）
organisation,organisation (organization)*,required,,ipa-dict(en_US/CMUdict),corroborated,ECDICT,ECDICT,historical_partial_2010_2022,0,
organization,,extension,2368,ipa-dict(en_US/CMUdict),corroborated,ECDICT,teacher_pdf_gloss,historical_partial_2010_2022,5,2013:（新课标Ⅰ）;2014:（新课标Ⅰ）;2017:（新课标Ⅰ）;2020:（新课标Ⅲ）;2021:（解析版）
origin,origin**,selective_required,2369,ipa-dict(en_US/CMUdict),corroborated,ECDICT,teacher_pdf_gloss,historical_partial_2010_2022,4,2017:（新课标ⅲ）;2020:（新课标Ⅲ）;2021:（新课标Ⅰ）;2021:（解析版）
original,original*,required,,ipa-dict(en_US/CMUdict),corroborated,ECDICT,ECDICT,historical_partial_2010_2022,3,2018:（新课标ⅲ）;2020:（新课标Ⅰ）;2020:（新课标Ⅱ）
other,other,junior,2370,ipa-dict(en_US/CMUdict),corroborated,curated_function_words,teacher_pdf_gloss,historical_partial_2010_2022,30,2010:（新课标Ⅰ）;2010:（新课标Ⅱ）;2011:（全国卷ii）;2011:（新课标）;2012:（新课标）;2013:（新课标ii）;2013:（新课标Ⅰ）;2014:（新课标Ⅰ）;2014:（新课标ⅱ）;2015:（新课标Ⅰ）;2015:（新课标ⅱ）;2016:（新课标Ⅰ）;2016:（新课标ⅱ）;2016:（新课标ⅲ）;2017:（新课标Ⅰ）;2017:（新课标ⅱ）;2017:（新课标ⅲ）;2018:（新课标Ⅰ）;2018:（新课标ⅱ）;2018:（新课标ⅲ）;2019:（新课标Ⅰ）;2019:（新课标Ⅱ）;2019:（新课标Ⅲ）;2020:（新课标Ⅰ）;2020:（新课标Ⅱ）;2020:（新课标Ⅲ）;2021:（新课标Ⅰ）;2021:（解析版）;2022:（全国乙卷）;2022:（全国甲卷）
otherwise,otherwise*,required,2371,ipa-dict(en_US/CMUdict),corroborated,ECDICT,teacher_pdf_gloss,historical_partial_2010_2022,2,2018:（新课标Ⅰ）;2018:（新课标ⅲ）
ought,,extension,2374,ipa-dict(en_US/CMUdict),corroborated,ECDICT,teacher_pdf_gloss,historical_partial_2010_2022,0,
our,our,junior,2375,ipa-dict(en_US/CMUdict),corroborated,curated_function_words,teacher_pdf_gloss,historical_partial_2010_2022,30,2010:（新课标Ⅰ）;2010:（新课标Ⅱ）;2011:（全国卷ii）;2011:（新课标）;2012:（新课标）;2013:（新课标ii）;2013:（新课标Ⅰ）;2014:（新课标Ⅰ）;2014:（新课标ⅱ）;2015:（新课标Ⅰ）;2015:（新课标ⅱ）;2016:（新课标Ⅰ）;2016:（新课标ⅱ）;2016:（新课标ⅲ）;2017:（新课标Ⅰ）;2017:（新课标ⅱ）;2017:（新课标ⅲ）;2018:（新课标Ⅰ）;2018:（新课标ⅱ）;2018:（新课标ⅲ）;2019:（新课标Ⅰ）;2019:（新课标Ⅱ）;2019:（新课标Ⅲ）;2020:（新课标Ⅰ）;2020:（新课标Ⅱ）;2020:（新课标Ⅲ）;2021:（新课标Ⅰ）;2021:（解析版）;2022:（全国乙卷）;2022:（全国甲卷）
ours,ours,junior,2376,ipa-dict(en_US/CMUdict),corroborated,curated_function_words,teacher_pdf_gloss,historical_partial_2010_2022,1,2017:（新课标ⅱ）
ourselves,ourselves,junior,2377,ipa-dict(en_US/CMUdict),corroborated,curated_function_words,teacher_pdf_gloss,historical_partial_2010_2022,7,2012:（新课标）;2015:（新课标Ⅰ）;2017:（新课标Ⅰ）;2018:（新课标Ⅰ）;2018:（新课标ⅲ）;2020:（新课标Ⅰ）;2021:（新课标Ⅰ）
out,out,junior,2378,ipa-dict(en_US/CMUdict),corroborated,ECDICT,teacher_pdf_gloss,historical_partial_2010_2022,30,2010:（新课标Ⅰ）;2010:（新课标Ⅱ）;2011:（全国卷ii）;2011:（新课标）;2012:（新课标）;2013:（新课标ii）;2013:（新课标Ⅰ）;2014:（新课标Ⅰ）;2014:（新课标ⅱ）;2015:（新课标Ⅰ）;2015:（新课标ⅱ）;2016:（新课标Ⅰ）;2016:（新课标ⅱ）;2016:（新课标ⅲ）;2017:（新课标Ⅰ）;2017:（新课标ⅱ）;2017:（新课标ⅲ）;2018:（新课标Ⅰ）;2018:（新课标ⅱ）;2018:（新课标ⅲ）;2019:（新课标Ⅰ）;2019:（新课标Ⅱ）;2019:（新课标Ⅲ）;2020:（新课标Ⅰ）;2020:（新课标Ⅱ）;2020:（新课标Ⅲ）;2021:（新课标Ⅰ）;2021:（解析版）;2022:（全国乙卷）;2022:（全国甲卷）
outcome,outcome**,selective_required,2379,ipa-dict(en_US/CMUdict),corroborated,ECDICT,teacher_pdf_gloss,historical_partial_2010_2022,4,2015:（新课标Ⅰ）;2017:（新课标Ⅰ）;2019:（新课标Ⅰ）;2020:（新课标Ⅱ）
outer,,extension,2381,ipa-dict(en_US/CMUdict),corroborated,ECDICT,teacher_pdf_gloss,historical_partial_2010_2022,0,
outgoing,outgoing**,selective_required,2382,ipa-dict(en_US/CMUdict),corroborated,ECDICT,teacher_pdf_gloss,historical_partial_2010_2022,0,
outline,outline**,selective_required,2384,ipa-dict(en_US/CMUdict),corroborated,ECDICT,teacher_pdf_gloss,historical_partial_2010_2022,0,
output,output**,selective_required,2385,ipa-dict(en_US/CMUdict),corroborated,ECDICT,teacher_pdf_gloss,historical_partial_2010_2022,0,
outside,outside,junior,2386,ipa-dict(en_US/CMUdict),corroborated,curated_function_words,teacher_pdf_gloss,historical_partial_2010_2022,14,2010:（新课标Ⅰ）;2011:（全国卷ii）;2011:（新课标）;2015:（新课标Ⅰ）;2015:（新课标ⅱ）;2016:（新课标Ⅰ）;2016:（新课标ⅱ）;2016:（新课标ⅲ）;2017:（新课标Ⅰ）;2018:（新课标ⅱ）;2019:（新课标Ⅰ）;2020:（新课标Ⅰ）;2020:（新课标Ⅲ）;2021:（解析版）
outstanding,outstanding**,selective_required,2388,ipa-dict(en_US/CMUdict),corroborated,ECDICT,teacher_pdf_gloss,historical_partial_2010_2022,3,2014:（新课标Ⅰ）;2016:（新课标Ⅰ）;2016:（新课标ⅱ）
over,over,junior,,ipa-dict(en_US/CMUdict),corroborated,curated_function_words,ECDICT,historical_partial_2010_2022,27,2010:（新课标Ⅰ）;2010:（新课标Ⅱ）;2011:（全国卷ii）;2011:（新课标）;2012:（新课标）;2013:（新课标ii）;2013:（新课标Ⅰ）;2014:（新课标Ⅰ）;2014:（新课标ⅱ）;2015:（新课标Ⅰ）;2015:（新课标ⅱ）;2016:（新课标Ⅰ）;2016:（新课标ⅱ）;2016:（新课标ⅲ）;2017:（新课标Ⅰ）;2017:（新课标ⅱ）;2017:（新课标ⅲ）;2018:（新课标Ⅰ）;2018:（新课标ⅱ）;2018:（新课标ⅲ）;2019:（新课标Ⅰ）;2019:（新课标Ⅱ）;2019:（新课标Ⅲ）;2020:（新课标Ⅰ）;2021:（新课标Ⅰ）;2021:（解析版）;2022:（全国乙卷）
overall,overall**,selective_required,,ipa-dict(en_US/CMUdict),corroborated,ECDICT,ECDICT,historical_partial_2010_2022,1,2010:（新课标Ⅰ）
overcome,overcome**,selective_required,2394,ipa-dict(en_US/CMUdict),corroborated,ECDICT,teacher_pdf_gloss,historical_partial_2010_2022,3,2010:（新课标Ⅰ）;2013:（新课标Ⅰ）;2019:（新课标Ⅱ）
overlook,,extension,2396,ipa-dict(en_US/CMUdict),corroborated,ECDICT,teacher_pdf_gloss,historical_partial_2010_2022,1,2019:（新课标Ⅲ）
overseas,overseas*,required,,ipa-dict(en_US/CMUdict),corroborated,ECDICT,ECDICT,historical_partial_2010_2022,1,2022:（全国乙卷）
owe,owe**,selective_required,2398,ipa-dict(en_US/CMUdict),corroborated,ECDICT,teacher_pdf_gloss,historical_partial_2010_2022,0,
own,own,junior,2399,ipa-dict(en_US/CMUdict),corroborated,ECDICT,teacher_pdf_gloss,historical_partial_2010_2022,24,2010:（新课标Ⅰ）;2010:（新课标Ⅱ）;2011:（全国卷ii）;2011:（新课标）;2013:（新课标ii）;2014:（新课标Ⅰ）;2014:（新课标ⅱ）;2015:（新课标ⅱ）;2016:（新课标Ⅰ）;2016:（新课标ⅱ）;2016:（新课标ⅲ）;2017:（新课标ⅱ）;2017:（新课标ⅲ）;2018:（新课标Ⅰ）;2018:（新课标ⅱ）;2018:（新课标ⅲ）;2019:（新课标Ⅰ）;2019:（新课标Ⅱ）;2020:（新课标Ⅰ）;2020:（新课标Ⅱ）;2020:（新课标Ⅲ）;2021:（新课标Ⅰ）;2021:（解析版）;2022:（全国乙卷）
owner,,extension,2400,ipa-dict(en_US/CMUdict),corroborated,ECDICT,teacher_pdf_gloss,historical_partial_2010_2022,9,2010:（新课标Ⅰ）;2011:（新课标）;2016:（新课标Ⅰ）;2016:（新课标ⅱ）;2017:（新课标Ⅰ）;2017:（新课标ⅱ）;2017:（新课标ⅲ）;2018:（新课标ⅲ）;2019:（新课标Ⅲ）
ownership,,extension,2401,ipa-dict(en_US/CMUdict),corroborated,ECDICT,teacher_pdf_gloss,historical_partial_2010_2022,2,2010:（新课标Ⅰ）;2022:（全国甲卷）
oxygen,oxygen*,required,2403,ipa-dict(en_US/CMUdict),corroborated,ECDICT,teacher_pdf_gloss,historical_partial_2010_2022,1,2019:（新课标Ⅰ）
p.m.,p.m.*,required,2547,ipa-dict(en_US/CMUdict),corroborated,teacher_pdf,teacher_pdf_gloss,historical_partial_2010_2022,0,
pace,pace**,selective_required,2404,ipa-dict(en_US/CMUdict),corroborated,ECDICT,teacher_pdf_gloss,historical_partial_2010_2022,1,2020:（新课标Ⅰ）
pacific,Pacific,junior,2405,ipa-dict(en_US/CMUdict),corroborated,ECDICT,teacher_pdf_gloss,historical_partial_2010_2022,3,2012:（新课标）;2017:（新课标Ⅰ）;2018:（新课标Ⅰ）
pack,pack**,selective_required,,ipa-dict(en_US/CMUdict),corroborated,ECDICT,ECDICT,historical_partial_2010_2022,12,2010:（新课标Ⅰ）;2013:（新课标ii）;2015:（新课标Ⅰ）;2015:（新课标ⅱ）;2016:（新课标Ⅰ）;2017:（新课标Ⅰ）;2017:（新课标ⅱ）;2017:（新课标ⅲ）;2019:（新课标Ⅲ）;2020:（新课标Ⅲ）;2021:（解析版）;2022:（全国甲卷）
package,package*,required,,ipa-dict(en_US/CMUdict),corroborated,ECDICT,ECDICT,historical_partial_2010_2022,0,
packet,,extension,2409,ipa-dict(en_US/CMUdict),corroborated,ECDICT,teacher_pdf_gloss,historical_partial_2010_2022,0,
page,page,junior,2411,ipa-dict(en_US/CMUdict),corroborated,ECDICT,teacher_pdf_gloss,historical_partial_2010_2022,3,2011:（新课标）;2016:（新课标ⅱ）;2020:（新课标Ⅰ）
pain,pain,junior,2412,ipa-dict(en_US/CMUdict),corroborated,ECDICT,teacher_pdf_gloss,historical_partial_2010_2022,5,2013:（新课标ii）;2014:（新课标ⅱ）;2017:（新课标ⅱ）;2018:（新课标Ⅰ）;2018:（新课标ⅱ）
painful,,extension,2413,ipa-dict(en_US/CMUdict),corroborated,ECDICT,teacher_pdf_gloss,historical_partial_2010_2022,2,2015:（新课标ⅱ）;2019:（新课标Ⅰ）
paint,paint,junior,2414,ipa-dict(en_US/CMUdict),corroborated,ECDICT,teacher_pdf_gloss,historical_partial_2010_2022,5,2010:（新课标Ⅰ）;2011:（全国卷ii）;2018:（新课标Ⅰ）;2020:（新课标Ⅱ）;2020:（新课标Ⅲ）
painter,,extension,2415,ipa-dict(en_US/CMUdict),corroborated,ECDICT,teacher_pdf_gloss,historical_partial_2010_2022,4,2020:（新课标Ⅱ）;2020:（新课标Ⅲ）;2021:（解析版）;2022:（全国乙卷）
painting,,extension,2416,ipa-dict(en_US/CMUdict),corroborated,ECDICT,teacher_pdf_gloss,historical_partial_2010_2022,6,2012:（新课标）;2013:（新课标Ⅰ）;2015:（新课标Ⅰ）;2018:（新课标Ⅰ）;2020:（新课标Ⅱ）;2020:（新课标Ⅲ）
pair,pair,junior,2417,ipa-dict(en_US/CMUdict),corroborated,ECDICT,teacher_pdf_gloss,historical_partial_2010_2022,5,2013:（新课标ii）;2014:（新课标ⅱ）;2015:（新课标ⅱ）;2020:（新课标Ⅱ）;2021:（新课标Ⅰ）
palace,palace,junior,2418,ipa-dict(en_US/CMUdict),corroborated,ECDICT,teacher_pdf_gloss,historical_partial_2010_2022,1,2015:（新课标ⅱ）
pale,pale,junior,2419,ipa-dict(en_US/CMUdict),corroborated,ECDICT,teacher_pdf_gloss,historical_partial_2010_2022,1,2016:（新课标ⅲ）
pan,pan**,selective_required,2420,ipa-dict(en_US/CMUdict),corroborated,ECDICT,teacher_pdf_gloss,historical_partial_2010_2022,1,2020:（新课标Ⅰ）
pancake,pancake,junior,2421,ipa-dict(en_US/CMUdict),corroborated,ECDICT,teacher_pdf_gloss,historical_partial_2010_2022,1,2014:（新课标Ⅰ）
panda,panda,junior,2422,ipa-dict(en_US/CMUdict),corroborated,ECDICT,teacher_pdf_gloss,historical_partial_2010_2022,1,2016:（新课标Ⅰ）
panel,panel**,selective_required,,ipa-dict(en_US/CMUdict),corroborated,ECDICT,ECDICT,historical_partial_2010_2022,0,
panic,panic**,selective_required,2423,ipa-dict(en_US/CMUdict),corroborated,ECDICT,teacher_pdf_gloss,historical_partial_2010_2022,0,
paper,paper,junior,2424,ipa-dict(en_US/CMUdict),corroborated,ECDICT,teacher_pdf_gloss,historical_partial_2010_2022,9,2013:（新课标ii）;2014:（新课标ⅱ）;2015:（新课标Ⅰ）;2016:（新课标ⅲ）;2018:（新课标Ⅰ）;2018:（新课标ⅱ）;2019:（新课标Ⅱ）;2019:（新课标Ⅲ）;2021:（解析版）
paragraph,paragraph**,selective_required,2426,ipa-dict(en_US/CMUdict),corroborated,ECDICT,teacher_pdf_gloss,historical_partial_2010_2022,29,2010:（新课标Ⅰ）;2010:（新课标Ⅱ）;2011:（全国卷ii）;2011:（新课标）;2012:（新课标）;2013:（新课标ii）;2013:（新课标Ⅰ）;2014:（新课标Ⅰ）;2014:（新课标ⅱ）;2015:（新课标Ⅰ）;2015:（新课标ⅱ）;2016:（新课标Ⅰ）;2016:（新课标ⅱ）;2016:（新课标ⅲ）;2017:（新课标Ⅰ）;2017:（新课标ⅱ）;2017:（新课标ⅲ）;2018:（新课标Ⅰ）;2018:（新课标ⅱ）;2018:（新课标ⅲ）;2019:（新课标Ⅰ）;2019:（新课标Ⅱ）;2019:（新课标Ⅲ）;2020:（新课标Ⅰ）;2020:（新课标Ⅱ）;2020:（新课标Ⅲ）;2021:（新课标Ⅰ）;2022:（全国乙卷）;2022:（全国甲卷）
parallel,,extension,2427,ipa-dict(en_US/CMUdict),corroborated,ECDICT,teacher_pdf_gloss,historical_partial_2010_2022,1,2022:（全国甲卷）
parcel,parcel**,selective_required,2428,ipa-dict(en_US/CMUdict),corroborated,ECDICT,teacher_pdf_gloss,historical_partial_2010_2022,0,
pardon,pardon,junior,2429,ipa-dict(en_US/CMUdict),corroborated,curated_function_words,teacher_pdf_gloss,historical_partial_2010_2022,0,
parent,parent,junior,2430,ipa-dict(en_US/CMUdict),corroborated,ECDICT,teacher_pdf_gloss,historical_partial_2010_2022,18,2010:（新课标Ⅰ）;2012:（新课标）;2013:（新课标ii）;2014:（新课标Ⅰ）;2014:（新课标ⅱ）;2015:（新课标ⅱ）;2016:（新课标Ⅰ）;2016:（新课标ⅲ）;2017:（新课标Ⅰ）;2018:（新课标ⅱ）;2018:（新课标ⅲ）;2019:（新课标Ⅱ）;2020:（新课标Ⅰ）;2020:（新课标Ⅱ）;2020:（新课标Ⅲ）;2021:（新课标Ⅰ）;2021:（解析版）;2022:（全国乙卷）
paris,,extension,2431,ipa-dict(en_US/CMUdict),corroborated,ECDICT,teacher_pdf_gloss,historical_partial_2010_2022,6,2015:（新课标Ⅰ）;2017:（新课标Ⅰ）;2017:（新课标ⅲ）;2018:（新课标ⅱ）;2018:（新课标ⅲ）;2020:（新课标Ⅰ）
park,park,junior,2432,ipa-dict(en_US/CMUdict),corroborated,ECDICT,teacher_pdf_gloss,historical_partial_2010_2022,13,2010:（新课标Ⅰ）;2013:（新课标Ⅰ）;2016:（新课标Ⅰ）;2016:（新课标ⅱ）;2017:（新课标ⅲ）;2018:（新课标Ⅰ）;2018:（新课标ⅱ）;2019:（新课标Ⅰ）;2019:（新课标Ⅱ）;2019:（新课标Ⅲ）;2020:（新课标Ⅰ）;2021:（新课标Ⅰ）;2022:（全国甲卷）
parking,parking**,selective_required,2434,ipa-dict(en_US/CMUdict),corroborated,ECDICT,teacher_pdf_gloss,historical_partial_2010_2022,2,2010:（新课标Ⅰ）;2016:（新课标Ⅰ）
part,part,junior,,ipa-dict(en_US/CMUdict),corroborated,ECDICT,ECDICT,historical_partial_2010_2022,24,2010:（新课标Ⅱ）;2011:（全国卷ii）;2011:（新课标）;2012:（新课标）;2013:（新课标ii）;2014:（新课标Ⅰ）;2014:（新课标ⅱ）;2015:（新课标Ⅰ）;2015:（新课标ⅱ）;2016:（新课标Ⅰ）;2016:（新课标ⅱ）;2017:（新课标Ⅰ）;2017:（新课标ⅱ）;2017:（新课标ⅲ）;2018:（新课标ⅱ）;2018:（新课标ⅲ）;2019:（新课标Ⅰ）;2019:（新课标Ⅲ）;2020:（新课标Ⅱ）;2020:（新课标Ⅲ）;2021:（新课标Ⅰ）;2021:（解析版）;2022:（全国乙卷）;2022:（全国甲卷）
participate,participate**,selective_required,2437,ipa-dict(en_US/CMUdict),corroborated,ECDICT,teacher_pdf_gloss,historical_partial_2010_2022,1,2019:（新课标Ⅲ）
particular,particular*,required,2438,ipa-dict(en_US/CMUdict),corroborated,ECDICT,teacher_pdf_gloss,historical_partial_2010_2022,8,2010:（新课标Ⅱ）;2013:（新课标ii）;2015:（新课标Ⅰ）;2016:（新课标ⅲ）;2017:（新课标ⅱ）;2019:（新课标Ⅲ）;2020:（新课标Ⅰ）;2020:（新课标Ⅲ）
partly,,extension,2439,ipa-dict(en_US/CMUdict),corroborated,ECDICT,teacher_pdf_gloss,historical_partial_2010_2022,3,2010:（新课标Ⅱ）;2020:（新课标Ⅰ）;2022:（全国乙卷）
partner,partner*,required,2440,ipa-dict(en_US/CMUdict),corroborated,ECDICT,teacher_pdf_gloss,historical_partial_2010_2022,2,2016:（新课标ⅲ）;2019:（新课标Ⅰ）
party,party,junior,,ipa-dict(en_US/CMUdict),corroborated,ECDICT,ECDICT,historical_partial_2010_2022,13,2011:（全国卷ii）;2011:（新课标）;2012:（新课标）;2014:（新课标Ⅰ）;2016:（新课标Ⅰ）;2016:（新课标ⅲ）;2017:（新课标Ⅰ）;2018:（新课标ⅱ）;2018:（新课标ⅲ）;2020:（新课标Ⅱ）;2020:（新课标Ⅲ）;2021:（新课标Ⅰ）;2021:（解析版）
pass,pass,junior,2442,ipa-dict(en_US/CMUdict),corroborated,ECDICT,teacher_pdf_gloss,historical_partial_2010_2022,18,2010:（新课标Ⅰ）;2010:（新课标Ⅱ）;2011:（全国卷ii）;2011:（新课标）;2012:（新课标）;2013:（新课标Ⅰ）;2014:（新课标Ⅰ）;2014:（新课标ⅱ）;2015:（新课标ⅱ）;2016:（新课标Ⅰ）;2016:（新课标ⅱ）;2017:（新课标Ⅰ）;2017:（新课标ⅱ）;2018:（新课标Ⅰ）;2018:（新课标ⅲ）;2020:（新课标Ⅰ）;2020:（新课标Ⅱ）;2020:（新课标Ⅲ）
passage,passage,junior,2443,ipa-dict(en_US/CMUdict),corroborated,ECDICT,teacher_pdf_gloss,historical_partial_2010_2022,1,2016:（新课标ⅱ）
passenger,passenger,junior,2444,ipa-dict(en_US/CMUdict),corroborated,ECDICT,teacher_pdf_gloss,historical_partial_2010_2022,5,2014:（新课标Ⅰ）;2014:（新课标ⅱ）;2016:（新课标Ⅰ）;2017:（新课标ⅱ）;2022:（全国甲卷）
passion,passion**,selective_required,,ipa-dict(en_US/CMUdict),corroborated,ECDICT,ECDICT,historical_partial_2010_2022,1,2017:（新课标Ⅰ）
passive,passive*,required,2446,ipa-dict(en_US/CMUdict),corroborated,ECDICT,teacher_pdf_gloss,historical_partial_2010_2022,0,
passport,passport,junior,2447,ipa-dict(en_US/CMUdict),corroborated,ECDICT,teacher_pdf_gloss,historical_partial_2010_2022,2,2014:（新课标ⅱ）;2017:（新课标ⅲ）
past,past,junior,2448,ipa-dict(en_US/CMUdict),corroborated,curated_function_words,teacher_pdf_gloss,historical_partial_2010_2022,14,2010:（新课标Ⅰ）;2010:（新课标Ⅱ）;2012:（新课标）;2015:（新课标Ⅰ）;2016:（新课标Ⅰ）;2017:（新课标Ⅰ）;2017:（新课标ⅲ）;2018:（新课标Ⅰ）;2018:（新课标ⅱ）;2018:（新课标ⅲ）;2019:（新课标Ⅱ）;2020:（新课标Ⅲ）;2021:（解析版）;2022:（全国甲卷）
patent,patent**,selective_required,2449,ipa-dict(en_US/CMUdict),corroborated,ECDICT,teacher_pdf_gloss,historical_partial_2010_2022,0,
path,path*,required,2450,ipa-dict(en_US/CMUdict),corroborated,ECDICT,teacher_pdf_gloss,historical_partial_2010_2022,6,2011:（全国卷ii）;2012:（新课标）;2013:（新课标Ⅰ）;2015:（新课标Ⅰ）;2018:（新课标ⅲ）;2019:（新课标Ⅰ）
patience,patience**,selective_required,2451,ipa-dict(en_US/CMUdict),corroborated,ECDICT,teacher_pdf_gloss,historical_partial_2010_2022,5,2012:（新课标）;2014:（新课标Ⅰ）;2015:（新课标Ⅰ）;2016:（新课标Ⅰ）;2021:（新课标Ⅰ）
patient,patient,junior,2452,ipa-dict(en_US/CMUdict),corroborated,ECDICT,teacher_pdf_gloss,historical_partial_2010_2022,8,2010:（新课标Ⅰ）;2012:（新课标）;2013:（新课标ii）;2016:（新课标Ⅰ）;2018:（新课标ⅲ）;2019:（新课标Ⅰ）;2020:（新课标Ⅲ）;2021:（新课标Ⅰ）
pattern,pattern*,required,2453,ipa-dict(en_US/CMUdict),corroborated,ECDICT,teacher_pdf_gloss,historical_partial_2010_2022,8,2011:（新课标）;2013:（新课标Ⅰ）;2016:（新课标ⅱ）;2018:（新课标Ⅰ）;2018:（新课标ⅲ）;2019:（新课标Ⅰ）;2019:（新课标Ⅲ）;2021:（新课标Ⅰ）
pause,,extension,2454,ipa-dict(en_US/CMUdict),corroborated,ECDICT,teacher_pdf_gloss,historical_partial_2010_2022,3,2019:（新课标Ⅰ）;2021:（新课标Ⅰ）;2022:（全国甲卷）
pay,pay,junior,2455,ipa-dict(en_US/CMUdict),corroborated,ECDICT,teacher_pdf_gloss,historical_partial_2010_2022,17,2010:（新课标Ⅰ）;2010:（新课标Ⅱ）;2011:（全国卷ii）;2011:（新课标）;2013:（新课标ii）;2014:（新课标ⅱ）;2015:（新课标Ⅰ）;2016:（新课标Ⅰ）;2018:（新课标Ⅰ）;2018:（新课标ⅲ）;2019:（新课标Ⅰ）;2019:（新课标Ⅲ）;2020:（新课标Ⅰ）;2020:（新课标Ⅱ）;2021:（新课标Ⅰ）;2022:（全国乙卷）;2022:（全国甲卷）
peace,peace,junior,2459,ipa-dict(en_US/CMUdict),corroborated,ECDICT,teacher_pdf_gloss,historical_partial_2010_2022,5,2011:（全国卷ii）;2016:（新课标Ⅰ）;2019:（新课标Ⅰ）;2019:（新课标Ⅱ）;2020:（新课标Ⅲ）
peaceful,,extension,2460,ipa-dict(en_US/CMUdict),corroborated,ECDICT,teacher_pdf_gloss,historical_partial_2010_2022,2,2018:（新课标ⅱ）;2020:（新课标Ⅲ）
peak,peak**,selective_required,,ipa-dict(en_US/CMUdict),corroborated,ECDICT,ECDICT,historical_partial_2010_2022,2,2019:（新课标Ⅲ）;2020:（新课标Ⅲ）
pear,pear,junior,2462,ipa-dict(en_US/CMUdict),corroborated,ECDICT,teacher_pdf_gloss,historical_partial_2010_2022,0,
peasant,,extension,2463,ipa-dict(en_US/CMUdict),corroborated,ECDICT,teacher_pdf_gloss,historical_partial_2010_2022,0,
pen,pen,junior,2465,ipa-dict(en_US/CMUdict),corroborated,ECDICT,teacher_pdf_gloss,historical_partial_2010_2022,1,2011:（新课标）
pencil,pencil,junior,2466,ipa-dict(en_US/CMUdict),corroborated,ECDICT,teacher_pdf_gloss,historical_partial_2010_2022,0,
penny,,extension,2469,ipa-dict(en_US/CMUdict),corroborated,ECDICT,teacher_pdf_gloss,historical_partial_2010_2022,1,2019:（新课标Ⅲ）
pension,,extension,2470,ipa-dict(en_US/CMUdict),corroborated,ECDICT,teacher_pdf_gloss,historical_partial_2010_2022,0,
people,people,junior,2471,ipa-dict(en_US/CMUdict),corroborated,ECDICT,teacher_pdf_gloss,historical_partial_2010_2022,30,2010:（新课标Ⅰ）;2010:（新课标Ⅱ）;2011:（全国卷ii）;2011:（新课标）;2012:（新课标）;2013:（新课标ii）;2013:（新课标Ⅰ）;2014:（新课标Ⅰ）;2014:（新课标ⅱ）;2015:（新课标Ⅰ）;2015:（新课标ⅱ）;2016:（新课标Ⅰ）;2016:（新课标ⅱ）;2016:（新课标ⅲ）;2017:（新课标Ⅰ）;2017:（新课标ⅱ）;2017:（新课标ⅲ）;2018:（新课标Ⅰ）;2018:（新课标ⅱ）;2018:（新课标ⅲ）;2019:（新课标Ⅰ）;2019:（新课标Ⅱ）;2019:（新课标Ⅲ）;2020:（新课标Ⅰ）;2020:（新课标Ⅱ）;2020:（新课标Ⅲ）;2021:（新课标Ⅰ）;2021:（解析版）;2022:（全国乙卷）;2022:（全国甲卷）
pepper,pepper**,selective_required,2472,ipa-dict(en_US/CMUdict),corroborated,ECDICT,teacher_pdf_gloss,historical_partial_2010_2022,2,2013:（新课标ii）;2022:（全国甲卷）
per,per*,required,2473,ipa-dict(en_US/CMUdict),corroborated,ECDICT,teacher_pdf_gloss,historical_partial_2010_2022,9,2013:（新课标Ⅰ）;2015:（新课标Ⅰ）;2015:（新课标ⅱ）;2016:（新课标ⅲ）;2017:（新课标ⅱ）;2018:（新课标Ⅰ）;2018:（新课标ⅱ）;2020:（新课标Ⅰ）;2022:（全国乙卷）
perceive,perceive**,selective_required,,ipa-dict(en_US/CMUdict),corroborated,ECDICT,ECDICT,historical_partial_2010_2022,0,
percent,percent*,required,2474,ipa-dict(en_US/CMUdict),corroborated,ECDICT,teacher_pdf_gloss,historical_partial_2010_2022,9,2013:（新课标ii）;2013:（新课标Ⅰ）;2014:（新课标Ⅰ）;2015:（新课标ⅱ）;2016:（新课标Ⅰ）;2018:（新课标ⅱ）;2019:（新课标Ⅱ）;2020:（新课标Ⅱ）;2021:（新课标Ⅰ）
percentage,percentage*,required,2475,ipa-dict(en_US/CMUdict),corroborated,ECDICT,teacher_pdf_gloss,historical_partial_2010_2022,1,2017:（新课标ⅲ）
perfect,perfect,junior,2476,ipa-dict(en_US/CMUdict),corroborated,ECDICT,teacher_pdf_gloss,historical_partial_2010_2022,6,2013:（新课标ii）;2015:（新课标Ⅰ）;2016:（新课标ⅲ）;2018:（新课标Ⅰ）;2020:（新课标Ⅲ）;2021:（解析版）
perform,,extension,2477,ipa-dict(en_US/CMUdict),corroborated,ECDICT,teacher_pdf_gloss,historical_partial_2010_2022,13,2010:（新课标Ⅰ）;2012:（新课标）;2013:（新课标ii）;2014:（新课标Ⅰ）;2016:（新课标ⅱ）;2017:（新课标Ⅰ）;2017:（新课标ⅱ）;2018:（新课标ⅲ）;2019:（新课标Ⅰ）;2019:（新课标Ⅲ）;2020:（新课标Ⅰ）;2020:（新课标Ⅱ）;2022:（全国乙卷）
performance,performance*,required,2478,ipa-dict(en_US/CMUdict),corroborated,ECDICT,teacher_pdf_gloss,historical_partial_2010_2022,6,2011:（全国卷ii）;2012:（新课标）;2013:（新课标ii）;2016:（新课标ⅲ）;2020:（新课标Ⅲ）;2022:（全国乙卷）
performer,,extension,2479,ipa-dict(en_US/CMUdict),corroborated,ECDICT,teacher_pdf_gloss,historical_partial_2010_2022,1,2013:（新课标ii）
perhaps,perhaps,junior,2481,ipa-dict(en_US/CMUdict),corroborated,ECDICT,teacher_pdf_gloss,historical_partial_2010_2022,11,2011:（新课标）;2013:（新课标Ⅰ）;2014:（新课标Ⅰ）;2017:（新课标Ⅰ）;2017:（新课标ⅱ）;2018:（新课标Ⅰ）;2019:（新课标Ⅲ）;2020:（新课标Ⅲ）;2021:（新课标Ⅰ）;2021:（解析版）;2022:（全国甲卷）
period,period,junior,2482,ipa-dict(en_US/CMUdict),corroborated,ECDICT,teacher_pdf_gloss,historical_partial_2010_2022,7,2010:（新课标Ⅰ）;2014:（新课标ⅱ）;2015:（新课标ⅱ）;2016:（新课标Ⅰ）;2017:（新课标ⅲ）;2018:（新课标ⅲ）;2020:（新课标Ⅱ）
permanent,permanent**,selective_required,2483,ipa-dict(en_US/CMUdict),corroborated,ECDICT,teacher_pdf_gloss,historical_partial_2010_2022,3,2019:（新课标Ⅰ）;2020:（新课标Ⅱ）;2021:（新课标Ⅰ）
permission,,extension,2484,ipa-dict(en_US/CMUdict),corroborated,ECDICT,teacher_pdf_gloss,historical_partial_2010_2022,0,
permit,permit*,required,2485,ipa-dict(en_US/CMUdict),corroborated,ECDICT,curated_override,historical_partial_2010_2022,4,2012:（新课标）;2016:（新课标Ⅰ）;2017:（新课标ⅱ）;2019:（新课标Ⅰ）
persevere,,extension,,curated_homograph_override,curated,ECDICT,curated_override,historical_partial_2010_2022,0,
persist,,extension,,ipa-dict(en_US/CMUdict),corroborated,ECDICT,curated_override,historical_partial_2010_2022,0,
person,person,junior,2486,ipa-dict(en_US/CMUdict),corroborated,ECDICT,teacher_pdf_gloss,historical_partial_2010_2022,17,2010:（新课标Ⅰ）;2010:（新课标Ⅱ）;2011:（全国卷ii）;2011:（新课标）;2012:（新课标）;2013:（新课标ii）;2013:（新课标Ⅰ）;2016:（新课标Ⅰ）;2016:（新课标ⅱ）;2016:（新课标ⅲ）;2017:（新课标ⅱ）;2018:（新课标ⅲ）;2019:（新课标Ⅰ）;2019:（新课标Ⅱ）;2020:（新课标Ⅲ）;2021:（新课标Ⅰ）;2022:（全国乙卷）
personal,personal,junior,2487,ipa-dict(en_US/CMUdict),corroborated,ECDICT,teacher_pdf_gloss,historical_partial_2010_2022,10,2010:（新课标Ⅱ）;2013:（新课标ii）;2014:（新课标Ⅰ）;2015:（新课标ⅱ）;2016:（新课标Ⅰ）;2016:（新课标ⅲ）;2018:（新课标ⅱ）;2019:（新课标Ⅱ）;2019:（新课标Ⅲ）;2021:（新课标Ⅰ）
personality,personality*,required,,ipa-dict(en_US/CMUdict),corroborated,ECDICT,ECDICT,historical_partial_2010_2022,2,2013:（新课标ii）;2015:（新课标Ⅰ）
personally,,extension,2489,ipa-dict(en_US/CMUdict),corroborated,ECDICT,teacher_pdf_gloss,historical_partial_2010_2022,1,2020:（新课标Ⅲ）
personnel,,extension,2488,ipa-dict(en_US/CMUdict),corroborated,ECDICT,teacher_pdf_gloss,historical_partial_2010_2022,3,2011:（全国卷ii）;2016:（新课标Ⅰ）;2022:（全国乙卷）
persuade,persuade**,selective_required,2490,ipa-dict(en_US/CMUdict),corroborated,ECDICT,teacher_pdf_gloss,historical_partial_2010_2022,6,2010:（新课标Ⅰ）;2012:（新课标）;2018:（新课标ⅱ）;2019:（新课标Ⅱ）;2020:（新课标Ⅲ）;2021:（新课标Ⅰ）
pessimistic,pessimistic**,selective_required,,ipa-dict(en_US/CMUdict),corroborated,ECDICT,ECDICT,historical_partial_2010_2022,0,
pet,pet,junior,2492,ipa-dict(en_US/CMUdict),corroborated,ECDICT,teacher_pdf_gloss,historical_partial_2010_2022,6,2010:（新课标Ⅰ）;2010:（新课标Ⅱ）;2012:（新课标）;2014:（新课标Ⅰ）;2017:（新课标ⅲ）;2019:（新课标Ⅱ）
petrol,petrol*,required,2493,ipa-dict(en_US/CMUdict),corroborated,ECDICT,teacher_pdf_gloss,historical_partial_2010_2022,1,2022:（全国乙卷）
phase,phase**,selective_required,,ipa-dict(en_US/CMUdict),corroborated,ECDICT,ECDICT,historical_partial_2010_2022,0,
phenomenon,phenomenon**,selective_required,,ipa-dict(en_US/CMUdict),corroborated,ECDICT,ECDICT,historical_partial_2010_2022,2,2015:（新课标ⅱ）;2018:（新课标ⅱ）
philosophy,philosophy**,selective_required,,ipa-dict(en_US/CMUdict),corroborated,ECDICT,ECDICT,historical_partial_2010_2022,0,
phone,phone,junior,2495,ipa-dict(en_US/CMUdict),corroborated,ECDICT,teacher_pdf_gloss,historical_partial_2010_2022,12,2010:（新课标Ⅰ）;2010:（新课标Ⅱ）;2011:（全国卷ii）;2011:（新课标）;2014:（新课标ⅱ）;2016:（新课标ⅱ）;2016:（新课标ⅲ）;2018:（新课标Ⅰ）;2018:（新课标ⅲ）;2019:（新课标Ⅱ）;2021:（新课标Ⅰ）;2022:（全国乙卷）
photo,photo (photograph),junior,2497,ipa-dict(en_US/CMUdict),corroborated,ECDICT,teacher_pdf_gloss,historical_partial_2010_2022,6,2010:（新课标Ⅱ）;2014:（新课标Ⅰ）;2016:（新课标ⅱ）;2017:（新课标ⅲ）;2018:（新课标Ⅰ）;2018:（新课标ⅲ）
photograph,,extension,2498,ipa-dict(en_US/CMUdict),corroborated,ECDICT,teacher_pdf_gloss,historical_partial_2010_2022,1,2014:（新课标Ⅰ）
photographer,photographer**,selective_required,2499,ipa-dict(en_US/CMUdict),corroborated,ECDICT,teacher_pdf_gloss,historical_partial_2010_2022,2,2016:（新课标ⅱ）;2021:（解析版）
phrase,phrase**,selective_required,2500,ipa-dict(en_US/CMUdict),corroborated,ECDICT,teacher_pdf_gloss,historical_partial_2010_2022,8,2015:（新课标ⅱ）;2016:（新课标Ⅰ）;2016:（新课标ⅲ）;2017:（新课标Ⅰ）;2019:（新课标Ⅱ）;2019:（新课标Ⅲ）;2020:（新课标Ⅱ）;2020:（新课标Ⅲ）
physical,,extension,2501,ipa-dict(en_US/CMUdict),corroborated,ECDICT,teacher_pdf_gloss,historical_partial_2010_2022,5,2013:（新课标Ⅰ）;2017:（新课标ⅱ）;2017:（新课标ⅲ）;2020:（新课标Ⅰ）;2020:（新课标Ⅲ）
physician,physician**,selective_required,2502,ipa-dict(en_US/CMUdict),corroborated,ECDICT,teacher_pdf_gloss,historical_partial_2010_2022,0,
physics,physics,junior,2504,ipa-dict(en_US/CMUdict),corroborated,ECDICT,teacher_pdf_gloss,historical_partial_2010_2022,1,2013:（新课标ii）
piano,piano*,required,2506,ipa-dict(en_US/CMUdict),corroborated,ECDICT,teacher_pdf_gloss,historical_partial_2010_2022,2,2016:（新课标ⅱ）;2016:（新课标ⅲ）
pick,pick,junior,2507,ipa-dict(en_US/CMUdict),corroborated,ECDICT,teacher_pdf_gloss,historical_partial_2010_2022,11,2013:（新课标ii）;2015:（新课标Ⅰ）;2015:（新课标ⅱ）;2016:（新课标Ⅰ）;2017:（新课标Ⅰ）;2017:（新课标ⅱ）;2018:（新课标Ⅰ）;2019:（新课标Ⅱ）;2020:（新课标Ⅱ）;2021:（新课标Ⅰ）;2022:（全国甲卷）
picnic,picnic,junior,2508,ipa-dict(en_US/CMUdict),corroborated,ECDICT,teacher_pdf_gloss,historical_partial_2010_2022,2,2012:（新课标）;2018:（新课标ⅱ）
picture,picture,junior,2509,ipa-dict(en_US/CMUdict),corroborated,ECDICT,teacher_pdf_gloss,historical_partial_2010_2022,14,2011:（全国卷ii）;2011:（新课标）;2012:（新课标）;2013:（新课标Ⅰ）;2014:（新课标Ⅰ）;2015:（新课标Ⅰ）;2016:（新课标ⅱ）;2017:（新课标ⅱ）;2017:（新课标ⅲ）;2018:（新课标ⅲ）;2019:（新课标Ⅲ）;2020:（新课标Ⅱ）;2021:（解析版）;2022:（全国乙卷）
pie,pie,junior,2510,ipa-dict(en_US/CMUdict),corroborated,ECDICT,teacher_pdf_gloss,historical_partial_2010_2022,0,
piece,piece,junior,2511,ipa-dict(en_US/CMUdict),corroborated,ECDICT,teacher_pdf_gloss,historical_partial_2010_2022,13,2010:（新课标Ⅱ）;2012:（新课标）;2013:（新课标Ⅰ）;2014:（新课标Ⅰ）;2015:（新课标Ⅰ）;2016:（新课标ⅲ）;2017:（新课标Ⅰ）;2018:（新课标Ⅰ）;2019:（新课标Ⅲ）;2020:（新课标Ⅰ）;2020:（新课标Ⅲ）;2021:（新课标Ⅰ）;2021:（解析版）
pig,pig,junior,2512,ipa-dict(en_US/CMUdict),corroborated,ECDICT,teacher_pdf_gloss,historical_partial_2010_2022,1,2018:（新课标ⅱ）
pile,,extension,2513,ipa-dict(en_US/CMUdict),corroborated,ECDICT,teacher_pdf_gloss,historical_partial_2010_2022,2,2014:（新课标ⅱ）;2021:（解析版）
pill,pill**,selective_required,2514,ipa-dict(en_US/CMUdict),corroborated,ECDICT,teacher_pdf_gloss,historical_partial_2010_2022,0,
pillow,,extension,2515,ipa-dict(en_US/CMUdict),corroborated,ECDICT,teacher_pdf_gloss,historical_partial_2010_2022,2,2013:（新课标ii）;2018:（新课标Ⅰ）
pilot,pilot,junior,2516,ipa-dict(en_US/CMUdict),corroborated,ECDICT,teacher_pdf_gloss,historical_partial_2010_2022,4,2013:（新课标ii）;2017:（新课标ⅱ）;2019:（新课标Ⅱ）;2022:（全国甲卷）
pin,,extension,2517,ipa-dict(en_US/CMUdict),corroborated,ECDICT,teacher_pdf_gloss,historical_partial_2010_2022,0,
pine,,extension,2518,ipa-dict(en_US/CMUdict),corroborated,ECDICT,teacher_pdf_gloss,historical_partial_2010_2022,1,2017:（新课标Ⅰ）
pink,pink,junior,,ipa-dict(en_US/CMUdict),corroborated,ECDICT,ECDICT,historical_partial_2010_2022,1,2015:（新课标Ⅰ）
pint,,extension,2521,ipa-dict(en_US/CMUdict),corroborated,ECDICT,teacher_pdf_gloss,historical_partial_2010_2022,0,
pioneer,pioneer,junior,2522,ipa-dict(en_US/CMUdict),corroborated,ECDICT,teacher_pdf_gloss,historical_partial_2010_2022,3,2015:（新课标Ⅰ）;2016:（新课标Ⅰ）;2017:（新课标Ⅰ）
pipe,pipe**,selective_required,2523,ipa-dict(en_US/CMUdict),corroborated,ECDICT,teacher_pdf_gloss,historical_partial_2010_2022,1,2016:（新课标ⅲ）
pity,pity,junior,2524,ipa-dict(en_US/CMUdict),corroborated,ECDICT,teacher_pdf_gloss,historical_partial_2010_2022,2,2018:（新课标ⅱ）;2018:（新课标ⅲ）
place,place,junior,2525,ipa-dict(en_US/CMUdict),corroborated,ECDICT,teacher_pdf_gloss,historical_partial_2010_2022,29,2010:（新课标Ⅰ）;2010:（新课标Ⅱ）;2011:（全国卷ii）;2011:（新课标）;2012:（新课标）;2013:（新课标ii）;2013:（新课标Ⅰ）;2014:（新课标Ⅰ）;2014:（新课标ⅱ）;2015:（新课标Ⅰ）;2015:（新课标ⅱ）;2016:（新课标Ⅰ）;2016:（新课标ⅱ）;2016:（新课标ⅲ）;2017:（新课标Ⅰ）;2017:（新课标ⅲ）;2018:（新课标Ⅰ）;2018:（新课标ⅱ）;2018:（新课标ⅲ）;2019:（新课标Ⅰ）;2019:（新课标Ⅱ）;2019:（新课标Ⅲ）;2020:（新课标Ⅰ）;2020:（新课标Ⅱ）;2020:（新课标Ⅲ）;2021:（新课标Ⅰ）;2021:（解析版）;2022:（全国乙卷）;2022:（全国甲卷）
plain,plain**,selective_required,2526,ipa-dict(en_US/CMUdict),corroborated,ECDICT,teacher_pdf_gloss,historical_partial_2010_2022,2,2011:（新课标）;2019:（新课标Ⅲ）
plan,plan,junior,2527,ipa-dict(en_US/CMUdict),corroborated,ECDICT,teacher_pdf_gloss,historical_partial_2010_2022,22,2010:（新课标Ⅱ）;2011:（新课标）;2013:（新课标ii）;2013:（新课标Ⅰ）;2014:（新课标Ⅰ）;2014:（新课标ⅱ）;2015:（新课标Ⅰ）;2015:（新课标ⅱ）;2016:（新课标Ⅰ）;2016:（新课标ⅱ）;2016:（新课标ⅲ）;2017:（新课标Ⅰ）;2017:（新课标ⅱ）;2017:（新课标ⅲ）;2018:（新课标Ⅰ）;2018:（新课标ⅱ）;2019:（新课标Ⅱ）;2020:（新课标Ⅰ）;2020:（新课标Ⅲ）;2021:（解析版）;2022:（全国乙卷）;2022:（全国甲卷）
plane,plane,junior,2528,ipa-dict(en_US/CMUdict),corroborated,ECDICT,teacher_pdf_gloss,historical_partial_2010_2022,3,2010:（新课标Ⅰ）;2013:（新课标ii）;2016:（新课标Ⅰ）
planet,planet,junior,2529,ipa-dict(en_US/CMUdict),corroborated,ECDICT,teacher_pdf_gloss,historical_partial_2010_2022,3,2019:（新课标Ⅱ）;2020:（新课标Ⅲ）;2021:（解析版）
plant,plant,junior,2530,ipa-dict(en_US/CMUdict),corroborated,ECDICT,teacher_pdf_gloss,historical_partial_2010_2022,12,2010:（新课标Ⅰ）;2011:（新课标）;2014:（新课标Ⅰ）;2016:（新课标ⅱ）;2016:（新课标ⅲ）;2017:（新课标ⅱ）;2017:（新课标ⅲ）;2018:（新课标Ⅰ）;2019:（新课标Ⅰ）;2020:（新课标Ⅰ）;2020:（新课标Ⅱ）;2020:（新课标Ⅲ）
plastic,plastic**,selective_required,2531,ipa-dict(en_US/CMUdict),corroborated,ECDICT,teacher_pdf_gloss,historical_partial_2010_2022,6,2016:（新课标ⅲ）;2017:（新课标Ⅰ）;2018:（新课标ⅱ）;2019:（新课标Ⅰ）;2021:（新课标Ⅰ）;2022:（全国甲卷）
plate,plate*,required,2532,ipa-dict(en_US/CMUdict),corroborated,ECDICT,teacher_pdf_gloss,historical_partial_2010_2022,3,2015:（新课标ⅱ）;2016:（新课标ⅲ）;2022:（全国甲卷）
platform,platform**,selective_required,2533,ipa-dict(en_US/CMUdict),corroborated,ECDICT,teacher_pdf_gloss,historical_partial_2010_2022,4,2015:（新课标Ⅰ）;2020:（新课标Ⅰ）;2020:（新课标Ⅱ）;2021:（解析版）
play,play,junior,2534,ipa-dict(en_US/CMUdict),corroborated,ECDICT,teacher_pdf_gloss,historical_partial_2010_2022,22,2010:（新课标Ⅱ）;2011:（全国卷ii）;2012:（新课标）;2013:（新课标ii）;2013:（新课标Ⅰ）;2014:（新课标Ⅰ）;2014:（新课标ⅱ）;2015:（新课标Ⅰ）;2015:（新课标ⅱ）;2016:（新课标ⅱ）;2016:（新课标ⅲ）;2017:（新课标ⅱ）;2017:（新课标ⅲ）;2018:（新课标Ⅰ）;2018:（新课标ⅱ）;2018:（新课标ⅲ）;2019:（新课标Ⅰ）;2019:（新课标Ⅲ）;2020:（新课标Ⅱ）;2021:（新课标Ⅰ）;2021:（解析版）;2022:（全国乙卷）
player,player,junior,2536,ipa-dict(en_US/CMUdict),corroborated,ECDICT,teacher_pdf_gloss,historical_partial_2010_2022,5,2015:（新课标Ⅰ）;2016:（新课标ⅲ）;2018:（新课标Ⅰ）;2019:（新课标Ⅰ）;2019:（新课标Ⅲ）
playground,playground,junior,2537,ipa-dict(en_US/CMUdict),corroborated,ECDICT,teacher_pdf_gloss,historical_partial_2010_2022,1,2019:（新课标Ⅰ）
pleasant,pleasant**,selective_required,2539,ipa-dict(en_US/CMUdict),corroborated,ECDICT,teacher_pdf_gloss,historical_partial_2010_2022,6,2010:（新课标Ⅰ）;2010:（新课标Ⅱ）;2011:（全国卷ii）;2016:（新课标ⅱ）;2018:（新课标ⅱ）;2021:（新课标Ⅰ）
please,please,junior,2540,ipa-dict(en_US/CMUdict),corroborated,curated_function_words,teacher_pdf_gloss,historical_partial_2010_2022,8,2011:（全国卷ii）;2011:（新课标）;2014:（新课标Ⅰ）;2014:（新课标ⅱ）;2016:（新课标Ⅰ）;2016:（新课标ⅱ）;2017:（新课标ⅱ）;2020:（新课标Ⅰ）
pleased,,extension,2541,ipa-dict(en_US/CMUdict),corroborated,ECDICT,teacher_pdf_gloss,historical_partial_2010_2022,7,2010:（新课标Ⅰ）;2011:（全国卷ii）;2012:（新课标）;2013:（新课标Ⅰ）;2014:（新课标Ⅰ）;2016:（新课标ⅲ）;2021:（解析版）
pleasure,pleasure,junior,2542,ipa-dict(en_US/CMUdict),corroborated,ECDICT,teacher_pdf_gloss,historical_partial_2010_2022,8,2010:（新课标Ⅰ）;2010:（新课标Ⅱ）;2011:（全国卷ii）;2014:（新课标Ⅰ）;2016:（新课标ⅲ）;2018:（新课标ⅱ）;2018:（新课标ⅲ）;2020:（新课标Ⅱ）
plenty,plenty,junior,2543,ipa-dict(en_US/CMUdict),corroborated,ECDICT,teacher_pdf_gloss,historical_partial_2010_2022,3,2019:（新课标Ⅰ）;2021:（新课标Ⅰ）;2021:（解析版）
plot,plot**,selective_required,2544,ipa-dict(en_US/CMUdict),corroborated,ECDICT,teacher_pdf_gloss,historical_partial_2010_2022,0,
plug,plug**,selective_required,2545,ipa-dict(en_US/CMUdict),corroborated,ECDICT,teacher_pdf_gloss,historical_partial_2010_2022,0,
plus,plus*,required,2546,ipa-dict(en_US/CMUdict),corroborated,ECDICT,teacher_pdf_gloss,historical_partial_2010_2022,2,2015:（新课标Ⅰ）;2016:（新课标Ⅰ）
pocket,pocket,junior,2551,ipa-dict(en_US/CMUdict),corroborated,ECDICT,teacher_pdf_gloss,historical_partial_2010_2022,3,2014:（新课标ⅱ）;2021:（新课标Ⅰ）;2021:（解析版）
poem,poem,junior,2552,ipa-dict(en_US/CMUdict),corroborated,ECDICT,teacher_pdf_gloss,historical_partial_2010_2022,4,2010:（新课标Ⅱ）;2012:（新课标）;2014:（新课标Ⅰ）;2020:（新课标Ⅰ）
poet,poet**,selective_required,2553,ipa-dict(en_US/CMUdict),corroborated,ECDICT,teacher_pdf_gloss,historical_partial_2010_2022,2,2010:（新课标Ⅰ）;2010:（新课标Ⅱ）
poetry,poetry*,required,,ipa-dict(en_US/CMUdict),corroborated,ECDICT,ECDICT,historical_partial_2010_2022,1,2020:（新课标Ⅰ）
point,point,junior,2554,ipa-dict(en_US/CMUdict),corroborated,ECDICT,teacher_pdf_gloss,historical_partial_2010_2022,13,2013:（新课标ii）;2014:（新课标Ⅰ）;2015:（新课标Ⅰ）;2016:（新课标ⅱ）;2017:（新课标Ⅰ）;2017:（新课标ⅲ）;2018:（新课标Ⅰ）;2018:（新课标ⅱ）;2019:（新课标Ⅱ）;2019:（新课标Ⅲ）;2020:（新课标Ⅲ）;2021:（新课标Ⅰ）;2022:（全国乙卷）
poison,poison*,required,2555,ipa-dict(en_US/CMUdict),corroborated,ECDICT,teacher_pdf_gloss,historical_partial_2010_2022,1,2017:（新课标Ⅰ）
polar,polar**,selective_required,,ipa-dict(en_US/CMUdict),corroborated,ECDICT,ECDICT,historical_partial_2010_2022,1,2019:（新课标Ⅰ）
pole,pole*,required,2557,ipa-dict(en_US/CMUdict),corroborated,ECDICT,teacher_pdf_gloss,historical_partial_2010_2022,1,2016:（新课标ⅱ）
police,police,junior,2559,ipa-dict(en_US/CMUdict),corroborated,ECDICT,teacher_pdf_gloss,historical_partial_2010_2022,5,2011:（全国卷ii）;2013:（新课标Ⅰ）;2014:（新课标ⅱ）;2016:（新课标Ⅰ）;2020:（新课标Ⅱ）
policeman,policeman / policewoman,junior,,ipa-dict(en_US/CMUdict),corroborated,ECDICT,ECDICT,historical_partial_2010_2022,1,2014:（新课标ⅱ）
policewoman,policeman / policewoman,junior,,ipa-dict(en_US/CMUdict),corroborated,ECDICT,ECDICT,historical_partial_2010_2022,0,
policy,policy*,required,2561,ipa-dict(en_US/CMUdict),corroborated,ECDICT,teacher_pdf_gloss,historical_partial_2010_2022,3,2013:（新课标Ⅰ）;2017:（新课标ⅲ）;2022:（全国乙卷）
polish,polish**,selective_required,2562,ipa-dict(en_US/CMUdict),corroborated,ECDICT,teacher_pdf_gloss,historical_partial_2010_2022,0,
polite,polite,junior,2563,ipa-dict(en_US/CMUdict),corroborated,ECDICT,teacher_pdf_gloss,historical_partial_2010_2022,4,2010:（新课标Ⅱ）;2011:（全国卷ii）;2011:（新课标）;2020:（新课标Ⅲ）
political,political**,selective_required,2564,ipa-dict(en_US/CMUdict),corroborated,ECDICT,teacher_pdf_gloss,historical_partial_2010_2022,1,2014:（新课标ⅱ）
politician,politician**,selective_required,2565,ipa-dict(en_US/CMUdict),corroborated,ECDICT,teacher_pdf_gloss,historical_partial_2010_2022,1,2019:（新课标Ⅲ）
politics,politics**,selective_required,2566,ipa-dict(en_US/CMUdict),corroborated,ECDICT,teacher_pdf_gloss,historical_partial_2010_2022,2,2019:（新课标Ⅰ）;2019:（新课标Ⅲ）
pollute,pollute,junior,2567,ipa-dict(en_US/CMUdict),corroborated,ECDICT,teacher_pdf_gloss,historical_partial_2010_2022,4,2014:（新课标Ⅰ）;2015:（新课标Ⅰ）;2018:（新课标ⅱ）;2021:（新课标Ⅰ）
pollution,pollution,junior,2568,ipa-dict(en_US/CMUdict),corroborated,ECDICT,teacher_pdf_gloss,historical_partial_2010_2022,6,2014:（新课标Ⅰ）;2014:（新课标ⅱ）;2016:（新课标Ⅰ）;2019:（新课标Ⅱ）;2021:（新课标Ⅰ）;2022:（全国乙卷）
pond,pond**,selective_required,2569,ipa-dict(en_US/CMUdict),corroborated,ECDICT,teacher_pdf_gloss,historical_partial_2010_2022,1,2018:（新课标Ⅰ）
pool,pool,junior,2570,ipa-dict(en_US/CMUdict),corroborated,ECDICT,teacher_pdf_gloss,historical_partial_2010_2022,1,2015:（新课标Ⅰ）
poor,poor,junior,2571,ipa-dict(en_US/CMUdict),corroborated,ECDICT,teacher_pdf_gloss,historical_partial_2010_2022,10,2010:（新课标Ⅱ）;2011:（新课标）;2012:（新课标）;2013:（新课标ii）;2016:（新课标Ⅰ）;2018:（新课标Ⅰ）;2018:（新课标ⅱ）;2018:（新课标ⅲ）;2019:（新课标Ⅰ）;2019:（新课标Ⅲ）
popular,popular (pop),junior,2574,ipa-dict(en_US/CMUdict),corroborated,ECDICT,teacher_pdf_gloss,historical_partial_2010_2022,16,2010:（新课标Ⅱ）;2011:（新课标）;2013:（新课标ii）;2014:（新课标ⅱ）;2015:（新课标Ⅰ）;2015:（新课标ⅱ）;2016:（新课标Ⅰ）;2017:（新课标Ⅰ）;2017:（新课标ⅱ）;2018:（新课标Ⅰ）;2018:（新课标ⅲ）;2019:（新课标Ⅰ）;2019:（新课标Ⅲ）;2020:（新课标Ⅰ）;2020:（新课标Ⅱ）;2021:（新课标Ⅰ）
population,population,junior,2575,ipa-dict(en_US/CMUdict),corroborated,ECDICT,teacher_pdf_gloss,historical_partial_2010_2022,10,2011:（新课标）;2014:（新课标Ⅰ）;2016:（新课标ⅲ）;2017:（新课标ⅲ）;2018:（新课标ⅲ）;2019:（新课标Ⅰ）;2019:（新课标Ⅱ）;2020:（新课标Ⅲ）;2021:（解析版）;2022:（全国甲卷）
pork,pork**,selective_required,2576,ipa-dict(en_US/CMUdict),corroborated,ECDICT,teacher_pdf_gloss,historical_partial_2010_2022,0,
port,port*,required,2578,ipa-dict(en_US/CMUdict),corroborated,ECDICT,teacher_pdf_gloss,historical_partial_2010_2022,2,2018:（新课标ⅲ）;2021:（解析版）
pose,pose**,selective_required,,ipa-dict(en_US/CMUdict),corroborated,ECDICT,ECDICT,historical_partial_2010_2022,0,
position,position*,required,2581,ipa-dict(en_US/CMUdict),corroborated,ECDICT,teacher_pdf_gloss,historical_partial_2010_2022,11,2010:（新课标Ⅱ）;2011:（全国卷ii）;2011:（新课标）;2012:（新课标）;2013:（新课标ii）;2013:（新课标Ⅰ）;2014:（新课标Ⅰ）;2018:（新课标ⅲ）;2019:（新课标Ⅰ）;2021:（解析版）;2022:（全国乙卷）
positive,positive*,required,,ipa-dict(en_US/CMUdict),corroborated,ECDICT,ECDICT,historical_partial_2010_2022,11,2012:（新课标）;2013:（新课标ii）;2015:（新课标Ⅰ）;2016:（新课标ⅲ）;2017:（新课标ⅲ）;2018:（新课标ⅱ）;2019:（新课标Ⅰ）;2020:（新课标Ⅰ）;2020:（新课标Ⅱ）;2020:（新课标Ⅲ）;2022:（全国乙卷）
possess,,extension,2582,ipa-dict(en_US/CMUdict),corroborated,ECDICT,teacher_pdf_gloss,historical_partial_2010_2022,1,2022:（全国甲卷）
possession,possession**,selective_required,2583,ipa-dict(en_US/CMUdict),corroborated,ECDICT,teacher_pdf_gloss,historical_partial_2010_2022,1,2020:（新课标Ⅰ）
possibility,,extension,2584,ipa-dict(en_US/CMUdict),corroborated,ECDICT,teacher_pdf_gloss,historical_partial_2010_2022,3,2010:（新课标Ⅱ）;2012:（新课标）;2016:（新课标ⅲ）
possible,possible,junior,2585,ipa-dict(en_US/CMUdict),corroborated,ECDICT,teacher_pdf_gloss,historical_partial_2010_2022,14,2010:（新课标Ⅱ）;2011:（全国卷ii）;2011:（新课标）;2012:（新课标）;2016:（新课标Ⅰ）;2016:（新课标ⅱ）;2017:（新课标Ⅰ）;2017:（新课标ⅱ）;2018:（新课标Ⅰ）;2018:（新课标ⅱ）;2019:（新课标Ⅰ）;2019:（新课标Ⅲ）;2021:（解析版）;2022:（全国乙卷）
post,post,junior,2586,ipa-dict(en_US/CMUdict),corroborated,ECDICT,teacher_pdf_gloss,historical_partial_2010_2022,5,2011:（新课标）;2014:（新课标ⅱ）;2016:（新课标ⅲ）;2017:（新课标ⅲ）;2018:（新课标ⅲ）
postcard,postcard,junior,2589,ipa-dict(en_US/CMUdict),corroborated,ECDICT,teacher_pdf_gloss,historical_partial_2010_2022,0,
poster,poster*,required,2591,ipa-dict(en_US/CMUdict),corroborated,ECDICT,teacher_pdf_gloss,historical_partial_2010_2022,0,
postman,postman,junior,2592,ipa-dict(en_US/CMUdict),corroborated,ECDICT,teacher_pdf_gloss,historical_partial_2010_2022,0,
postpone,postpone*,required,2593,ipa-dict(en_US/CMUdict),corroborated,ECDICT,teacher_pdf_gloss,historical_partial_2010_2022,1,2016:（新课标ⅱ）
pot,pot**,selective_required,2594,ipa-dict(en_US/CMUdict),corroborated,ECDICT,teacher_pdf_gloss,historical_partial_2010_2022,2,2016:（新课标ⅲ）;2018:（新课标ⅱ）
potato,potato,junior,2595,ipa-dict(en_US/CMUdict),corroborated,ECDICT,teacher_pdf_gloss,historical_partial_2010_2022,0,
potential,potential**,selective_required,2596,ipa-dict(en_US/CMUdict),corroborated,ECDICT,teacher_pdf_gloss,historical_partial_2010_2022,2,2017:（新课标Ⅰ）;2017:（新课标ⅱ）
pound,pound,junior,2597,ipa-dict(en_US/CMUdict),corroborated,ECDICT,teacher_pdf_gloss,historical_partial_2010_2022,7,2010:（新课标Ⅰ）;2011:（新课标）;2015:（新课标ⅱ）;2016:（新课标ⅲ）;2018:（新课标ⅲ）;2020:（新课标Ⅰ）;2022:（全国乙卷）
pour,pour**,selective_required,2598,ipa-dict(en_US/CMUdict),corroborated,ECDICT,teacher_pdf_gloss,historical_partial_2010_2022,7,2010:（新课标Ⅰ）;2015:（新课标ⅱ）;2016:（新课标ⅲ）;2017:（新课标ⅲ）;2020:（新课标Ⅰ）;2021:（新课标Ⅰ）;2022:（全国甲卷）
powder,,extension,2599,ipa-dict(en_US/CMUdict),corroborated,ECDICT,teacher_pdf_gloss,historical_partial_2010_2022,0,
power,power*,required,2600,ipa-dict(en_US/CMUdict),corroborated,ECDICT,teacher_pdf_gloss,historical_partial_2010_2022,14,2010:（新课标Ⅰ）;2010:（新课标Ⅱ）;2011:（新课标）;2013:（新课标ii）;2013:（新课标Ⅰ）;2014:（新课标Ⅰ）;2015:（新课标Ⅰ）;2016:（新课标Ⅰ）;2017:（新课标ⅱ）;2018:（新课标Ⅰ）;2019:（新课标Ⅰ）;2019:（新课标Ⅱ）;2020:（新课标Ⅰ）;2022:（全国乙卷）
powerful,,extension,2601,ipa-dict(en_US/CMUdict),corroborated,ECDICT,teacher_pdf_gloss,historical_partial_2010_2022,6,2010:（新课标Ⅱ）;2012:（新课标）;2013:（新课标Ⅰ）;2015:（新课标Ⅰ）;2016:（新课标ⅱ）;2018:（新课标Ⅰ）
practical,practical**,selective_required,2602,ipa-dict(en_US/CMUdict),corroborated,ECDICT,teacher_pdf_gloss,historical_partial_2010_2022,8,2010:（新课标Ⅰ）;2011:（新课标）;2014:（新课标ⅱ）;2015:（新课标ⅱ）;2016:（新课标ⅲ）;2018:（新课标ⅲ）;2019:（新课标Ⅱ）;2020:（新课标Ⅰ）
practice,practice,junior,2603,ipa-dict(en_US/CMUdict),corroborated,ECDICT,teacher_pdf_gloss,historical_partial_2010_2022,12,2010:（新课标Ⅰ）;2012:（新课标）;2014:（新课标ⅱ）;2016:（新课标ⅱ）;2016:（新课标ⅲ）;2018:（新课标Ⅰ）;2018:（新课标ⅱ）;2018:（新课标ⅲ）;2020:（新课标Ⅰ）;2020:（新课标Ⅱ）;2021:（新课标Ⅰ）;2022:（全国甲卷）
praise,praise,junior,2605,ipa-dict(en_US/CMUdict),corroborated,ECDICT,teacher_pdf_gloss,historical_partial_2010_2022,5,2010:（新课标Ⅰ）;2016:（新课标ⅲ）;2019:（新课标Ⅰ）;2020:（新课标Ⅲ）;2021:（解析版）
pray,pray**,selective_required,2606,ipa-dict(en_US/CMUdict),corroborated,ECDICT,teacher_pdf_gloss,historical_partial_2010_2022,1,2020:（新课标Ⅲ）
prayer,,extension,2607,ipa-dict(en_US/CMUdict),corroborated,ECDICT,teacher_pdf_gloss,historical_partial_2010_2022,1,2015:（新课标Ⅰ）
precious,precious**,selective_required,2608,ipa-dict(en_US/CMUdict),corroborated,ECDICT,teacher_pdf_gloss,historical_partial_2010_2022,1,2022:（全国甲卷）
precise,,extension,2609,ipa-dict(en_US/CMUdict),corroborated,ECDICT,teacher_pdf_gloss,historical_partial_2010_2022,0,
precisely,precisely**,selective_required,,ipa-dict(en_US/CMUdict),corroborated,ECDICT,ECDICT,historical_partial_2010_2022,3,2019:（新课标Ⅰ）;2019:（新课标Ⅲ）;2022:（全国乙卷）
predict,predict**,selective_required,2610,ipa-dict(en_US/CMUdict),corroborated,ECDICT,teacher_pdf_gloss,historical_partial_2010_2022,6,2017:（新课标ⅱ）;2018:（新课标ⅲ）;2019:（新课标Ⅱ）;2019:（新课标Ⅲ）;2022:（全国乙卷）;2022:（全国甲卷）
prefer,prefer*,required,2611,ipa-dict(en_US/CMUdict),corroborated,ECDICT,teacher_pdf_gloss,historical_partial_2010_2022,10,2011:（全国卷ii）;2013:（新课标Ⅰ）;2016:（新课标ⅱ）;2016:（新课标ⅲ）;2018:（新课标ⅱ）;2019:（新课标Ⅱ）;2020:（新课标Ⅱ）;2021:（新课标Ⅰ）;2022:（全国乙卷）;2022:（全国甲卷）
preference,preference**,selective_required,2612,ipa-dict(en_US/CMUdict),corroborated,ECDICT,teacher_pdf_gloss,historical_partial_2010_2022,0,
pregnant,,extension,2613,ipa-dict(en_US/CMUdict),corroborated,ECDICT,teacher_pdf_gloss,historical_partial_2010_2022,0,
prejudice,prejudice**,selective_required,2614,ipa-dict(en_US/CMUdict),corroborated,ECDICT,teacher_pdf_gloss,historical_partial_2010_2022,1,2022:（全国甲卷）
premier,premier**,selective_required,2615,ipa-dict(en_US/CMUdict),corroborated,ECDICT,teacher_pdf_gloss,historical_partial_2010_2022,2,2011:（全国卷ii）;2022:（全国甲卷）
preparation,,extension,2616,ipa-dict(en_US/CMUdict),corroborated,ECDICT,teacher_pdf_gloss,historical_partial_2010_2022,3,2015:（新课标ⅱ）;2017:（新课标ⅲ）;2019:（新课标Ⅱ）
prepare,prepare,junior,2617,ipa-dict(en_US/CMUdict),corroborated,ECDICT,teacher_pdf_gloss,historical_partial_2010_2022,14,2010:（新课标Ⅰ）;2010:（新课标Ⅱ）;2011:（新课标）;2012:（新课标）;2014:（新课标Ⅰ）;2015:（新课标ⅱ）;2016:（新课标Ⅰ）;2017:（新课标ⅱ）;2017:（新课标ⅲ）;2018:（新课标Ⅰ）;2019:（新课标Ⅰ）;2020:（新课标Ⅰ）;2021:（新课标Ⅰ）;2021:（解析版）
prescription,,extension,2618,ipa-dict(en_US/CMUdict),corroborated,ECDICT,teacher_pdf_gloss,historical_partial_2010_2022,0,
present,present,junior,2619,curated_homograph_override,curated,ECDICT,curated_override,historical_partial_2010_2022,21,2010:（新课标Ⅰ）;2011:（全国卷ii）;2011:（新课标）;2012:（新课标）;2013:（新课标ii）;2013:（新课标Ⅰ）;2014:（新课标Ⅰ）;2015:（新课标Ⅰ）;2016:（新课标Ⅰ）;2016:（新课标ⅲ）;2017:（新课标Ⅰ）;2018:（新课标Ⅰ）;2018:（新课标ⅲ）;2019:（新课标Ⅰ）;2019:（新课标Ⅱ）;2019:（新课标Ⅲ）;2020:（新课标Ⅰ）;2020:（新课标Ⅱ）;2020:（新课标Ⅲ）;2022:（全国乙卷）;2022:（全国甲卷）
presentation,presentation**,selective_required,,ipa-dict(en_US/CMUdict),corroborated,ECDICT,ECDICT,historical_partial_2010_2022,2,2013:（新课标ii）;2018:（新课标Ⅰ）
preserve,preserve**,selective_required,,ipa-dict(en_US/CMUdict),corroborated,ECDICT,ECDICT,historical_partial_2010_2022,4,2017:（新课标Ⅰ）;2017:（新课标ⅲ）;2018:（新课标ⅲ）;2022:（全国甲卷）
president,president,junior,2622,ipa-dict(en_US/CMUdict),corroborated,ECDICT,teacher_pdf_gloss,historical_partial_2010_2022,8,2011:（新课标）;2012:（新课标）;2013:（新课标Ⅰ）;2014:（新课标ⅱ）;2015:（新课标ⅱ）;2016:（新课标Ⅰ）;2018:（新课标Ⅰ）;2019:（新课标Ⅰ）
press,press*,required,2623,ipa-dict(en_US/CMUdict),corroborated,ECDICT,teacher_pdf_gloss,historical_partial_2010_2022,4,2010:（新课标Ⅰ）;2013:（新课标Ⅰ）;2019:（新课标Ⅰ）;2021:（新课标Ⅰ）
pressure,pressure*,required,2624,ipa-dict(en_US/CMUdict),corroborated,ECDICT,teacher_pdf_gloss,historical_partial_2010_2022,3,2010:（新课标Ⅰ）;2019:（新课标Ⅰ）;2021:（新课标Ⅰ）
pretend,pretend**,selective_required,2625,ipa-dict(en_US/CMUdict),corroborated,ECDICT,teacher_pdf_gloss,historical_partial_2010_2022,7,2011:（全国卷ii）;2011:（新课标）;2013:（新课标ii）;2013:（新课标Ⅰ）;2020:（新课标Ⅲ）;2021:（新课标Ⅰ）;2022:（全国甲卷）
pretty,pretty,junior,2626,ipa-dict(en_US/CMUdict),corroborated,ECDICT,teacher_pdf_gloss,historical_partial_2010_2022,5,2011:（新课标）;2016:（新课标ⅱ）;2019:（新课标Ⅰ）;2019:（新课标Ⅱ）;2022:（全国甲卷）
prevent,prevent*,required,2627,ipa-dict(en_US/CMUdict),corroborated,ECDICT,teacher_pdf_gloss,historical_partial_2010_2022,8,2013:（新课标ii）;2013:（新课标Ⅰ）;2014:（新课标Ⅰ）;2014:（新课标ⅱ）;2015:（新课标ⅱ）;2016:（新课标ⅲ）;2017:（新课标ⅲ）;2018:（新课标ⅱ）
previous,previous*,required,,ipa-dict(en_US/CMUdict),corroborated,ECDICT,ECDICT,historical_partial_2010_2022,2,2013:（新课标Ⅰ）;2018:（新课标Ⅰ）
price,price,junior,2629,ipa-dict(en_US/CMUdict),corroborated,ECDICT,teacher_pdf_gloss,historical_partial_2010_2022,9,2010:（新课标Ⅱ）;2011:（新课标）;2013:（新课标ii）;2015:（新课标ⅱ）;2016:（新课标ⅱ）;2016:（新课标ⅲ）;2017:（新课标ⅲ）;2019:（新课标Ⅲ）;2022:（全国乙卷）
pride,pride,junior,2630,ipa-dict(en_US/CMUdict),corroborated,ECDICT,teacher_pdf_gloss,historical_partial_2010_2022,0,
primary,primary,junior,2631,ipa-dict(en_US/CMUdict),corroborated,ECDICT,teacher_pdf_gloss,historical_partial_2010_2022,1,2019:（新课标Ⅰ）
primitive,primitive**,selective_required,2633,ipa-dict(en_US/CMUdict),corroborated,ECDICT,teacher_pdf_gloss,historical_partial_2010_2022,1,2010:（新课标Ⅰ）
principle,principle**,selective_required,2634,ipa-dict(en_US/CMUdict),corroborated,ECDICT,teacher_pdf_gloss,historical_partial_2010_2022,4,2014:（新课标Ⅰ）;2015:（新课标ⅱ）;2018:（新课标ⅲ）;2021:（新课标Ⅰ）
print,print,junior,2635,ipa-dict(en_US/CMUdict),corroborated,ECDICT,teacher_pdf_gloss,historical_partial_2010_2022,5,2011:（新课标）;2016:（新课标ⅱ）;2017:（新课标Ⅰ）;2018:（新课标ⅲ）;2020:（新课标Ⅰ）
printer,,extension,2636,ipa-dict(en_US/CMUdict),corroborated,ECDICT,teacher_pdf_gloss,historical_partial_2010_2022,1,2019:（新课标Ⅲ）
prior,prior**,selective_required,,ipa-dict(en_US/CMUdict),corroborated,ECDICT,ECDICT,historical_partial_2010_2022,0,
priority,priority**,selective_required,,ipa-dict(en_US/CMUdict),corroborated,ECDICT,ECDICT,historical_partial_2010_2022,0,
prison,prison**,selective_required,2638,ipa-dict(en_US/CMUdict),corroborated,ECDICT,teacher_pdf_gloss,historical_partial_2010_2022,1,2016:（新课标Ⅰ）
prisoner,,extension,2639,ipa-dict(en_US/CMUdict),corroborated,ECDICT,teacher_pdf_gloss,historical_partial_2010_2022,0,
private,private,junior,2640,ipa-dict(en_US/CMUdict),corroborated,ECDICT,teacher_pdf_gloss,historical_partial_2010_2022,5,2010:（新课标Ⅱ）;2016:（新课标Ⅰ）;2016:（新课标ⅲ）;2019:（新课标Ⅰ）;2019:（新课标Ⅲ）
privilege,,extension,2641,ipa-dict(en_US/CMUdict),corroborated,ECDICT,teacher_pdf_gloss,historical_partial_2010_2022,0,
prize,prize,junior,2642,ipa-dict(en_US/CMUdict),corroborated,ECDICT,teacher_pdf_gloss,historical_partial_2010_2022,4,2011:（新课标）;2014:（新课标Ⅰ）;2016:（新课标Ⅰ）;2018:（新课标ⅲ）
probably,probably,junior,2644,ipa-dict(en_US/CMUdict),corroborated,ECDICT,teacher_pdf_gloss,historical_partial_2010_2022,22,2011:（全国卷ii）;2011:（新课标）;2012:（新课标）;2013:（新课标ii）;2013:（新课标Ⅰ）;2014:（新课标Ⅰ）;2014:（新课标ⅱ）;2016:（新课标Ⅰ）;2016:（新课标ⅱ）;2016:（新课标ⅲ）;2017:（新课标Ⅰ）;2017:（新课标ⅲ）;2018:（新课标Ⅰ）;2018:（新课标ⅱ）;2018:（新课标ⅲ）;2019:（新课标Ⅱ）;2019:（新课标Ⅲ）;2020:（新课标Ⅰ）;2020:（新课标Ⅱ）;2020:（新课标Ⅲ）;2021:（解析版）;2022:（全国甲卷）
problem,problem,junior,2645,ipa-dict(en_US/CMUdict),corroborated,ECDICT,teacher_pdf_gloss,historical_partial_2010_2022,20,2010:（新课标Ⅰ）;2010:（新课标Ⅱ）;2011:（新课标）;2012:（新课标）;2013:（新课标Ⅰ）;2014:（新课标Ⅰ）;2014:（新课标ⅱ）;2015:（新课标Ⅰ）;2015:（新课标ⅱ）;2017:（新课标Ⅰ）;2017:（新课标ⅲ）;2018:（新课标ⅱ）;2018:（新课标ⅲ）;2019:（新课标Ⅰ）;2019:（新课标Ⅱ）;2020:（新课标Ⅰ）;2020:（新课标Ⅲ）;2021:（新课标Ⅰ）;2021:（解析版）;2022:（全国乙卷）
procedure,procedure*,required,2646,ipa-dict(en_US/CMUdict),corroborated,ECDICT,teacher_pdf_gloss,historical_partial_2010_2022,0,
proceed,proceed**,selective_required,,ipa-dict(en_US/CMUdict),corroborated,ECDICT,ECDICT,historical_partial_2010_2022,0,
process,process*,required,2647,ipa-dict(en_US/CMUdict),corroborated,ECDICT,teacher_pdf_gloss,historical_partial_2010_2022,7,2016:（新课标ⅱ）;2017:（新课标Ⅰ）;2018:（新课标Ⅰ）;2019:（新课标Ⅱ）;2019:（新课标Ⅲ）;2020:（新课标Ⅲ）;2021:（新课标Ⅰ）
produce,produce,junior,2648,curated_homograph_override,curated,ECDICT,curated_override,historical_partial_2010_2022,10,2010:（新课标Ⅰ）;2010:（新课标Ⅱ）;2011:（新课标）;2013:（新课标ii）;2014:（新课标ⅱ）;2016:（新课标ⅱ）;2017:（新课标ⅱ）;2019:（新课标Ⅱ）;2022:（全国乙卷）;2022:（全国甲卷）
product,product,junior,2649,ipa-dict(en_US/CMUdict),corroborated,ECDICT,teacher_pdf_gloss,historical_partial_2010_2022,9,2010:（新课标Ⅰ）;2011:（新课标）;2013:（新课标Ⅰ）;2018:（新课标Ⅰ）;2018:（新课标ⅱ）;2019:（新课标Ⅱ）;2020:（新课标Ⅲ）;2021:（新课标Ⅰ）;2022:（全国乙卷）
production,,extension,2650,ipa-dict(en_US/CMUdict),corroborated,ECDICT,teacher_pdf_gloss,historical_partial_2010_2022,10,2010:（新课标Ⅱ）;2011:（新课标）;2013:（新课标Ⅰ）;2017:（新课标Ⅰ）;2017:（新课标ⅱ）;2018:（新课标ⅱ）;2019:（新课标Ⅲ）;2020:（新课标Ⅰ）;2020:（新课标Ⅲ）;2022:（全国乙卷）
profession,profession**,selective_required,,ipa-dict(en_US/CMUdict),corroborated,ECDICT,ECDICT,historical_partial_2010_2022,1,2018:（新课标Ⅰ）
professional,professional*,required,,ipa-dict(en_US/CMUdict),corroborated,ECDICT,ECDICT,historical_partial_2010_2022,4,2018:（新课标Ⅰ）;2021:（新课标Ⅰ）;2022:（全国乙卷）;2022:（全国甲卷）
professor,professor**,selective_required,2652,ipa-dict(en_US/CMUdict),corroborated,ECDICT,teacher_pdf_gloss,historical_partial_2010_2022,10,2010:（新课标Ⅱ）;2011:（全国卷ii）;2011:（新课标）;2014:（新课标ⅱ）;2017:（新课标Ⅰ）;2017:（新课标ⅲ）;2018:（新课标ⅱ）;2019:（新课标Ⅰ）;2019:（新课标Ⅲ）;2020:（新课标Ⅰ）
profile,profile**,selective_required,,ipa-dict(en_US/CMUdict),corroborated,ECDICT,ECDICT,historical_partial_2010_2022,0,
profit,profit*,required,2653,ipa-dict(en_US/CMUdict),corroborated,ECDICT,teacher_pdf_gloss,historical_partial_2010_2022,2,2013:（新课标Ⅰ）;2022:（全国乙卷）
program,programme (program),junior,2654,ipa-dict(en_US/CMUdict),corroborated,ECDICT,teacher_pdf_gloss,historical_partial_2010_2022,12,2010:（新课标Ⅰ）;2011:（全国卷ii）;2012:（新课标）;2014:（新课标Ⅰ）;2014:（新课标ⅱ）;2015:（新课标ⅱ）;2017:（新课标ⅲ）;2018:（新课标ⅱ）;2019:（新课标Ⅰ）;2019:（新课标Ⅱ）;2020:（新课标Ⅱ）;2022:（全国乙卷）
progress,progress,junior,2655,ipa-dict(en_US/CMUdict),corroborated,ECDICT,teacher_pdf_gloss,historical_partial_2010_2022,4,2010:（新课标Ⅰ）;2014:（新课标Ⅰ）;2017:（新课标Ⅰ）;2022:（全国甲卷）
prohibit,prohibit**,selective_required,2656,ipa-dict(en_US/CMUdict),corroborated,ECDICT,teacher_pdf_gloss,historical_partial_2010_2022,2,2014:（新课标Ⅰ）;2017:（新课标Ⅰ）
project,project,junior,2657,curated_homograph_override,curated,ECDICT,curated_override,historical_partial_2010_2022,9,2013:（新课标Ⅰ）;2014:（新课标Ⅰ）;2015:（新课标Ⅰ）;2017:（新课标Ⅰ）;2017:（新课标ⅲ）;2019:（新课标Ⅰ）;2019:（新课标Ⅱ）;2020:（新课标Ⅰ）;2020:（新课标Ⅱ）
promise,promise,junior,2658,ipa-dict(en_US/CMUdict),corroborated,ECDICT,teacher_pdf_gloss,historical_partial_2010_2022,16,2010:（新课标Ⅰ）;2010:（新课标Ⅱ）;2011:（全国卷ii）;2012:（新课标）;2013:（新课标ii）;2014:（新课标Ⅰ）;2015:（新课标Ⅰ）;2015:（新课标ⅱ）;2016:（新课标Ⅰ）;2018:（新课标Ⅰ）;2018:（新课标ⅲ）;2019:（新课标Ⅱ）;2020:（新课标Ⅱ）;2020:（新课标Ⅲ）;2021:（新课标Ⅰ）;2022:（全国甲卷）
promote,promote**,selective_required,2659,ipa-dict(en_US/CMUdict),corroborated,ECDICT,teacher_pdf_gloss,historical_partial_2010_2022,12,2011:（新课标）;2014:（新课标Ⅰ）;2016:（新课标Ⅰ）;2016:（新课标ⅱ）;2016:（新课标ⅲ）;2019:（新课标Ⅱ）;2019:（新课标Ⅲ）;2020:（新课标Ⅱ）;2020:（新课标Ⅲ）;2021:（新课标Ⅰ）;2022:（全国乙卷）;2022:（全国甲卷）
pronounce,pronounce,junior,2660,ipa-dict(en_US/CMUdict),corroborated,ECDICT,teacher_pdf_gloss,historical_partial_2010_2022,1,2014:（新课标ⅱ）
pronunciation,pronunciation,junior,2661,ipa-dict(en_US/CMUdict),corroborated,ECDICT,teacher_pdf_gloss,historical_partial_2010_2022,1,2019:（新课标Ⅰ）
proof,proof**,selective_required,,ipa-dict(en_US/CMUdict),corroborated,ECDICT,ECDICT,historical_partial_2010_2022,0,
proper,proper,junior,2662,ipa-dict(en_US/CMUdict),corroborated,ECDICT,teacher_pdf_gloss,historical_partial_2010_2022,4,2011:（新课标）;2014:（新课标ⅱ）;2016:（新课标Ⅰ）;2020:（新课标Ⅰ）
properly,,extension,2663,ipa-dict(en_US/CMUdict),corroborated,ECDICT,teacher_pdf_gloss,historical_partial_2010_2022,2,2013:（新课标ii）;2020:（新课标Ⅲ）
property,property**,selective_required,,ipa-dict(en_US/CMUdict),corroborated,ECDICT,ECDICT,historical_partial_2010_2022,2,2010:（新课标Ⅰ）;2020:（新课标Ⅰ）
proposal,proposal*,required,,ipa-dict(en_US/CMUdict),corroborated,ECDICT,ECDICT,historical_partial_2010_2022,0,
prospect,prospect**,selective_required,,ipa-dict(en_US/CMUdict),corroborated,ECDICT,ECDICT,historical_partial_2010_2022,0,
protect,protect,junior,2664,ipa-dict(en_US/CMUdict),corroborated,ECDICT,teacher_pdf_gloss,historical_partial_2010_2022,12,2010:（新课标Ⅰ）;2011:（全国卷ii）;2013:（新课标Ⅰ）;2014:（新课标Ⅰ）;2015:（新课标Ⅰ）;2017:（新课标Ⅰ）;2017:（新课标ⅱ）;2018:（新课标ⅱ）;2019:（新课标Ⅰ）;2021:（解析版）;2022:（全国乙卷）;2022:（全国甲卷）
protection,,extension,2665,ipa-dict(en_US/CMUdict),corroborated,ECDICT,teacher_pdf_gloss,historical_partial_2010_2022,6,2014:（新课标Ⅰ）;2014:（新课标ⅱ）;2018:（新课标ⅱ）;2019:（新课标Ⅰ）;2020:（新课标Ⅲ）;2022:（全国乙卷）
protein,protein**,selective_required,,ipa-dict(en_US/CMUdict),corroborated,ECDICT,ECDICT,historical_partial_2010_2022,1,2018:（新课标ⅱ）
protest,protest*,required,,ipa-dict(en_US/CMUdict),corroborated,ECDICT,ECDICT,historical_partial_2010_2022,0,
proud,proud,junior,2666,ipa-dict(en_US/CMUdict),corroborated,ECDICT,teacher_pdf_gloss,historical_partial_2010_2022,6,2011:（全国卷ii）;2011:（新课标）;2013:（新课标ii）;2016:（新课标ⅱ）;2019:（新课标Ⅱ）;2020:（新课标Ⅲ）
prove,prove*,required,2667,ipa-dict(en_US/CMUdict),corroborated,ECDICT,teacher_pdf_gloss,historical_partial_2010_2022,8,2010:（新课标Ⅰ）;2011:（新课标）;2015:（新课标Ⅰ）;2016:（新课标Ⅰ）;2017:（新课标ⅱ）;2017:（新课标ⅲ）;2021:（新课标Ⅰ）;2022:（全国甲卷）
provide,provide,junior,2668,ipa-dict(en_US/CMUdict),corroborated,ECDICT,teacher_pdf_gloss,historical_partial_2010_2022,19,2010:（新课标Ⅰ）;2010:（新课标Ⅱ）;2011:（新课标）;2013:（新课标ii）;2013:（新课标Ⅰ）;2014:（新课标ⅱ）;2015:（新课标ⅱ）;2016:（新课标ⅱ）;2017:（新课标ⅱ）;2017:（新课标ⅲ）;2018:（新课标Ⅰ）;2018:（新课标ⅱ）;2019:（新课标Ⅰ）;2019:（新课标Ⅱ）;2019:（新课标Ⅲ）;2020:（新课标Ⅱ）;2020:（新课标Ⅲ）;2021:（新课标Ⅰ）;2022:（全国乙卷）
province,province*,required,2669,ipa-dict(en_US/CMUdict),corroborated,ECDICT,teacher_pdf_gloss,historical_partial_2010_2022,3,2018:（新课标ⅲ）;2019:（新课标Ⅰ）;2022:（全国甲卷）
psychology,psychology**,selective_required,2670,ipa-dict(en_US/CMUdict),corroborated,ECDICT,teacher_pdf_gloss,historical_partial_2010_2022,4,2015:（新课标Ⅰ）;2018:（新课标ⅱ）;2019:（新课标Ⅰ）;2022:（全国乙卷）
pub,pub**,selective_required,2671,ipa-dict(en_US/CMUdict),corroborated,ECDICT,teacher_pdf_gloss,historical_partial_2010_2022,0,
public,public,junior,2672,ipa-dict(en_US/CMUdict),corroborated,ECDICT,teacher_pdf_gloss,historical_partial_2010_2022,20,2011:（全国卷ii）;2011:（新课标）;2013:（新课标ii）;2014:（新课标Ⅰ）;2014:（新课标ⅱ）;2015:（新课标ⅱ）;2016:（新课标Ⅰ）;2016:（新课标ⅱ）;2017:（新课标Ⅰ）;2017:（新课标ⅱ）;2017:（新课标ⅲ）;2018:（新课标ⅱ）;2019:（新课标Ⅰ）;2019:（新课标Ⅲ）;2020:（新课标Ⅰ）;2020:（新课标Ⅱ）;2020:（新课标Ⅲ）;2021:（新课标Ⅰ）;2021:（解析版）;2022:（全国乙卷）
publicly,,extension,2673,ipa-dict(en_US/CMUdict),corroborated,ECDICT,teacher_pdf_gloss,historical_partial_2010_2022,0,
publish,publish*,required,2674,ipa-dict(en_US/CMUdict),corroborated,ECDICT,teacher_pdf_gloss,historical_partial_2010_2022,9,2014:（新课标Ⅰ）;2016:（新课标ⅱ）;2018:（新课标Ⅰ）;2018:（新课标ⅱ）;2020:（新课标Ⅰ）;2020:（新课标Ⅱ）;2020:（新课标Ⅲ）;2021:（新课标Ⅰ）;2021:（解析版）
pudding,pudding*,required,,ipa-dict(en_US/CMUdict),corroborated,ECDICT,ECDICT,historical_partial_2010_2022,0,
pull,pull,junior,2675,ipa-dict(en_US/CMUdict),corroborated,ECDICT,teacher_pdf_gloss,historical_partial_2010_2022,7,2010:（新课标Ⅰ）;2010:（新课标Ⅱ）;2014:（新课标ⅱ）;2016:（新课标Ⅰ）;2016:（新课标ⅲ）;2017:（新课标ⅱ）;2020:（新课标Ⅰ）
pulse,,extension,2676,ipa-dict(en_US/CMUdict),corroborated,ECDICT,teacher_pdf_gloss,historical_partial_2010_2022,0,
pump,,extension,2677,ipa-dict(en_US/CMUdict),corroborated,ECDICT,teacher_pdf_gloss,historical_partial_2010_2022,1,2017:（新课标ⅱ）
punish,punish,junior,2681,ipa-dict(en_US/CMUdict),corroborated,ECDICT,teacher_pdf_gloss,historical_partial_2010_2022,0,
punishment,,extension,2682,ipa-dict(en_US/CMUdict),corroborated,ECDICT,teacher_pdf_gloss,historical_partial_2010_2022,1,2012:（新课标）
pupil,pupil,junior,2683,ipa-dict(en_US/CMUdict),corroborated,ECDICT,teacher_pdf_gloss,historical_partial_2010_2022,0,
purchase,purchase**,selective_required,2684,ipa-dict(en_US/CMUdict),corroborated,ECDICT,teacher_pdf_gloss,historical_partial_2010_2022,4,2013:（新课标Ⅰ）;2018:（新课标ⅱ）;2019:（新课标Ⅲ）;2020:（新课标Ⅱ）
pure,pure**,selective_required,2685,ipa-dict(en_US/CMUdict),corroborated,ECDICT,teacher_pdf_gloss,historical_partial_2010_2022,0,
purple,purple,junior,2686,ipa-dict(en_US/CMUdict),corroborated,ECDICT,teacher_pdf_gloss,historical_partial_2010_2022,1,2016:（新课标ⅲ）
purpose,purpose,junior,2687,ipa-dict(en_US/CMUdict),corroborated,ECDICT,teacher_pdf_gloss,historical_partial_2010_2022,15,2010:（新课标Ⅰ）;2011:（全国卷ii）;2011:（新课标）;2013:（新课标ii）;2016:（新课标ⅱ）;2016:（新课标ⅲ）;2017:（新课标Ⅰ）;2017:（新课标ⅱ）;2017:（新课标ⅲ）;2018:（新课标ⅱ）;2019:（新课标Ⅰ）;2019:（新课标Ⅱ）;2020:（新课标Ⅱ）;2020:（新课标Ⅲ）;2022:（全国乙卷）
purse,purse**,selective_required,2688,ipa-dict(en_US/CMUdict),corroborated,ECDICT,teacher_pdf_gloss,historical_partial_2010_2022,0,
pursue,pursue**,selective_required,,ipa-dict(en_US/CMUdict),corroborated,ECDICT,ECDICT,historical_partial_2010_2022,0,
push,push,junior,2689,ipa-dict(en_US/CMUdict),corroborated,ECDICT,teacher_pdf_gloss,historical_partial_2010_2022,7,2011:（全国卷ii）;2012:（新课标）;2013:（新课标Ⅰ）;2014:（新课标ⅱ）;2018:（新课标ⅱ）;2021:（新课标Ⅰ）;2022:（全国甲卷）
put,put,junior,,ipa-dict(en_US/CMUdict),corroborated,ECDICT,ECDICT,historical_partial_2010_2022,28,2010:（新课标Ⅰ）;2010:（新课标Ⅱ）;2011:（全国卷ii）;2011:（新课标）;2012:（新课标）;2013:（新课标ii）;2013:（新课标Ⅰ）;2014:（新课标Ⅰ）;2015:（新课标Ⅰ）;2015:（新课标ⅱ）;2016:（新课标Ⅰ）;2016:（新课标ⅱ）;2016:（新课标ⅲ）;2017:（新课标Ⅰ）;2017:（新课标ⅱ）;2017:（新课标ⅲ）;2018:（新课标Ⅰ）;2018:（新课标ⅲ）;2019:（新课标Ⅰ）;2019:（新课标Ⅱ）;2019:（新课标Ⅲ）;2020:（新课标Ⅰ）;2020:（新课标Ⅱ）;2020:（新课标Ⅲ）;2021:（新课标Ⅰ）;2021:（解析版）;2022:（全国乙卷）;2022:（全国甲卷）
puzzle,,extension,2691,ipa-dict(en_US/CMUdict),corroborated,ECDICT,teacher_pdf_gloss,historical_partial_2010_2022,5,2014:（新课标Ⅰ）;2015:（新课标ⅱ）;2020:（新课标Ⅱ）;2021:（新课标Ⅰ）;2021:（解析版）
qualification,qualification**,selective_required,2695,ipa-dict(en_US/CMUdict),corroborated,ECDICT,teacher_pdf_gloss,historical_partial_2010_2022,1,2018:（新课标Ⅰ）
qualify,qualify**,selective_required,,ipa-dict(en_US/CMUdict),corroborated,ECDICT,ECDICT,historical_partial_2010_2022,1,2020:（新课标Ⅰ）
quality,quality*,required,2696,ipa-dict(en_US/CMUdict),corroborated,ECDICT,teacher_pdf_gloss,historical_partial_2010_2022,14,2010:（新课标Ⅱ）;2013:（新课标Ⅰ）;2015:（新课标Ⅰ）;2015:（新课标ⅱ）;2016:（新课标Ⅰ）;2016:（新课标ⅱ）;2016:（新课标ⅲ）;2017:（新课标ⅱ）;2018:（新课标ⅱ）;2019:（新课标Ⅰ）;2019:（新课标Ⅱ）;2020:（新课标Ⅱ）;2022:（全国乙卷）;2022:（全国甲卷）
quantity,quantity**,selective_required,2697,ipa-dict(en_US/CMUdict),corroborated,ECDICT,teacher_pdf_gloss,historical_partial_2010_2022,1,2019:（新课标Ⅲ）
quarter,quarter,junior,2699,ipa-dict(en_US/CMUdict),corroborated,ECDICT,teacher_pdf_gloss,historical_partial_2010_2022,2,2011:（新课标）;2021:（新课标Ⅰ）
queen,queen,junior,2700,ipa-dict(en_US/CMUdict),corroborated,ECDICT,teacher_pdf_gloss,historical_partial_2010_2022,4,2011:（新课标）;2015:（新课标ⅱ）;2019:（新课标Ⅰ）;2019:（新课标Ⅲ）
question,question,junior,2701,ipa-dict(en_US/CMUdict),corroborated,ECDICT,teacher_pdf_gloss,historical_partial_2010_2022,15,2011:（全国卷ii）;2014:（新课标Ⅰ）;2014:（新课标ⅱ）;2017:（新课标ⅱ）;2017:（新课标ⅲ）;2018:（新课标Ⅰ）;2018:（新课标ⅱ）;2018:（新课标ⅲ）;2019:（新课标Ⅰ）;2019:（新课标Ⅱ）;2019:（新课标Ⅲ）;2020:（新课标Ⅲ）;2021:（新课标Ⅰ）;2021:（解析版）;2022:（全国乙卷）
questionnaire,,extension,2702,ipa-dict(en_US/CMUdict),corroborated,ECDICT,teacher_pdf_gloss,historical_partial_2010_2022,1,2021:（解析版）
quick,quick,junior,,ipa-dict(en_US/CMUdict),corroborated,ECDICT,ECDICT,historical_partial_2010_2022,6,2013:（新课标ii）;2014:（新课标Ⅰ）;2015:（新课标Ⅰ）;2017:（新课标Ⅰ）;2022:（全国乙卷）;2022:（全国甲卷）
quiet,quiet,junior,2705,ipa-dict(en_US/CMUdict),corroborated,ECDICT,teacher_pdf_gloss,historical_partial_2010_2022,5,2012:（新课标）;2013:（新课标Ⅰ）;2016:（新课标Ⅰ）;2019:（新课标Ⅰ）;2020:（新课标Ⅲ）
quit,quit*,required,2707,ipa-dict(en_US/CMUdict),corroborated,ECDICT,teacher_pdf_gloss,historical_partial_2010_2022,2,2014:（新课标Ⅰ）;2015:（新课标Ⅰ）
quite,quite,junior,2708,ipa-dict(en_US/CMUdict),corroborated,ECDICT,teacher_pdf_gloss,historical_partial_2010_2022,9,2010:（新课标Ⅱ）;2011:（全国卷ii）;2012:（新课标）;2013:（新课标Ⅰ）;2016:（新课标ⅲ）;2017:（新课标Ⅰ）;2018:（新课标Ⅰ）;2018:（新课标ⅲ）;2019:（新课标Ⅱ）
quote,quote**,selective_required,,ipa-dict(en_US/CMUdict),corroborated,ECDICT,ECDICT,historical_partial_2010_2022,0,
rabbit,rabbit,junior,2710,ipa-dict(en_US/CMUdict),corroborated,ECDICT,teacher_pdf_gloss,historical_partial_2010_2022,0,
race,race,junior,,ipa-dict(en_US/CMUdict),corroborated,ECDICT,ECDICT,historical_partial_2010_2022,5,2013:（新课标Ⅰ）;2014:（新课标Ⅰ）;2015:（新课标ⅱ）;2020:（新课标Ⅰ）;2021:（解析版）
racial,racial**,selective_required,2712,ipa-dict(en_US/CMUdict),corroborated,ECDICT,teacher_pdf_gloss,historical_partial_2010_2022,0,
radiation,radiation**,selective_required,2713,ipa-dict(en_US/CMUdict),corroborated,ECDICT,teacher_pdf_gloss,historical_partial_2010_2022,0,
radio,radio,junior,2714,ipa-dict(en_US/CMUdict),corroborated,ECDICT,teacher_pdf_gloss,historical_partial_2010_2022,4,2011:（新课标）;2015:（新课标ⅱ）;2017:（新课标Ⅰ）;2020:（新课标Ⅰ）
radium,radium**,selective_required,2716,ipa-dict(en_US/CMUdict),corroborated,ECDICT,teacher_pdf_gloss,historical_partial_2010_2022,0,
rail,,extension,2718,ipa-dict(en_US/CMUdict),corroborated,ECDICT,teacher_pdf_gloss,historical_partial_2010_2022,4,2018:（新课标ⅲ）;2020:（新课标Ⅰ）;2021:（解析版）;2022:（全国乙卷）
railway,railway,junior,2719,ipa-dict(en_US/CMUdict),corroborated,ECDICT,teacher_pdf_gloss,historical_partial_2010_2022,3,2010:（新课标Ⅰ）;2017:（新课标ⅱ）;2022:（全国乙卷）
rain,rain,junior,2720,ipa-dict(en_US/CMUdict),corroborated,ECDICT,teacher_pdf_gloss,historical_partial_2010_2022,5,2010:（新课标Ⅰ）;2011:（全国卷ii）;2015:（新课标Ⅰ）;2016:（新课标ⅲ）;2019:（新课标Ⅲ）
rainbow,rainbow**,selective_required,2721,ipa-dict(en_US/CMUdict),corroborated,ECDICT,teacher_pdf_gloss,historical_partial_2010_2022,0,
rainy,rainy,junior,2724,ipa-dict(en_US/CMUdict),corroborated,ECDICT,teacher_pdf_gloss,historical_partial_2010_2022,2,2010:（新课标Ⅰ）;2016:（新课标ⅲ）
raise,raise,junior,2725,ipa-dict(en_US/CMUdict),corroborated,ECDICT,teacher_pdf_gloss,historical_partial_2010_2022,13,2010:（新课标Ⅰ）;2014:（新课标Ⅰ）;2014:（新课标ⅱ）;2015:（新课标ⅱ）;2016:（新课标Ⅰ）;2016:（新课标ⅱ）;2017:（新课标Ⅰ）;2018:（新课标Ⅰ）;2018:（新课标ⅱ）;2018:（新课标ⅲ）;2019:（新课标Ⅰ）;2020:（新课标Ⅲ）;2022:（全国乙卷）
random,random**,selective_required,2726,ipa-dict(en_US/CMUdict),corroborated,ECDICT,teacher_pdf_gloss,historical_partial_2010_2022,2,2018:（新课标Ⅰ）;2022:（全国甲卷）
range,range*,required,2727,ipa-dict(en_US/CMUdict),corroborated,ECDICT,teacher_pdf_gloss,historical_partial_2010_2022,6,2013:（新课标Ⅰ）;2016:（新课标ⅲ）;2018:（新课标Ⅰ）;2019:（新课标Ⅰ）;2020:（新课标Ⅱ）;2021:（新课标Ⅰ）
rank,rank**,selective_required,2728,ipa-dict(en_US/CMUdict),corroborated,ECDICT,teacher_pdf_gloss,historical_partial_2010_2022,2,2019:（新课标Ⅰ）;2021:（新课标Ⅰ）
rapid,rapid,junior,2729,ipa-dict(en_US/CMUdict),corroborated,ECDICT,teacher_pdf_gloss,historical_partial_2010_2022,1,2010:（新课标Ⅱ）
rare,rare**,selective_required,2730,ipa-dict(en_US/CMUdict),corroborated,ECDICT,teacher_pdf_gloss,historical_partial_2010_2022,6,2015:（新课标Ⅰ）;2017:（新课标ⅱ）;2019:（新课标Ⅰ）;2021:（解析版）;2022:（全国乙卷）;2022:（全国甲卷）
rat,,extension,2731,ipa-dict(en_US/CMUdict),corroborated,ECDICT,teacher_pdf_gloss,historical_partial_2010_2022,3,2010:（新课标Ⅰ）;2019:（新课标Ⅰ）;2020:（新课标Ⅰ）
rate,rate*,required,2732,ipa-dict(en_US/CMUdict),corroborated,ECDICT,teacher_pdf_gloss,historical_partial_2010_2022,1,2019:（新课标Ⅰ）
rather,rather*,required,2733,ipa-dict(en_US/CMUdict),corroborated,ECDICT,teacher_pdf_gloss,historical_partial_2010_2022,12,2010:（新课标Ⅰ）;2010:（新课标Ⅱ）;2011:（全国卷ii）;2011:（新课标）;2012:（新课标）;2014:（新课标ⅱ）;2016:（新课标Ⅰ）;2016:（新课标ⅱ）;2018:（新课标ⅲ）;2020:（新课标Ⅰ）;2020:（新课标Ⅲ）;2021:（新课标Ⅰ）
rating,rating**,selective_required,,ipa-dict(en_US/CMUdict),corroborated,ECDICT,ECDICT,historical_partial_2010_2022,0,
raw,raw**,selective_required,2734,ipa-dict(en_US/CMUdict),corroborated,ECDICT,teacher_pdf_gloss,historical_partial_2010_2022,0,
ray,ray**,selective_required,2736,ipa-dict(en_US/CMUdict),corroborated,ECDICT,teacher_pdf_gloss,historical_partial_2010_2022,3,2018:（新课标Ⅰ）;2019:（新课标Ⅰ）;2019:（新课标Ⅲ）
reach,reach,junior,2738,ipa-dict(en_US/CMUdict),corroborated,ECDICT,teacher_pdf_gloss,historical_partial_2010_2022,16,2010:（新课标Ⅱ）;2011:（全国卷ii）;2011:（新课标）;2012:（新课标）;2013:（新课标Ⅰ）;2014:（新课标Ⅰ）;2014:（新课标ⅱ）;2016:（新课标ⅱ）;2017:（新课标ⅱ）;2018:（新课标ⅱ）;2019:（新课标Ⅰ）;2019:（新课标Ⅱ）;2020:（新课标Ⅰ）;2021:（新课标Ⅰ）;2022:（全国乙卷）;2022:（全国甲卷）
react,react**,selective_required,2739,ipa-dict(en_US/CMUdict),corroborated,ECDICT,teacher_pdf_gloss,historical_partial_2010_2022,3,2016:（新课标ⅲ）;2017:（新课标ⅱ）;2022:（全国乙卷）
reaction,reaction*,required,,ipa-dict(en_US/CMUdict),corroborated,ECDICT,ECDICT,historical_partial_2010_2022,2,2016:（新课标Ⅰ）;2017:（新课标ⅲ）
read,read,junior,2740,curated_homograph_override,curated,ECDICT,teacher_pdf_gloss,historical_partial_2010_2022,17,2010:（新课标Ⅰ）;2010:（新课标Ⅱ）;2011:（新课标）;2013:（新课标ii）;2013:（新课标Ⅰ）;2014:（新课标Ⅰ）;2015:（新课标ⅱ）;2016:（新课标Ⅰ）;2016:（新课标ⅱ）;2017:（新课标Ⅰ）;2018:（新课标ⅱ）;2018:（新课标ⅲ）;2019:（新课标Ⅰ）;2019:（新课标Ⅱ）;2019:（新课标Ⅲ）;2020:（新课标Ⅰ）;2020:（新课标Ⅱ）
reading,,extension,2741,ipa-dict(en_US/CMUdict),corroborated,ECDICT,teacher_pdf_gloss,historical_partial_2010_2022,14,2010:（新课标Ⅰ）;2011:（全国卷ii）;2012:（新课标）;2013:（新课标ii）;2013:（新课标Ⅰ）;2014:（新课标Ⅰ）;2014:（新课标ⅱ）;2016:（新课标Ⅰ）;2016:（新课标ⅱ）;2016:（新课标ⅲ）;2018:（新课标ⅱ）;2019:（新课标Ⅱ）;2020:（新课标Ⅰ）;2020:（新课标Ⅱ）
ready,ready,junior,2742,ipa-dict(en_US/CMUdict),corroborated,ECDICT,teacher_pdf_gloss,historical_partial_2010_2022,15,2011:（全国卷ii）;2011:（新课标）;2013:（新课标ii）;2014:（新课标Ⅰ）;2014:（新课标ⅱ）;2015:（新课标ⅱ）;2016:（新课标Ⅰ）;2016:（新课标ⅲ）;2017:（新课标ⅱ）;2018:（新课标ⅱ）;2019:（新课标Ⅱ）;2020:（新课标Ⅱ）;2020:（新课标Ⅲ）;2021:（新课标Ⅰ）;2021:（解析版）
real,real,junior,2743,ipa-dict(en_US/CMUdict),corroborated,ECDICT,teacher_pdf_gloss,historical_partial_2010_2022,19,2010:（新课标Ⅱ）;2012:（新课标）;2013:（新课标ii）;2013:（新课标Ⅰ）;2014:（新课标Ⅰ）;2015:（新课标Ⅰ）;2016:（新课标Ⅰ）;2016:（新课标ⅱ）;2016:（新课标ⅲ）;2017:（新课标ⅲ）;2018:（新课标Ⅰ）;2018:（新课标ⅱ）;2018:（新课标ⅲ）;2019:（新课标Ⅱ）;2020:（新课标Ⅰ）;2020:（新课标Ⅱ）;2020:（新课标Ⅲ）;2021:（解析版）;2022:（全国甲卷）
realise,realise (realize),junior,2745,ipa-dict(en_US/CMUdict),corroborated,ECDICT,teacher_pdf_gloss,historical_partial_2010_2022,1,2019:（新课标Ⅱ）
realistic,realistic**,selective_required,,ipa-dict(en_US/CMUdict),corroborated,ECDICT,ECDICT,historical_partial_2010_2022,1,2019:（新课标Ⅱ）
reality,reality**,selective_required,2744,ipa-dict(en_US/CMUdict),corroborated,ECDICT,teacher_pdf_gloss,historical_partial_2010_2022,2,2014:（新课标Ⅰ）;2017:（新课标ⅱ）
really,really,junior,,ipa-dict(en_US/CMUdict),corroborated,ECDICT,ECDICT,historical_partial_2010_2022,21,2010:（新课标Ⅰ）;2010:（新课标Ⅱ）;2011:（全国卷ii）;2011:（新课标）;2012:（新课标）;2013:（新课标Ⅰ）;2015:（新课标Ⅰ）;2015:（新课标ⅱ）;2016:（新课标Ⅰ）;2016:（新课标ⅱ）;2017:（新课标Ⅰ）;2017:（新课标ⅲ）;2018:（新课标Ⅰ）;2018:（新课标ⅲ）;2019:（新课标Ⅰ）;2019:（新课标Ⅱ）;2020:（新课标Ⅰ）;2020:（新课标Ⅱ）;2020:（新课标Ⅲ）;2021:（新课标Ⅰ）;2021:（解析版）
reason,reason,junior,2748,ipa-dict(en_US/CMUdict),corroborated,ECDICT,teacher_pdf_gloss,historical_partial_2010_2022,15,2011:（全国卷ii）;2011:（新课标）;2013:（新课标Ⅰ）;2014:（新课标Ⅰ）;2014:（新课标ⅱ）;2015:（新课标ⅱ）;2016:（新课标Ⅰ）;2016:（新课标ⅱ）;2017:（新课标Ⅰ）;2017:（新课标ⅲ）;2018:（新课标ⅱ）;2018:（新课标ⅲ）;2019:（新课标Ⅰ）;2019:（新课标Ⅱ）;2020:（新课标Ⅰ）
reasonable,,extension,2749,ipa-dict(en_US/CMUdict),corroborated,ECDICT,teacher_pdf_gloss,historical_partial_2010_2022,2,2016:（新课标ⅱ）;2018:（新课标ⅲ）
rebuild,,extension,2750,ipa-dict(en_US/CMUdict),corroborated,ECDICT,teacher_pdf_gloss,historical_partial_2010_2022,2,2011:（新课标）;2018:（新课标Ⅰ）
recall,recall**,selective_required,,ipa-dict(en_US/CMUdict),corroborated,ECDICT,ECDICT,historical_partial_2010_2022,2,2016:（新课标ⅱ）;2019:（新课标Ⅰ）
receipt,receipt**,selective_required,2751,ipa-dict(en_US/CMUdict),corroborated,ECDICT,teacher_pdf_gloss,historical_partial_2010_2022,0,
receive,receive,junior,2752,ipa-dict(en_US/CMUdict),corroborated,ECDICT,teacher_pdf_gloss,historical_partial_2010_2022,12,2010:（新课标Ⅰ）;2010:（新课标Ⅱ）;2011:（全国卷ii）;2012:（新课标）;2016:（新课标Ⅰ）;2017:（新课标ⅲ）;2018:（新课标ⅲ）;2019:（新课标Ⅲ）;2020:（新课标Ⅰ）;2020:（新课标Ⅱ）;2020:（新课标Ⅲ）;2021:（新课标Ⅰ）
receiver,,extension,2753,ipa-dict(en_US/CMUdict),corroborated,ECDICT,teacher_pdf_gloss,historical_partial_2010_2022,0,
recent,,extension,2754,ipa-dict(en_US/CMUdict),corroborated,ECDICT,teacher_pdf_gloss,historical_partial_2010_2022,12,2010:（新课标Ⅱ）;2011:（新课标）;2016:（新课标Ⅰ）;2016:（新课标ⅱ）;2017:（新课标Ⅰ）;2017:（新课标ⅲ）;2018:（新课标Ⅰ）;2019:（新课标Ⅰ）;2020:（新课标Ⅰ）;2020:（新课标Ⅲ）;2021:（解析版）;2022:（全国甲卷）
recently,recently,junior,,ipa-dict(en_US/CMUdict),corroborated,ECDICT,ECDICT,historical_partial_2010_2022,9,2010:（新课标Ⅰ）;2011:（新课标）;2013:（新课标Ⅰ）;2014:（新课标Ⅰ）;2017:（新课标Ⅰ）;2019:（新课标Ⅰ）;2021:（新课标Ⅰ）;2021:（解析版）;2022:（全国甲卷）
reception,,extension,2755,ipa-dict(en_US/CMUdict),corroborated,ECDICT,teacher_pdf_gloss,historical_partial_2010_2022,0,
receptionist,receptionist**,selective_required,2756,ipa-dict(en_US/CMUdict),corroborated,ECDICT,teacher_pdf_gloss,historical_partial_2010_2022,1,2020:（新课标Ⅲ）
recipe,recipe**,selective_required,2757,ipa-dict(en_US/CMUdict),corroborated,ECDICT,teacher_pdf_gloss,historical_partial_2010_2022,3,2014:（新课标ⅱ）;2018:（新课标Ⅰ）;2018:（新课标ⅲ）
recite,recite**,selective_required,2758,ipa-dict(en_US/CMUdict),corroborated,ECDICT,teacher_pdf_gloss,historical_partial_2010_2022,2,2017:（新课标Ⅰ）;2021:（新课标Ⅰ）
recognise,recognise (recognize)*,required,2759,ipa-dict(en_US/CMUdict),corroborated,ECDICT,teacher_pdf_gloss,historical_partial_2010_2022,1,2017:（新课标ⅱ）
recognition,recognition**,selective_required,,ipa-dict(en_US/CMUdict),corroborated,ECDICT,ECDICT,historical_partial_2010_2022,3,2018:（新课标ⅲ）;2022:（全国乙卷）;2022:（全国甲卷）
recommend,recommend*,required,2761,ipa-dict(en_US/CMUdict),corroborated,ECDICT,teacher_pdf_gloss,historical_partial_2010_2022,5,2017:（新课标Ⅰ）;2017:（新课标ⅱ）;2019:（新课标Ⅲ）;2020:（新课标Ⅲ）;2022:（全国乙卷）
record,record,junior,2762,curated_homograph_override,curated,ECDICT,curated_override,historical_partial_2010_2022,14,2010:（新课标Ⅱ）;2011:（全国卷ii）;2013:（新课标ii）;2013:（新课标Ⅰ）;2014:（新课标Ⅰ）;2015:（新课标ⅱ）;2016:（新课标ⅱ）;2016:（新课标ⅲ）;2017:（新课标Ⅰ）;2017:（新课标ⅲ）;2019:（新课标Ⅱ）;2019:（新课标Ⅲ）;2020:（新课标Ⅰ）;2020:（新课标Ⅲ）
recording,recording**,selective_required,,ipa-dict(en_US/CMUdict),corroborated,ECDICT,ECDICT,historical_partial_2010_2022,4,2014:（新课标Ⅰ）;2016:（新课标ⅱ）;2017:（新课标Ⅰ）;2020:（新课标Ⅱ）
recover,recover*,required,2766,ipa-dict(en_US/CMUdict),corroborated,ECDICT,teacher_pdf_gloss,historical_partial_2010_2022,5,2010:（新课标Ⅰ）;2017:（新课标Ⅰ）;2019:（新课标Ⅰ）;2021:（新课标Ⅰ）;2021:（解析版）
recreation,recreation**,selective_required,2767,ipa-dict(en_US/CMUdict),corroborated,ECDICT,teacher_pdf_gloss,historical_partial_2010_2022,1,2018:（新课标ⅲ）
recycle,recycle**,selective_required,2768,ipa-dict(en_US/CMUdict),corroborated,ECDICT,teacher_pdf_gloss,historical_partial_2010_2022,5,2014:（新课标ⅱ）;2018:（新课标Ⅰ）;2018:（新课标ⅱ）;2021:（新课标Ⅰ）;2021:（解析版）
red,red,junior,2770,ipa-dict(en_US/CMUdict),corroborated,ECDICT,teacher_pdf_gloss,historical_partial_2010_2022,9,2010:（新课标Ⅰ）;2013:（新课标ii）;2015:（新课标Ⅰ）;2015:（新课标ⅱ）;2017:（新课标ⅱ）;2017:（新课标ⅲ）;2018:（新课标ⅲ）;2020:（新课标Ⅱ）;2020:（新课标Ⅲ）
reduce,reduce*,required,2772,ipa-dict(en_US/CMUdict),corroborated,ECDICT,teacher_pdf_gloss,historical_partial_2010_2022,13,2010:（新课标Ⅰ）;2013:（新课标Ⅰ）;2014:（新课标Ⅰ）;2014:（新课标ⅱ）;2015:（新课标ⅱ）;2017:（新课标Ⅰ）;2017:（新课标ⅲ）;2018:（新课标Ⅰ）;2019:（新课标Ⅰ）;2020:（新课标Ⅰ）;2020:（新课标Ⅲ）;2021:（新课标Ⅰ）;2022:（全国乙卷）
refer,refer*,required,2773,ipa-dict(en_US/CMUdict),corroborated,ECDICT,teacher_pdf_gloss,historical_partial_2010_2022,18,2010:（新课标Ⅱ）;2011:（新课标）;2012:（新课标）;2013:（新课标ii）;2013:（新课标Ⅰ）;2014:（新课标Ⅰ）;2015:（新课标Ⅰ）;2016:（新课标ⅱ）;2016:（新课标ⅲ）;2017:（新课标Ⅰ）;2017:（新课标ⅱ）;2018:（新课标ⅲ）;2019:（新课标Ⅰ）;2019:（新课标Ⅱ）;2019:（新课标Ⅲ）;2020:（新课标Ⅰ）;2020:（新课标Ⅱ）;2022:（全国乙卷）
reference,reference**,selective_required,2775,ipa-dict(en_US/CMUdict),corroborated,ECDICT,teacher_pdf_gloss,historical_partial_2010_2022,1,2022:（全国甲卷）
reflect,reflect*,required,2776,ipa-dict(en_US/CMUdict),corroborated,ECDICT,teacher_pdf_gloss,historical_partial_2010_2022,8,2011:（全国卷ii）;2014:（新课标Ⅰ）;2015:（新课标Ⅰ）;2018:（新课标Ⅰ）;2019:（新课标Ⅱ）;2019:（新课标Ⅲ）;2020:（新课标Ⅲ）;2022:（全国乙卷）
reform,reform**,selective_required,2777,ipa-dict(en_US/CMUdict),corroborated,ECDICT,teacher_pdf_gloss,historical_partial_2010_2022,1,2019:（新课标Ⅱ）
refresh,refresh**,selective_required,2778,ipa-dict(en_US/CMUdict),corroborated,ECDICT,teacher_pdf_gloss,historical_partial_2010_2022,2,2019:（新课标Ⅰ）;2021:（新课标Ⅰ）
refrigerator,,extension,2780,ipa-dict(en_US/CMUdict),corroborated,ECDICT,teacher_pdf_gloss,historical_partial_2010_2022,2,2016:（新课标ⅲ）;2017:（新课标Ⅰ）
refusal,,extension,2781,ipa-dict(en_US/CMUdict),corroborated,ECDICT,teacher_pdf_gloss,historical_partial_2010_2022,0,
refuse,refuse,junior,2782,curated_homograph_override,curated,ECDICT,teacher_pdf_gloss,historical_partial_2010_2022,7,2010:（新课标Ⅱ）;2011:（新课标）;2014:（新课标ⅱ）;2015:（新课标Ⅰ）;2016:（新课标Ⅰ）;2021:（新课标Ⅰ）;2022:（全国乙卷）
regard,regard*,required,2783,ipa-dict(en_US/CMUdict),corroborated,ECDICT,teacher_pdf_gloss,historical_partial_2010_2022,6,2012:（新课标）;2015:（新课标Ⅰ）;2016:（新课标Ⅰ）;2019:（新课标Ⅰ）;2021:（新课标Ⅰ）;2022:（全国乙卷）
regardless,regardless**,selective_required,2785,ipa-dict(en_US/CMUdict),corroborated,ECDICT,teacher_pdf_gloss,historical_partial_2010_2022,3,2013:（新课标ii）;2019:（新课标Ⅰ）;2020:（新课标Ⅰ）
region,region*,required,,ipa-dict(en_US/CMUdict),corroborated,ECDICT,ECDICT,historical_partial_2010_2022,0,
register,register**,selective_required,2786,ipa-dict(en_US/CMUdict),corroborated,ECDICT,teacher_pdf_gloss,historical_partial_2010_2022,6,2010:（新课标Ⅰ）;2016:（新课标ⅱ）;2017:（新课标Ⅰ）;2020:（新课标Ⅰ）;2020:（新课标Ⅱ）;2020:（新课标Ⅲ）
regret,regret,junior,2787,ipa-dict(en_US/CMUdict),corroborated,ECDICT,teacher_pdf_gloss,historical_partial_2010_2022,7,2013:（新课标Ⅰ）;2015:（新课标Ⅰ）;2017:（新课标ⅱ）;2019:（新课标Ⅱ）;2020:（新课标Ⅰ）;2021:（解析版）;2022:（全国甲卷）
regular,regular*,required,2788,ipa-dict(en_US/CMUdict),corroborated,ECDICT,teacher_pdf_gloss,historical_partial_2010_2022,10,2010:（新课标Ⅱ）;2013:（新课标ii）;2014:（新课标ⅱ）;2015:（新课标Ⅰ）;2016:（新课标ⅱ）;2016:（新课标ⅲ）;2017:（新课标ⅲ）;2020:（新课标Ⅰ）;2020:（新课标Ⅲ）;2022:（全国乙卷）
regulation,,extension,2789,ipa-dict(en_US/CMUdict),corroborated,ECDICT,teacher_pdf_gloss,historical_partial_2010_2022,0,
reject,reject**,selective_required,2790,ipa-dict(en_US/CMUdict),corroborated,ECDICT,teacher_pdf_gloss,historical_partial_2010_2022,2,2016:（新课标Ⅰ）;2021:（解析版）
relate,relate**,selective_required,2791,ipa-dict(en_US/CMUdict),corroborated,ECDICT,teacher_pdf_gloss,historical_partial_2010_2022,8,2010:（新课标Ⅰ）;2013:（新课标Ⅰ）;2014:（新课标Ⅰ）;2018:（新课标ⅱ）;2019:（新课标Ⅰ）;2019:（新课标Ⅱ）;2022:（全国乙卷）;2022:（全国甲卷）
relation,,extension,2792,ipa-dict(en_US/CMUdict),corroborated,ECDICT,teacher_pdf_gloss,historical_partial_2010_2022,3,2010:（新课标Ⅱ）;2013:（新课标ii）;2022:（全国甲卷）
relationship,relationship,junior,2793,ipa-dict(en_US/CMUdict),corroborated,ECDICT,teacher_pdf_gloss,historical_partial_2010_2022,11,2010:（新课标Ⅰ）;2011:（新课标）;2015:（新课标Ⅰ）;2016:（新课标Ⅰ）;2017:（新课标ⅱ）;2017:（新课标ⅲ）;2018:（新课标ⅱ）;2019:（新课标Ⅱ）;2020:（新课标Ⅰ）;2020:（新课标Ⅱ）;2021:（新课标Ⅰ）
relative,relative,junior,2794,ipa-dict(en_US/CMUdict),corroborated,ECDICT,teacher_pdf_gloss,historical_partial_2010_2022,5,2010:（新课标Ⅰ）;2010:（新课标Ⅱ）;2012:（新课标）;2015:（新课标ⅱ）;2018:（新课标Ⅰ）
relax,relax,junior,2795,ipa-dict(en_US/CMUdict),corroborated,ECDICT,teacher_pdf_gloss,historical_partial_2010_2022,10,2010:（新课标Ⅰ）;2013:（新课标Ⅰ）;2015:（新课标Ⅰ）;2015:（新课标ⅱ）;2016:（新课标ⅲ）;2018:（新课标Ⅰ）;2018:（新课标ⅱ）;2018:（新课标ⅲ）;2020:（新课标Ⅱ）;2020:（新课标Ⅲ）
relay,relay**,selective_required,2796,ipa-dict(en_US/CMUdict),corroborated,ECDICT,teacher_pdf_gloss,historical_partial_2010_2022,0,
release,release**,selective_required,,ipa-dict(en_US/CMUdict),corroborated,ECDICT,ECDICT,historical_partial_2010_2022,0,
relevant,relevant**,selective_required,2797,ipa-dict(en_US/CMUdict),corroborated,ECDICT,teacher_pdf_gloss,historical_partial_2010_2022,0,
reliable,reliable**,selective_required,2798,ipa-dict(en_US/CMUdict),corroborated,ECDICT,teacher_pdf_gloss,historical_partial_2010_2022,1,2022:（全国乙卷）
relief,relief*,required,2799,ipa-dict(en_US/CMUdict),corroborated,ECDICT,teacher_pdf_gloss,historical_partial_2010_2022,6,2016:（新课标ⅱ）;2017:（新课标Ⅰ）;2018:（新课标ⅱ）;2018:（新课标ⅲ）;2019:（新课标Ⅱ）;2020:（新课标Ⅰ）
religion,,extension,2800,ipa-dict(en_US/CMUdict),corroborated,ECDICT,teacher_pdf_gloss,historical_partial_2010_2022,0,
religious,,extension,2801,ipa-dict(en_US/CMUdict),corroborated,ECDICT,teacher_pdf_gloss,historical_partial_2010_2022,2,2013:（新课标Ⅰ）;2015:（新课标Ⅰ）
rely,rely**,selective_required,2802,ipa-dict(en_US/CMUdict),corroborated,ECDICT,teacher_pdf_gloss,historical_partial_2010_2022,8,2015:（新课标Ⅰ）;2015:（新课标ⅱ）;2016:（新课标ⅲ）;2017:（新课标ⅲ）;2018:（新课标ⅲ）;2021:（新课标Ⅰ）;2022:（全国乙卷）;2022:（全国甲卷）
remain,remain,junior,2803,ipa-dict(en_US/CMUdict),corroborated,ECDICT,teacher_pdf_gloss,historical_partial_2010_2022,15,2010:（新课标Ⅰ）;2011:（新课标）;2014:（新课标Ⅰ）;2014:（新课标ⅱ）;2015:（新课标ⅱ）;2017:（新课标Ⅰ）;2017:（新课标ⅱ）;2018:（新课标Ⅰ）;2018:（新课标ⅱ）;2019:（新课标Ⅱ）;2020:（新课标Ⅰ）;2020:（新课标Ⅱ）;2020:（新课标Ⅲ）;2021:（新课标Ⅰ）;2022:（全国乙卷）
remark,,extension,2804,ipa-dict(en_US/CMUdict),corroborated,ECDICT,teacher_pdf_gloss,historical_partial_2010_2022,1,2021:（新课标Ⅰ）
remarkable,remarkable**,selective_required,,ipa-dict(en_US/CMUdict),corroborated,ECDICT,ECDICT,historical_partial_2010_2022,0,
remember,remember,junior,2805,ipa-dict(en_US/CMUdict),corroborated,ECDICT,teacher_pdf_gloss,historical_partial_2010_2022,21,2010:（新课标Ⅰ）;2011:（新课标）;2012:（新课标）;2013:（新课标ii）;2013:（新课标Ⅰ）;2014:（新课标Ⅰ）;2014:（新课标ⅱ）;2015:（新课标Ⅰ）;2016:（新课标ⅲ）;2017:（新课标Ⅰ）;2017:（新课标ⅱ）;2018:（新课标ⅲ）;2019:（新课标Ⅱ）;2019:（新课标Ⅲ）;2020:（新课标Ⅰ）;2020:（新课标Ⅱ）;2020:（新课标Ⅲ）;2021:（新课标Ⅰ）;2021:（解析版）;2022:（全国乙卷）;2022:（全国甲卷）
remind,remind*,required,2806,ipa-dict(en_US/CMUdict),corroborated,ECDICT,teacher_pdf_gloss,historical_partial_2010_2022,5,2011:（全国卷ii）;2012:（新课标）;2015:（新课标ⅱ）;2016:（新课标ⅲ）;2018:（新课标ⅲ）
remote,remote**,selective_required,2807,ipa-dict(en_US/CMUdict),corroborated,ECDICT,teacher_pdf_gloss,historical_partial_2010_2022,4,2019:（新课标Ⅰ）;2020:（新课标Ⅰ）;2020:（新课标Ⅲ）;2022:（全国乙卷）
remove,remove*,required,2808,ipa-dict(en_US/CMUdict),corroborated,ECDICT,teacher_pdf_gloss,historical_partial_2010_2022,10,2013:（新课标Ⅰ）;2015:（新课标ⅱ）;2016:（新课标Ⅰ）;2016:（新课标ⅲ）;2017:（新课标Ⅰ）;2017:（新课标ⅲ）;2018:（新课标ⅱ）;2020:（新课标Ⅰ）;2021:（新课标Ⅰ）;2022:（全国甲卷）
rent,rent**,selective_required,2809,ipa-dict(en_US/CMUdict),corroborated,ECDICT,teacher_pdf_gloss,historical_partial_2010_2022,1,2017:（新课标Ⅰ）
repair,repair,junior,2810,ipa-dict(en_US/CMUdict),corroborated,ECDICT,teacher_pdf_gloss,historical_partial_2010_2022,7,2011:（全国卷ii）;2013:（新课标Ⅰ）;2014:（新课标Ⅰ）;2015:（新课标ⅱ）;2017:（新课标ⅲ）;2019:（新课标Ⅲ）;2022:（全国乙卷）
repeat,repeat,junior,2812,ipa-dict(en_US/CMUdict),corroborated,ECDICT,teacher_pdf_gloss,historical_partial_2010_2022,5,2013:（新课标Ⅰ）;2017:（新课标Ⅰ）;2017:（新课标ⅲ）;2018:（新课标ⅲ）;2021:（新课标Ⅰ）
replace,replace*,required,2813,ipa-dict(en_US/CMUdict),corroborated,ECDICT,teacher_pdf_gloss,historical_partial_2010_2022,11,2013:（新课标Ⅰ）;2015:（新课标ⅱ）;2016:（新课标Ⅰ）;2017:（新课标ⅱ）;2018:（新课标Ⅰ）;2019:（新课标Ⅰ）;2019:（新课标Ⅱ）;2020:（新课标Ⅰ）;2021:（解析版）;2022:（全国乙卷）;2022:（全国甲卷）
reply,reply,junior,2814,ipa-dict(en_US/CMUdict),corroborated,ECDICT,teacher_pdf_gloss,historical_partial_2010_2022,8,2010:（新课标Ⅰ）;2018:（新课标ⅱ）;2018:（新课标ⅲ）;2019:（新课标Ⅱ）;2020:（新课标Ⅰ）;2020:（新课标Ⅲ）;2021:（新课标Ⅰ）;2022:（全国乙卷）
report,report,junior,2815,ipa-dict(en_US/CMUdict),corroborated,ECDICT,teacher_pdf_gloss,historical_partial_2010_2022,18,2010:（新课标Ⅰ）;2011:（全国卷ii）;2011:（新课标）;2012:（新课标）;2013:（新课标Ⅰ）;2014:（新课标Ⅰ）;2014:（新课标ⅱ）;2015:（新课标Ⅰ）;2016:（新课标Ⅰ）;2016:（新课标ⅲ）;2017:（新课标ⅱ）;2018:（新课标ⅱ）;2019:（新课标Ⅰ）;2019:（新课标Ⅱ）;2020:（新课标Ⅱ）;2020:（新课标Ⅲ）;2021:（新课标Ⅰ）;2022:（全国乙卷）
reporter,,extension,2816,ipa-dict(en_US/CMUdict),corroborated,ECDICT,teacher_pdf_gloss,historical_partial_2010_2022,5,2013:（新课标Ⅰ）;2016:（新课标Ⅰ）;2017:（新课标Ⅰ）;2019:（新课标Ⅰ）;2021:（新课标Ⅰ）
represent,represent*,required,2817,ipa-dict(en_US/CMUdict),corroborated,ECDICT,teacher_pdf_gloss,historical_partial_2010_2022,3,2016:（新课标Ⅰ）;2019:（新课标Ⅲ）;2020:（新课标Ⅱ）
representative,representative**,selective_required,2818,ipa-dict(en_US/CMUdict),corroborated,ECDICT,teacher_pdf_gloss,historical_partial_2010_2022,0,
republic,republic*,required,2819,ipa-dict(en_US/CMUdict),corroborated,ECDICT,teacher_pdf_gloss,historical_partial_2010_2022,1,2018:（新课标ⅲ）
reputation,reputation**,selective_required,2820,ipa-dict(en_US/CMUdict),corroborated,ECDICT,teacher_pdf_gloss,historical_partial_2010_2022,2,2019:（新课标Ⅰ）;2020:（新课标Ⅲ）
request,request*,required,2821,ipa-dict(en_US/CMUdict),corroborated,ECDICT,teacher_pdf_gloss,historical_partial_2010_2022,9,2011:（全国卷ii）;2011:（新课标）;2014:（新课标ⅱ）;2017:（新课标Ⅰ）;2017:（新课标ⅲ）;2019:（新课标Ⅱ）;2020:（新课标Ⅰ）;2021:（解析版）;2022:（全国甲卷）
require,require,junior,2822,ipa-dict(en_US/CMUdict),corroborated,ECDICT,teacher_pdf_gloss,historical_partial_2010_2022,14,2010:（新课标Ⅱ）;2013:（新课标ii）;2014:（新课标Ⅰ）;2015:（新课标ⅱ）;2016:（新课标ⅱ）;2016:（新课标ⅲ）;2017:（新课标Ⅰ）;2017:（新课标ⅲ）;2018:（新课标Ⅰ）;2019:（新课标Ⅰ）;2019:（新课标Ⅲ）;2020:（新课标Ⅰ）;2021:（新课标Ⅰ）;2022:（全国乙卷）
requirement,,extension,2823,ipa-dict(en_US/CMUdict),corroborated,ECDICT,teacher_pdf_gloss,historical_partial_2010_2022,3,2013:（新课标ii）;2017:（新课标ⅱ）;2022:（全国乙卷）
rescue,rescue**,selective_required,2824,ipa-dict(en_US/CMUdict),corroborated,ECDICT,teacher_pdf_gloss,historical_partial_2010_2022,4,2014:（新课标Ⅰ）;2016:（新课标Ⅰ）;2017:（新课标Ⅰ）;2019:（新课标Ⅱ）
research,research,junior,2825,ipa-dict(en_US/CMUdict),corroborated,ECDICT,teacher_pdf_gloss,historical_partial_2010_2022,18,2010:（新课标Ⅰ）;2011:（全国卷ii）;2012:（新课标）;2013:（新课标ii）;2014:（新课标Ⅰ）;2015:（新课标ⅱ）;2016:（新课标Ⅰ）;2016:（新课标ⅱ）;2016:（新课标ⅲ）;2017:（新课标Ⅰ）;2017:（新课标ⅲ）;2018:（新课标Ⅰ）;2018:（新课标ⅱ）;2019:（新课标Ⅰ）;2020:（新课标Ⅰ）;2020:（新课标Ⅱ）;2020:（新课标Ⅲ）;2022:（全国乙卷）
resemble,,extension,2826,ipa-dict(en_US/CMUdict),corroborated,ECDICT,teacher_pdf_gloss,historical_partial_2010_2022,0,
reservation,,extension,2827,ipa-dict(en_US/CMUdict),corroborated,ECDICT,teacher_pdf_gloss,historical_partial_2010_2022,2,2017:（新课标ⅲ）;2022:（全国甲卷）
reserve,reserve**,selective_required,2828,ipa-dict(en_US/CMUdict),corroborated,ECDICT,teacher_pdf_gloss,historical_partial_2010_2022,5,2013:（新课标Ⅰ）;2017:（新课标ⅲ）;2018:（新课标Ⅰ）;2020:（新课标Ⅱ）;2021:（解析版）
resident,resident**,selective_required,,ipa-dict(en_US/CMUdict),corroborated,ECDICT,ECDICT,historical_partial_2010_2022,2,2011:（新课标）;2019:（新课标Ⅲ）
resign,resign**,selective_required,2829,ipa-dict(en_US/CMUdict),corroborated,ECDICT,teacher_pdf_gloss,historical_partial_2010_2022,0,
resilient,,extension,,curated_homograph_override,curated,ECDICT,curated_override,historical_partial_2010_2022,0,
resist,,extension,2830,ipa-dict(en_US/CMUdict),corroborated,ECDICT,teacher_pdf_gloss,historical_partial_2010_2022,0,
resistance,resistance**,selective_required,,ipa-dict(en_US/CMUdict),corroborated,ECDICT,ECDICT,historical_partial_2010_2022,0,
resolution,resolution**,selective_required,,ipa-dict(en_US/CMUdict),corroborated,ECDICT,ECDICT,historical_partial_2010_2022,0,
resolve,resolve**,selective_required,,ipa-dict(en_US/CMUdict),corroborated,ECDICT,ECDICT,historical_partial_2010_2022,1,2022:（全国甲卷）
resource,resource*,required,,ipa-dict(en_US/CMUdict),corroborated,ECDICT,ECDICT,historical_partial_2010_2022,3,2013:（新课标ii）;2019:（新课标Ⅰ）;2021:（解析版）
respect,respect*,required,2831,ipa-dict(en_US/CMUdict),corroborated,ECDICT,teacher_pdf_gloss,historical_partial_2010_2022,11,2010:（新课标Ⅱ）;2011:（新课标）;2012:（新课标）;2013:（新课标Ⅰ）;2015:（新课标Ⅰ）;2016:（新课标Ⅰ）;2016:（新课标ⅱ）;2021:（新课标Ⅰ）;2021:（解析版）;2022:（全国乙卷）;2022:（全国甲卷）
respective,respective**,selective_required,,ipa-dict(en_US/CMUdict),corroborated,ECDICT,ECDICT,historical_partial_2010_2022,0,
respond,respond*,required,2832,ipa-dict(en_US/CMUdict),corroborated,ECDICT,teacher_pdf_gloss,historical_partial_2010_2022,5,2016:（新课标Ⅰ）;2017:（新课标Ⅰ）;2018:（新课标ⅲ）;2019:（新课标Ⅰ）;2022:（全国乙卷）
response,response*,required,,ipa-dict(en_US/CMUdict),corroborated,ECDICT,ECDICT,historical_partial_2010_2022,3,2020:（新课标Ⅰ）;2021:（新课标Ⅰ）;2022:（全国乙卷）
responsibility,responsibility**,selective_required,2833,ipa-dict(en_US/CMUdict),corroborated,ECDICT,teacher_pdf_gloss,historical_partial_2010_2022,6,2014:（新课标Ⅰ）;2015:（新课标Ⅰ）;2016:（新课标ⅱ）;2019:（新课标Ⅱ）;2021:（新课标Ⅰ）;2021:（解析版）
responsible,responsible*,required,,ipa-dict(en_US/CMUdict),corroborated,ECDICT,ECDICT,historical_partial_2010_2022,4,2015:（新课标ⅱ）;2019:（新课标Ⅰ）;2021:（新课标Ⅰ）;2022:（全国乙卷）
rest,rest,junior,,ipa-dict(en_US/CMUdict),corroborated,ECDICT,ECDICT,historical_partial_2010_2022,16,2010:（新课标Ⅱ）;2011:（全国卷ii）;2013:（新课标ii）;2014:（新课标Ⅰ）;2014:（新课标ⅱ）;2015:（新课标ⅱ）;2016:（新课标ⅱ）;2017:（新课标Ⅰ）;2017:（新课标ⅲ）;2018:（新课标ⅲ）;2019:（新课标Ⅰ）;2019:（新课标Ⅱ）;2019:（新课标Ⅲ）;2021:（解析版）;2022:（全国乙卷）;2022:（全国甲卷）
restaurant,restaurant,junior,2835,ipa-dict(en_US/CMUdict),corroborated,ECDICT,teacher_pdf_gloss,historical_partial_2010_2022,12,2010:（新课标Ⅱ）;2011:（全国卷ii）;2011:（新课标）;2012:（新课标）;2013:（新课标Ⅰ）;2014:（新课标Ⅰ）;2015:（新课标Ⅰ）;2016:（新课标Ⅰ）;2016:（新课标ⅲ）;2018:（新课标Ⅰ）;2019:（新课标Ⅱ）;2022:（全国甲卷）
restore,restore**,selective_required,,ipa-dict(en_US/CMUdict),corroborated,ECDICT,ECDICT,historical_partial_2010_2022,2,2014:（新课标ⅱ）;2021:（解析版）
restrict,restrict**,selective_required,2836,ipa-dict(en_US/CMUdict),corroborated,ECDICT,teacher_pdf_gloss,historical_partial_2010_2022,0,
restriction,,extension,2837,ipa-dict(en_US/CMUdict),corroborated,ECDICT,teacher_pdf_gloss,historical_partial_2010_2022,3,2017:（新课标ⅲ）;2020:（新课标Ⅰ）;2021:（新课标Ⅰ）
result,result,junior,2838,ipa-dict(en_US/CMUdict),corroborated,ECDICT,teacher_pdf_gloss,historical_partial_2010_2022,14,2010:（新课标Ⅱ）;2012:（新课标）;2013:（新课标ii）;2014:（新课标Ⅰ）;2015:（新课标Ⅰ）;2017:（新课标Ⅰ）;2017:（新课标ⅲ）;2018:（新课标Ⅰ）;2018:（新课标ⅱ）;2019:（新课标Ⅲ）;2020:（新课标Ⅰ）;2021:（新课标Ⅰ）;2021:（解析版）;2022:（全国乙卷）
retire,retire*,required,2840,ipa-dict(en_US/CMUdict),corroborated,ECDICT,teacher_pdf_gloss,historical_partial_2010_2022,7,2014:（新课标Ⅰ）;2015:（新课标Ⅰ）;2019:（新课标Ⅱ）;2020:（新课标Ⅱ）;2021:（新课标Ⅰ）;2021:（解析版）;2022:（全国甲卷）
return,return,junior,2841,ipa-dict(en_US/CMUdict),corroborated,ECDICT,teacher_pdf_gloss,historical_partial_2010_2022,21,2010:（新课标Ⅰ）;2010:（新课标Ⅱ）;2011:（全国卷ii）;2012:（新课标）;2013:（新课标ii）;2013:（新课标Ⅰ）;2014:（新课标ⅱ）;2015:（新课标Ⅰ）;2015:（新课标ⅱ）;2016:（新课标Ⅰ）;2017:（新课标ⅱ）;2017:（新课标ⅲ）;2018:（新课标Ⅰ）;2018:（新课标ⅱ）;2019:（新课标Ⅰ）;2019:（新课标Ⅱ）;2019:（新课标Ⅲ）;2020:（新课标Ⅰ）;2020:（新课标Ⅲ）;2021:（解析版）;2022:（全国乙卷）
reveal,reveal*,required,,ipa-dict(en_US/CMUdict),corroborated,ECDICT,ECDICT,historical_partial_2010_2022,0,
review,review,junior,2843,ipa-dict(en_US/CMUdict),corroborated,ECDICT,teacher_pdf_gloss,historical_partial_2010_2022,8,2010:（新课标Ⅱ）;2014:（新课标Ⅰ）;2015:（新课标Ⅰ）;2016:（新课标ⅲ）;2018:（新课标Ⅰ）;2019:（新课标Ⅱ）;2020:（新课标Ⅰ）;2022:（全国乙卷）
revise,revise*,required,,ipa-dict(en_US/CMUdict),corroborated,ECDICT,ECDICT,historical_partial_2010_2022,0,
revision,,extension,2845,ipa-dict(en_US/CMUdict),corroborated,ECDICT,teacher_pdf_gloss,historical_partial_2010_2022,0,
revolution,,extension,2846,ipa-dict(en_US/CMUdict),corroborated,ECDICT,teacher_pdf_gloss,historical_partial_2010_2022,2,2017:（新课标ⅱ）;2019:（新课标Ⅲ）
reward,reward**,selective_required,2847,ipa-dict(en_US/CMUdict),corroborated,ECDICT,teacher_pdf_gloss,historical_partial_2010_2022,6,2014:（新课标Ⅰ）;2018:（新课标ⅲ）;2019:（新课标Ⅱ）;2019:（新课标Ⅲ）;2020:（新课标Ⅰ）;2021:（新课标Ⅰ）
rhyme,rhyme**,selective_required,2850,ipa-dict(en_US/CMUdict),corroborated,ECDICT,teacher_pdf_gloss,historical_partial_2010_2022,0,
rice,rice,junior,2851,ipa-dict(en_US/CMUdict),corroborated,ECDICT,teacher_pdf_gloss,historical_partial_2010_2022,2,2016:（新课标ⅲ）;2018:（新课标ⅱ）
rich,rich,junior,2852,ipa-dict(en_US/CMUdict),corroborated,ECDICT,teacher_pdf_gloss,historical_partial_2010_2022,10,2011:（新课标）;2012:（新课标）;2013:（新课标ii）;2016:（新课标Ⅰ）;2017:（新课标ⅱ）;2018:（新课标ⅱ）;2018:（新课标ⅲ）;2019:（新课标Ⅲ）;2020:（新课标Ⅰ）;2020:（新课标Ⅱ）
rid,,extension,2853,ipa-dict(en_US/CMUdict),corroborated,ECDICT,teacher_pdf_gloss,historical_partial_2010_2022,6,2012:（新课标）;2014:（新课标ⅱ）;2015:（新课标ⅱ）;2018:（新课标Ⅰ）;2019:（新课标Ⅱ）;2021:（解析版）
riddle,riddle**,selective_required,2855,ipa-dict(en_US/CMUdict),corroborated,ECDICT,teacher_pdf_gloss,historical_partial_2010_2022,0,
ride,ride,junior,2857,ipa-dict(en_US/CMUdict),corroborated,ECDICT,teacher_pdf_gloss,historical_partial_2010_2022,5,2012:（新课标）;2014:（新课标ⅱ）;2017:（新课标ⅲ）;2021:（解析版）;2022:（全国乙卷）
ridiculous,,extension,2856,ipa-dict(en_US/CMUdict),corroborated,ECDICT,teacher_pdf_gloss,historical_partial_2010_2022,0,
right,right,junior,,ipa-dict(en_US/CMUdict),corroborated,ECDICT,ECDICT,historical_partial_2010_2022,20,2010:（新课标Ⅱ）;2011:（全国卷ii）;2011:（新课标）;2013:（新课标ii）;2014:（新课标Ⅰ）;2014:（新课标ⅱ）;2015:（新课标ⅱ）;2016:（新课标ⅱ）;2016:（新课标ⅲ）;2017:（新课标Ⅰ）;2017:（新课标ⅲ）;2018:（新课标Ⅰ）;2018:（新课标ⅱ）;2019:（新课标Ⅰ）;2020:（新课标Ⅰ）;2020:（新课标Ⅲ）;2021:（新课标Ⅰ）;2021:（解析版）;2022:（全国乙卷）;2022:（全国甲卷）
rigid,rigid**,selective_required,2864,ipa-dict(en_US/CMUdict),corroborated,ECDICT,teacher_pdf_gloss,historical_partial_2010_2022,0,
ring,ring,junior,,ipa-dict(en_US/CMUdict),corroborated,ECDICT,ECDICT,historical_partial_2010_2022,4,2018:（新课标Ⅰ）;2021:（新课标Ⅰ）;2021:（解析版）;2022:（全国甲卷）
ripe,ripe**,selective_required,2865,ipa-dict(en_US/CMUdict),corroborated,ECDICT,teacher_pdf_gloss,historical_partial_2010_2022,1,2018:（新课标ⅱ）
rise,rise,junior,2867,ipa-dict(en_US/CMUdict),corroborated,ECDICT,teacher_pdf_gloss,historical_partial_2010_2022,8,2011:（新课标）;2013:（新课标ii）;2014:（新课标ⅱ）;2017:（新课标Ⅰ）;2017:（新课标ⅱ）;2018:（新课标ⅱ）;2018:（新课标ⅲ）;2020:（新课标Ⅲ）
risk,risk,junior,2869,ipa-dict(en_US/CMUdict),corroborated,ECDICT,teacher_pdf_gloss,historical_partial_2010_2022,9,2014:（新课标ⅱ）;2015:（新课标Ⅰ）;2016:（新课标ⅱ）;2017:（新课标ⅲ）;2018:（新课标Ⅰ）;2019:（新课标Ⅲ）;2020:（新课标Ⅲ）;2021:（新课标Ⅰ）;2022:（全国乙卷）
river,river,junior,2870,ipa-dict(en_US/CMUdict),corroborated,ECDICT,teacher_pdf_gloss,historical_partial_2010_2022,7,2010:（新课标Ⅰ）;2011:（全国卷ii）;2014:（新课标Ⅰ）;2015:（新课标Ⅰ）;2018:（新课标ⅱ）;2018:（新课标ⅲ）;2020:（新课标Ⅲ）
road,road,junior,2871,ipa-dict(en_US/CMUdict),corroborated,ECDICT,teacher_pdf_gloss,historical_partial_2010_2022,11,2010:（新课标Ⅱ）;2011:（全国卷ii）;2015:（新课标Ⅰ）;2016:（新课标Ⅰ）;2017:（新课标Ⅰ）;2017:（新课标ⅱ）;2017:（新课标ⅲ）;2019:（新课标Ⅰ）;2019:（新课标Ⅱ）;2022:（全国乙卷）;2022:（全国甲卷）
roast,roast**,selective_required,2872,ipa-dict(en_US/CMUdict),corroborated,ECDICT,teacher_pdf_gloss,historical_partial_2010_2022,0,
robot,robot,junior,2874,ipa-dict(en_US/CMUdict),corroborated,ECDICT,teacher_pdf_gloss,historical_partial_2010_2022,0,
rock,rock,junior,2875,ipa-dict(en_US/CMUdict),corroborated,ECDICT,teacher_pdf_gloss,historical_partial_2010_2022,6,2012:（新课标）;2016:（新课标ⅱ）;2017:（新课标Ⅰ）;2018:（新课标ⅱ）;2019:（新课标Ⅰ）;2022:（全国甲卷）
rocket,rocket**,selective_required,2876,ipa-dict(en_US/CMUdict),corroborated,ECDICT,teacher_pdf_gloss,historical_partial_2010_2022,0,
role,role,junior,2877,ipa-dict(en_US/CMUdict),corroborated,ECDICT,teacher_pdf_gloss,historical_partial_2010_2022,6,2011:（全国卷ii）;2011:（新课标）;2015:（新课标ⅱ）;2017:（新课标ⅱ）;2018:（新课标Ⅰ）;2018:（新课标ⅱ）
roll,roll*,required,2878,ipa-dict(en_US/CMUdict),corroborated,ECDICT,teacher_pdf_gloss,historical_partial_2010_2022,5,2013:（新课标Ⅰ）;2018:（新课标ⅲ）;2019:（新课标Ⅱ）;2019:（新课标Ⅲ）;2020:（新课标Ⅲ）
romantic,romantic*,required,,ipa-dict(en_US/CMUdict),corroborated,ECDICT,ECDICT,historical_partial_2010_2022,0,
roof,roof**,selective_required,2881,ipa-dict(en_US/CMUdict),corroborated,ECDICT,teacher_pdf_gloss,historical_partial_2010_2022,3,2017:（新课标ⅱ）;2018:（新课标ⅲ）;2020:（新课标Ⅲ）
room,room,junior,2882,ipa-dict(en_US/CMUdict),corroborated,ECDICT,teacher_pdf_gloss,historical_partial_2010_2022,18,2010:（新课标Ⅰ）;2010:（新课标Ⅱ）;2011:（新课标）;2012:（新课标）;2013:（新课标ii）;2015:（新课标Ⅰ）;2015:（新课标ⅱ）;2016:（新课标ⅲ）;2017:（新课标ⅱ）;2017:（新课标ⅲ）;2018:（新课标Ⅰ）;2018:（新课标ⅱ）;2018:（新课标ⅲ）;2020:（新课标Ⅰ）;2020:（新课标Ⅱ）;2020:（新课标Ⅲ）;2021:（解析版）;2022:（全国乙卷）
root,root**,selective_required,2884,ipa-dict(en_US/CMUdict),corroborated,ECDICT,teacher_pdf_gloss,historical_partial_2010_2022,4,2014:（新课标ⅱ）;2015:（新课标Ⅰ）;2017:（新课标ⅱ）;2020:（新课标Ⅲ）
rope,rope,junior,2885,ipa-dict(en_US/CMUdict),corroborated,ECDICT,teacher_pdf_gloss,historical_partial_2010_2022,1,2014:（新课标ⅱ）
rose,rose,junior,2886,ipa-dict(en_US/CMUdict),corroborated,ECDICT,teacher_pdf_gloss,historical_partial_2010_2022,6,2011:（新课标）;2016:（新课标ⅱ）;2018:（新课标Ⅰ）;2019:（新课标Ⅰ）;2022:（全国乙卷）;2022:（全国甲卷）
rough,,extension,2888,ipa-dict(en_US/CMUdict),corroborated,ECDICT,teacher_pdf_gloss,historical_partial_2010_2022,3,2010:（新课标Ⅱ）;2011:（全国卷ii）;2017:（新课标Ⅰ）
round,round,junior,2889,ipa-dict(en_US/CMUdict),corroborated,curated_function_words,teacher_pdf_gloss,historical_partial_2010_2022,6,2011:（全国卷ii）;2013:（新课标ii）;2015:（新课标Ⅰ）;2016:（新课标ⅲ）;2019:（新课标Ⅰ）;2022:（全国甲卷）
route,route**,selective_required,,ipa-dict(en_US/CMUdict),corroborated,ECDICT,ECDICT,historical_partial_2010_2022,2,2018:（新课标Ⅰ）;2022:（全国甲卷）
routine,routine**,selective_required,2891,ipa-dict(en_US/CMUdict),corroborated,ECDICT,teacher_pdf_gloss,historical_partial_2010_2022,2,2014:（新课标Ⅰ）;2021:（解析版）
row,row,junior,2892,ipa-dict(en_US/CMUdict),corroborated,ECDICT,teacher_pdf_gloss,historical_partial_2010_2022,4,2010:（新课标Ⅰ）;2011:（新课标）;2019:（新课标Ⅲ）;2020:（新课标Ⅲ）
royal,royal**,selective_required,2893,ipa-dict(en_US/CMUdict),corroborated,ECDICT,teacher_pdf_gloss,historical_partial_2010_2022,2,2015:（新课标ⅱ）;2016:（新课标ⅲ）
rubber,rubber**,selective_required,2894,ipa-dict(en_US/CMUdict),corroborated,ECDICT,teacher_pdf_gloss,historical_partial_2010_2022,2,2010:（新课标Ⅰ）;2018:（新课标ⅲ）
rubbish,rubbish,junior,2895,ipa-dict(en_US/CMUdict),corroborated,ECDICT,teacher_pdf_gloss,historical_partial_2010_2022,2,2017:（新课标ⅲ）;2019:（新课标Ⅰ）
rude,rude**,selective_required,2896,ipa-dict(en_US/CMUdict),corroborated,ECDICT,teacher_pdf_gloss,historical_partial_2010_2022,3,2016:（新课标Ⅰ）;2020:（新课标Ⅲ）;2022:（全国甲卷）
rugby,rugby**,selective_required,2897,ipa-dict(en_US/CMUdict),corroborated,ECDICT,teacher_pdf_gloss,historical_partial_2010_2022,0,
ruin,ruin**,selective_required,2898,ipa-dict(en_US/CMUdict),corroborated,ECDICT,teacher_pdf_gloss,historical_partial_2010_2022,7,2010:（新课标Ⅱ）;2014:（新课标Ⅰ）;2016:（新课标ⅲ）;2018:（新课标ⅱ）;2019:（新课标Ⅰ）;2020:（新课标Ⅱ）;2020:（新课标Ⅲ）
rule,rule,junior,2899,ipa-dict(en_US/CMUdict),corroborated,ECDICT,teacher_pdf_gloss,historical_partial_2010_2022,14,2012:（新课标）;2013:（新课标ii）;2014:（新课标Ⅰ）;2015:（新课标ⅱ）;2016:（新课标ⅲ）;2017:（新课标ⅱ）;2017:（新课标ⅲ）;2018:（新课标Ⅰ）;2019:（新课标Ⅰ）;2020:（新课标Ⅰ）;2020:（新课标Ⅲ）;2021:（解析版）;2022:（全国乙卷）;2022:（全国甲卷）
ruler,ruler,junior,2900,ipa-dict(en_US/CMUdict),corroborated,ECDICT,teacher_pdf_gloss,historical_partial_2010_2022,0,
run,run,junior,2901,ipa-dict(en_US/CMUdict),corroborated,ECDICT,teacher_pdf_gloss,historical_partial_2010_2022,18,2010:（新课标Ⅰ）;2010:（新课标Ⅱ）;2013:（新课标ii）;2014:（新课标ⅱ）;2015:（新课标ⅱ）;2016:（新课标ⅱ）;2016:（新课标ⅲ）;2017:（新课标Ⅰ）;2017:（新课标ⅱ）;2018:（新课标Ⅰ）;2018:（新课标ⅲ）;2019:（新课标Ⅰ）;2019:（新课标Ⅱ）;2020:（新课标Ⅰ）;2020:（新课标Ⅱ）;2021:（解析版）;2022:（全国乙卷）;2022:（全国甲卷）
runner,,extension,2902,ipa-dict(en_US/CMUdict),corroborated,ECDICT,teacher_pdf_gloss,historical_partial_2010_2022,3,2015:（新课标ⅱ）;2018:（新课标Ⅰ）;2020:（新课标Ⅰ）
running,,extension,2903,ipa-dict(en_US/CMUdict),corroborated,ECDICT,teacher_pdf_gloss,historical_partial_2010_2022,8,2010:（新课标Ⅱ）;2015:（新课标ⅱ）;2017:（新课标ⅲ）;2018:（新课标Ⅰ）;2019:（新课标Ⅰ）;2019:（新课标Ⅱ）;2019:（新课标Ⅲ）;2020:（新课标Ⅰ）
rural,rural**,selective_required,,ipa-dict(en_US/CMUdict),corroborated,ECDICT,ECDICT,historical_partial_2010_2022,0,
rush,rush,junior,2904,ipa-dict(en_US/CMUdict),corroborated,ECDICT,teacher_pdf_gloss,historical_partial_2010_2022,11,2010:（新课标Ⅰ）;2010:（新课标Ⅱ）;2011:（新课标）;2014:（新课标ⅱ）;2015:（新课标ⅱ）;2016:（新课标Ⅰ）;2016:（新课标ⅱ）;2018:（新课标ⅲ）;2020:（新课标Ⅲ）;2021:（解析版）;2022:（全国甲卷）
russia,Russia,junior,2905,ipa-dict(en_US/CMUdict),corroborated,ECDICT,teacher_pdf_gloss,historical_partial_2010_2022,0,
russian,Russian,junior,2906,ipa-dict(en_US/CMUdict),corroborated,ECDICT,teacher_pdf_gloss,historical_partial_2010_2022,1,2016:（新课标Ⅰ）
sacred,,extension,2907,ipa-dict(en_US/CMUdict),corroborated,ECDICT,teacher_pdf_gloss,historical_partial_2010_2022,1,2020:（新课标Ⅲ）
sacrifice,,extension,2908,ipa-dict(en_US/CMUdict),corroborated,ECDICT,teacher_pdf_gloss,historical_partial_2010_2022,3,2016:（新课标Ⅰ）;2016:（新课标ⅲ）;2017:（新课标ⅲ）
sad,sad,junior,2909,ipa-dict(en_US/CMUdict),corroborated,ECDICT,teacher_pdf_gloss,historical_partial_2010_2022,4,2010:（新课标Ⅱ）;2016:（新课标ⅲ）;2017:（新课标ⅱ）;2017:（新课标ⅲ）
safe,safe,junior,2911,ipa-dict(en_US/CMUdict),corroborated,ECDICT,teacher_pdf_gloss,historical_partial_2010_2022,11,2011:（全国卷ii）;2013:（新课标ii）;2013:（新课标Ⅰ）;2016:（新课标ⅱ）;2016:（新课标ⅲ）;2017:（新课标Ⅰ）;2019:（新课标Ⅲ）;2020:（新课标Ⅱ）;2020:（新课标Ⅲ）;2021:（解析版）;2022:（全国乙卷）
safety,safety,junior,2912,ipa-dict(en_US/CMUdict),corroborated,ECDICT,teacher_pdf_gloss,historical_partial_2010_2022,8,2010:（新课标Ⅰ）;2013:（新课标ii）;2017:（新课标Ⅰ）;2017:（新课标ⅱ）;2018:（新课标Ⅰ）;2020:（新课标Ⅰ）;2021:（新课标Ⅰ）;2022:（全国乙卷）
sail,sail**,selective_required,2913,ipa-dict(en_US/CMUdict),corroborated,ECDICT,teacher_pdf_gloss,historical_partial_2010_2022,2,2018:（新课标ⅲ）;2022:（全国甲卷）
salad,salad,junior,2916,ipa-dict(en_US/CMUdict),corroborated,ECDICT,teacher_pdf_gloss,historical_partial_2010_2022,1,2019:（新课标Ⅱ）
salary,salary**,selective_required,2917,ipa-dict(en_US/CMUdict),corroborated,ECDICT,teacher_pdf_gloss,historical_partial_2010_2022,0,
sale,sale,junior,2918,ipa-dict(en_US/CMUdict),corroborated,ECDICT,teacher_pdf_gloss,historical_partial_2010_2022,7,2011:（新课标）;2013:（新课标Ⅰ）;2016:（新课标ⅲ）;2017:（新课标ⅱ）;2017:（新课标ⅲ）;2019:（新课标Ⅲ）;2020:（新课标Ⅱ）
salesman,salesman / saleswoman**,selective_required,2920,ipa-dict(en_US/CMUdict),corroborated,ECDICT,teacher_pdf_gloss,historical_partial_2010_2022,0,
saleswoman,salesman / saleswoman**,selective_required,2921,ipa-dict(en_US/CMUdict),corroborated,ECDICT,teacher_pdf_gloss,historical_partial_2010_2022,0,
salt,salt,junior,2922,ipa-dict(en_US/CMUdict),corroborated,ECDICT,teacher_pdf_gloss,historical_partial_2010_2022,2,2017:（新课标Ⅰ）;2022:（全国甲卷）
salty,salty**,selective_required,2923,ipa-dict(en_US/CMUdict),corroborated,ECDICT,teacher_pdf_gloss,historical_partial_2010_2022,0,
same,same,junior,2925,ipa-dict(en_US/CMUdict),corroborated,ECDICT,teacher_pdf_gloss,historical_partial_2010_2022,21,2010:（新课标Ⅰ）;2010:（新课标Ⅱ）;2011:（新课标）;2013:（新课标ii）;2013:（新课标Ⅰ）;2014:（新课标Ⅰ）;2014:（新课标ⅱ）;2015:（新课标ⅱ）;2017:（新课标Ⅰ）;2017:（新课标ⅱ）;2017:（新课标ⅲ）;2018:（新课标Ⅰ）;2018:（新课标ⅱ）;2019:（新课标Ⅱ）;2019:（新课标Ⅲ）;2020:（新课标Ⅱ）;2020:（新课标Ⅲ）;2021:（新课标Ⅰ）;2021:（解析版）;2022:（全国乙卷）;2022:（全国甲卷）
sample,sample**,selective_required,,ipa-dict(en_US/CMUdict),corroborated,ECDICT,ECDICT,historical_partial_2010_2022,0,
sand,sand,junior,2926,ipa-dict(en_US/CMUdict),corroborated,ECDICT,teacher_pdf_gloss,historical_partial_2010_2022,1,2010:（新课标Ⅱ）
sandwich,sandwich,junior,2927,ipa-dict(en_US/CMUdict),corroborated,ECDICT,teacher_pdf_gloss,historical_partial_2010_2022,1,2015:（新课标Ⅰ）
satellite,satellite**,selective_required,2928,ipa-dict(en_US/CMUdict),corroborated,ECDICT,teacher_pdf_gloss,historical_partial_2010_2022,1,2020:（新课标Ⅰ）
satisfaction,satisfaction*,required,2929,ipa-dict(en_US/CMUdict),corroborated,ECDICT,teacher_pdf_gloss,historical_partial_2010_2022,1,2012:（新课标）
satisfy,satisfy,junior,2930,ipa-dict(en_US/CMUdict),corroborated,ECDICT,teacher_pdf_gloss,historical_partial_2010_2022,6,2010:（新课标Ⅰ）;2011:（新课标）;2013:（新课标ii）;2013:（新课标Ⅰ）;2015:（新课标ⅱ）;2017:（新课标ⅲ）
saturday,Saturday,junior,2931,ipa-dict(en_US/CMUdict),corroborated,ECDICT,teacher_pdf_gloss,historical_partial_2010_2022,7,2011:（新课标）;2014:（新课标ⅱ）;2015:（新课标Ⅰ）;2015:（新课标ⅱ）;2017:（新课标ⅱ）;2017:（新课标ⅲ）;2018:（新课标ⅲ）
sauce,,extension,2932,ipa-dict(en_US/CMUdict),corroborated,ECDICT,teacher_pdf_gloss,historical_partial_2010_2022,0,
saucer,saucer**,selective_required,2933,ipa-dict(en_US/CMUdict),corroborated,ECDICT,teacher_pdf_gloss,historical_partial_2010_2022,0,
sausage,sausage**,selective_required,2934,ipa-dict(en_US/CMUdict),corroborated,ECDICT,teacher_pdf_gloss,historical_partial_2010_2022,0,
save,save,junior,2936,ipa-dict(en_US/CMUdict),corroborated,ECDICT,teacher_pdf_gloss,historical_partial_2010_2022,14,2011:（全国卷ii）;2013:（新课标ii）;2013:（新课标Ⅰ）;2014:（新课标Ⅰ）;2014:（新课标ⅱ）;2015:（新课标Ⅰ）;2016:（新课标Ⅰ）;2017:（新课标ⅲ）;2018:（新课标Ⅰ）;2018:（新课标ⅱ）;2019:（新课标Ⅰ）;2020:（新课标Ⅰ）;2020:（新课标Ⅲ）;2022:（全国乙卷）
saving,saving**,selective_required,,ipa-dict(en_US/CMUdict),corroborated,ECDICT,ECDICT,historical_partial_2010_2022,5,2013:（新课标ii）;2015:（新课标Ⅰ）;2018:（新课标ⅲ）;2021:（新课标Ⅰ）;2022:（全国乙卷）
say,say,junior,,ipa-dict(en_US/CMUdict),corroborated,ECDICT,ECDICT,historical_partial_2010_2022,28,2010:（新课标Ⅰ）;2010:（新课标Ⅱ）;2011:（全国卷ii）;2011:（新课标）;2012:（新课标）;2013:（新课标ii）;2013:（新课标Ⅰ）;2014:（新课标ⅱ）;2015:（新课标Ⅰ）;2015:（新课标ⅱ）;2016:（新课标Ⅰ）;2016:（新课标ⅱ）;2016:（新课标ⅲ）;2017:（新课标Ⅰ）;2017:（新课标ⅱ）;2017:（新课标ⅲ）;2018:（新课标Ⅰ）;2018:（新课标ⅱ）;2018:（新课标ⅲ）;2019:（新课标Ⅰ）;2019:（新课标Ⅱ）;2019:（新课标Ⅲ）;2020:（新课标Ⅰ）;2020:（新课标Ⅱ）;2020:（新课标Ⅲ）;2021:（新课标Ⅰ）;2021:（解析版）;2022:（全国甲卷）
saying,saying**,selective_required,2938,ipa-dict(en_US/CMUdict),corroborated,ECDICT,teacher_pdf_gloss,historical_partial_2010_2022,11,2010:（新课标Ⅰ）;2011:（全国卷ii）;2011:（新课标）;2013:（新课标Ⅰ）;2015:（新课标Ⅰ）;2017:（新课标Ⅰ）;2017:（新课标ⅱ）;2018:（新课标ⅱ）;2018:（新课标ⅲ）;2020:（新课标Ⅲ）;2021:（新课标Ⅰ）
scan,,extension,2939,ipa-dict(en_US/CMUdict),corroborated,ECDICT,teacher_pdf_gloss,historical_partial_2010_2022,1,2019:（新课标Ⅰ）
scare,scare*,required,2941,ipa-dict(en_US/CMUdict),corroborated,ECDICT,teacher_pdf_gloss,historical_partial_2010_2022,5,2013:（新课标Ⅰ）;2015:（新课标ⅱ）;2018:（新课标ⅱ）;2019:（新课标Ⅱ）;2022:（全国乙卷）
scarf,scarf,junior,2942,ipa-dict(en_US/CMUdict),corroborated,ECDICT,teacher_pdf_gloss,historical_partial_2010_2022,0,
scene,scene*,required,2943,ipa-dict(en_US/CMUdict),corroborated,ECDICT,teacher_pdf_gloss,historical_partial_2010_2022,6,2012:（新课标）;2016:（新课标ⅱ）;2017:（新课标ⅲ）;2018:（新课标Ⅰ）;2020:（新课标Ⅲ）;2021:（解析版）
schedule,schedule*,required,2947,ipa-dict(en_US/CMUdict),corroborated,ECDICT,teacher_pdf_gloss,historical_partial_2010_2022,7,2014:（新课标ⅱ）;2016:（新课标Ⅰ）;2016:（新课标ⅲ）;2017:（新课标ⅲ）;2019:（新课标Ⅱ）;2020:（新课标Ⅰ）;2022:（全国乙卷）
scholar,,extension,2949,ipa-dict(en_US/CMUdict),corroborated,ECDICT,teacher_pdf_gloss,historical_partial_2010_2022,4,2014:（新课标Ⅰ）;2016:（新课标ⅲ）;2017:（新课标ⅱ）;2020:（新课标Ⅲ）
scholarship,scholarship**,selective_required,2950,ipa-dict(en_US/CMUdict),corroborated,ECDICT,teacher_pdf_gloss,historical_partial_2010_2022,0,
school,school,junior,2948,ipa-dict(en_US/CMUdict),corroborated,ECDICT,teacher_pdf_gloss,historical_partial_2010_2022,24,2010:（新课标Ⅰ）;2010:（新课标Ⅱ）;2011:（全国卷ii）;2011:（新课标）;2012:（新课标）;2013:（新课标ii）;2013:（新课标Ⅰ）;2014:（新课标Ⅰ）;2014:（新课标ⅱ）;2015:（新课标ⅱ）;2016:（新课标Ⅰ）;2016:（新课标ⅱ）;2016:（新课标ⅲ）;2017:（新课标Ⅰ）;2017:（新课标ⅱ）;2017:（新课标ⅲ）;2018:（新课标ⅱ）;2018:（新课标ⅲ）;2019:（新课标Ⅰ）;2019:（新课标Ⅱ）;2019:（新课标Ⅲ）;2020:（新课标Ⅱ）;2022:（全国乙卷）;2022:（全国甲卷）
science,science,junior,2954,ipa-dict(en_US/CMUdict),corroborated,ECDICT,teacher_pdf_gloss,historical_partial_2010_2022,15,2010:（新课标Ⅰ）;2011:（全国卷ii）;2011:（新课标）;2012:（新课标）;2013:（新课标Ⅰ）;2014:（新课标Ⅰ）;2016:（新课标Ⅰ）;2016:（新课标ⅲ）;2017:（新课标Ⅰ）;2018:（新课标ⅲ）;2019:（新课标Ⅱ）;2019:（新课标Ⅲ）;2020:（新课标Ⅰ）;2020:（新课标Ⅱ）;2021:（解析版）
scientific,scientific**,selective_required,2955,ipa-dict(en_US/CMUdict),corroborated,ECDICT,teacher_pdf_gloss,historical_partial_2010_2022,6,2011:（新课标）;2014:（新课标Ⅰ）;2016:（新课标ⅱ）;2017:（新课标Ⅰ）;2020:（新课标Ⅰ）;2020:（新课标Ⅱ）
scientist,scientist,junior,2956,ipa-dict(en_US/CMUdict),corroborated,ECDICT,teacher_pdf_gloss,historical_partial_2010_2022,11,2011:（新课标）;2012:（新课标）;2014:（新课标Ⅰ）;2016:（新课标ⅱ）;2016:（新课标ⅲ）;2017:（新课标ⅱ）;2019:（新课标Ⅰ）;2019:（新课标Ⅲ）;2020:（新课标Ⅰ）;2020:（新课标Ⅱ）;2020:（新课标Ⅲ）
scissors,scissors,junior,2957,ipa-dict(en_US/CMUdict),corroborated,teacher_pdf,teacher_pdf_gloss,historical_partial_2010_2022,0,
score,score,junior,2959,ipa-dict(en_US/CMUdict),corroborated,ECDICT,teacher_pdf_gloss,historical_partial_2010_2022,4,2015:（新课标ⅱ）;2019:（新课标Ⅰ）;2019:（新课标Ⅱ）;2021:（解析版）
scotland,,extension,2961,ipa-dict(en_US/CMUdict),corroborated,ECDICT,teacher_pdf_gloss,historical_partial_2010_2022,1,2022:（全国乙卷）
scottish,,extension,2962,ipa-dict(en_US/CMUdict),corroborated,ECDICT,teacher_pdf_gloss,historical_partial_2010_2022,2,2013:（新课标ii）;2022:（全国乙卷）
scream,scream**,selective_required,2964,ipa-dict(en_US/CMUdict),corroborated,ECDICT,teacher_pdf_gloss,historical_partial_2010_2022,3,2012:（新课标）;2017:（新课标Ⅰ）;2018:（新课标ⅲ）
screen,screen,junior,2965,ipa-dict(en_US/CMUdict),corroborated,ECDICT,teacher_pdf_gloss,historical_partial_2010_2022,7,2011:（全国卷ii）;2012:（新课标）;2013:（新课标Ⅰ）;2015:（新课标Ⅰ）;2017:（新课标ⅱ）;2018:（新课标ⅱ）;2019:（新课标Ⅲ）
sculpture,sculpture**,selective_required,2966,ipa-dict(en_US/CMUdict),corroborated,ECDICT,teacher_pdf_gloss,historical_partial_2010_2022,2,2015:（新课标Ⅰ）;2021:（新课标Ⅰ）
sea,sea,junior,2967,ipa-dict(en_US/CMUdict),corroborated,ECDICT,teacher_pdf_gloss,historical_partial_2010_2022,4,2010:（新课标Ⅱ）;2016:（新课标ⅱ）;2018:（新课标ⅲ）;2020:（新课标Ⅲ）
seal,,extension,2969,ipa-dict(en_US/CMUdict),corroborated,ECDICT,teacher_pdf_gloss,historical_partial_2010_2022,1,2018:（新课标ⅲ）
search,search,junior,2971,ipa-dict(en_US/CMUdict),corroborated,ECDICT,teacher_pdf_gloss,historical_partial_2010_2022,10,2011:（全国卷ii）;2011:（新课标）;2013:（新课标ii）;2014:（新课标Ⅰ）;2014:（新课标ⅱ）;2017:（新课标Ⅰ）;2018:（新课标ⅲ）;2019:（新课标Ⅱ）;2020:（新课标Ⅲ）;2022:（全国甲卷）
season,season,junior,2974,ipa-dict(en_US/CMUdict),corroborated,ECDICT,teacher_pdf_gloss,historical_partial_2010_2022,8,2010:（新课标Ⅰ）;2010:（新课标Ⅱ）;2013:（新课标ii）;2015:（新课标ⅱ）;2016:（新课标ⅲ）;2019:（新课标Ⅱ）;2020:（新课标Ⅱ）;2022:（全国甲卷）
seat,seat,junior,2975,ipa-dict(en_US/CMUdict),corroborated,ECDICT,teacher_pdf_gloss,historical_partial_2010_2022,9,2010:（新课标Ⅰ）;2013:（新课标Ⅰ）;2016:（新课标Ⅰ）;2016:（新课标ⅲ）;2017:（新课标ⅱ）;2017:（新课标ⅲ）;2019:（新课标Ⅱ）;2021:（新课标Ⅰ）;2022:（全国甲卷）
second,second,junior,2977,ipa-dict(en_US/CMUdict),corroborated,ECDICT,teacher_pdf_gloss,historical_partial_2010_2022,13,2010:（新课标Ⅰ）;2011:（全国卷ii）;2011:（新课标）;2013:（新课标ii）;2013:（新课标Ⅰ）;2015:（新课标ⅱ）;2016:（新课标ⅲ）;2017:（新课标ⅲ）;2018:（新课标Ⅰ）;2019:（新课标Ⅰ）;2021:（新课标Ⅰ）;2021:（解析版）;2022:（全国甲卷）
secondary,secondary**,selective_required,,ipa-dict(en_US/CMUdict),corroborated,ECDICT,ECDICT,historical_partial_2010_2022,0,
secret,secret,junior,2979,ipa-dict(en_US/CMUdict),corroborated,ECDICT,teacher_pdf_gloss,historical_partial_2010_2022,8,2010:（新课标Ⅱ）;2012:（新课标）;2013:（新课标Ⅰ）;2016:（新课标Ⅰ）;2018:（新课标ⅲ）;2019:（新课标Ⅱ）;2019:（新课标Ⅲ）;2020:（新课标Ⅰ）
secretary,secretary,junior,2980,ipa-dict(en_US/CMUdict),corroborated,ECDICT,teacher_pdf_gloss,historical_partial_2010_2022,0,
section,section*,required,2981,ipa-dict(en_US/CMUdict),corroborated,ECDICT,teacher_pdf_gloss,historical_partial_2010_2022,4,2016:（新课标ⅲ）;2019:（新课标Ⅲ）;2021:（解析版）;2022:（全国乙卷）
secure,secure**,selective_required,2982,ipa-dict(en_US/CMUdict),corroborated,ECDICT,teacher_pdf_gloss,historical_partial_2010_2022,2,2017:（新课标Ⅰ）;2021:（新课标Ⅰ）
security,security**,selective_required,2983,ipa-dict(en_US/CMUdict),corroborated,ECDICT,teacher_pdf_gloss,historical_partial_2010_2022,2,2019:（新课标Ⅰ）;2021:（新课标Ⅰ）
see,see,junior,,ipa-dict(en_US/CMUdict),corroborated,ECDICT,ECDICT,historical_partial_2010_2022,29,2010:（新课标Ⅰ）;2010:（新课标Ⅱ）;2011:（全国卷ii）;2011:（新课标）;2012:（新课标）;2013:（新课标ii）;2013:（新课标Ⅰ）;2014:（新课标Ⅰ）;2014:（新课标ⅱ）;2015:（新课标Ⅰ）;2015:（新课标ⅱ）;2016:（新课标Ⅰ）;2016:（新课标ⅱ）;2016:（新课标ⅲ）;2017:（新课标Ⅰ）;2017:（新课标ⅱ）;2017:（新课标ⅲ）;2018:（新课标Ⅰ）;2018:（新课标ⅱ）;2018:（新课标ⅲ）;2019:（新课标Ⅰ）;2019:（新课标Ⅱ）;2019:（新课标Ⅲ）;2020:（新课标Ⅰ）;2020:（新课标Ⅱ）;2020:（新课标Ⅲ）;2021:（解析版）;2022:（全国乙卷）;2022:（全国甲卷）
seed,seed**,selective_required,2985,ipa-dict(en_US/CMUdict),corroborated,ECDICT,teacher_pdf_gloss,historical_partial_2010_2022,2,2011:（新课标）;2018:（新课标ⅱ）
seek,seek*,required,2987,ipa-dict(en_US/CMUdict),corroborated,ECDICT,teacher_pdf_gloss,historical_partial_2010_2022,8,2010:（新课标Ⅱ）;2011:（全国卷ii）;2013:（新课标Ⅰ）;2014:（新课标Ⅰ）;2015:（新课标Ⅰ）;2018:（新课标ⅱ）;2021:（解析版）;2022:（全国乙卷）
seem,seem,junior,2988,ipa-dict(en_US/CMUdict),corroborated,ECDICT,teacher_pdf_gloss,historical_partial_2010_2022,25,2010:（新课标Ⅰ）;2010:（新课标Ⅱ）;2011:（全国卷ii）;2011:（新课标）;2012:（新课标）;2013:（新课标ii）;2013:（新课标Ⅰ）;2015:（新课标Ⅰ）;2015:（新课标ⅱ）;2016:（新课标ⅱ）;2016:（新课标ⅲ）;2017:（新课标Ⅰ）;2017:（新课标ⅱ）;2017:（新课标ⅲ）;2018:（新课标Ⅰ）;2018:（新课标ⅱ）;2018:（新课标ⅲ）;2019:（新课标Ⅰ）;2019:（新课标Ⅲ）;2020:（新课标Ⅰ）;2020:（新课标Ⅱ）;2020:（新课标Ⅲ）;2021:（新课标Ⅰ）;2021:（解析版）;2022:（全国甲卷）
seize,seize**,selective_required,2990,ipa-dict(en_US/CMUdict),corroborated,ECDICT,teacher_pdf_gloss,historical_partial_2010_2022,1,2013:（新课标Ⅰ）
seldom,seldom,junior,2991,ipa-dict(en_US/CMUdict),corroborated,ECDICT,teacher_pdf_gloss,historical_partial_2010_2022,5,2010:（新课标Ⅰ）;2010:（新课标Ⅱ）;2013:（新课标Ⅰ）;2015:（新课标ⅱ）;2019:（新课标Ⅲ）
select,select*,required,2992,ipa-dict(en_US/CMUdict),corroborated,ECDICT,teacher_pdf_gloss,historical_partial_2010_2022,9,2014:（新课标Ⅰ）;2015:（新课标Ⅰ）;2016:（新课标ⅲ）;2018:（新课标ⅱ）;2018:（新课标ⅲ）;2019:（新课标Ⅰ）;2020:（新课标Ⅰ）;2022:（全国乙卷）;2022:（全国甲卷）
self,,extension,2993,ipa-dict(en_US/CMUdict),corroborated,ECDICT,teacher_pdf_gloss,historical_partial_2010_2022,2,2013:（新课标Ⅰ）;2014:（新课标Ⅰ）
sell,sell,junior,2996,ipa-dict(en_US/CMUdict),corroborated,ECDICT,teacher_pdf_gloss,historical_partial_2010_2022,11,2010:（新课标Ⅰ）;2011:（新课标）;2013:（新课标ii）;2014:（新课标Ⅰ）;2014:（新课标ⅱ）;2016:（新课标ⅲ）;2017:（新课标ⅱ）;2018:（新课标Ⅰ）;2018:（新课标ⅲ）;2019:（新课标Ⅲ）;2021:（解析版）
send,send,junior,2998,ipa-dict(en_US/CMUdict),corroborated,ECDICT,teacher_pdf_gloss,historical_partial_2010_2022,9,2011:（新课标）;2012:（新课标）;2013:（新课标ii）;2014:（新课标ⅱ）;2017:（新课标ⅱ）;2019:（新课标Ⅱ）;2020:（新课标Ⅰ）;2020:（新课标Ⅱ）;2022:（全国乙卷）
senior,senior*,required,,ipa-dict(en_US/CMUdict),corroborated,ECDICT,ECDICT,historical_partial_2010_2022,1,2014:（新课标ⅱ）
sense,sense,junior,3000,ipa-dict(en_US/CMUdict),corroborated,ECDICT,teacher_pdf_gloss,historical_partial_2010_2022,13,2011:（全国卷ii）;2011:（新课标）;2013:（新课标Ⅰ）;2014:（新课标Ⅰ）;2016:（新课标Ⅰ）;2016:（新课标ⅱ）;2017:（新课标ⅱ）;2018:（新课标ⅱ）;2019:（新课标Ⅱ）;2019:（新课标Ⅲ）;2021:（解析版）;2022:（全国乙卷）;2022:（全国甲卷）
sensitive,sensitive**,selective_required,3001,ipa-dict(en_US/CMUdict),corroborated,ECDICT,teacher_pdf_gloss,historical_partial_2010_2022,3,2013:（新课标Ⅰ）;2021:（解析版）;2022:（全国乙卷）
sentence,sentence,junior,3002,ipa-dict(en_US/CMUdict),corroborated,ECDICT,teacher_pdf_gloss,historical_partial_2010_2022,1,2016:（新课标Ⅰ）
separate,separate,junior,3003,ipa-dict(en_US/CMUdict),corroborated,ECDICT,curated_override,historical_partial_2010_2022,8,2010:（新课标Ⅰ）;2013:（新课标Ⅰ）;2016:（新课标Ⅰ）;2017:（新课标Ⅰ）;2017:（新课标ⅱ）;2017:（新课标ⅲ）;2018:（新课标Ⅰ）;2022:（全国甲卷）
separately,,extension,3004,ipa-dict(en_US/CMUdict),corroborated,ECDICT,teacher_pdf_gloss,historical_partial_2010_2022,0,
separation,,extension,3005,ipa-dict(en_US/CMUdict),corroborated,ECDICT,teacher_pdf_gloss,historical_partial_2010_2022,1,2017:（新课标ⅱ）
september,September,junior,3006,ipa-dict(en_US/CMUdict),corroborated,ECDICT,teacher_pdf_gloss,historical_partial_2010_2022,4,2014:（新课标Ⅰ）;2016:（新课标ⅲ）;2019:（新课标Ⅲ）;2021:（新课标Ⅰ）
series,series*,required,,ipa-dict(en_US/CMUdict),corroborated,ECDICT,ECDICT,historical_partial_2010_2022,4,2013:（新课标ii）;2018:（新课标Ⅰ）;2019:（新课标Ⅱ）;2022:（全国乙卷）
serious,serious,junior,3007,ipa-dict(en_US/CMUdict),corroborated,ECDICT,teacher_pdf_gloss,historical_partial_2010_2022,10,2013:（新课标ii）;2014:（新课标ⅱ）;2015:（新课标ⅱ）;2016:（新课标ⅱ）;2017:（新课标ⅱ）;2018:（新课标ⅲ）;2019:（新课标Ⅰ）;2019:（新课标Ⅱ）;2020:（新课标Ⅱ）;2022:（全国甲卷）
servant,servant**,selective_required,3008,ipa-dict(en_US/CMUdict),corroborated,ECDICT,teacher_pdf_gloss,historical_partial_2010_2022,0,
serve,serve,junior,3009,ipa-dict(en_US/CMUdict),corroborated,ECDICT,teacher_pdf_gloss,historical_partial_2010_2022,13,2010:（新课标Ⅰ）;2011:（新课标）;2013:（新课标ii）;2014:（新课标Ⅰ）;2015:（新课标Ⅰ）;2015:（新课标ⅱ）;2016:（新课标ⅱ）;2016:（新课标ⅲ）;2017:（新课标Ⅰ）;2018:（新课标Ⅰ）;2018:（新课标ⅱ）;2018:（新课标ⅲ）;2020:（新课标Ⅲ）
service,service,junior,3010,ipa-dict(en_US/CMUdict),corroborated,ECDICT,teacher_pdf_gloss,historical_partial_2010_2022,15,2010:（新课标Ⅰ）;2010:（新课标Ⅱ）;2011:（全国卷ii）;2011:（新课标）;2013:（新课标Ⅰ）;2014:（新课标ⅱ）;2015:（新课标ⅱ）;2016:（新课标Ⅰ）;2017:（新课标Ⅰ）;2017:（新课标ⅲ）;2018:（新课标ⅱ）;2019:（新课标Ⅰ）;2019:（新课标Ⅱ）;2020:（新课标Ⅰ）;2022:（全国乙卷）
session,session**,selective_required,3012,ipa-dict(en_US/CMUdict),corroborated,ECDICT,teacher_pdf_gloss,historical_partial_2010_2022,2,2015:（新课标Ⅰ）;2018:（新课标ⅱ）
set,set,junior,3013,ipa-dict(en_US/CMUdict),corroborated,ECDICT,teacher_pdf_gloss,historical_partial_2010_2022,20,2010:（新课标Ⅰ）;2010:（新课标Ⅱ）;2011:（新课标）;2013:（新课标ii）;2013:（新课标Ⅰ）;2014:（新课标Ⅰ）;2015:（新课标Ⅰ）;2015:（新课标ⅱ）;2016:（新课标Ⅰ）;2016:（新课标ⅱ）;2016:（新课标ⅲ）;2017:（新课标Ⅰ）;2017:（新课标ⅱ）;2017:（新课标ⅲ）;2018:（新课标ⅱ）;2019:（新课标Ⅱ）;2020:（新课标Ⅰ）;2020:（新课标Ⅲ）;2021:（解析版）;2022:（全国乙卷）
setting,setting**,selective_required,,ipa-dict(en_US/CMUdict),corroborated,ECDICT,ECDICT,historical_partial_2010_2022,8,2010:（新课标Ⅱ）;2012:（新课标）;2013:（新课标ii）;2017:（新课标ⅲ）;2018:（新课标ⅲ）;2019:（新课标Ⅱ）;2019:（新课标Ⅲ）;2021:（新课标Ⅰ）
settle,settle*,required,3014,ipa-dict(en_US/CMUdict),corroborated,ECDICT,teacher_pdf_gloss,historical_partial_2010_2022,10,2010:（新课标Ⅱ）;2014:（新课标Ⅰ）;2014:（新课标ⅱ）;2016:（新课标ⅲ）;2017:（新课标ⅱ）;2018:（新课标Ⅰ）;2018:（新课标ⅱ）;2018:（新课标ⅲ）;2021:（解析版）;2022:（全国甲卷）
settlement,,extension,3015,ipa-dict(en_US/CMUdict),corroborated,ECDICT,teacher_pdf_gloss,historical_partial_2010_2022,2,2019:（新课标Ⅰ）;2022:（全国乙卷）
seven,seven,junior,3017,ipa-dict(en_US/CMUdict),corroborated,curated_function_words,teacher_pdf_gloss,historical_partial_2010_2022,4,2010:（新课标Ⅰ）;2017:（新课标ⅱ）;2019:（新课标Ⅲ）;2020:（新课标Ⅱ）
seventeen,seventeen,junior,3018,ipa-dict(en_US/CMUdict),corroborated,curated_function_words,teacher_pdf_gloss,historical_partial_2010_2022,1,2011:（全国卷ii）
seventh,seventh,junior,3019,ipa-dict(en_US/CMUdict),corroborated,ECDICT,teacher_pdf_gloss,historical_partial_2010_2022,0,
seventy,seventy,junior,3020,ipa-dict(en_US/CMUdict),corroborated,curated_function_words,teacher_pdf_gloss,historical_partial_2010_2022,0,
several,several,junior,3021,ipa-dict(en_US/CMUdict),corroborated,ECDICT,teacher_pdf_gloss,historical_partial_2010_2022,12,2011:（新课标）;2013:（新课标Ⅰ）;2016:（新课标ⅱ）;2016:（新课标ⅲ）;2017:（新课标Ⅰ）;2017:（新课标ⅱ）;2017:（新课标ⅲ）;2018:（新课标ⅱ）;2019:（新课标Ⅲ）;2020:（新课标Ⅱ）;2021:（新课标Ⅰ）;2021:（解析版）
severe,severe**,selective_required,3022,ipa-dict(en_US/CMUdict),corroborated,ECDICT,teacher_pdf_gloss,historical_partial_2010_2022,1,2022:（全国乙卷）
sew,sew**,selective_required,3023,ipa-dict(en_US/CMUdict),corroborated,ECDICT,teacher_pdf_gloss,historical_partial_2010_2022,0,
sex,sex*,required,3024,ipa-dict(en_US/CMUdict),corroborated,ECDICT,teacher_pdf_gloss,historical_partial_2010_2022,1,2010:（新课标Ⅰ）
shade,shade**,selective_required,3026,ipa-dict(en_US/CMUdict),corroborated,ECDICT,teacher_pdf_gloss,historical_partial_2010_2022,3,2017:（新课标Ⅰ）;2019:（新课标Ⅰ）;2020:（新课标Ⅲ）
shadow,shadow**,selective_required,3027,ipa-dict(en_US/CMUdict),corroborated,ECDICT,teacher_pdf_gloss,historical_partial_2010_2022,1,2013:（新课标Ⅰ）
shake,shake,junior,3028,ipa-dict(en_US/CMUdict),corroborated,ECDICT,teacher_pdf_gloss,historical_partial_2010_2022,4,2011:（全国卷ii）;2015:（新课标ⅱ）;2018:（新课标ⅱ）;2018:（新课标ⅲ）
shall,shall,junior,,ipa-dict(en_US/CMUdict),corroborated,curated_modal_verbs,ECDICT,historical_partial_2010_2022,0,
shallow,shallow*,required,3030,ipa-dict(en_US/CMUdict),corroborated,ECDICT,teacher_pdf_gloss,historical_partial_2010_2022,0,
shame,shame,junior,3031,ipa-dict(en_US/CMUdict),corroborated,ECDICT,teacher_pdf_gloss,historical_partial_2010_2022,1,2013:（新课标Ⅰ）
shape,shape,junior,3033,ipa-dict(en_US/CMUdict),corroborated,ECDICT,teacher_pdf_gloss,historical_partial_2010_2022,7,2011:（全国卷ii）;2013:（新课标Ⅰ）;2015:（新课标Ⅰ）;2015:（新课标ⅱ）;2018:（新课标ⅲ）;2020:（新课标Ⅱ）;2022:（全国甲卷）
share,share,junior,3034,ipa-dict(en_US/CMUdict),corroborated,ECDICT,teacher_pdf_gloss,historical_partial_2010_2022,18,2012:（新课标）;2014:（新课标Ⅰ）;2015:（新课标Ⅰ）;2016:（新课标ⅱ）;2016:（新课标ⅲ）;2017:（新课标ⅱ）;2017:（新课标ⅲ）;2018:（新课标Ⅰ）;2018:（新课标ⅱ）;2018:（新课标ⅲ）;2019:（新课标Ⅰ）;2019:（新课标Ⅱ）;2019:（新课标Ⅲ）;2020:（新课标Ⅰ）;2020:（新课标Ⅱ）;2020:（新课标Ⅲ）;2021:（新课标Ⅰ）;2022:（全国乙卷）
shark,shark**,selective_required,3035,ipa-dict(en_US/CMUdict),corroborated,ECDICT,teacher_pdf_gloss,historical_partial_2010_2022,0,
sharp,sharp*,required,3036,ipa-dict(en_US/CMUdict),corroborated,ECDICT,teacher_pdf_gloss,historical_partial_2010_2022,4,2015:（新课标Ⅰ）;2017:（新课标Ⅰ）;2018:（新课标ⅱ）;2022:（全国甲卷）
shave,shave**,selective_required,3040,ipa-dict(en_US/CMUdict),corroborated,ECDICT,teacher_pdf_gloss,historical_partial_2010_2022,0,
she,she,junior,3042,ipa-dict(en_US/CMUdict),corroborated,curated_function_words,teacher_pdf_gloss,historical_partial_2010_2022,26,2010:（新课标Ⅰ）;2010:（新课标Ⅱ）;2011:（全国卷ii）;2011:（新课标）;2012:（新课标）;2013:（新课标ii）;2013:（新课标Ⅰ）;2014:（新课标Ⅰ）;2014:（新课标ⅱ）;2015:（新课标Ⅰ）;2016:（新课标Ⅰ）;2016:（新课标ⅱ）;2016:（新课标ⅲ）;2017:（新课标Ⅰ）;2017:（新课标ⅲ）;2018:（新课标Ⅰ）;2018:（新课标ⅲ）;2019:（新课标Ⅱ）;2019:（新课标Ⅲ）;2020:（新课标Ⅰ）;2020:（新课标Ⅱ）;2020:（新课标Ⅲ）;2021:（新课标Ⅰ）;2021:（解析版）;2022:（全国乙卷）;2022:（全国甲卷）
sheep,sheep,junior,3043,ipa-dict(en_US/CMUdict),corroborated,ECDICT,teacher_pdf_gloss,historical_partial_2010_2022,0,
sheet,sheet*,required,3044,ipa-dict(en_US/CMUdict),corroborated,ECDICT,teacher_pdf_gloss,historical_partial_2010_2022,2,2013:（新课标ii）;2017:（新课标Ⅰ）
shelf,shelf**,selective_required,3045,ipa-dict(en_US/CMUdict),corroborated,ECDICT,teacher_pdf_gloss,historical_partial_2010_2022,1,2016:（新课标ⅱ）
shelter,shelter**,selective_required,3046,ipa-dict(en_US/CMUdict),corroborated,ECDICT,teacher_pdf_gloss,historical_partial_2010_2022,2,2016:（新课标Ⅰ）;2016:（新课标ⅲ）
shift,shift**,selective_required,,ipa-dict(en_US/CMUdict),corroborated,ECDICT,ECDICT,historical_partial_2010_2022,0,
shine,shine,junior,3047,ipa-dict(en_US/CMUdict),corroborated,ECDICT,teacher_pdf_gloss,historical_partial_2010_2022,3,2015:（新课标Ⅰ）;2019:（新课标Ⅰ）;2019:（新课标Ⅲ）
ship,ship,junior,3050,ipa-dict(en_US/CMUdict),corroborated,ECDICT,teacher_pdf_gloss,historical_partial_2010_2022,4,2014:（新课标Ⅰ）;2015:（新课标ⅱ）;2016:（新课标ⅱ）;2022:（全国甲卷）
shirt,shirt,junior,3051,ipa-dict(en_US/CMUdict),corroborated,ECDICT,teacher_pdf_gloss,historical_partial_2010_2022,2,2017:（新课标ⅱ）;2021:（解析版）
shock,shock*,required,3052,ipa-dict(en_US/CMUdict),corroborated,ECDICT,teacher_pdf_gloss,historical_partial_2010_2022,2,2011:（全国卷ii）;2018:（新课标ⅱ）
shoe,shoe,junior,3053,ipa-dict(en_US/CMUdict),corroborated,ECDICT,teacher_pdf_gloss,historical_partial_2010_2022,6,2010:（新课标Ⅱ）;2013:（新课标Ⅰ）;2015:（新课标ⅱ）;2017:（新课标ⅲ）;2018:（新课标Ⅰ）;2022:（全国乙卷）
shoot,shoot*,required,,ipa-dict(en_US/CMUdict),corroborated,ECDICT,ECDICT,historical_partial_2010_2022,0,
shooting,,extension,3055,ipa-dict(en_US/CMUdict),corroborated,ECDICT,teacher_pdf_gloss,historical_partial_2010_2022,1,2016:（新课标Ⅰ）
shop,shop,junior,3056,ipa-dict(en_US/CMUdict),corroborated,ECDICT,teacher_pdf_gloss,historical_partial_2010_2022,16,2010:（新课标Ⅰ）;2011:（全国卷ii）;2011:（新课标）;2012:（新课标）;2013:（新课标ii）;2015:（新课标ⅱ）;2016:（新课标ⅱ）;2018:（新课标ⅱ）;2018:（新课标ⅲ）;2019:（新课标Ⅱ）;2019:（新课标Ⅲ）;2020:（新课标Ⅱ）;2020:（新课标Ⅲ）;2021:（新课标Ⅰ）;2021:（解析版）;2022:（全国乙卷）
shopping,,extension,3059,ipa-dict(en_US/CMUdict),corroborated,ECDICT,teacher_pdf_gloss,historical_partial_2010_2022,5,2011:（新课标）;2014:（新课标ⅱ）;2015:（新课标ⅱ）;2017:（新课标ⅲ）;2021:（新课标Ⅰ）
shore,shore**,selective_required,3060,ipa-dict(en_US/CMUdict),corroborated,ECDICT,teacher_pdf_gloss,historical_partial_2010_2022,3,2016:（新课标ⅱ）;2018:（新课标ⅱ）;2019:（新课标Ⅲ）
short,short,junior,3061,ipa-dict(en_US/CMUdict),corroborated,ECDICT,teacher_pdf_gloss,historical_partial_2010_2022,13,2011:（全国卷ii）;2011:（新课标）;2012:（新课标）;2014:（新课标Ⅰ）;2014:（新课标ⅱ）;2015:（新课标ⅱ）;2016:（新课标Ⅰ）;2016:（新课标ⅱ）;2017:（新课标ⅱ）;2018:（新课标ⅱ）;2018:（新课标ⅲ）;2019:（新课标Ⅱ）;2020:（新课标Ⅰ）
shortage,shortage**,selective_required,,ipa-dict(en_US/CMUdict),corroborated,ECDICT,ECDICT,historical_partial_2010_2022,1,2010:（新课标Ⅱ）
shortly,,extension,3063,ipa-dict(en_US/CMUdict),corroborated,ECDICT,teacher_pdf_gloss,historical_partial_2010_2022,1,2020:（新课标Ⅲ）
shorts,shorts,junior,3064,ipa-dict(en_US/CMUdict),corroborated,ECDICT,teacher_pdf_gloss,historical_partial_2010_2022,1,2011:（全国卷ii）
shot,,extension,3066,ipa-dict(en_US/CMUdict),corroborated,ECDICT,teacher_pdf_gloss,historical_partial_2010_2022,4,2014:（新课标Ⅰ）;2015:（新课标ⅱ）;2016:（新课标ⅱ）;2019:（新课标Ⅱ）
should,should,junior,,ipa-dict(en_US/CMUdict),corroborated,curated_modal_verbs,ECDICT,historical_partial_2010_2022,27,2010:（新课标Ⅰ）;2010:（新课标Ⅱ）;2011:（全国卷ii）;2011:（新课标）;2013:（新课标ii）;2014:（新课标Ⅰ）;2014:（新课标ⅱ）;2015:（新课标ⅱ）;2016:（新课标Ⅰ）;2016:（新课标ⅱ）;2016:（新课标ⅲ）;2017:（新课标Ⅰ）;2017:（新课标ⅱ）;2017:（新课标ⅲ）;2018:（新课标Ⅰ）;2018:（新课标ⅱ）;2018:（新课标ⅲ）;2019:（新课标Ⅰ）;2019:（新课标Ⅱ）;2019:（新课标Ⅲ）;2020:（新课标Ⅰ）;2020:（新课标Ⅱ）;2020:（新课标Ⅲ）;2021:（新课标Ⅰ）;2021:（解析版）;2022:（全国乙卷）;2022:（全国甲卷）
shoulder,shoulder,junior,3068,ipa-dict(en_US/CMUdict),corroborated,ECDICT,teacher_pdf_gloss,historical_partial_2010_2022,5,2011:（全国卷ii）;2013:（新课标Ⅰ）;2014:（新课标ⅱ）;2016:（新课标ⅱ）;2019:（新课标Ⅱ）
shout,shout,junior,3069,ipa-dict(en_US/CMUdict),corroborated,ECDICT,teacher_pdf_gloss,historical_partial_2010_2022,5,2011:（新课标）;2012:（新课标）;2014:（新课标ⅱ）;2018:（新课标ⅱ）;2021:（解析版）
show,show,junior,3070,ipa-dict(en_US/CMUdict),corroborated,ECDICT,teacher_pdf_gloss,historical_partial_2010_2022,29,2010:（新课标Ⅰ）;2010:（新课标Ⅱ）;2011:（全国卷ii）;2011:（新课标）;2012:（新课标）;2013:（新课标ii）;2013:（新课标Ⅰ）;2014:（新课标Ⅰ）;2014:（新课标ⅱ）;2015:（新课标Ⅰ）;2015:（新课标ⅱ）;2016:（新课标Ⅰ）;2016:（新课标ⅱ）;2016:（新课标ⅲ）;2017:（新课标Ⅰ）;2017:（新课标ⅱ）;2017:（新课标ⅲ）;2018:（新课标Ⅰ）;2018:（新课标ⅱ）;2018:（新课标ⅲ）;2019:（新课标Ⅰ）;2019:（新课标Ⅱ）;2019:（新课标Ⅲ）;2020:（新课标Ⅰ）;2020:（新课标Ⅱ）;2021:（新课标Ⅰ）;2021:（解析版）;2022:（全国乙卷）;2022:（全国甲卷）
shower,shower,junior,3072,ipa-dict(en_US/CMUdict),corroborated,ECDICT,teacher_pdf_gloss,historical_partial_2010_2022,2,2011:（新课标）;2017:（新课标Ⅰ）
shrink,,extension,3073,ipa-dict(en_US/CMUdict),corroborated,ECDICT,teacher_pdf_gloss,historical_partial_2010_2022,1,2017:（新课标Ⅰ）
shut,shut,junior,3075,ipa-dict(en_US/CMUdict),corroborated,ECDICT,teacher_pdf_gloss,historical_partial_2010_2022,1,2022:（全国甲卷）
shy,shy,junior,,ipa-dict(en_US/CMUdict),corroborated,ECDICT,ECDICT,historical_partial_2010_2022,3,2010:（新课标Ⅱ）;2016:（新课标ⅱ）;2018:（新课标ⅲ）
sick,sick,junior,3078,ipa-dict(en_US/CMUdict),corroborated,ECDICT,teacher_pdf_gloss,historical_partial_2010_2022,4,2010:（新课标Ⅱ）;2017:（新课标Ⅰ）;2018:（新课标ⅲ）;2019:（新课标Ⅱ）
side,side,junior,3080,ipa-dict(en_US/CMUdict),corroborated,ECDICT,teacher_pdf_gloss,historical_partial_2010_2022,13,2010:（新课标Ⅰ）;2010:（新课标Ⅱ）;2011:（全国卷ii）;2013:（新课标Ⅰ）;2015:（新课标Ⅰ）;2016:（新课标ⅲ）;2017:（新课标Ⅰ）;2019:（新课标Ⅰ）;2019:（新课标Ⅱ）;2019:（新课标Ⅲ）;2020:（新课标Ⅰ）;2022:（全国乙卷）;2022:（全国甲卷）
sigh,,extension,3084,ipa-dict(en_US/CMUdict),corroborated,ECDICT,teacher_pdf_gloss,historical_partial_2010_2022,2,2010:（新课标Ⅰ）;2019:（新课标Ⅱ）
sight,sight*,required,3085,ipa-dict(en_US/CMUdict),corroborated,ECDICT,teacher_pdf_gloss,historical_partial_2010_2022,10,2010:（新课标Ⅰ）;2011:（全国卷ii）;2013:（新课标Ⅰ）;2015:（新课标Ⅰ）;2017:（新课标Ⅰ）;2018:（新课标Ⅰ）;2018:（新课标ⅱ）;2019:（新课标Ⅰ）;2019:（新课标Ⅲ）;2020:（新课标Ⅲ）
sign,sign,junior,3087,ipa-dict(en_US/CMUdict),corroborated,ECDICT,teacher_pdf_gloss,historical_partial_2010_2022,11,2010:（新课标Ⅱ）;2011:（新课标）;2015:（新课标ⅱ）;2016:（新课标Ⅰ）;2017:（新课标Ⅰ）;2017:（新课标ⅱ）;2018:（新课标ⅱ）;2018:（新课标ⅲ）;2020:（新课标Ⅱ）;2020:（新课标Ⅲ）;2022:（全国甲卷）
signal,signal*,required,3088,ipa-dict(en_US/CMUdict),corroborated,ECDICT,teacher_pdf_gloss,historical_partial_2010_2022,5,2016:（新课标ⅱ）;2017:（新课标ⅲ）;2018:（新课标Ⅰ）;2020:（新课标Ⅰ）;2022:（全国乙卷）
signature,,extension,3089,ipa-dict(en_US/CMUdict),corroborated,ECDICT,teacher_pdf_gloss,historical_partial_2010_2022,0,
significance,,extension,3090,ipa-dict(en_US/CMUdict),corroborated,ECDICT,teacher_pdf_gloss,historical_partial_2010_2022,3,2017:（新课标Ⅰ）;2020:（新课标Ⅱ）;2020:（新课标Ⅲ）
significant,significant*,required,,ipa-dict(en_US/CMUdict),corroborated,ECDICT,ECDICT,historical_partial_2010_2022,5,2018:（新课标Ⅰ）;2019:（新课标Ⅰ）;2020:（新课标Ⅱ）;2021:（新课标Ⅰ）;2022:（全国甲卷）
silence,silence,junior,3091,ipa-dict(en_US/CMUdict),corroborated,ECDICT,teacher_pdf_gloss,historical_partial_2010_2022,5,2012:（新课标）;2016:（新课标Ⅰ）;2017:（新课标Ⅰ）;2018:（新课标ⅱ）;2021:（新课标Ⅰ）
silent,silent,junior,,ipa-dict(en_US/CMUdict),corroborated,ECDICT,ECDICT,historical_partial_2010_2022,5,2016:（新课标Ⅰ）;2016:（新课标ⅱ）;2018:（新课标ⅲ）;2019:（新课标Ⅰ）;2019:（新课标Ⅲ）
silk,silk,junior,3093,ipa-dict(en_US/CMUdict),corroborated,ECDICT,teacher_pdf_gloss,historical_partial_2010_2022,1,2022:（全国甲卷）
silly,silly,junior,3094,ipa-dict(en_US/CMUdict),corroborated,ECDICT,teacher_pdf_gloss,historical_partial_2010_2022,3,2010:（新课标Ⅱ）;2019:（新课标Ⅰ）;2021:（新课标Ⅰ）
silver,silver,junior,3095,ipa-dict(en_US/CMUdict),corroborated,ECDICT,teacher_pdf_gloss,historical_partial_2010_2022,2,2016:（新课标Ⅰ）;2016:（新课标ⅲ）
similar,similar,junior,3096,ipa-dict(en_US/CMUdict),corroborated,ECDICT,teacher_pdf_gloss,historical_partial_2010_2022,11,2010:（新课标Ⅰ）;2012:（新课标）;2013:（新课标ii）;2014:（新课标Ⅰ）;2014:（新课标ⅱ）;2017:（新课标ⅱ）;2018:（新课标Ⅰ）;2020:（新课标Ⅰ）;2021:（新课标Ⅰ）;2021:（解析版）;2022:（全国甲卷）
simple,simple,junior,3097,ipa-dict(en_US/CMUdict),corroborated,ECDICT,teacher_pdf_gloss,historical_partial_2010_2022,12,2010:（新课标Ⅰ）;2012:（新课标）;2015:（新课标Ⅰ）;2015:（新课标ⅱ）;2016:（新课标Ⅰ）;2016:（新课标ⅲ）;2017:（新课标ⅱ）;2018:（新课标ⅲ）;2019:（新课标Ⅲ）;2020:（新课标Ⅱ）;2021:（解析版）;2022:（全国甲卷）
simply,,extension,3100,ipa-dict(en_US/CMUdict),corroborated,ECDICT,teacher_pdf_gloss,historical_partial_2010_2022,14,2011:（全国卷ii）;2013:（新课标Ⅰ）;2014:（新课标Ⅰ）;2014:（新课标ⅱ）;2015:（新课标Ⅰ）;2016:（新课标ⅱ）;2016:（新课标ⅲ）;2017:（新课标Ⅰ）;2018:（新课标ⅱ）;2019:（新课标Ⅲ）;2020:（新课标Ⅰ）;2020:（新课标Ⅲ）;2021:（新课标Ⅰ）;2022:（全国乙卷）
since,since,junior,,ipa-dict(en_US/CMUdict),corroborated,curated_function_words,ECDICT,historical_partial_2010_2022,27,2010:（新课标Ⅰ）;2010:（新课标Ⅱ）;2011:（全国卷ii）;2011:（新课标）;2012:（新课标）;2013:（新课标ii）;2013:（新课标Ⅰ）;2014:（新课标Ⅰ）;2014:（新课标ⅱ）;2016:（新课标Ⅰ）;2016:（新课标ⅲ）;2017:（新课标Ⅰ）;2017:（新课标ⅱ）;2017:（新课标ⅲ）;2018:（新课标Ⅰ）;2018:（新课标ⅱ）;2018:（新课标ⅲ）;2019:（新课标Ⅰ）;2019:（新课标Ⅱ）;2019:（新课标Ⅲ）;2020:（新课标Ⅰ）;2020:（新课标Ⅱ）;2020:（新课标Ⅲ）;2021:（新课标Ⅰ）;2021:（解析版）;2022:（全国乙卷）;2022:（全国甲卷）
sincerely,sincerely**,selective_required,3102,ipa-dict(en_US/CMUdict),corroborated,ECDICT,teacher_pdf_gloss,historical_partial_2010_2022,0,
sing,sing,junior,3103,ipa-dict(en_US/CMUdict),corroborated,ECDICT,teacher_pdf_gloss,historical_partial_2010_2022,5,2010:（新课标Ⅱ）;2012:（新课标）;2013:（新课标Ⅰ）;2017:（新课标ⅱ）;2018:（新课标ⅲ）
singer,,extension,3104,ipa-dict(en_US/CMUdict),corroborated,ECDICT,teacher_pdf_gloss,historical_partial_2010_2022,0,
single,single,junior,3105,ipa-dict(en_US/CMUdict),corroborated,ECDICT,teacher_pdf_gloss,historical_partial_2010_2022,6,2010:（新课标Ⅱ）;2017:（新课标ⅲ）;2018:（新课标Ⅰ）;2018:（新课标ⅲ）;2019:（新课标Ⅱ）;2019:（新课标Ⅲ）
sink,sink**,selective_required,3106,ipa-dict(en_US/CMUdict),corroborated,ECDICT,teacher_pdf_gloss,historical_partial_2010_2022,0,
sir,sir,junior,3108,ipa-dict(en_US/CMUdict),corroborated,ECDICT,teacher_pdf_gloss,historical_partial_2010_2022,2,2016:（新课标ⅱ）;2022:（全国乙卷）
sister,sister,junior,3109,ipa-dict(en_US/CMUdict),corroborated,ECDICT,teacher_pdf_gloss,historical_partial_2010_2022,4,2010:（新课标Ⅰ）;2014:（新课标Ⅰ）;2016:（新课标Ⅰ）;2019:（新课标Ⅱ）
sit,sit,junior,3111,ipa-dict(en_US/CMUdict),corroborated,ECDICT,teacher_pdf_gloss,historical_partial_2010_2022,14,2011:（全国卷ii）;2011:（新课标）;2013:（新课标Ⅰ）;2014:（新课标ⅱ）;2015:（新课标ⅱ）;2016:（新课标ⅱ）;2016:（新课标ⅲ）;2017:（新课标ⅱ）;2018:（新课标Ⅰ）;2018:（新课标ⅱ）;2018:（新课标ⅲ）;2019:（新课标Ⅱ）;2019:（新课标Ⅲ）;2020:（新课标Ⅱ）
site,site*,required,,ipa-dict(en_US/CMUdict),corroborated,ECDICT,ECDICT,historical_partial_2010_2022,1,2016:（新课标ⅱ）
situation,situation,junior,3112,ipa-dict(en_US/CMUdict),corroborated,ECDICT,teacher_pdf_gloss,historical_partial_2010_2022,9,2011:（全国卷ii）;2011:（新课标）;2012:（新课标）;2013:（新课标ii）;2014:（新课标Ⅰ）;2015:（新课标Ⅰ）;2018:（新课标Ⅰ）;2019:（新课标Ⅲ）;2021:（新课标Ⅰ）
six,six,junior,3113,ipa-dict(en_US/CMUdict),corroborated,curated_function_words,teacher_pdf_gloss,historical_partial_2010_2022,15,2010:（新课标Ⅱ）;2011:（全国卷ii）;2011:（新课标）;2012:（新课标）;2014:（新课标ⅱ）;2015:（新课标ⅱ）;2016:（新课标ⅲ）;2017:（新课标Ⅰ）;2017:（新课标ⅱ）;2019:（新课标Ⅰ）;2019:（新课标Ⅲ）;2020:（新课标Ⅰ）;2021:（解析版）;2022:（全国乙卷）;2022:（全国甲卷）
sixteen,sixteen,junior,3116,ipa-dict(en_US/CMUdict),corroborated,curated_function_words,teacher_pdf_gloss,historical_partial_2010_2022,0,
sixth,sixth,junior,3114,ipa-dict(en_US/CMUdict),corroborated,ECDICT,teacher_pdf_gloss,historical_partial_2010_2022,1,2014:（新课标Ⅰ）
sixty,sixty,junior,3115,ipa-dict(en_US/CMUdict),corroborated,curated_function_words,teacher_pdf_gloss,historical_partial_2010_2022,2,2019:（新课标Ⅲ）;2022:（全国乙卷）
size,size,junior,3118,ipa-dict(en_US/CMUdict),corroborated,ECDICT,teacher_pdf_gloss,historical_partial_2010_2022,9,2011:（全国卷ii）;2011:（新课标）;2012:（新课标）;2013:（新课标Ⅰ）;2014:（新课标Ⅰ）;2015:（新课标Ⅰ）;2017:（新课标Ⅰ）;2018:（新课标ⅲ）;2021:（新课标Ⅰ）
skate,skate,junior,3119,ipa-dict(en_US/CMUdict),corroborated,ECDICT,teacher_pdf_gloss,historical_partial_2010_2022,1,2014:（新课标ⅱ）
skateboard,skateboard**,selective_required,3120,ipa-dict(en_US/CMUdict),corroborated,ECDICT,teacher_pdf_gloss,historical_partial_2010_2022,1,2021:（解析版）
ski,ski*,required,3121,ipa-dict(en_US/CMUdict),corroborated,ECDICT,teacher_pdf_gloss,historical_partial_2010_2022,1,2010:（新课标Ⅱ）
skill,skill,junior,3122,ipa-dict(en_US/CMUdict),corroborated,ECDICT,teacher_pdf_gloss,historical_partial_2010_2022,14,2010:（新课标Ⅰ）;2012:（新课标）;2013:（新课标Ⅰ）;2014:（新课标Ⅰ）;2014:（新课标ⅱ）;2016:（新课标Ⅰ）;2017:（新课标ⅲ）;2018:（新课标Ⅰ）;2018:（新课标ⅱ）;2019:（新课标Ⅰ）;2019:（新课标Ⅱ）;2020:（新课标Ⅱ）;2020:（新课标Ⅲ）;2022:（全国甲卷）
skilled,,extension,3123,ipa-dict(en_US/CMUdict),corroborated,ECDICT,teacher_pdf_gloss,historical_partial_2010_2022,2,2015:（新课标ⅱ）;2016:（新课标ⅲ）
skin,skin*,required,3126,ipa-dict(en_US/CMUdict),corroborated,ECDICT,teacher_pdf_gloss,historical_partial_2010_2022,3,2010:（新课标Ⅰ）;2018:（新课标ⅱ）;2019:（新课标Ⅰ）
skip,skip**,selective_required,3127,ipa-dict(en_US/CMUdict),corroborated,ECDICT,teacher_pdf_gloss,historical_partial_2010_2022,2,2015:（新课标Ⅰ）;2018:（新课标Ⅰ）
skirt,skirt,junior,3129,ipa-dict(en_US/CMUdict),corroborated,ECDICT,teacher_pdf_gloss,historical_partial_2010_2022,0,
sky,sky,junior,3130,ipa-dict(en_US/CMUdict),corroborated,ECDICT,teacher_pdf_gloss,historical_partial_2010_2022,9,2012:（新课标）;2014:（新课标Ⅰ）;2015:（新课标Ⅰ）;2016:（新课标ⅱ）;2019:（新课标Ⅰ）;2019:（新课标Ⅱ）;2019:（新课标Ⅲ）;2021:（解析版）;2022:（全国乙卷）
slave,,extension,3132,ipa-dict(en_US/CMUdict),corroborated,ECDICT,teacher_pdf_gloss,historical_partial_2010_2022,0,
slavery,,extension,3133,ipa-dict(en_US/CMUdict),corroborated,ECDICT,teacher_pdf_gloss,historical_partial_2010_2022,0,
sleep,sleep,junior,3134,ipa-dict(en_US/CMUdict),corroborated,ECDICT,teacher_pdf_gloss,historical_partial_2010_2022,10,2010:（新课标Ⅰ）;2010:（新课标Ⅱ）;2011:（全国卷ii）;2013:（新课标ii）;2016:（新课标ⅱ）;2017:（新课标Ⅰ）;2017:（新课标ⅱ）;2017:（新课标ⅲ）;2018:（新课标ⅱ）;2019:（新课标Ⅱ）
sleepy,sleepy,junior,3135,ipa-dict(en_US/CMUdict),corroborated,ECDICT,teacher_pdf_gloss,historical_partial_2010_2022,1,2015:（新课标Ⅰ）
sleeve,,extension,3136,ipa-dict(en_US/CMUdict),corroborated,ECDICT,teacher_pdf_gloss,historical_partial_2010_2022,0,
slice,slice**,selective_required,3137,ipa-dict(en_US/CMUdict),corroborated,ECDICT,teacher_pdf_gloss,historical_partial_2010_2022,2,2018:（新课标ⅱ）;2019:（新课标Ⅱ）
slide,slide*,required,3138,ipa-dict(en_US/CMUdict),corroborated,ECDICT,teacher_pdf_gloss,historical_partial_2010_2022,1,2020:（新课标Ⅰ）
slight,,extension,3139,ipa-dict(en_US/CMUdict),corroborated,ECDICT,teacher_pdf_gloss,historical_partial_2010_2022,1,2020:（新课标Ⅰ）
slightly,slightly*,required,,ipa-dict(en_US/CMUdict),corroborated,ECDICT,curated_override,historical_partial_2010_2022,5,2013:（新课标Ⅰ）;2015:（新课标ⅱ）;2017:（新课标Ⅰ）;2020:（新课标Ⅰ）;2021:（新课标Ⅰ）
slim,slim*,required,3140,ipa-dict(en_US/CMUdict),corroborated,ECDICT,teacher_pdf_gloss,historical_partial_2010_2022,1,2016:（新课标ⅲ）
slip,slip**,selective_required,3141,ipa-dict(en_US/CMUdict),corroborated,ECDICT,teacher_pdf_gloss,historical_partial_2010_2022,2,2016:（新课标Ⅰ）;2022:（全国乙卷）
slow,slow,junior,3142,ipa-dict(en_US/CMUdict),corroborated,ECDICT,teacher_pdf_gloss,historical_partial_2010_2022,6,2015:（新课标Ⅰ）;2015:（新课标ⅱ）;2017:（新课标Ⅰ）;2017:（新课标ⅲ）;2018:（新课标ⅱ）;2019:（新课标Ⅱ）
small,small,junior,3143,ipa-dict(en_US/CMUdict),corroborated,ECDICT,teacher_pdf_gloss,historical_partial_2010_2022,27,2010:（新课标Ⅰ）;2010:（新课标Ⅱ）;2011:（新课标）;2012:（新课标）;2013:（新课标ii）;2013:（新课标Ⅰ）;2014:（新课标Ⅰ）;2014:（新课标ⅱ）;2015:（新课标Ⅰ）;2016:（新课标Ⅰ）;2016:（新课标ⅱ）;2016:（新课标ⅲ）;2017:（新课标Ⅰ）;2017:（新课标ⅱ）;2017:（新课标ⅲ）;2018:（新课标Ⅰ）;2018:（新课标ⅱ）;2018:（新课标ⅲ）;2019:（新课标Ⅰ）;2019:（新课标Ⅱ）;2019:（新课标Ⅲ）;2020:（新课标Ⅰ）;2020:（新课标Ⅱ）;2020:（新课标Ⅲ）;2021:（新课标Ⅰ）;2022:（全国乙卷）;2022:（全国甲卷）
smart,smart,junior,,ipa-dict(en_US/CMUdict),corroborated,ECDICT,ECDICT,historical_partial_2010_2022,6,2013:（新课标ii）;2017:（新课标ⅱ）;2018:（新课标Ⅰ）;2018:（新课标ⅲ）;2019:（新课标Ⅰ）;2021:（解析版）
smell,smell,junior,,ipa-dict(en_US/CMUdict),corroborated,ECDICT,ECDICT,historical_partial_2010_2022,5,2012:（新课标）;2013:（新课标Ⅰ）;2016:（新课标ⅲ）;2017:（新课标ⅱ）;2018:（新课标ⅱ）
smile,smile,junior,3147,ipa-dict(en_US/CMUdict),corroborated,ECDICT,teacher_pdf_gloss,historical_partial_2010_2022,10,2010:（新课标Ⅰ）;2010:（新课标Ⅱ）;2011:（新课标）;2016:（新课标ⅱ）;2017:（新课标Ⅰ）;2017:（新课标ⅱ）;2018:（新课标ⅲ）;2020:（新课标Ⅱ）;2020:（新课标Ⅲ）;2022:（全国甲卷）
smog,smog*,required,3148,ipa-dict(en_US/CMUdict),corroborated,ECDICT,teacher_pdf_gloss,historical_partial_2010_2022,2,2015:（新课标Ⅰ）;2019:（新课标Ⅰ）
smoke,smoke,junior,3149,ipa-dict(en_US/CMUdict),corroborated,ECDICT,teacher_pdf_gloss,historical_partial_2010_2022,6,2011:（全国卷ii）;2011:（新课标）;2016:（新课标Ⅰ）;2017:（新课标ⅱ）;2018:（新课标Ⅰ）;2019:（新课标Ⅰ）
smooth,smooth,junior,3153,ipa-dict(en_US/CMUdict),corroborated,ECDICT,teacher_pdf_gloss,historical_partial_2010_2022,3,2010:（新课标Ⅱ）;2018:（新课标Ⅰ）;2022:（全国乙卷）
snack,snack*,required,3154,ipa-dict(en_US/CMUdict),corroborated,ECDICT,teacher_pdf_gloss,historical_partial_2010_2022,2,2016:（新课标ⅱ）;2017:（新课标Ⅰ）
snake,snake,junior,3156,ipa-dict(en_US/CMUdict),corroborated,ECDICT,teacher_pdf_gloss,historical_partial_2010_2022,0,
sneeze,sneeze**,selective_required,3159,ipa-dict(en_US/CMUdict),corroborated,ECDICT,teacher_pdf_gloss,historical_partial_2010_2022,0,
snow,snow,junior,3161,ipa-dict(en_US/CMUdict),corroborated,ECDICT,teacher_pdf_gloss,historical_partial_2010_2022,7,2010:（新课标Ⅱ）;2012:（新课标）;2018:（新课标ⅲ）;2019:（新课标Ⅰ）;2020:（新课标Ⅱ）;2021:（解析版）;2022:（全国乙卷）
snowy,snowy,junior,3164,ipa-dict(en_US/CMUdict),corroborated,ECDICT,teacher_pdf_gloss,historical_partial_2010_2022,0,
so,so,junior,3165,ipa-dict(en_US/CMUdict),corroborated,curated_function_words,teacher_pdf_gloss,historical_partial_2010_2022,30,2010:（新课标Ⅰ）;2010:（新课标Ⅱ）;2011:（全国卷ii）;2011:（新课标）;2012:（新课标）;2013:（新课标ii）;2013:（新课标Ⅰ）;2014:（新课标Ⅰ）;2014:（新课标ⅱ）;2015:（新课标Ⅰ）;2015:（新课标ⅱ）;2016:（新课标Ⅰ）;2016:（新课标ⅱ）;2016:（新课标ⅲ）;2017:（新课标Ⅰ）;2017:（新课标ⅱ）;2017:（新课标ⅲ）;2018:（新课标Ⅰ）;2018:（新课标ⅱ）;2018:（新课标ⅲ）;2019:（新课标Ⅰ）;2019:（新课标Ⅱ）;2019:（新课标Ⅲ）;2020:（新课标Ⅰ）;2020:（新课标Ⅱ）;2020:（新课标Ⅲ）;2021:（新课标Ⅰ）;2021:（解析版）;2022:（全国乙卷）;2022:（全国甲卷）
soap,,extension,3166,ipa-dict(en_US/CMUdict),corroborated,ECDICT,teacher_pdf_gloss,historical_partial_2010_2022,0,
soccer,soccer*,required,3168,ipa-dict(en_US/CMUdict),corroborated,ECDICT,teacher_pdf_gloss,historical_partial_2010_2022,2,2015:（新课标ⅱ）;2021:（新课标Ⅰ）
social,social,junior,3169,ipa-dict(en_US/CMUdict),corroborated,ECDICT,teacher_pdf_gloss,historical_partial_2010_2022,14,2014:（新课标ⅱ）;2016:（新课标Ⅰ）;2016:（新课标ⅱ）;2016:（新课标ⅲ）;2017:（新课标Ⅰ）;2017:（新课标ⅲ）;2018:（新课标ⅱ）;2018:（新课标ⅲ）;2019:（新课标Ⅰ）;2019:（新课标Ⅱ）;2019:（新课标Ⅲ）;2020:（新课标Ⅱ）;2021:（解析版）;2022:（全国乙卷）
socialism,,extension,3170,ipa-dict(en_US/CMUdict),corroborated,ECDICT,teacher_pdf_gloss,historical_partial_2010_2022,0,
socialist,socialist**,selective_required,3171,ipa-dict(en_US/CMUdict),corroborated,ECDICT,teacher_pdf_gloss,historical_partial_2010_2022,0,
society,society,junior,3172,ipa-dict(en_US/CMUdict),corroborated,ECDICT,teacher_pdf_gloss,historical_partial_2010_2022,4,2011:（全国卷ii）;2012:（新课标）;2015:（新课标Ⅰ）;2022:（全国乙卷）
sock,sock,junior,3173,ipa-dict(en_US/CMUdict),corroborated,ECDICT,teacher_pdf_gloss,historical_partial_2010_2022,0,
sofa,sofa,junior,3175,ipa-dict(en_US/CMUdict),corroborated,ECDICT,teacher_pdf_gloss,historical_partial_2010_2022,2,2016:（新课标ⅲ）;2018:（新课标Ⅰ）
soft,soft,junior,,ipa-dict(en_US/CMUdict),corroborated,ECDICT,ECDICT,historical_partial_2010_2022,5,2015:（新课标Ⅰ）;2018:（新课标Ⅰ）;2020:（新课标Ⅲ）;2021:（解析版）;2022:（全国乙卷）
software,software*,required,3177,ipa-dict(en_US/CMUdict),corroborated,ECDICT,teacher_pdf_gloss,historical_partial_2010_2022,1,2011:（新课标）
soil,soil**,selective_required,3180,ipa-dict(en_US/CMUdict),corroborated,ECDICT,teacher_pdf_gloss,historical_partial_2010_2022,2,2016:（新课标ⅲ）;2018:（新课标ⅱ）
solar,solar**,selective_required,3181,ipa-dict(en_US/CMUdict),corroborated,ECDICT,teacher_pdf_gloss,historical_partial_2010_2022,1,2017:（新课标Ⅰ）
soldier,soldier**,selective_required,3182,ipa-dict(en_US/CMUdict),corroborated,ECDICT,teacher_pdf_gloss,historical_partial_2010_2022,0,
solid,solid**,selective_required,3183,ipa-dict(en_US/CMUdict),corroborated,ECDICT,teacher_pdf_gloss,historical_partial_2010_2022,0,
solution,solution*,required,,ipa-dict(en_US/CMUdict),corroborated,ECDICT,ECDICT,historical_partial_2010_2022,3,2017:（新课标ⅲ）;2018:（新课标Ⅰ）;2019:（新课标Ⅱ）
solve,solve,junior,,ipa-dict(en_US/CMUdict),corroborated,ECDICT,ECDICT,historical_partial_2010_2022,1,2012:（新课标）
some,some,junior,3184,ipa-dict(en_US/CMUdict),corroborated,curated_function_words,teacher_pdf_gloss,historical_partial_2010_2022,30,2010:（新课标Ⅰ）;2010:（新课标Ⅱ）;2011:（全国卷ii）;2011:（新课标）;2012:（新课标）;2013:（新课标ii）;2013:（新课标Ⅰ）;2014:（新课标Ⅰ）;2014:（新课标ⅱ）;2015:（新课标Ⅰ）;2015:（新课标ⅱ）;2016:（新课标Ⅰ）;2016:（新课标ⅱ）;2016:（新课标ⅲ）;2017:（新课标Ⅰ）;2017:（新课标ⅱ）;2017:（新课标ⅲ）;2018:（新课标Ⅰ）;2018:（新课标ⅱ）;2018:（新课标ⅲ）;2019:（新课标Ⅰ）;2019:（新课标Ⅱ）;2019:（新课标Ⅲ）;2020:（新课标Ⅰ）;2020:（新课标Ⅱ）;2020:（新课标Ⅲ）;2021:（新课标Ⅰ）;2021:（解析版）;2022:（全国乙卷）;2022:（全国甲卷）
somebody,somebody,junior,3185,ipa-dict(en_US/CMUdict),corroborated,curated_function_words,teacher_pdf_gloss,historical_partial_2010_2022,7,2011:（新课标）;2013:（新课标ii）;2016:（新课标Ⅰ）;2017:（新课标ⅱ）;2019:（新课标Ⅰ）;2019:（新课标Ⅱ）;2021:（新课标Ⅰ）
somehow,somehow*,required,,ipa-dict(en_US/CMUdict),corroborated,ECDICT,ECDICT,historical_partial_2010_2022,1,2022:（全国甲卷）
someone,someone,junior,3186,ipa-dict(en_US/CMUdict),corroborated,curated_function_words,teacher_pdf_gloss,historical_partial_2010_2022,19,2010:（新课标Ⅰ）;2010:（新课标Ⅱ）;2011:（全国卷ii）;2011:（新课标）;2012:（新课标）;2013:（新课标ii）;2013:（新课标Ⅰ）;2014:（新课标Ⅰ）;2015:（新课标Ⅰ）;2017:（新课标ⅱ）;2017:（新课标ⅲ）;2018:（新课标ⅲ）;2019:（新课标Ⅰ）;2019:（新课标Ⅱ）;2020:（新课标Ⅰ）;2020:（新课标Ⅱ）;2020:（新课标Ⅲ）;2021:（新课标Ⅰ）;2022:（全国乙卷）
something,something,junior,3187,ipa-dict(en_US/CMUdict),corroborated,curated_function_words,teacher_pdf_gloss,historical_partial_2010_2022,20,2010:（新课标Ⅱ）;2011:（全国卷ii）;2011:（新课标）;2012:（新课标）;2013:（新课标Ⅰ）;2014:（新课标Ⅰ）;2014:（新课标ⅱ）;2015:（新课标Ⅰ）;2015:（新课标ⅱ）;2016:（新课标Ⅰ）;2016:（新课标ⅱ）;2017:（新课标Ⅰ）;2017:（新课标ⅱ）;2018:（新课标Ⅰ）;2018:（新课标ⅱ）;2018:（新课标ⅲ）;2020:（新课标Ⅱ）;2020:（新课标Ⅲ）;2021:（新课标Ⅰ）;2022:（全国乙卷）
sometimes,sometimes,junior,3188,ipa-dict(en_US/CMUdict),corroborated,ECDICT,teacher_pdf_gloss,historical_partial_2010_2022,18,2010:（新课标Ⅱ）;2011:（全国卷ii）;2011:（新课标）;2012:（新课标）;2013:（新课标ii）;2015:（新课标Ⅰ）;2015:（新课标ⅱ）;2016:（新课标Ⅰ）;2016:（新课标ⅱ）;2016:（新课标ⅲ）;2017:（新课标Ⅰ）;2018:（新课标Ⅰ）;2018:（新课标ⅱ）;2019:（新课标Ⅱ）;2019:（新课标Ⅲ）;2020:（新课标Ⅰ）;2020:（新课标Ⅱ）;2020:（新课标Ⅲ）
somewhat,somewhat**,selective_required,,ipa-dict(en_US/CMUdict),corroborated,ECDICT,ECDICT,historical_partial_2010_2022,0,
somewhere,somewhere,junior,3189,ipa-dict(en_US/CMUdict),corroborated,ECDICT,teacher_pdf_gloss,historical_partial_2010_2022,3,2014:（新课标Ⅰ）;2015:（新课标ⅱ）;2019:（新课标Ⅱ）
son,son,junior,3190,ipa-dict(en_US/CMUdict),corroborated,ECDICT,teacher_pdf_gloss,historical_partial_2010_2022,12,2011:（新课标）;2012:（新课标）;2013:（新课标Ⅰ）;2014:（新课标ⅱ）;2016:（新课标Ⅰ）;2017:（新课标Ⅰ）;2018:（新课标Ⅰ）;2018:（新课标ⅱ）;2018:（新课标ⅲ）;2019:（新课标Ⅰ）;2020:（新课标Ⅱ）;2022:（全国甲卷）
song,song,junior,3191,ipa-dict(en_US/CMUdict),corroborated,ECDICT,teacher_pdf_gloss,historical_partial_2010_2022,4,2013:（新课标Ⅰ）;2016:（新课标ⅱ）;2017:（新课标Ⅰ）;2021:（解析版）
soon,soon,junior,3192,ipa-dict(en_US/CMUdict),corroborated,ECDICT,teacher_pdf_gloss,historical_partial_2010_2022,15,2010:（新课标Ⅰ）;2010:（新课标Ⅱ）;2012:（新课标）;2013:（新课标ii）;2013:（新课标Ⅰ）;2014:（新课标Ⅰ）;2017:（新课标Ⅰ）;2018:（新课标Ⅰ）;2018:（新课标ⅲ）;2019:（新课标Ⅰ）;2019:（新课标Ⅲ）;2021:（新课标Ⅰ）;2021:（解析版）;2022:（全国乙卷）;2022:（全国甲卷）
sorrow,sorrow**,selective_required,3193,ipa-dict(en_US/CMUdict),corroborated,ECDICT,teacher_pdf_gloss,historical_partial_2010_2022,2,2014:（新课标Ⅰ）;2018:（新课标ⅲ）
sorry,sorry,junior,3194,ipa-dict(en_US/CMUdict),corroborated,ECDICT,teacher_pdf_gloss,historical_partial_2010_2022,6,2010:（新课标Ⅰ）;2013:（新课标ii）;2016:（新课标Ⅰ）;2017:（新课标ⅱ）;2018:（新课标ⅲ）;2021:（新课标Ⅰ）
sort,sort*,required,3195,ipa-dict(en_US/CMUdict),corroborated,ECDICT,teacher_pdf_gloss,historical_partial_2010_2022,6,2014:（新课标ⅱ）;2016:（新课标ⅲ）;2018:（新课标ⅱ）;2019:（新课标Ⅰ）;2020:（新课标Ⅰ）;2022:（全国甲卷）
soul,soul**,selective_required,3197,ipa-dict(en_US/CMUdict),corroborated,ECDICT,teacher_pdf_gloss,historical_partial_2010_2022,0,
sound,sound,junior,3198,ipa-dict(en_US/CMUdict),corroborated,ECDICT,teacher_pdf_gloss,historical_partial_2010_2022,12,2010:（新课标Ⅱ）;2011:（全国卷ii）;2012:（新课标）;2013:（新课标ii）;2013:（新课标Ⅰ）;2015:（新课标ⅱ）;2016:（新课标Ⅰ）;2016:（新课标ⅱ）;2017:（新课标ⅲ）;2019:（新课标Ⅱ）;2020:（新课标Ⅱ）;2022:（全国甲卷）
soup,soup,junior,3199,ipa-dict(en_US/CMUdict),corroborated,ECDICT,teacher_pdf_gloss,historical_partial_2010_2022,2,2013:（新课标Ⅰ）;2020:（新课标Ⅲ）
sour,sour**,selective_required,3200,ipa-dict(en_US/CMUdict),corroborated,ECDICT,teacher_pdf_gloss,historical_partial_2010_2022,0,
source,source*,required,,ipa-dict(en_US/CMUdict),corroborated,ECDICT,ECDICT,historical_partial_2010_2022,5,2017:（新课标ⅲ）;2019:（新课标Ⅲ）;2020:（新课标Ⅰ）;2020:（新课标Ⅱ）;2021:（新课标Ⅰ）
south,south,junior,,ipa-dict(en_US/CMUdict),corroborated,ECDICT,ECDICT,historical_partial_2010_2022,8,2014:（新课标Ⅰ）;2016:（新课标ⅱ）;2018:（新课标ⅲ）;2019:（新课标Ⅰ）;2020:（新课标Ⅰ）;2020:（新课标Ⅲ）;2021:（解析版）;2022:（全国甲卷）
southern,southern,junior,3202,ipa-dict(en_US/CMUdict),corroborated,ECDICT,teacher_pdf_gloss,historical_partial_2010_2022,2,2019:（新课标Ⅱ）;2020:（新课标Ⅲ）
southwest,,extension,3203,ipa-dict(en_US/CMUdict),corroborated,ECDICT,teacher_pdf_gloss,historical_partial_2010_2022,2,2010:（新课标Ⅱ）;2015:（新课标ⅱ）
sow,sow**,selective_required,3205,ipa-dict(en_US/CMUdict),corroborated,ECDICT,teacher_pdf_gloss,historical_partial_2010_2022,0,
space,space,junior,3206,ipa-dict(en_US/CMUdict),corroborated,ECDICT,teacher_pdf_gloss,historical_partial_2010_2022,10,2011:（新课标）;2013:（新课标Ⅰ）;2017:（新课标ⅱ）;2018:（新课标Ⅰ）;2018:（新课标ⅲ）;2019:（新课标Ⅰ）;2019:（新课标Ⅱ）;2020:（新课标Ⅲ）;2021:（新课标Ⅰ）;2022:（全国甲卷）
spare,spare,junior,3211,ipa-dict(en_US/CMUdict),corroborated,ECDICT,teacher_pdf_gloss,historical_partial_2010_2022,3,2010:（新课标Ⅱ）;2017:（新课标ⅱ）;2020:（新课标Ⅱ）
speak,speak,junior,,ipa-dict(en_US/CMUdict),corroborated,ECDICT,ECDICT,historical_partial_2010_2022,16,2010:（新课标Ⅰ）;2011:（全国卷ii）;2012:（新课标）;2013:（新课标ii）;2013:（新课标Ⅰ）;2014:（新课标Ⅰ）;2014:（新课标ⅱ）;2015:（新课标Ⅰ）;2016:（新课标Ⅰ）;2017:（新课标Ⅰ）;2017:（新课标ⅱ）;2018:（新课标ⅱ）;2018:（新课标ⅲ）;2019:（新课标Ⅰ）;2019:（新课标Ⅱ）;2022:（全国乙卷）
speaker,speaker,junior,3214,ipa-dict(en_US/CMUdict),corroborated,ECDICT,teacher_pdf_gloss,historical_partial_2010_2022,5,2011:（新课标）;2014:（新课标Ⅰ）;2014:（新课标ⅱ）;2018:（新课标Ⅰ）;2019:（新课标Ⅰ）
special,special,junior,3216,ipa-dict(en_US/CMUdict),corroborated,ECDICT,teacher_pdf_gloss,historical_partial_2010_2022,25,2010:（新课标Ⅰ）;2010:（新课标Ⅱ）;2011:（全国卷ii）;2011:（新课标）;2012:（新课标）;2013:（新课标ii）;2013:（新课标Ⅰ）;2014:（新课标Ⅰ）;2014:（新课标ⅱ）;2015:（新课标Ⅰ）;2015:（新课标ⅱ）;2016:（新课标Ⅰ）;2016:（新课标ⅲ）;2017:（新课标Ⅰ）;2017:（新课标ⅱ）;2017:（新课标ⅲ）;2018:（新课标Ⅰ）;2018:（新课标ⅲ）;2019:（新课标Ⅰ）;2019:（新课标Ⅲ）;2020:（新课标Ⅰ）;2020:（新课标Ⅱ）;2020:（新课标Ⅲ）;2022:（全国乙卷）;2022:（全国甲卷）
specialist,specialist**,selective_required,3217,ipa-dict(en_US/CMUdict),corroborated,ECDICT,teacher_pdf_gloss,historical_partial_2010_2022,2,2012:（新课标）;2017:（新课标ⅲ）
species,species**,selective_required,,ipa-dict(en_US/CMUdict),corroborated,ECDICT,ECDICT,historical_partial_2010_2022,1,2020:（新课标Ⅱ）
specific,specific*,required,3218,ipa-dict(en_US/CMUdict),corroborated,ECDICT,teacher_pdf_gloss,historical_partial_2010_2022,8,2014:（新课标Ⅰ）;2016:（新课标Ⅰ）;2016:（新课标ⅲ）;2018:（新课标ⅱ）;2019:（新课标Ⅱ）;2020:（新课标Ⅲ）;2021:（新课标Ⅰ）;2022:（全国甲卷）
speech,speech,junior,3219,ipa-dict(en_US/CMUdict),corroborated,ECDICT,teacher_pdf_gloss,historical_partial_2010_2022,6,2010:（新课标Ⅱ）;2011:（全国卷ii）;2014:（新课标Ⅰ）;2016:（新课标Ⅰ）;2018:（新课标Ⅰ）;2019:（新课标Ⅰ）
speed,speed,junior,3220,ipa-dict(en_US/CMUdict),corroborated,ECDICT,teacher_pdf_gloss,historical_partial_2010_2022,7,2017:（新课标Ⅰ）;2017:（新课标ⅲ）;2018:（新课标ⅱ）;2019:（新课标Ⅰ）;2020:（新课标Ⅰ）;2022:（全国乙卷）;2022:（全国甲卷）
spell,spell,junior,3221,ipa-dict(en_US/CMUdict),corroborated,ECDICT,teacher_pdf_gloss,historical_partial_2010_2022,2,2016:（新课标Ⅰ）;2019:（新课标Ⅰ）
spend,spend,junior,3223,ipa-dict(en_US/CMUdict),corroborated,ECDICT,teacher_pdf_gloss,historical_partial_2010_2022,17,2010:（新课标Ⅰ）;2010:（新课标Ⅱ）;2011:（新课标）;2013:（新课标ii）;2013:（新课标Ⅰ）;2014:（新课标ⅱ）;2015:（新课标Ⅰ）;2016:（新课标ⅱ）;2017:（新课标Ⅰ）;2017:（新课标ⅲ）;2018:（新课标Ⅰ）;2018:（新课标ⅲ）;2019:（新课标Ⅱ）;2020:（新课标Ⅲ）;2021:（解析版）;2022:（全国乙卷）;2022:（全国甲卷）
spin,,extension,3224,ipa-dict(en_US/CMUdict),corroborated,ECDICT,teacher_pdf_gloss,historical_partial_2010_2022,0,
spirit,spirit,junior,3225,ipa-dict(en_US/CMUdict),corroborated,ECDICT,teacher_pdf_gloss,historical_partial_2010_2022,6,2010:（新课标Ⅰ）;2010:（新课标Ⅱ）;2011:（新课标）;2017:（新课标Ⅰ）;2017:（新课标ⅲ）;2018:（新课标ⅲ）
spiritual,,extension,3226,ipa-dict(en_US/CMUdict),corroborated,ECDICT,teacher_pdf_gloss,historical_partial_2010_2022,3,2015:（新课标Ⅰ）;2019:（新课标Ⅰ）;2020:（新课标Ⅰ）
splendid,splendid**,selective_required,3228,ipa-dict(en_US/CMUdict),corroborated,ECDICT,teacher_pdf_gloss,historical_partial_2010_2022,0,
split,,extension,3229,ipa-dict(en_US/CMUdict),corroborated,ECDICT,teacher_pdf_gloss,historical_partial_2010_2022,1,2020:（新课标Ⅲ）
sponsor,sponsor**,selective_required,3232,ipa-dict(en_US/CMUdict),corroborated,ECDICT,teacher_pdf_gloss,historical_partial_2010_2022,2,2017:（新课标Ⅰ）;2020:（新课标Ⅱ）
spoon,spoon,junior,3233,ipa-dict(en_US/CMUdict),corroborated,ECDICT,teacher_pdf_gloss,historical_partial_2010_2022,3,2010:（新课标Ⅱ）;2015:（新课标ⅱ）;2022:（全国甲卷）
sport,sport,junior,3235,ipa-dict(en_US/CMUdict),corroborated,ECDICT,teacher_pdf_gloss,historical_partial_2010_2022,12,2010:（新课标Ⅱ）;2013:（新课标ii）;2014:（新课标ⅱ）;2016:（新课标ⅱ）;2016:（新课标ⅲ）;2017:（新课标ⅱ）;2018:（新课标Ⅰ）;2019:（新课标Ⅱ）;2020:（新课标Ⅰ）;2021:（新课标Ⅰ）;2021:（解析版）;2022:（全国乙卷）
spot,spot**,selective_required,3236,ipa-dict(en_US/CMUdict),corroborated,ECDICT,teacher_pdf_gloss,historical_partial_2010_2022,6,2013:（新课标Ⅰ）;2015:（新课标Ⅰ）;2018:（新课标Ⅰ）;2020:（新课标Ⅰ）;2020:（新课标Ⅱ）;2021:（解析版）
spray,,extension,3237,ipa-dict(en_US/CMUdict),corroborated,ECDICT,teacher_pdf_gloss,historical_partial_2010_2022,1,2020:（新课标Ⅰ）
spread,spread,junior,3238,ipa-dict(en_US/CMUdict),corroborated,ECDICT,teacher_pdf_gloss,historical_partial_2010_2022,7,2010:（新课标Ⅰ）;2011:（新课标）;2016:（新课标ⅲ）;2018:（新课标Ⅰ）;2018:（新课标ⅲ）;2019:（新课标Ⅰ）;2020:（新课标Ⅱ）
spring,spring,junior,3239,ipa-dict(en_US/CMUdict),corroborated,ECDICT,teacher_pdf_gloss,historical_partial_2010_2022,7,2010:（新课标Ⅱ）;2014:（新课标Ⅰ）;2016:（新课标Ⅰ）;2020:（新课标Ⅰ）;2020:（新课标Ⅱ）;2021:（解析版）;2022:（全国乙卷）
spy,spy**,selective_required,3240,ipa-dict(en_US/CMUdict),corroborated,ECDICT,teacher_pdf_gloss,historical_partial_2010_2022,0,
square,square,junior,,ipa-dict(en_US/CMUdict),corroborated,ECDICT,ECDICT,historical_partial_2010_2022,3,2013:（新课标Ⅰ）;2015:（新课标ⅱ）;2019:（新课标Ⅲ）
squeeze,,extension,3242,ipa-dict(en_US/CMUdict),corroborated,ECDICT,teacher_pdf_gloss,historical_partial_2010_2022,2,2018:（新课标ⅱ）;2022:（全国乙卷）
stability,stability**,selective_required,,ipa-dict(en_US/CMUdict),corroborated,ECDICT,ECDICT,historical_partial_2010_2022,0,
stable,,extension,3245,ipa-dict(en_US/CMUdict),corroborated,ECDICT,teacher_pdf_gloss,historical_partial_2010_2022,2,2019:（新课标Ⅰ）;2020:（新课标Ⅱ）
stadium,stadium**,selective_required,3246,ipa-dict(en_US/CMUdict),corroborated,ECDICT,teacher_pdf_gloss,historical_partial_2010_2022,1,2021:（新课标Ⅰ）
staff,staff*,required,3247,ipa-dict(en_US/CMUdict),corroborated,ECDICT,teacher_pdf_gloss,historical_partial_2010_2022,3,2018:（新课标ⅱ）;2020:（新课标Ⅲ）;2022:（全国乙卷）
stage,stage*,required,3248,ipa-dict(en_US/CMUdict),corroborated,ECDICT,teacher_pdf_gloss,historical_partial_2010_2022,6,2012:（新课标）;2015:（新课标Ⅰ）;2016:（新课标ⅱ）;2017:（新课标Ⅰ）;2018:（新课标ⅲ）;2022:（全国甲卷）
stair,stair*,required,3252,ipa-dict(en_US/CMUdict),corroborated,ECDICT,teacher_pdf_gloss,historical_partial_2010_2022,1,2022:（全国甲卷）
stamp,stamp,junior,3253,ipa-dict(en_US/CMUdict),corroborated,ECDICT,teacher_pdf_gloss,historical_partial_2010_2022,1,2014:（新课标Ⅰ）
stand,stand,junior,3254,ipa-dict(en_US/CMUdict),corroborated,ECDICT,teacher_pdf_gloss,historical_partial_2010_2022,15,2010:（新课标Ⅰ）;2011:（新课标）;2014:（新课标Ⅰ）;2014:（新课标ⅱ）;2015:（新课标Ⅰ）;2016:（新课标Ⅰ）;2016:（新课标ⅲ）;2017:（新课标ⅱ）;2018:（新课标ⅲ）;2019:（新课标Ⅰ）;2019:（新课标Ⅱ）;2019:（新课标Ⅲ）;2020:（新课标Ⅰ）;2021:（新课标Ⅰ）;2022:（全国甲卷）
standard,standard,junior,3255,ipa-dict(en_US/CMUdict),corroborated,ECDICT,teacher_pdf_gloss,historical_partial_2010_2022,6,2010:（新课标Ⅰ）;2011:（新课标）;2013:（新课标Ⅰ）;2014:（新课标ⅱ）;2017:（新课标ⅱ）;2021:（解析版）
star,star,junior,3256,ipa-dict(en_US/CMUdict),corroborated,ECDICT,teacher_pdf_gloss,historical_partial_2010_2022,11,2010:（新课标Ⅰ）;2012:（新课标）;2013:（新课标Ⅰ）;2016:（新课标ⅲ）;2017:（新课标ⅲ）;2018:（新课标ⅱ）;2019:（新课标Ⅰ）;2019:（新课标Ⅲ）;2020:（新课标Ⅲ）;2021:（解析版）;2022:（全国甲卷）
stare,stare**,selective_required,3257,ipa-dict(en_US/CMUdict),corroborated,ECDICT,teacher_pdf_gloss,historical_partial_2010_2022,1,2020:（新课标Ⅰ）
start,start,junior,3258,ipa-dict(en_US/CMUdict),corroborated,ECDICT,teacher_pdf_gloss,historical_partial_2010_2022,29,2010:（新课标Ⅰ）;2010:（新课标Ⅱ）;2011:（全国卷ii）;2011:（新课标）;2012:（新课标）;2013:（新课标ii）;2013:（新课标Ⅰ）;2014:（新课标Ⅰ）;2014:（新课标ⅱ）;2015:（新课标Ⅰ）;2015:（新课标ⅱ）;2016:（新课标Ⅰ）;2016:（新课标ⅱ）;2016:（新课标ⅲ）;2017:（新课标Ⅰ）;2017:（新课标ⅲ）;2018:（新课标Ⅰ）;2018:（新课标ⅱ）;2018:（新课标ⅲ）;2019:（新课标Ⅰ）;2019:（新课标Ⅱ）;2019:（新课标Ⅲ）;2020:（新课标Ⅰ）;2020:（新课标Ⅱ）;2020:（新课标Ⅲ）;2021:（新课标Ⅰ）;2021:（解析版）;2022:（全国乙卷）;2022:（全国甲卷）
starve,starve**,selective_required,3260,ipa-dict(en_US/CMUdict),corroborated,ECDICT,teacher_pdf_gloss,historical_partial_2010_2022,0,
state,state,junior,3261,ipa-dict(en_US/CMUdict),corroborated,ECDICT,teacher_pdf_gloss,historical_partial_2010_2022,15,2010:（新课标Ⅰ）;2011:（全国卷ii）;2012:（新课标）;2013:（新课标ii）;2014:（新课标Ⅰ）;2015:（新课标Ⅰ）;2016:（新课标Ⅰ）;2016:（新课标ⅲ）;2017:（新课标Ⅰ）;2017:（新课标ⅲ）;2018:（新课标Ⅰ）;2020:（新课标Ⅰ）;2020:（新课标Ⅲ）;2021:（新课标Ⅰ）;2021:（解析版）
statement,,extension,3263,ipa-dict(en_US/CMUdict),corroborated,ECDICT,teacher_pdf_gloss,historical_partial_2010_2022,3,2020:（新课标Ⅱ）;2020:（新课标Ⅲ）;2022:（全国甲卷）
station,station,junior,3262,ipa-dict(en_US/CMUdict),corroborated,ECDICT,teacher_pdf_gloss,historical_partial_2010_2022,9,2011:（新课标）;2013:（新课标Ⅰ）;2014:（新课标ⅱ）;2015:（新课标ⅱ）;2016:（新课标ⅱ）;2018:（新课标ⅲ）;2019:（新课标Ⅱ）;2020:（新课标Ⅰ）;2021:（新课标Ⅰ）
statistic,statistic**,selective_required,,ipa-dict(en_US/CMUdict),corroborated,ECDICT,ECDICT,historical_partial_2010_2022,1,2021:（新课标Ⅰ）
statistics,,extension,3267,ipa-dict(en_US/CMUdict),corroborated,ECDICT,teacher_pdf_gloss,historical_partial_2010_2022,4,2015:（新课标ⅱ）;2016:（新课标Ⅰ）;2019:（新课标Ⅱ）;2020:（新课标Ⅲ）
statue,statue**,selective_required,3268,ipa-dict(en_US/CMUdict),corroborated,ECDICT,teacher_pdf_gloss,historical_partial_2010_2022,1,2013:（新课标Ⅰ）
status,,extension,3269,ipa-dict(en_US/CMUdict),corroborated,ECDICT,teacher_pdf_gloss,historical_partial_2010_2022,3,2016:（新课标ⅱ）;2019:（新课标Ⅰ）;2021:（解析版）
stay,stay,junior,3270,ipa-dict(en_US/CMUdict),corroborated,ECDICT,teacher_pdf_gloss,historical_partial_2010_2022,22,2010:（新课标Ⅱ）;2011:（新课标）;2012:（新课标）;2013:（新课标ii）;2013:（新课标Ⅰ）;2014:（新课标Ⅰ）;2014:（新课标ⅱ）;2015:（新课标Ⅰ）;2016:（新课标Ⅰ）;2016:（新课标ⅱ）;2016:（新课标ⅲ）;2017:（新课标ⅱ）;2017:（新课标ⅲ）;2018:（新课标ⅱ）;2018:（新课标ⅲ）;2019:（新课标Ⅱ）;2019:（新课标Ⅲ）;2020:（新课标Ⅰ）;2020:（新课标Ⅲ）;2021:（解析版）;2022:（全国乙卷）;2022:（全国甲卷）
steady,,extension,3271,ipa-dict(en_US/CMUdict),corroborated,ECDICT,teacher_pdf_gloss,historical_partial_2010_2022,4,2015:（新课标ⅱ）;2016:（新课标Ⅰ）;2016:（新课标ⅲ）;2017:（新课标Ⅰ）
steak,steak**,selective_required,3272,ipa-dict(en_US/CMUdict),corroborated,ECDICT,teacher_pdf_gloss,historical_partial_2010_2022,0,
steal,steal,junior,3273,ipa-dict(en_US/CMUdict),corroborated,ECDICT,teacher_pdf_gloss,historical_partial_2010_2022,0,
steam,steam**,selective_required,3274,ipa-dict(en_US/CMUdict),corroborated,ECDICT,teacher_pdf_gloss,historical_partial_2010_2022,3,2016:（新课标Ⅰ）;2016:（新课标ⅲ）;2017:（新课标ⅱ）
steel,steel**,selective_required,3275,ipa-dict(en_US/CMUdict),corroborated,ECDICT,teacher_pdf_gloss,historical_partial_2010_2022,0,
steep,,extension,3276,ipa-dict(en_US/CMUdict),corroborated,ECDICT,teacher_pdf_gloss,historical_partial_2010_2022,1,2018:（新课标ⅱ）
step,step,junior,3277,ipa-dict(en_US/CMUdict),corroborated,ECDICT,teacher_pdf_gloss,historical_partial_2010_2022,12,2012:（新课标）;2015:（新课标Ⅰ）;2016:（新课标Ⅰ）;2016:（新课标ⅱ）;2017:（新课标Ⅰ）;2017:（新课标ⅲ）;2018:（新课标Ⅰ）;2018:（新课标ⅱ）;2019:（新课标Ⅱ）;2020:（新课标Ⅰ）;2021:（新课标Ⅰ）;2022:（全国甲卷）
stick,stick,junior,,ipa-dict(en_US/CMUdict),corroborated,ECDICT,ECDICT,historical_partial_2010_2022,8,2011:（新课标）;2016:（新课标ⅱ）;2017:（新课标Ⅰ）;2017:（新课标ⅲ）;2018:（新课标ⅱ）;2021:（新课标Ⅰ）;2022:（全国乙卷）;2022:（全国甲卷）
still,still,junior,3282,ipa-dict(en_US/CMUdict),corroborated,ECDICT,teacher_pdf_gloss,historical_partial_2010_2022,21,2010:（新课标Ⅰ）;2010:（新课标Ⅱ）;2011:（全国卷ii）;2012:（新课标）;2013:（新课标Ⅰ）;2014:（新课标ⅱ）;2015:（新课标Ⅰ）;2015:（新课标ⅱ）;2016:（新课标Ⅰ）;2016:（新课标ⅱ）;2016:（新课标ⅲ）;2017:（新课标Ⅰ）;2018:（新课标Ⅰ）;2018:（新课标ⅱ）;2018:（新课标ⅲ）;2019:（新课标Ⅰ）;2019:（新课标Ⅱ）;2020:（新课标Ⅱ）;2021:（新课标Ⅰ）;2021:（解析版）;2022:（全国甲卷）
stimulate,stimulate**,selective_required,,ipa-dict(en_US/CMUdict),corroborated,ECDICT,ECDICT,historical_partial_2010_2022,0,
stomach,stomach,junior,3284,ipa-dict(en_US/CMUdict),corroborated,ECDICT,teacher_pdf_gloss,historical_partial_2010_2022,1,2010:（新课标Ⅰ）
stone,stone,junior,3286,ipa-dict(en_US/CMUdict),corroborated,ECDICT,teacher_pdf_gloss,historical_partial_2010_2022,4,2016:（新课标ⅱ）;2018:（新课标ⅱ）;2019:（新课标Ⅰ）;2021:（解析版）
stop,stop,junior,3287,ipa-dict(en_US/CMUdict),corroborated,ECDICT,teacher_pdf_gloss,historical_partial_2010_2022,21,2010:（新课标Ⅱ）;2011:（全国卷ii）;2013:（新课标ii）;2013:（新课标Ⅰ）;2014:（新课标ⅱ）;2015:（新课标Ⅰ）;2015:（新课标ⅱ）;2016:（新课标Ⅰ）;2017:（新课标Ⅰ）;2017:（新课标ⅱ）;2017:（新课标ⅲ）;2018:（新课标Ⅰ）;2018:（新课标ⅱ）;2018:（新课标ⅲ）;2019:（新课标Ⅰ）;2019:（新课标Ⅱ）;2019:（新课标Ⅲ）;2020:（新课标Ⅰ）;2020:（新课标Ⅱ）;2021:（新课标Ⅰ）;2021:（解析版）
storage,,extension,3289,ipa-dict(en_US/CMUdict),corroborated,ECDICT,teacher_pdf_gloss,historical_partial_2010_2022,0,
store,store,junior,3290,ipa-dict(en_US/CMUdict),corroborated,ECDICT,teacher_pdf_gloss,historical_partial_2010_2022,9,2013:（新课标ii）;2014:（新课标Ⅰ）;2015:（新课标Ⅰ）;2016:（新课标ⅱ）;2016:（新课标ⅲ）;2017:（新课标Ⅰ）;2017:（新课标ⅱ）;2019:（新课标Ⅲ）;2020:（新课标Ⅲ）
storm,storm,junior,3291,ipa-dict(en_US/CMUdict),corroborated,ECDICT,teacher_pdf_gloss,historical_partial_2010_2022,4,2010:（新课标Ⅰ）;2014:（新课标Ⅰ）;2014:（新课标ⅱ）;2018:（新课标Ⅰ）
story,story,junior,3292,ipa-dict(en_US/CMUdict),corroborated,ECDICT,teacher_pdf_gloss,historical_partial_2010_2022,19,2010:（新课标Ⅰ）;2011:（新课标）;2012:（新课标）;2013:（新课标Ⅰ）;2014:（新课标Ⅰ）;2015:（新课标ⅱ）;2016:（新课标ⅱ）;2016:（新课标ⅲ）;2017:（新课标Ⅰ）;2017:（新课标ⅱ）;2017:（新课标ⅲ）;2018:（新课标Ⅰ）;2018:（新课标ⅱ）;2019:（新课标Ⅰ）;2019:（新课标Ⅱ）;2019:（新课标Ⅲ）;2020:（新课标Ⅱ）;2020:（新课标Ⅲ）;2022:（全国乙卷）
stove,,extension,3294,ipa-dict(en_US/CMUdict),corroborated,ECDICT,teacher_pdf_gloss,historical_partial_2010_2022,1,2020:（新课标Ⅰ）
straight,straight,junior,3295,ipa-dict(en_US/CMUdict),corroborated,ECDICT,teacher_pdf_gloss,historical_partial_2010_2022,4,2010:（新课标Ⅰ）;2015:（新课标Ⅰ）;2020:（新课标Ⅰ）;2020:（新课标Ⅲ）
straightforward,straightforward**,selective_required,3296,ipa-dict(en_US/CMUdict),corroborated,ECDICT,teacher_pdf_gloss,historical_partial_2010_2022,1,2019:（新课标Ⅰ）
strait,strait**,selective_required,3297,ipa-dict(en_US/CMUdict),corroborated,ECDICT,teacher_pdf_gloss,historical_partial_2010_2022,0,
strange,strange,junior,3298,ipa-dict(en_US/CMUdict),corroborated,ECDICT,teacher_pdf_gloss,historical_partial_2010_2022,14,2011:（全国卷ii）;2012:（新课标）;2014:（新课标Ⅰ）;2014:（新课标ⅱ）;2015:（新课标Ⅰ）;2015:（新课标ⅱ）;2016:（新课标ⅲ）;2017:（新课标ⅱ）;2017:（新课标ⅲ）;2019:（新课标Ⅱ）;2020:（新课标Ⅰ）;2020:（新课标Ⅱ）;2021:（新课标Ⅰ）;2022:（全国甲卷）
stranger,stranger,junior,3299,ipa-dict(en_US/CMUdict),corroborated,ECDICT,teacher_pdf_gloss,historical_partial_2010_2022,9,2010:（新课标Ⅰ）;2011:（全国卷ii）;2012:（新课标）;2014:（新课标ⅱ）;2016:（新课标ⅲ）;2018:（新课标ⅱ）;2018:（新课标ⅲ）;2020:（新课标Ⅲ）;2021:（新课标Ⅰ）
strategy,strategy*,required,,ipa-dict(en_US/CMUdict),corroborated,ECDICT,ECDICT,historical_partial_2010_2022,0,
straw,,extension,3300,ipa-dict(en_US/CMUdict),corroborated,ECDICT,teacher_pdf_gloss,historical_partial_2010_2022,1,2021:（新课标Ⅰ）
strawberry,strawberry,junior,3301,ipa-dict(en_US/CMUdict),corroborated,ECDICT,teacher_pdf_gloss,historical_partial_2010_2022,2,2015:（新课标Ⅰ）;2018:（新课标ⅱ）
stream,stream**,selective_required,3302,ipa-dict(en_US/CMUdict),corroborated,ECDICT,teacher_pdf_gloss,historical_partial_2010_2022,1,2021:（解析版）
street,street,junior,3303,ipa-dict(en_US/CMUdict),corroborated,ECDICT,teacher_pdf_gloss,historical_partial_2010_2022,10,2010:（新课标Ⅰ）;2011:（全国卷ii）;2013:（新课标ii）;2015:（新课标Ⅰ）;2016:（新课标ⅲ）;2018:（新课标ⅲ）;2019:（新课标Ⅱ）;2019:（新课标Ⅲ）;2020:（新课标Ⅰ）;2021:（新课标Ⅰ）
strength,strength*,required,3304,ipa-dict(en_US/CMUdict),corroborated,ECDICT,teacher_pdf_gloss,historical_partial_2010_2022,8,2011:（全国卷ii）;2011:（新课标）;2014:（新课标ⅱ）;2017:（新课标ⅲ）;2018:（新课标Ⅰ）;2019:（新课标Ⅰ）;2019:（新课标Ⅱ）;2020:（新课标Ⅰ）
strengthen,strengthen**,selective_required,3305,ipa-dict(en_US/CMUdict),corroborated,ECDICT,teacher_pdf_gloss,historical_partial_2010_2022,6,2013:（新课标ii）;2014:（新课标ⅱ）;2016:（新课标Ⅰ）;2019:（新课标Ⅰ）;2019:（新课标Ⅱ）;2022:（全国乙卷）
stress,stress*,required,3306,ipa-dict(en_US/CMUdict),corroborated,ECDICT,teacher_pdf_gloss,historical_partial_2010_2022,9,2010:（新课标Ⅰ）;2010:（新课标Ⅱ）;2012:（新课标）;2016:（新课标ⅱ）;2017:（新课标ⅲ）;2019:（新课标Ⅰ）;2019:（新课标Ⅱ）;2020:（新课标Ⅰ）;2020:（新课标Ⅲ）
stretch,stretch**,selective_required,,ipa-dict(en_US/CMUdict),corroborated,ECDICT,ECDICT,historical_partial_2010_2022,1,2015:（新课标ⅱ）
strict,strict,junior,3307,ipa-dict(en_US/CMUdict),corroborated,ECDICT,teacher_pdf_gloss,historical_partial_2010_2022,5,2011:（全国卷ii）;2013:（新课标Ⅰ）;2014:（新课标Ⅰ）;2017:（新课标ⅲ）;2021:（解析版）
strike,strike**,selective_required,3308,ipa-dict(en_US/CMUdict),corroborated,ECDICT,teacher_pdf_gloss,historical_partial_2010_2022,4,2010:（新课标Ⅰ）;2011:（新课标）;2012:（新课标）;2022:（全国甲卷）
string,string**,selective_required,3313,ipa-dict(en_US/CMUdict),corroborated,ECDICT,teacher_pdf_gloss,historical_partial_2010_2022,1,2022:（全国乙卷）
strong,strong,junior,3314,ipa-dict(en_US/CMUdict),corroborated,ECDICT,teacher_pdf_gloss,historical_partial_2010_2022,9,2011:（全国卷ii）;2012:（新课标）;2013:（新课标Ⅰ）;2015:（新课标Ⅰ）;2016:（新课标ⅲ）;2017:（新课标ⅱ）;2019:（新课标Ⅰ）;2020:（新课标Ⅰ）;2021:（解析版）
structure,structure**,selective_required,,ipa-dict(en_US/CMUdict),corroborated,ECDICT,ECDICT,historical_partial_2010_2022,0,
struggle,struggle*,required,3315,ipa-dict(en_US/CMUdict),corroborated,ECDICT,teacher_pdf_gloss,historical_partial_2010_2022,4,2013:（新课标Ⅰ）;2016:（新课标Ⅰ）;2017:（新课标ⅲ）;2018:（新课标ⅱ）
student,student,junior,3317,ipa-dict(en_US/CMUdict),corroborated,ECDICT,teacher_pdf_gloss,historical_partial_2010_2022,20,2010:（新课标Ⅰ）;2011:（全国卷ii）;2011:（新课标）;2012:（新课标）;2013:（新课标ii）;2014:（新课标Ⅰ）;2015:（新课标ⅱ）;2016:（新课标ⅱ）;2016:（新课标ⅲ）;2017:（新课标Ⅰ）;2017:（新课标ⅱ）;2018:（新课标ⅱ）;2018:（新课标ⅲ）;2019:（新课标Ⅰ）;2019:（新课标Ⅱ）;2019:（新课标Ⅲ）;2020:（新课标Ⅲ）;2021:（新课标Ⅰ）;2021:（解析版）;2022:（全国乙卷）
studio,studio*,required,3318,ipa-dict(en_US/CMUdict),corroborated,ECDICT,teacher_pdf_gloss,historical_partial_2010_2022,6,2012:（新课标）;2017:（新课标ⅱ）;2018:（新课标ⅱ）;2018:（新课标ⅲ）;2019:（新课标Ⅲ）;2020:（新课标Ⅲ）
study,study,junior,3319,ipa-dict(en_US/CMUdict),corroborated,ECDICT,teacher_pdf_gloss,historical_partial_2010_2022,24,2010:（新课标Ⅰ）;2011:（全国卷ii）;2012:（新课标）;2013:（新课标ii）;2014:（新课标Ⅰ）;2014:（新课标ⅱ）;2015:（新课标Ⅰ）;2015:（新课标ⅱ）;2016:（新课标Ⅰ）;2016:（新课标ⅱ）;2017:（新课标Ⅰ）;2017:（新课标ⅱ）;2017:（新课标ⅲ）;2018:（新课标Ⅰ）;2018:（新课标ⅱ）;2018:（新课标ⅲ）;2019:（新课标Ⅰ）;2019:（新课标Ⅱ）;2020:（新课标Ⅰ）;2020:（新课标Ⅱ）;2020:（新课标Ⅲ）;2021:（新课标Ⅰ）;2021:（解析版）;2022:（全国乙卷）
stuff,stuff*,required,,ipa-dict(en_US/CMUdict),corroborated,ECDICT,ECDICT,historical_partial_2010_2022,0,
stupid,stupid,junior,3320,ipa-dict(en_US/CMUdict),corroborated,ECDICT,teacher_pdf_gloss,historical_partial_2010_2022,1,2011:（全国卷ii）
style,style*,required,3321,ipa-dict(en_US/CMUdict),corroborated,ECDICT,teacher_pdf_gloss,historical_partial_2010_2022,10,2010:（新课标Ⅱ）;2015:（新课标ⅱ）;2016:（新课标ⅱ）;2017:（新课标Ⅰ）;2018:（新课标Ⅰ）;2018:（新课标ⅲ）;2019:（新课标Ⅲ）;2020:（新课标Ⅱ）;2020:（新课标Ⅲ）;2021:（新课标Ⅰ）
subject,subject,junior,3322,ipa-dict(en_US/CMUdict),corroborated,ECDICT,curated_override,historical_partial_2010_2022,7,2010:（新课标Ⅰ）;2012:（新课标）;2015:（新课标Ⅰ）;2019:（新课标Ⅰ）;2019:（新课标Ⅲ）;2020:（新课标Ⅰ）;2022:（全国乙卷）
subjective,subjective**,selective_required,3323,ipa-dict(en_US/CMUdict),corroborated,ECDICT,teacher_pdf_gloss,historical_partial_2010_2022,0,
submit,submit**,selective_required,3324,ipa-dict(en_US/CMUdict),corroborated,ECDICT,teacher_pdf_gloss,historical_partial_2010_2022,1,2020:（新课标Ⅱ）
subscribe,subscribe**,selective_required,3325,ipa-dict(en_US/CMUdict),corroborated,ECDICT,teacher_pdf_gloss,historical_partial_2010_2022,0,
subsequent,subsequent**,selective_required,,ipa-dict(en_US/CMUdict),corroborated,ECDICT,ECDICT,historical_partial_2010_2022,0,
substance,substance**,selective_required,,ipa-dict(en_US/CMUdict),corroborated,ECDICT,ECDICT,historical_partial_2010_2022,0,
substantial,substantial**,selective_required,,ipa-dict(en_US/CMUdict),corroborated,ECDICT,ECDICT,historical_partial_2010_2022,0,
substitute,,extension,3326,ipa-dict(en_US/CMUdict),corroborated,ECDICT,teacher_pdf_gloss,historical_partial_2010_2022,5,2011:（新课标）;2016:（新课标Ⅰ）;2017:（新课标Ⅰ）;2020:（新课标Ⅰ）;2021:（新课标Ⅰ）
subtle,,extension,,ipa-dict(en_US/CMUdict),corroborated,ECDICT,curated_override,historical_partial_2010_2022,0,
suburb,suburb**,selective_required,,ipa-dict(en_US/CMUdict),corroborated,ECDICT,ECDICT,historical_partial_2010_2022,1,2010:（新课标Ⅱ）
subway,subway*,required,,ipa-dict(en_US/CMUdict),corroborated,ECDICT,ECDICT,historical_partial_2010_2022,0,
succeed,succeed,junior,3328,ipa-dict(en_US/CMUdict),corroborated,ECDICT,teacher_pdf_gloss,historical_partial_2010_2022,4,2011:（新课标）;2019:（新课标Ⅱ）;2019:（新课标Ⅲ）;2020:（新课标Ⅱ）
success,success,junior,3329,ipa-dict(en_US/CMUdict),corroborated,ECDICT,teacher_pdf_gloss,historical_partial_2010_2022,7,2011:（新课标）;2014:（新课标Ⅰ）;2016:（新课标Ⅰ）;2017:（新课标ⅱ）;2018:（新课标ⅲ）;2019:（新课标Ⅲ）;2022:（全国乙卷）
successful,successful,junior,3330,ipa-dict(en_US/CMUdict),corroborated,ECDICT,teacher_pdf_gloss,historical_partial_2010_2022,9,2010:（新课标Ⅱ）;2011:（全国卷ii）;2011:（新课标）;2014:（新课标Ⅰ）;2015:（新课标Ⅰ）;2016:（新课标ⅱ）;2018:（新课标ⅱ）;2019:（新课标Ⅲ）;2021:（解析版）
such,such,junior,,ipa-dict(en_US/CMUdict),corroborated,curated_function_words,ECDICT,historical_partial_2010_2022,19,2011:（全国卷ii）;2011:（新课标）;2012:（新课标）;2013:（新课标ii）;2013:（新课标Ⅰ）;2014:（新课标Ⅰ）;2014:（新课标ⅱ）;2015:（新课标Ⅰ）;2016:（新课标ⅱ）;2016:（新课标ⅲ）;2017:（新课标Ⅰ）;2018:（新课标Ⅰ）;2018:（新课标ⅱ）;2018:（新课标ⅲ）;2019:（新课标Ⅲ）;2020:（新课标Ⅰ）;2020:（新课标Ⅱ）;2020:（新课标Ⅲ）;2022:（全国乙卷）
suck,,extension,3332,ipa-dict(en_US/CMUdict),corroborated,ECDICT,teacher_pdf_gloss,historical_partial_2010_2022,1,2017:（新课标Ⅰ）
sudden,sudden,junior,3333,ipa-dict(en_US/CMUdict),corroborated,ECDICT,teacher_pdf_gloss,historical_partial_2010_2022,2,2010:（新课标Ⅱ）;2014:（新课标ⅱ）
suffer,suffer*,required,3334,ipa-dict(en_US/CMUdict),corroborated,ECDICT,teacher_pdf_gloss,historical_partial_2010_2022,2,2019:（新课标Ⅱ）;2022:（全国乙卷）
suffering,,extension,3335,ipa-dict(en_US/CMUdict),corroborated,ECDICT,teacher_pdf_gloss,historical_partial_2010_2022,1,2021:（解析版）
sufficient,sufficient*,required,,ipa-dict(en_US/CMUdict),corroborated,ECDICT,ECDICT,historical_partial_2010_2022,0,
sugar,sugar,junior,3336,ipa-dict(en_US/CMUdict),corroborated,ECDICT,teacher_pdf_gloss,historical_partial_2010_2022,5,2010:（新课标Ⅰ）;2012:（新课标）;2013:（新课标ii）;2018:（新课标Ⅰ）;2022:（全国乙卷）
suggest,suggest,junior,3337,ipa-dict(en_US/CMUdict),corroborated,ECDICT,teacher_pdf_gloss,historical_partial_2010_2022,15,2010:（新课标Ⅰ）;2010:（新课标Ⅱ）;2011:（新课标）;2013:（新课标Ⅰ）;2015:（新课标Ⅰ）;2015:（新课标ⅱ）;2016:（新课标Ⅰ）;2016:（新课标ⅱ）;2017:（新课标ⅲ）;2018:（新课标Ⅰ）;2018:（新课标ⅱ）;2020:（新课标Ⅲ）;2021:（新课标Ⅰ）;2022:（全国乙卷）;2022:（全国甲卷）
suggestion,suggestion,junior,3338,ipa-dict(en_US/CMUdict),corroborated,ECDICT,teacher_pdf_gloss,historical_partial_2010_2022,4,2011:（全国卷ii）;2013:（新课标ii）;2015:（新课标Ⅰ）;2020:（新课标Ⅰ）
suit,suit**,selective_required,3339,ipa-dict(en_US/CMUdict),corroborated,ECDICT,teacher_pdf_gloss,historical_partial_2010_2022,6,2010:（新课标Ⅱ）;2011:（新课标）;2013:（新课标ii）;2016:（新课标ⅲ）;2018:（新课标ⅲ）;2020:（新课标Ⅲ）
suitable,suitable**,selective_required,3341,ipa-dict(en_US/CMUdict),corroborated,ECDICT,teacher_pdf_gloss,historical_partial_2010_2022,14,2011:（新课标）;2012:（新课标）;2013:（新课标ii）;2015:（新课标ⅱ）;2016:（新课标ⅲ）;2017:（新课标ⅲ）;2018:（新课标Ⅰ）;2018:（新课标ⅲ）;2019:（新课标Ⅱ）;2019:（新课标Ⅲ）;2020:（新课标Ⅱ）;2020:（新课标Ⅲ）;2022:（全国乙卷）;2022:（全国甲卷）
suite,,extension,3340,ipa-dict(en_US/CMUdict),corroborated,ECDICT,teacher_pdf_gloss,historical_partial_2010_2022,1,2010:（新课标Ⅱ）
sum,sum**,selective_required,,ipa-dict(en_US/CMUdict),corroborated,ECDICT,ECDICT,historical_partial_2010_2022,2,2016:（新课标ⅱ）;2019:（新课标Ⅲ）
summary,summary*,required,3343,ipa-dict(en_US/CMUdict),corroborated,ECDICT,teacher_pdf_gloss,historical_partial_2010_2022,0,
summer,summer,junior,3344,ipa-dict(en_US/CMUdict),corroborated,ECDICT,teacher_pdf_gloss,historical_partial_2010_2022,10,2013:（新课标ii）;2016:（新课标ⅱ）;2016:（新课标ⅲ）;2017:（新课标Ⅰ）;2017:（新课标ⅱ）;2018:（新课标Ⅰ）;2018:（新课标ⅱ）;2019:（新课标Ⅰ）;2020:（新课标Ⅰ）;2020:（新课标Ⅱ）
sun,sun,junior,3345,ipa-dict(en_US/CMUdict),corroborated,ECDICT,teacher_pdf_gloss,historical_partial_2010_2022,7,2010:（新课标Ⅰ）;2014:（新课标ⅱ）;2015:（新课标Ⅰ）;2015:（新课标ⅱ）;2019:（新课标Ⅲ）;2020:（新课标Ⅱ）;2022:（全国乙卷）
sunday,Sunday,junior,3347,ipa-dict(en_US/CMUdict),corroborated,ECDICT,teacher_pdf_gloss,historical_partial_2010_2022,9,2011:（新课标）;2013:（新课标Ⅰ）;2014:（新课标Ⅰ）;2015:（新课标ⅱ）;2017:（新课标ⅱ）;2018:（新课标ⅲ）;2020:（新课标Ⅰ）;2020:（新课标Ⅱ）;2022:（全国乙卷）
sunlight,,extension,3349,ipa-dict(en_US/CMUdict),corroborated,ECDICT,teacher_pdf_gloss,historical_partial_2010_2022,3,2013:（新课标Ⅰ）;2019:（新课标Ⅰ）;2019:（新课标Ⅲ）
sunny,sunny,junior,3350,ipa-dict(en_US/CMUdict),corroborated,ECDICT,teacher_pdf_gloss,historical_partial_2010_2022,0,
super,super*,required,3354,ipa-dict(en_US/CMUdict),corroborated,ECDICT,teacher_pdf_gloss,historical_partial_2010_2022,1,2019:（新课标Ⅲ）
superb,superb**,selective_required,3355,ipa-dict(en_US/CMUdict),corroborated,ECDICT,teacher_pdf_gloss,historical_partial_2010_2022,2,2020:（新课标Ⅲ）;2022:（全国甲卷）
superior,superior**,selective_required,3356,ipa-dict(en_US/CMUdict),corroborated,ECDICT,teacher_pdf_gloss,historical_partial_2010_2022,0,
supermarket,supermarket,junior,3358,ipa-dict(en_US/CMUdict),corroborated,ECDICT,teacher_pdf_gloss,historical_partial_2010_2022,2,2015:（新课标Ⅰ）;2016:（新课标ⅲ）
supper,,extension,3359,ipa-dict(en_US/CMUdict),corroborated,ECDICT,teacher_pdf_gloss,historical_partial_2010_2022,1,2018:（新课标ⅱ）
supply,supply*,required,3360,ipa-dict(en_US/CMUdict),corroborated,ECDICT,teacher_pdf_gloss,historical_partial_2010_2022,5,2010:（新课标Ⅰ）;2013:（新课标Ⅰ）;2014:（新课标Ⅰ）;2015:（新课标Ⅰ）;2021:（新课标Ⅰ）
support,support,junior,3361,ipa-dict(en_US/CMUdict),corroborated,ECDICT,teacher_pdf_gloss,historical_partial_2010_2022,14,2010:（新课标Ⅰ）;2011:（全国卷ii）;2012:（新课标）;2013:（新课标ii）;2014:（新课标ⅱ）;2015:（新课标Ⅰ）;2015:（新课标ⅱ）;2016:（新课标Ⅰ）;2017:（新课标Ⅰ）;2017:（新课标ⅱ）;2018:（新课标ⅱ）;2019:（新课标Ⅰ）;2020:（新课标Ⅱ）;2022:（全国乙卷）
suppose,suppose,junior,3362,ipa-dict(en_US/CMUdict),corroborated,ECDICT,teacher_pdf_gloss,historical_partial_2010_2022,1,2018:（新课标ⅱ）
supreme,,extension,3363,ipa-dict(en_US/CMUdict),corroborated,ECDICT,teacher_pdf_gloss,historical_partial_2010_2022,1,2016:（新课标Ⅰ）
sure,sure,junior,3364,ipa-dict(en_US/CMUdict),corroborated,ECDICT,teacher_pdf_gloss,historical_partial_2010_2022,21,2010:（新课标Ⅰ）;2010:（新课标Ⅱ）;2011:（全国卷ii）;2011:（新课标）;2012:（新课标）;2013:（新课标ii）;2016:（新课标Ⅰ）;2016:（新课标ⅱ）;2016:（新课标ⅲ）;2017:（新课标Ⅰ）;2017:（新课标ⅱ）;2018:（新课标Ⅰ）;2018:（新课标ⅱ）;2018:（新课标ⅲ）;2019:（新课标Ⅰ）;2019:（新课标Ⅱ）;2019:（新课标Ⅲ）;2020:（新课标Ⅲ）;2021:（新课标Ⅰ）;2022:（全国乙卷）;2022:（全国甲卷）
surf,surf*,required,,ipa-dict(en_US/CMUdict),corroborated,ECDICT,ECDICT,historical_partial_2010_2022,0,
surface,surface,junior,3365,ipa-dict(en_US/CMUdict),corroborated,ECDICT,teacher_pdf_gloss,historical_partial_2010_2022,5,2011:（全国卷ii）;2017:（新课标ⅱ）;2018:（新课标Ⅰ）;2019:（新课标Ⅱ）;2021:（解析版）
surgeon,surgeon**,selective_required,3366,ipa-dict(en_US/CMUdict),corroborated,ECDICT,teacher_pdf_gloss,historical_partial_2010_2022,1,2013:（新课标ii）
surgery,surgery**,selective_required,,ipa-dict(en_US/CMUdict),corroborated,ECDICT,ECDICT,historical_partial_2010_2022,0,
surprise,surprise,junior,3368,ipa-dict(en_US/CMUdict),corroborated,ECDICT,teacher_pdf_gloss,historical_partial_2010_2022,15,2010:（新课标Ⅰ）;2010:（新课标Ⅱ）;2012:（新课标）;2013:（新课标ii）;2014:（新课标ⅱ）;2015:（新课标ⅱ）;2018:（新课标ⅲ）;2019:（新课标Ⅰ）;2019:（新课标Ⅱ）;2020:（新课标Ⅱ）;2020:（新课标Ⅲ）;2021:（新课标Ⅰ）;2021:（解析版）;2022:（全国乙卷）;2022:（全国甲卷）
surround,surround*,required,3369,ipa-dict(en_US/CMUdict),corroborated,ECDICT,teacher_pdf_gloss,historical_partial_2010_2022,2,2018:（新课标ⅱ）;2020:（新课标Ⅲ）
surrounding,surrounding**,selective_required,3370,ipa-dict(en_US/CMUdict),corroborated,ECDICT,teacher_pdf_gloss,historical_partial_2010_2022,0,
survey,survey,junior,,ipa-dict(en_US/CMUdict),corroborated,ECDICT,ECDICT,historical_partial_2010_2022,2,2019:（新课标Ⅰ）;2021:（新课标Ⅰ）
survival,,extension,3371,ipa-dict(en_US/CMUdict),corroborated,ECDICT,teacher_pdf_gloss,historical_partial_2010_2022,5,2013:（新课标Ⅰ）;2016:（新课标ⅱ）;2017:（新课标Ⅰ）;2018:（新课标Ⅰ）;2020:（新课标Ⅲ）
survive,survive*,required,3372,ipa-dict(en_US/CMUdict),corroborated,ECDICT,teacher_pdf_gloss,historical_partial_2010_2022,3,2014:（新课标Ⅰ）;2021:（解析版）;2022:（全国甲卷）
suspect,suspect**,selective_required,3373,ipa-dict(en_US/CMUdict),corroborated,ECDICT,teacher_pdf_gloss,historical_partial_2010_2022,1,2016:（新课标Ⅰ）
suspend,suspend**,selective_required,,ipa-dict(en_US/CMUdict),corroborated,ECDICT,ECDICT,historical_partial_2010_2022,0,
suspension,,extension,3374,ipa-dict(en_US/CMUdict),corroborated,ECDICT,teacher_pdf_gloss,historical_partial_2010_2022,0,
sustain,sustain**,selective_required,,ipa-dict(en_US/CMUdict),corroborated,ECDICT,ECDICT,historical_partial_2010_2022,1,2022:（全国乙卷）
swallow,,extension,3375,ipa-dict(en_US/CMUdict),corroborated,ECDICT,teacher_pdf_gloss,historical_partial_2010_2022,0,
swear,,extension,3377,ipa-dict(en_US/CMUdict),corroborated,ECDICT,teacher_pdf_gloss,historical_partial_2010_2022,1,2020:（新课标Ⅲ）
sweat,sweat*,required,3378,ipa-dict(en_US/CMUdict),corroborated,ECDICT,teacher_pdf_gloss,historical_partial_2010_2022,0,
sweater,sweater,junior,3379,ipa-dict(en_US/CMUdict),corroborated,ECDICT,teacher_pdf_gloss,historical_partial_2010_2022,0,
sweep,sweep**,selective_required,3380,ipa-dict(en_US/CMUdict),corroborated,ECDICT,teacher_pdf_gloss,historical_partial_2010_2022,2,2017:（新课标ⅲ）;2022:（全国乙卷）
sweet,sweet,junior,,ipa-dict(en_US/CMUdict),corroborated,ECDICT,ECDICT,historical_partial_2010_2022,5,2013:（新课标ii）;2015:（新课标Ⅰ）;2016:（新课标ⅲ）;2018:（新课标ⅱ）;2018:（新课标ⅲ）
swim,swim,junior,3384,ipa-dict(en_US/CMUdict),corroborated,ECDICT,teacher_pdf_gloss,historical_partial_2010_2022,3,2010:（新课标Ⅰ）;2012:（新课标）;2015:（新课标Ⅰ）
swimming,swimming,junior,3386,ipa-dict(en_US/CMUdict),corroborated,ECDICT,teacher_pdf_gloss,historical_partial_2010_2022,3,2012:（新课标）;2015:（新课标Ⅰ）;2018:（新课标Ⅰ）
swing,swing**,selective_required,3388,ipa-dict(en_US/CMUdict),corroborated,ECDICT,teacher_pdf_gloss,historical_partial_2010_2022,1,2020:（新课标Ⅰ）
switch,switch**,selective_required,3391,ipa-dict(en_US/CMUdict),corroborated,ECDICT,teacher_pdf_gloss,historical_partial_2010_2022,5,2015:（新课标ⅱ）;2016:（新课标Ⅰ）;2018:（新课标ⅱ）;2020:（新课标Ⅰ）;2022:（全国乙卷）
switzerland,,extension,3390,ipa-dict(en_US/CMUdict),corroborated,ECDICT,teacher_pdf_gloss,historical_partial_2010_2022,0,
sword,,extension,3392,ipa-dict(en_US/CMUdict),corroborated,ECDICT,teacher_pdf_gloss,historical_partial_2010_2022,0,
symbol,symbol**,selective_required,3393,ipa-dict(en_US/CMUdict),corroborated,ECDICT,teacher_pdf_gloss,historical_partial_2010_2022,4,2016:（新课标Ⅰ）;2019:（新课标Ⅲ）;2020:（新课标Ⅱ）;2021:（解析版）
sympathy,sympathy**,selective_required,3394,ipa-dict(en_US/CMUdict),corroborated,ECDICT,teacher_pdf_gloss,historical_partial_2010_2022,1,2018:（新课标ⅲ）
symphony,symphony**,selective_required,3395,ipa-dict(en_US/CMUdict),corroborated,ECDICT,teacher_pdf_gloss,historical_partial_2010_2022,1,2016:（新课标ⅲ）
symptom,,extension,3396,ipa-dict(en_US/CMUdict),corroborated,ECDICT,teacher_pdf_gloss,historical_partial_2010_2022,0,
system,system*,required,3397,ipa-dict(en_US/CMUdict),corroborated,ECDICT,teacher_pdf_gloss,historical_partial_2010_2022,4,2017:（新课标ⅱ）;2017:（新课标ⅲ）;2019:（新课标Ⅰ）;2019:（新课标Ⅲ）
systematic,,extension,3398,ipa-dict(en_US/CMUdict),corroborated,ECDICT,teacher_pdf_gloss,historical_partial_2010_2022,1,2019:（新课标Ⅲ）
t-shirt,T-shirt,junior,3614,ipa-dict(en_US/CMUdict),corroborated,ECDICT,teacher_pdf_gloss,historical_partial_2010_2022,3,2011:（全国卷ii）;2017:（新课标ⅱ）;2018:（新课标ⅱ）
table,table,junior,3399,ipa-dict(en_US/CMUdict),corroborated,ECDICT,teacher_pdf_gloss,historical_partial_2010_2022,13,2010:（新课标Ⅱ）;2011:（全国卷ii）;2011:（新课标）;2012:（新课标）;2015:（新课标Ⅰ）;2016:（新课标ⅱ）;2016:（新课标ⅲ）;2017:（新课标ⅱ）;2018:（新课标Ⅰ）;2019:（新课标Ⅱ）;2020:（新课标Ⅱ）;2021:（解析版）;2022:（全国甲卷）
tablet,tablet**,selective_required,,ipa-dict(en_US/CMUdict),corroborated,ECDICT,ECDICT,historical_partial_2010_2022,2,2018:（新课标Ⅰ）;2018:（新课标ⅱ）
tackle,tackle**,selective_required,,ipa-dict(en_US/CMUdict),corroborated,ECDICT,ECDICT,historical_partial_2010_2022,0,
tail,tail,junior,3401,ipa-dict(en_US/CMUdict),corroborated,ECDICT,teacher_pdf_gloss,historical_partial_2010_2022,2,2020:（新课标Ⅱ）;2022:（全国甲卷）
tailor,tailor**,selective_required,3402,ipa-dict(en_US/CMUdict),corroborated,ECDICT,teacher_pdf_gloss,historical_partial_2010_2022,0,
take,take,junior,3403,ipa-dict(en_US/CMUdict),corroborated,ECDICT,teacher_pdf_gloss,historical_partial_2010_2022,29,2010:（新课标Ⅰ）;2010:（新课标Ⅱ）;2011:（全国卷ii）;2011:（新课标）;2012:（新课标）;2013:（新课标ii）;2013:（新课标Ⅰ）;2014:（新课标Ⅰ）;2014:（新课标ⅱ）;2015:（新课标Ⅰ）;2015:（新课标ⅱ）;2016:（新课标Ⅰ）;2016:（新课标ⅱ）;2016:（新课标ⅲ）;2017:（新课标Ⅰ）;2017:（新课标ⅱ）;2017:（新课标ⅲ）;2018:（新课标Ⅰ）;2018:（新课标ⅱ）;2018:（新课标ⅲ）;2019:（新课标Ⅰ）;2019:（新课标Ⅲ）;2020:（新课标Ⅰ）;2020:（新课标Ⅱ）;2020:（新课标Ⅲ）;2021:（新课标Ⅰ）;2021:（解析版）;2022:（全国乙卷）;2022:（全国甲卷）
tale,tale**,selective_required,3407,ipa-dict(en_US/CMUdict),corroborated,ECDICT,teacher_pdf_gloss,historical_partial_2010_2022,2,2012:（新课标）;2019:（新课标Ⅱ）
talent,talent*,required,3408,ipa-dict(en_US/CMUdict),corroborated,ECDICT,teacher_pdf_gloss,historical_partial_2010_2022,2,2019:（新课标Ⅰ）;2019:（新课标Ⅲ）
talk,talk,junior,3409,ipa-dict(en_US/CMUdict),corroborated,ECDICT,teacher_pdf_gloss,historical_partial_2010_2022,22,2010:（新课标Ⅰ）;2010:（新课标Ⅱ）;2011:（全国卷ii）;2011:（新课标）;2012:（新课标）;2013:（新课标ii）;2013:（新课标Ⅰ）;2014:（新课标ⅱ）;2015:（新课标Ⅰ）;2016:（新课标ⅱ）;2017:（新课标Ⅰ）;2017:（新课标ⅱ）;2018:（新课标ⅱ）;2018:（新课标ⅲ）;2019:（新课标Ⅱ）;2019:（新课标Ⅲ）;2020:（新课标Ⅱ）;2020:（新课标Ⅲ）;2021:（新课标Ⅰ）;2021:（解析版）;2022:（全国乙卷）;2022:（全国甲卷）
tall,tall,junior,3410,ipa-dict(en_US/CMUdict),corroborated,ECDICT,teacher_pdf_gloss,historical_partial_2010_2022,6,2010:（新课标Ⅰ）;2011:（新课标）;2013:（新课标Ⅰ）;2015:（新课标ⅱ）;2017:（新课标Ⅰ）;2021:（新课标Ⅰ）
tank,tank**,selective_required,3411,ipa-dict(en_US/CMUdict),corroborated,ECDICT,teacher_pdf_gloss,historical_partial_2010_2022,1,2017:（新课标ⅱ）
tap,,extension,3413,ipa-dict(en_US/CMUdict),corroborated,ECDICT,teacher_pdf_gloss,historical_partial_2010_2022,3,2014:（新课标Ⅰ）;2019:（新课标Ⅰ）;2019:（新课标Ⅱ）
tape,tape,junior,3414,ipa-dict(en_US/CMUdict),corroborated,ECDICT,teacher_pdf_gloss,historical_partial_2010_2022,0,
target,target*,required,3416,ipa-dict(en_US/CMUdict),corroborated,ECDICT,teacher_pdf_gloss,historical_partial_2010_2022,3,2019:（新课标Ⅲ）;2020:（新课标Ⅰ）;2021:（新课标Ⅰ）
task,task,junior,3417,ipa-dict(en_US/CMUdict),corroborated,ECDICT,teacher_pdf_gloss,historical_partial_2010_2022,13,2010:（新课标Ⅰ）;2010:（新课标Ⅱ）;2011:（新课标）;2013:（新课标ii）;2013:（新课标Ⅰ）;2016:（新课标ⅱ）;2017:（新课标Ⅰ）;2017:（新课标ⅱ）;2020:（新课标Ⅱ）;2020:（新课标Ⅲ）;2021:（新课标Ⅰ）;2022:（全国乙卷）;2022:（全国甲卷）
taste,taste,junior,3418,ipa-dict(en_US/CMUdict),corroborated,ECDICT,teacher_pdf_gloss,historical_partial_2010_2022,11,2010:（新课标Ⅱ）;2013:（新课标ii）;2013:（新课标Ⅰ）;2014:（新课标Ⅰ）;2015:（新课标Ⅰ）;2016:（新课标ⅲ）;2017:（新课标Ⅰ）;2017:（新课标ⅲ）;2018:（新课标ⅱ）;2018:（新课标ⅲ）;2021:（解析版）
tax,tax**,selective_required,3421,ipa-dict(en_US/CMUdict),corroborated,ECDICT,teacher_pdf_gloss,historical_partial_2010_2022,1,2022:（全国乙卷）
taxi,taxi,junior,3423,ipa-dict(en_US/CMUdict),corroborated,ECDICT,teacher_pdf_gloss,historical_partial_2010_2022,1,2016:（新课标ⅲ）
tea,tea,junior,3424,ipa-dict(en_US/CMUdict),corroborated,ECDICT,teacher_pdf_gloss,historical_partial_2010_2022,4,2010:（新课标Ⅰ）;2011:（新课标）;2013:（新课标ii）;2022:（全国乙卷）
teach,teach,junior,3425,ipa-dict(en_US/CMUdict),corroborated,ECDICT,teacher_pdf_gloss,historical_partial_2010_2022,15,2010:（新课标Ⅰ）;2011:（新课标）;2012:（新课标）;2014:（新课标Ⅰ）;2016:（新课标Ⅰ）;2016:（新课标ⅱ）;2017:（新课标ⅱ）;2017:（新课标ⅲ）;2018:（新课标Ⅰ）;2018:（新课标ⅲ）;2019:（新课标Ⅱ）;2020:（新课标Ⅰ）;2020:（新课标Ⅱ）;2022:（全国乙卷）;2022:（全国甲卷）
teacher,teacher,junior,3426,ipa-dict(en_US/CMUdict),corroborated,ECDICT,teacher_pdf_gloss,historical_partial_2010_2022,16,2010:（新课标Ⅰ）;2011:（全国卷ii）;2012:（新课标）;2013:（新课标Ⅰ）;2014:（新课标ⅱ）;2015:（新课标ⅱ）;2016:（新课标ⅱ）;2016:（新课标ⅲ）;2017:（新课标Ⅰ）;2018:（新课标ⅱ）;2019:（新课标Ⅰ）;2019:（新课标Ⅱ）;2019:（新课标Ⅲ）;2020:（新课标Ⅰ）;2021:（解析版）;2022:（全国乙卷）
team,team,junior,3427,ipa-dict(en_US/CMUdict),corroborated,ECDICT,teacher_pdf_gloss,historical_partial_2010_2022,14,2010:（新课标Ⅰ）;2015:（新课标ⅱ）;2016:（新课标Ⅰ）;2016:（新课标ⅲ）;2017:（新课标ⅲ）;2018:（新课标Ⅰ）;2018:（新课标ⅱ）;2019:（新课标Ⅰ）;2019:（新课标Ⅱ）;2019:（新课标Ⅲ）;2020:（新课标Ⅰ）;2020:（新课标Ⅲ）;2021:（新课标Ⅰ）;2022:（全国甲卷）
teapot,teapot**,selective_required,3429,ipa-dict(en_US/CMUdict),corroborated,ECDICT,teacher_pdf_gloss,historical_partial_2010_2022,0,
tear,tear*,required,3430,curated_homograph_override,curated,ECDICT,teacher_pdf_gloss,historical_partial_2010_2022,6,2010:（新课标Ⅰ）;2010:（新课标Ⅱ）;2012:（新课标）;2014:（新课标ⅱ）;2015:（新课标Ⅰ）;2020:（新课标Ⅲ）
technical,,extension,3432,ipa-dict(en_US/CMUdict),corroborated,ECDICT,teacher_pdf_gloss,historical_partial_2010_2022,0,
technique,technique*,required,3433,ipa-dict(en_US/CMUdict),corroborated,ECDICT,teacher_pdf_gloss,historical_partial_2010_2022,7,2013:（新课标Ⅰ）;2014:（新课标ⅱ）;2015:（新课标ⅱ）;2018:（新课标Ⅰ）;2018:（新课标ⅲ）;2019:（新课标Ⅰ）;2020:（新课标Ⅰ）
technology,technology,junior,3434,ipa-dict(en_US/CMUdict),corroborated,ECDICT,teacher_pdf_gloss,historical_partial_2010_2022,11,2014:（新课标Ⅰ）;2015:（新课标Ⅰ）;2017:（新课标Ⅰ）;2017:（新课标ⅲ）;2018:（新课标Ⅰ）;2018:（新课标ⅱ）;2019:（新课标Ⅰ）;2019:（新课标Ⅱ）;2020:（新课标Ⅰ）;2020:（新课标Ⅲ）;2022:（全国乙卷）
teenager,teenager*,required,3435,ipa-dict(en_US/CMUdict),corroborated,ECDICT,teacher_pdf_gloss,historical_partial_2010_2022,3,2019:（新课标Ⅰ）;2021:（解析版）;2022:（全国乙卷）
telephone,telephone,junior,3438,ipa-dict(en_US/CMUdict),corroborated,ECDICT,teacher_pdf_gloss,historical_partial_2010_2022,3,2012:（新课标）;2014:（新课标ⅱ）;2016:（新课标ⅱ）
telescope,telescope**,selective_required,3439,ipa-dict(en_US/CMUdict),corroborated,ECDICT,teacher_pdf_gloss,historical_partial_2010_2022,1,2019:（新课标Ⅲ）
television,television (TV),junior,3440,ipa-dict(en_US/CMUdict),corroborated,ECDICT,teacher_pdf_gloss,historical_partial_2010_2022,4,2011:（全国卷ii）;2015:（新课标Ⅰ）;2015:（新课标ⅱ）;2018:（新课标Ⅰ）
tell,tell,junior,3441,ipa-dict(en_US/CMUdict),corroborated,ECDICT,teacher_pdf_gloss,historical_partial_2010_2022,23,2010:（新课标Ⅰ）;2011:（全国卷ii）;2011:（新课标）;2013:（新课标ii）;2013:（新课标Ⅰ）;2014:（新课标Ⅰ）;2015:（新课标Ⅰ）;2015:（新课标ⅱ）;2016:（新课标Ⅰ）;2016:（新课标ⅱ）;2016:（新课标ⅲ）;2017:（新课标Ⅰ）;2017:（新课标ⅱ）;2017:（新课标ⅲ）;2018:（新课标ⅲ）;2019:（新课标Ⅰ）;2019:（新课标Ⅱ）;2020:（新课标Ⅰ）;2020:（新课标Ⅲ）;2021:（新课标Ⅰ）;2021:（解析版）;2022:（全国乙卷）;2022:（全国甲卷）
temperature,temperature,junior,3442,ipa-dict(en_US/CMUdict),corroborated,ECDICT,teacher_pdf_gloss,historical_partial_2010_2022,4,2012:（新课标）;2014:（新课标Ⅰ）;2015:（新课标ⅱ）;2018:（新课标ⅱ）
temple,temple**,selective_required,3443,ipa-dict(en_US/CMUdict),corroborated,ECDICT,teacher_pdf_gloss,historical_partial_2010_2022,1,2020:（新课标Ⅲ）
temporary,temporary**,selective_required,3444,ipa-dict(en_US/CMUdict),corroborated,ECDICT,teacher_pdf_gloss,historical_partial_2010_2022,4,2012:（新课标）;2013:（新课标Ⅰ）;2019:（新课标Ⅲ）;2020:（新课标Ⅱ）
ten,ten,junior,3449,ipa-dict(en_US/CMUdict),corroborated,curated_function_words,teacher_pdf_gloss,historical_partial_2010_2022,8,2010:（新课标Ⅱ）;2013:（新课标ii）;2013:（新课标Ⅰ）;2014:（新课标ⅱ）;2015:（新课标ⅱ）;2018:（新课标Ⅰ）;2018:（新课标ⅲ）;2020:（新课标Ⅲ）
tend,tend*,required,3446,ipa-dict(en_US/CMUdict),corroborated,ECDICT,teacher_pdf_gloss,historical_partial_2010_2022,8,2015:（新课标ⅱ）;2016:（新课标ⅲ）;2018:（新课标ⅲ）;2019:（新课标Ⅰ）;2019:（新课标Ⅲ）;2020:（新课标Ⅰ）;2020:（新课标Ⅱ）;2021:（新课标Ⅰ）
tendency,tendency**,selective_required,3447,ipa-dict(en_US/CMUdict),corroborated,ECDICT,teacher_pdf_gloss,historical_partial_2010_2022,0,
tennis,tennis,junior,3448,ipa-dict(en_US/CMUdict),corroborated,ECDICT,teacher_pdf_gloss,historical_partial_2010_2022,0,
tension,tension**,selective_required,3451,ipa-dict(en_US/CMUdict),corroborated,ECDICT,teacher_pdf_gloss,historical_partial_2010_2022,1,2019:（新课标Ⅱ）
tent,,extension,3452,ipa-dict(en_US/CMUdict),corroborated,ECDICT,teacher_pdf_gloss,historical_partial_2010_2022,4,2014:（新课标ⅱ）;2015:（新课标Ⅰ）;2016:（新课标ⅱ）;2017:（新课标Ⅰ）
tentative,,extension,3453,ipa-dict(en_US/CMUdict),corroborated,ECDICT,curated_override,historical_partial_2010_2022,1,2022:（全国乙卷）
tenth,tenth,junior,,ipa-dict(en_US/CMUdict),corroborated,ECDICT,ECDICT,historical_partial_2010_2022,0,
term,term,junior,3454,ipa-dict(en_US/CMUdict),corroborated,ECDICT,teacher_pdf_gloss,historical_partial_2010_2022,9,2013:（新课标Ⅰ）;2014:（新课标ⅱ）;2015:（新课标ⅱ）;2016:（新课标ⅱ）;2016:（新课标ⅲ）;2017:（新课标Ⅰ）;2019:（新课标Ⅱ）;2019:（新课标Ⅲ）;2021:（新课标Ⅰ）
terminal,,extension,3455,ipa-dict(en_US/CMUdict),corroborated,ECDICT,teacher_pdf_gloss,historical_partial_2010_2022,0,
terrible,terrible,junior,3456,ipa-dict(en_US/CMUdict),corroborated,ECDICT,teacher_pdf_gloss,historical_partial_2010_2022,5,2013:（新课标ii）;2014:（新课标Ⅰ）;2014:（新课标ⅱ）;2015:（新课标ⅱ）;2017:（新课标ⅱ）
territory,territory**,selective_required,,ipa-dict(en_US/CMUdict),corroborated,ECDICT,ECDICT,historical_partial_2010_2022,0,
terror,,extension,3458,ipa-dict(en_US/CMUdict),corroborated,ECDICT,teacher_pdf_gloss,historical_partial_2010_2022,0,
test,test,junior,3459,ipa-dict(en_US/CMUdict),corroborated,ECDICT,teacher_pdf_gloss,historical_partial_2010_2022,22,2010:（新课标Ⅰ）;2010:（新课标Ⅱ）;2011:（全国卷ii）;2012:（新课标）;2013:（新课标ii）;2013:（新课标Ⅰ）;2015:（新课标Ⅰ）;2015:（新课标ⅱ）;2016:（新课标ⅱ）;2016:（新课标ⅲ）;2017:（新课标ⅱ）;2017:（新课标ⅲ）;2018:（新课标Ⅰ）;2018:（新课标ⅱ）;2018:（新课标ⅲ）;2019:（新课标Ⅰ）;2019:（新课标Ⅱ）;2019:（新课标Ⅲ）;2020:（新课标Ⅰ）;2021:（新课标Ⅰ）;2022:（全国乙卷）;2022:（全国甲卷）
text,text,junior,3460,ipa-dict(en_US/CMUdict),corroborated,ECDICT,teacher_pdf_gloss,historical_partial_2010_2022,29,2010:（新课标Ⅰ）;2010:（新课标Ⅱ）;2011:（全国卷ii）;2011:（新课标）;2012:（新课标）;2013:（新课标ii）;2013:（新课标Ⅰ）;2014:（新课标Ⅰ）;2014:（新课标ⅱ）;2015:（新课标ⅱ）;2016:（新课标Ⅰ）;2016:（新课标ⅱ）;2016:（新课标ⅲ）;2017:（新课标Ⅰ）;2017:（新课标ⅱ）;2017:（新课标ⅲ）;2018:（新课标Ⅰ）;2018:（新课标ⅱ）;2018:（新课标ⅲ）;2019:（新课标Ⅰ）;2019:（新课标Ⅱ）;2019:（新课标Ⅲ）;2020:（新课标Ⅰ）;2020:（新课标Ⅱ）;2020:（新课标Ⅲ）;2021:（新课标Ⅰ）;2021:（解析版）;2022:（全国乙卷）;2022:（全国甲卷）
textbook,,extension,3461,ipa-dict(en_US/CMUdict),corroborated,ECDICT,teacher_pdf_gloss,historical_partial_2010_2022,4,2012:（新课标）;2018:（新课标Ⅰ）;2018:（新课标ⅱ）;2018:（新课标ⅲ）
than,than,junior,3462,ipa-dict(en_US/CMUdict),corroborated,curated_function_words,teacher_pdf_gloss,historical_partial_2010_2022,30,2010:（新课标Ⅰ）;2010:（新课标Ⅱ）;2011:（全国卷ii）;2011:（新课标）;2012:（新课标）;2013:（新课标ii）;2013:（新课标Ⅰ）;2014:（新课标Ⅰ）;2014:（新课标ⅱ）;2015:（新课标Ⅰ）;2015:（新课标ⅱ）;2016:（新课标Ⅰ）;2016:（新课标ⅱ）;2016:（新课标ⅲ）;2017:（新课标Ⅰ）;2017:（新课标ⅱ）;2017:（新课标ⅲ）;2018:（新课标Ⅰ）;2018:（新课标ⅱ）;2018:（新课标ⅲ）;2019:（新课标Ⅰ）;2019:（新课标Ⅱ）;2019:（新课标Ⅲ）;2020:（新课标Ⅰ）;2020:（新课标Ⅱ）;2020:（新课标Ⅲ）;2021:（新课标Ⅰ）;2021:（解析版）;2022:（全国乙卷）;2022:（全国甲卷）
thank,thank,junior,3463,ipa-dict(en_US/CMUdict),corroborated,ECDICT,teacher_pdf_gloss,historical_partial_2010_2022,12,2010:（新课标Ⅱ）;2011:（全国卷ii）;2014:（新课标Ⅰ）;2015:（新课标Ⅰ）;2016:（新课标Ⅰ）;2016:（新课标ⅲ）;2018:（新课标ⅱ）;2018:（新课标ⅲ）;2019:（新课标Ⅰ）;2020:（新课标Ⅱ）;2020:（新课标Ⅲ）;2021:（新课标Ⅰ）
that,that,junior,,ipa-dict(en_US/CMUdict),corroborated,curated_function_words,ECDICT,historical_partial_2010_2022,30,2010:（新课标Ⅰ）;2010:（新课标Ⅱ）;2011:（全国卷ii）;2011:（新课标）;2012:（新课标）;2013:（新课标ii）;2013:（新课标Ⅰ）;2014:（新课标Ⅰ）;2014:（新课标ⅱ）;2015:（新课标Ⅰ）;2015:（新课标ⅱ）;2016:（新课标Ⅰ）;2016:（新课标ⅱ）;2016:（新课标ⅲ）;2017:（新课标Ⅰ）;2017:（新课标ⅱ）;2017:（新课标ⅲ）;2018:（新课标Ⅰ）;2018:（新课标ⅱ）;2018:（新课标ⅲ）;2019:（新课标Ⅰ）;2019:（新课标Ⅱ）;2019:（新课标Ⅲ）;2020:（新课标Ⅰ）;2020:（新课标Ⅱ）;2020:（新课标Ⅲ）;2021:（新课标Ⅰ）;2021:（解析版）;2022:（全国乙卷）;2022:（全国甲卷）
the,the,junior,3466,curated_homograph_override,curated,curated_function_words,curated_override,historical_partial_2010_2022,30,2010:（新课标Ⅰ）;2010:（新课标Ⅱ）;2011:（全国卷ii）;2011:（新课标）;2012:（新课标）;2013:（新课标ii）;2013:（新课标Ⅰ）;2014:（新课标Ⅰ）;2014:（新课标ⅱ）;2015:（新课标Ⅰ）;2015:（新课标ⅱ）;2016:（新课标Ⅰ）;2016:（新课标ⅱ）;2016:（新课标ⅲ）;2017:（新课标Ⅰ）;2017:（新课标ⅱ）;2017:（新课标ⅲ）;2018:（新课标Ⅰ）;2018:（新课标ⅱ）;2018:（新课标ⅲ）;2019:（新课标Ⅰ）;2019:（新课标Ⅱ）;2019:（新课标Ⅲ）;2020:（新课标Ⅰ）;2020:（新课标Ⅱ）;2020:（新课标Ⅲ）;2021:（新课标Ⅰ）;2021:（解析版）;2022:（全国乙卷）;2022:（全国甲卷）
theater,theatre,junior,3467,ipa-dict(en_US/CMUdict),corroborated,ECDICT,teacher_pdf_gloss,historical_partial_2010_2022,3,2016:（新课标ⅲ）;2017:（新课标ⅱ）;2017:（新课标ⅲ）
theft,theft**,selective_required,3469,ipa-dict(en_US/CMUdict),corroborated,ECDICT,teacher_pdf_gloss,historical_partial_2010_2022,1,2019:（新课标Ⅰ）
their,their,junior,3470,ipa-dict(en_US/CMUdict),corroborated,curated_function_words,teacher_pdf_gloss,historical_partial_2010_2022,29,2010:（新课标Ⅰ）;2010:（新课标Ⅱ）;2011:（全国卷ii）;2011:（新课标）;2012:（新课标）;2013:（新课标Ⅰ）;2014:（新课标Ⅰ）;2014:（新课标ⅱ）;2015:（新课标Ⅰ）;2015:（新课标ⅱ）;2016:（新课标Ⅰ）;2016:（新课标ⅱ）;2016:（新课标ⅲ）;2017:（新课标Ⅰ）;2017:（新课标ⅱ）;2017:（新课标ⅲ）;2018:（新课标Ⅰ）;2018:（新课标ⅱ）;2018:（新课标ⅲ）;2019:（新课标Ⅰ）;2019:（新课标Ⅱ）;2019:（新课标Ⅲ）;2020:（新课标Ⅰ）;2020:（新课标Ⅱ）;2020:（新课标Ⅲ）;2021:（新课标Ⅰ）;2021:（解析版）;2022:（全国乙卷）;2022:（全国甲卷）
them,them,junior,3472,ipa-dict(en_US/CMUdict),corroborated,curated_function_words,teacher_pdf_gloss,historical_partial_2010_2022,29,2010:（新课标Ⅰ）;2010:（新课标Ⅱ）;2011:（全国卷ii）;2011:（新课标）;2012:（新课标）;2013:（新课标ii）;2013:（新课标Ⅰ）;2014:（新课标Ⅰ）;2014:（新课标ⅱ）;2015:（新课标Ⅰ）;2015:（新课标ⅱ）;2016:（新课标Ⅰ）;2016:（新课标ⅱ）;2016:（新课标ⅲ）;2017:（新课标ⅱ）;2017:（新课标ⅲ）;2018:（新课标Ⅰ）;2018:（新课标ⅱ）;2018:（新课标ⅲ）;2019:（新课标Ⅰ）;2019:（新课标Ⅱ）;2019:（新课标Ⅲ）;2020:（新课标Ⅰ）;2020:（新课标Ⅱ）;2020:（新课标Ⅲ）;2021:（新课标Ⅰ）;2021:（解析版）;2022:（全国乙卷）;2022:（全国甲卷）
theme,theme*,required,3473,ipa-dict(en_US/CMUdict),corroborated,ECDICT,teacher_pdf_gloss,historical_partial_2010_2022,2,2015:（新课标Ⅰ）;2019:（新课标Ⅲ）
themselves,themselves,junior,3474,ipa-dict(en_US/CMUdict),corroborated,curated_function_words,teacher_pdf_gloss,historical_partial_2010_2022,13,2010:（新课标Ⅰ）;2011:（全国卷ii）;2011:（新课标）;2012:（新课标）;2013:（新课标ii）;2013:（新课标Ⅰ）;2016:（新课标Ⅰ）;2017:（新课标ⅱ）;2019:（新课标Ⅰ）;2019:（新课标Ⅱ）;2019:（新课标Ⅲ）;2021:（新课标Ⅰ）;2021:（解析版）
then,then,junior,3475,ipa-dict(en_US/CMUdict),corroborated,ECDICT,teacher_pdf_gloss,historical_partial_2010_2022,29,2010:（新课标Ⅰ）;2010:（新课标Ⅱ）;2011:（全国卷ii）;2011:（新课标）;2012:（新课标）;2013:（新课标ii）;2013:（新课标Ⅰ）;2014:（新课标Ⅰ）;2014:（新课标ⅱ）;2015:（新课标Ⅰ）;2015:（新课标ⅱ）;2016:（新课标Ⅰ）;2016:（新课标ⅱ）;2016:（新课标ⅲ）;2017:（新课标Ⅰ）;2017:（新课标ⅱ）;2017:（新课标ⅲ）;2018:（新课标ⅱ）;2018:（新课标ⅲ）;2019:（新课标Ⅰ）;2019:（新课标Ⅱ）;2019:（新课标Ⅲ）;2020:（新课标Ⅰ）;2020:（新课标Ⅱ）;2020:（新课标Ⅲ）;2021:（新课标Ⅰ）;2021:（解析版）;2022:（全国乙卷）;2022:（全国甲卷）
theoretical,,extension,3476,ipa-dict(en_US/CMUdict),corroborated,ECDICT,teacher_pdf_gloss,historical_partial_2010_2022,0,
theory,theory**,selective_required,3477,ipa-dict(en_US/CMUdict),corroborated,ECDICT,teacher_pdf_gloss,historical_partial_2010_2022,3,2013:（新课标Ⅰ）;2018:（新课标ⅲ）;2022:（全国乙卷）
there,there,junior,,ipa-dict(en_US/CMUdict),corroborated,ECDICT,ECDICT,historical_partial_2010_2022,29,2010:（新课标Ⅰ）;2010:（新课标Ⅱ）;2011:（全国卷ii）;2011:（新课标）;2012:（新课标）;2013:（新课标ii）;2013:（新课标Ⅰ）;2014:（新课标Ⅰ）;2014:（新课标ⅱ）;2015:（新课标Ⅰ）;2016:（新课标Ⅰ）;2016:（新课标ⅱ）;2016:（新课标ⅲ）;2017:（新课标Ⅰ）;2017:（新课标ⅱ）;2017:（新课标ⅲ）;2018:（新课标Ⅰ）;2018:（新课标ⅱ）;2018:（新课标ⅲ）;2019:（新课标Ⅰ）;2019:（新课标Ⅱ）;2019:（新课标Ⅲ）;2020:（新课标Ⅰ）;2020:（新课标Ⅱ）;2020:（新课标Ⅲ）;2021:（新课标Ⅰ）;2021:（解析版）;2022:（全国乙卷）;2022:（全国甲卷）
therefore,therefore*,required,3479,ipa-dict(en_US/CMUdict),corroborated,ECDICT,teacher_pdf_gloss,historical_partial_2010_2022,5,2010:（新课标Ⅱ）;2012:（新课标）;2014:（新课标ⅱ）;2016:（新课标Ⅰ）;2020:（新课标Ⅰ）
these,these,junior,3481,ipa-dict(en_US/CMUdict),corroborated,curated_function_words,teacher_pdf_gloss,historical_partial_2010_2022,25,2010:（新课标Ⅰ）;2010:（新课标Ⅱ）;2011:（全国卷ii）;2012:（新课标）;2013:（新课标Ⅰ）;2014:（新课标Ⅰ）;2015:（新课标Ⅰ）;2015:（新课标ⅱ）;2016:（新课标Ⅰ）;2016:（新课标ⅲ）;2017:（新课标Ⅰ）;2017:（新课标ⅱ）;2017:（新课标ⅲ）;2018:（新课标Ⅰ）;2018:（新课标ⅱ）;2018:（新课标ⅲ）;2019:（新课标Ⅰ）;2019:（新课标Ⅱ）;2019:（新课标Ⅲ）;2020:（新课标Ⅰ）;2020:（新课标Ⅱ）;2020:（新课标Ⅲ）;2021:（新课标Ⅰ）;2022:（全国乙卷）;2022:（全国甲卷）
they,they,junior,3482,ipa-dict(en_US/CMUdict),corroborated,curated_function_words,teacher_pdf_gloss,historical_partial_2010_2022,30,2010:（新课标Ⅰ）;2010:（新课标Ⅱ）;2011:（全国卷ii）;2011:（新课标）;2012:（新课标）;2013:（新课标ii）;2013:（新课标Ⅰ）;2014:（新课标Ⅰ）;2014:（新课标ⅱ）;2015:（新课标Ⅰ）;2015:（新课标ⅱ）;2016:（新课标Ⅰ）;2016:（新课标ⅱ）;2016:（新课标ⅲ）;2017:（新课标Ⅰ）;2017:（新课标ⅱ）;2017:（新课标ⅲ）;2018:（新课标Ⅰ）;2018:（新课标ⅱ）;2018:（新课标ⅲ）;2019:（新课标Ⅰ）;2019:（新课标Ⅱ）;2019:（新课标Ⅲ）;2020:（新课标Ⅰ）;2020:（新课标Ⅱ）;2020:（新课标Ⅲ）;2021:（新课标Ⅰ）;2021:（解析版）;2022:（全国乙卷）;2022:（全国甲卷）
thick,thick,junior,3483,ipa-dict(en_US/CMUdict),corroborated,ECDICT,teacher_pdf_gloss,historical_partial_2010_2022,3,2015:（新课标ⅱ）;2018:（新课标ⅱ）;2019:（新课标Ⅰ）
thief,,extension,3484,ipa-dict(en_US/CMUdict),corroborated,ECDICT,teacher_pdf_gloss,historical_partial_2010_2022,0,
thin,thin,junior,3486,ipa-dict(en_US/CMUdict),corroborated,ECDICT,teacher_pdf_gloss,historical_partial_2010_2022,3,2011:（新课标）;2016:（新课标ⅲ）;2021:（解析版）
thing,thing,junior,3487,ipa-dict(en_US/CMUdict),corroborated,ECDICT,teacher_pdf_gloss,historical_partial_2010_2022,26,2010:（新课标Ⅱ）;2011:（全国卷ii）;2011:（新课标）;2012:（新课标）;2013:（新课标ii）;2013:（新课标Ⅰ）;2014:（新课标Ⅰ）;2014:（新课标ⅱ）;2015:（新课标Ⅰ）;2016:（新课标Ⅰ）;2016:（新课标ⅱ）;2016:（新课标ⅲ）;2017:（新课标Ⅰ）;2017:（新课标ⅱ）;2017:（新课标ⅲ）;2018:（新课标Ⅰ）;2018:（新课标ⅲ）;2019:（新课标Ⅰ）;2019:（新课标Ⅱ）;2020:（新课标Ⅰ）;2020:（新课标Ⅱ）;2020:（新课标Ⅲ）;2021:（新课标Ⅰ）;2021:（解析版）;2022:（全国乙卷）;2022:（全国甲卷）
think,think,junior,3488,ipa-dict(en_US/CMUdict),corroborated,ECDICT,teacher_pdf_gloss,historical_partial_2010_2022,26,2010:（新课标Ⅰ）;2010:（新课标Ⅱ）;2011:（全国卷ii）;2011:（新课标）;2012:（新课标）;2013:（新课标ii）;2013:（新课标Ⅰ）;2014:（新课标Ⅰ）;2014:（新课标ⅱ）;2015:（新课标Ⅰ）;2015:（新课标ⅱ）;2016:（新课标Ⅰ）;2016:（新课标ⅱ）;2016:（新课标ⅲ）;2017:（新课标ⅱ）;2017:（新课标ⅲ）;2018:（新课标Ⅰ）;2018:（新课标ⅱ）;2018:（新课标ⅲ）;2019:（新课标Ⅱ）;2019:（新课标Ⅲ）;2020:（新课标Ⅱ）;2020:（新课标Ⅲ）;2021:（新课标Ⅰ）;2021:（解析版）;2022:（全国甲卷）
thinking,thinking**,selective_required,3491,ipa-dict(en_US/CMUdict),corroborated,ECDICT,teacher_pdf_gloss,historical_partial_2010_2022,12,2011:（全国卷ii）;2014:（新课标ⅱ）;2015:（新课标Ⅰ）;2015:（新课标ⅱ）;2016:（新课标ⅱ）;2016:（新课标ⅲ）;2017:（新课标ⅱ）;2018:（新课标Ⅰ）;2018:（新课标ⅲ）;2020:（新课标Ⅰ）;2020:（新课标Ⅱ）;2021:（新课标Ⅰ）
third,third,junior,3492,ipa-dict(en_US/CMUdict),corroborated,ECDICT,teacher_pdf_gloss,historical_partial_2010_2022,5,2013:（新课标Ⅰ）;2016:（新课标Ⅰ）;2020:（新课标Ⅰ）;2021:（新课标Ⅰ）;2022:（全国甲卷）
thirsty,thirsty,junior,3494,ipa-dict(en_US/CMUdict),corroborated,ECDICT,teacher_pdf_gloss,historical_partial_2010_2022,0,
thirteen,thirteen,junior,3495,ipa-dict(en_US/CMUdict),corroborated,curated_function_words,teacher_pdf_gloss,historical_partial_2010_2022,0,
thirty,thirty,junior,3496,ipa-dict(en_US/CMUdict),corroborated,curated_function_words,teacher_pdf_gloss,historical_partial_2010_2022,4,2010:（新课标Ⅱ）;2015:（新课标Ⅰ）;2017:（新课标ⅲ）;2018:（新课标ⅲ）
this,this,junior,3497,ipa-dict(en_US/CMUdict),corroborated,curated_function_words,teacher_pdf_gloss,historical_partial_2010_2022,30,2010:（新课标Ⅰ）;2010:（新课标Ⅱ）;2011:（全国卷ii）;2011:（新课标）;2012:（新课标）;2013:（新课标ii）;2013:（新课标Ⅰ）;2014:（新课标Ⅰ）;2014:（新课标ⅱ）;2015:（新课标Ⅰ）;2015:（新课标ⅱ）;2016:（新课标Ⅰ）;2016:（新课标ⅱ）;2016:（新课标ⅲ）;2017:（新课标Ⅰ）;2017:（新课标ⅱ）;2017:（新课标ⅲ）;2018:（新课标Ⅰ）;2018:（新课标ⅱ）;2018:（新课标ⅲ）;2019:（新课标Ⅰ）;2019:（新课标Ⅱ）;2019:（新课标Ⅲ）;2020:（新课标Ⅰ）;2020:（新课标Ⅱ）;2020:（新课标Ⅲ）;2021:（新课标Ⅰ）;2021:（解析版）;2022:（全国乙卷）;2022:（全国甲卷）
thorough,thorough**,selective_required,3498,ipa-dict(en_US/CMUdict),corroborated,ECDICT,teacher_pdf_gloss,historical_partial_2010_2022,0,
those,those,junior,3499,ipa-dict(en_US/CMUdict),corroborated,curated_function_words,teacher_pdf_gloss,historical_partial_2010_2022,24,2010:（新课标Ⅰ）;2010:（新课标Ⅱ）;2011:（全国卷ii）;2011:（新课标）;2013:（新课标ii）;2014:（新课标Ⅰ）;2015:（新课标Ⅰ）;2015:（新课标ⅱ）;2016:（新课标Ⅰ）;2016:（新课标ⅱ）;2016:（新课标ⅲ）;2017:（新课标Ⅰ）;2017:（新课标ⅱ）;2017:（新课标ⅲ）;2018:（新课标Ⅰ）;2018:（新课标ⅱ）;2018:（新课标ⅲ）;2019:（新课标Ⅰ）;2019:（新课标Ⅱ）;2020:（新课标Ⅱ）;2021:（新课标Ⅰ）;2021:（解析版）;2022:（全国乙卷）;2022:（全国甲卷）
though,though,junior,3500,ipa-dict(en_US/CMUdict),corroborated,curated_function_words,teacher_pdf_gloss,historical_partial_2010_2022,14,2010:（新课标Ⅰ）;2010:（新课标Ⅱ）;2011:（全国卷ii）;2012:（新课标）;2013:（新课标ii）;2016:（新课标Ⅰ）;2017:（新课标Ⅰ）;2017:（新课标ⅲ）;2019:（新课标Ⅰ）;2019:（新课标Ⅲ）;2020:（新课标Ⅱ）;2020:（新课标Ⅲ）;2021:（新课标Ⅰ）;2022:（全国甲卷）
thought,thought,junior,3489,ipa-dict(en_US/CMUdict),corroborated,ECDICT,teacher_pdf_gloss,historical_partial_2010_2022,20,2010:（新课标Ⅱ）;2011:（全国卷ii）;2012:（新课标）;2013:（新课标ii）;2013:（新课标Ⅰ）;2014:（新课标Ⅰ）;2014:（新课标ⅱ）;2015:（新课标Ⅰ）;2016:（新课标Ⅰ）;2016:（新课标ⅱ）;2016:（新课标ⅲ）;2017:（新课标Ⅰ）;2019:（新课标Ⅰ）;2019:（新课标Ⅱ）;2020:（新课标Ⅰ）;2020:（新课标Ⅱ）;2020:（新课标Ⅲ）;2021:（新课标Ⅰ）;2021:（解析版）;2022:（全国甲卷）
thousand,thousand,junior,3502,ipa-dict(en_US/CMUdict),corroborated,curated_function_words,teacher_pdf_gloss,historical_partial_2010_2022,9,2010:（新课标Ⅰ）;2010:（新课标Ⅱ）;2014:（新课标Ⅰ）;2016:（新课标Ⅰ）;2016:（新课标ⅲ）;2017:（新课标ⅲ）;2018:（新课标Ⅰ）;2020:（新课标Ⅲ）;2021:（新课标Ⅰ）
threat,threat**,selective_required,,ipa-dict(en_US/CMUdict),corroborated,ECDICT,ECDICT,historical_partial_2010_2022,0,
threaten,threaten**,selective_required,,ipa-dict(en_US/CMUdict),corroborated,ECDICT,ECDICT,historical_partial_2010_2022,0,
three,three,junior,3504,ipa-dict(en_US/CMUdict),corroborated,curated_function_words,teacher_pdf_gloss,historical_partial_2010_2022,19,2010:（新课标Ⅱ）;2011:（全国卷ii）;2012:（新课标）;2013:（新课标Ⅰ）;2014:（新课标ⅱ）;2016:（新课标Ⅰ）;2016:（新课标ⅱ）;2017:（新课标Ⅰ）;2017:（新课标ⅱ）;2018:（新课标Ⅰ）;2018:（新课标ⅱ）;2018:（新课标ⅲ）;2019:（新课标Ⅰ）;2019:（新课标Ⅲ）;2020:（新课标Ⅰ）;2020:（新课标Ⅱ）;2020:（新课标Ⅲ）;2022:（全国乙卷）;2022:（全国甲卷）
throat,,extension,3507,ipa-dict(en_US/CMUdict),corroborated,ECDICT,teacher_pdf_gloss,historical_partial_2010_2022,0,
through,through,junior,,ipa-dict(en_US/CMUdict),corroborated,curated_function_words,ECDICT,historical_partial_2010_2022,28,2010:（新课标Ⅰ）;2010:（新课标Ⅱ）;2011:（全国卷ii）;2011:（新课标）;2012:（新课标）;2013:（新课标ii）;2013:（新课标Ⅰ）;2014:（新课标Ⅰ）;2014:（新课标ⅱ）;2015:（新课标Ⅰ）;2015:（新课标ⅱ）;2016:（新课标Ⅰ）;2016:（新课标ⅱ）;2016:（新课标ⅲ）;2017:（新课标Ⅰ）;2017:（新课标ⅱ）;2017:（新课标ⅲ）;2018:（新课标ⅱ）;2018:（新课标ⅲ）;2019:（新课标Ⅰ）;2019:（新课标Ⅱ）;2019:（新课标Ⅲ）;2020:（新课标Ⅰ）;2020:（新课标Ⅱ）;2020:（新课标Ⅲ）;2021:（解析版）;2022:（全国乙卷）;2022:（全国甲卷）
throughout,throughout*,required,3509,ipa-dict(en_US/CMUdict),corroborated,curated_function_words,teacher_pdf_gloss,historical_partial_2010_2022,9,2011:（新课标）;2017:（新课标ⅱ）;2018:（新课标Ⅰ）;2018:（新课标ⅱ）;2019:（新课标Ⅲ）;2020:（新课标Ⅱ）;2021:（解析版）;2022:（全国乙卷）;2022:（全国甲卷）
throw,throw,junior,,ipa-dict(en_US/CMUdict),corroborated,ECDICT,ECDICT,historical_partial_2010_2022,6,2013:（新课标Ⅰ）;2018:（新课标Ⅰ）;2018:（新课标ⅲ）;2020:（新课标Ⅱ）;2020:（新课标Ⅲ）;2021:（解析版）
thunder,thunder**,selective_required,3513,ipa-dict(en_US/CMUdict),corroborated,ECDICT,teacher_pdf_gloss,historical_partial_2010_2022,0,
thursday,Thursday,junior,3515,ipa-dict(en_US/CMUdict),corroborated,ECDICT,teacher_pdf_gloss,historical_partial_2010_2022,4,2015:（新课标Ⅰ）;2018:（新课标ⅱ）;2020:（新课标Ⅲ）;2022:（全国乙卷）
thus,thus*,required,3516,ipa-dict(en_US/CMUdict),corroborated,ECDICT,teacher_pdf_gloss,historical_partial_2010_2022,9,2010:（新课标Ⅰ）;2011:（新课标）;2012:（新课标）;2015:（新课标ⅱ）;2016:（新课标ⅱ）;2016:（新课标ⅲ）;2017:（新课标Ⅰ）;2019:（新课标Ⅰ）;2020:（新课标Ⅰ）
ticket,ticket,junior,3520,ipa-dict(en_US/CMUdict),corroborated,ECDICT,teacher_pdf_gloss,historical_partial_2010_2022,8,2011:（全国卷ii）;2013:（新课标ii）;2014:（新课标ⅱ）;2016:（新课标Ⅰ）;2016:（新课标ⅱ）;2016:（新课标ⅲ）;2017:（新课标ⅲ）;2020:（新课标Ⅰ）
tidy,tidy,junior,3521,ipa-dict(en_US/CMUdict),corroborated,ECDICT,teacher_pdf_gloss,historical_partial_2010_2022,1,2021:（新课标Ⅰ）
tie,tie,junior,,ipa-dict(en_US/CMUdict),corroborated,ECDICT,ECDICT,historical_partial_2010_2022,1,2016:（新课标Ⅰ）
tiger,tiger,junior,3523,ipa-dict(en_US/CMUdict),corroborated,ECDICT,teacher_pdf_gloss,historical_partial_2010_2022,0,
tight,tight**,selective_required,3524,ipa-dict(en_US/CMUdict),corroborated,ECDICT,teacher_pdf_gloss,historical_partial_2010_2022,3,2014:（新课标ⅱ）;2016:（新课标ⅱ）;2018:（新课标Ⅰ）
till,,extension,3525,ipa-dict(en_US/CMUdict),corroborated,curated_function_words,teacher_pdf_gloss,historical_partial_2010_2022,2,2010:（新课标Ⅰ）;2010:（新课标Ⅱ）
time,time,junior,,ipa-dict(en_US/CMUdict),corroborated,ECDICT,ECDICT,historical_partial_2010_2022,30,2010:（新课标Ⅰ）;2010:（新课标Ⅱ）;2011:（全国卷ii）;2011:（新课标）;2012:（新课标）;2013:（新课标ii）;2013:（新课标Ⅰ）;2014:（新课标Ⅰ）;2014:（新课标ⅱ）;2015:（新课标Ⅰ）;2015:（新课标ⅱ）;2016:（新课标Ⅰ）;2016:（新课标ⅱ）;2016:（新课标ⅲ）;2017:（新课标Ⅰ）;2017:（新课标ⅱ）;2017:（新课标ⅲ）;2018:（新课标Ⅰ）;2018:（新课标ⅱ）;2018:（新课标ⅲ）;2019:（新课标Ⅰ）;2019:（新课标Ⅱ）;2019:（新课标Ⅲ）;2020:（新课标Ⅰ）;2020:（新课标Ⅱ）;2020:（新课标Ⅲ）;2021:（新课标Ⅰ）;2021:（解析版）;2022:（全国乙卷）;2022:（全国甲卷）
timetable,,extension,3527,ipa-dict(en_US/CMUdict),corroborated,ECDICT,teacher_pdf_gloss,historical_partial_2010_2022,2,2015:（新课标ⅱ）;2020:（新课标Ⅰ）
tin,,extension,3528,ipa-dict(en_US/CMUdict),corroborated,ECDICT,teacher_pdf_gloss,historical_partial_2010_2022,0,
tiny,tiny,junior,3529,ipa-dict(en_US/CMUdict),corroborated,ECDICT,teacher_pdf_gloss,historical_partial_2010_2022,3,2012:（新课标）;2019:（新课标Ⅱ）;2021:（解析版）
tip,tip*,required,3530,ipa-dict(en_US/CMUdict),corroborated,ECDICT,teacher_pdf_gloss,historical_partial_2010_2022,6,2010:（新课标Ⅰ）;2014:（新课标ⅱ）;2017:（新课标ⅲ）;2018:（新课标Ⅰ）;2020:（新课标Ⅰ）;2022:（全国甲卷）
tire,,extension,3531,ipa-dict(en_US/CMUdict),corroborated,ECDICT,teacher_pdf_gloss,historical_partial_2010_2022,2,2010:（新课标Ⅱ）;2018:（新课标Ⅰ）
tired,tired,junior,3532,ipa-dict(en_US/CMUdict),corroborated,ECDICT,teacher_pdf_gloss,historical_partial_2010_2022,8,2010:（新课标Ⅰ）;2011:（全国卷ii）;2012:（新课标）;2016:（新课标Ⅰ）;2016:（新课标ⅲ）;2017:（新课标ⅲ）;2018:（新课标Ⅰ）;2018:（新课标ⅲ）
tissue,tissue*,required,3533,ipa-dict(en_US/CMUdict),corroborated,ECDICT,teacher_pdf_gloss,historical_partial_2010_2022,0,
title,title*,required,3534,ipa-dict(en_US/CMUdict),corroborated,ECDICT,teacher_pdf_gloss,historical_partial_2010_2022,27,2010:（新课标Ⅱ）;2011:（全国卷ii）;2011:（新课标）;2012:（新课标）;2013:（新课标ii）;2013:（新课标Ⅰ）;2014:（新课标ⅱ）;2015:（新课标ⅱ）;2016:（新课标Ⅰ）;2016:（新课标ⅱ）;2016:（新课标ⅲ）;2017:（新课标Ⅰ）;2017:（新课标ⅱ）;2017:（新课标ⅲ）;2018:（新课标Ⅰ）;2018:（新课标ⅱ）;2018:（新课标ⅲ）;2019:（新课标Ⅰ）;2019:（新课标Ⅱ）;2019:（新课标Ⅲ）;2020:（新课标Ⅰ）;2020:（新课标Ⅱ）;2020:（新课标Ⅲ）;2021:（新课标Ⅰ）;2021:（解析版）;2022:（全国乙卷）;2022:（全国甲卷）
to,to,junior,,ipa-dict(en_US/CMUdict),corroborated,curated_function_words,ECDICT,historical_partial_2010_2022,30,2010:（新课标Ⅰ）;2010:（新课标Ⅱ）;2011:（全国卷ii）;2011:（新课标）;2012:（新课标）;2013:（新课标ii）;2013:（新课标Ⅰ）;2014:（新课标Ⅰ）;2014:（新课标ⅱ）;2015:（新课标Ⅰ）;2015:（新课标ⅱ）;2016:（新课标Ⅰ）;2016:（新课标ⅱ）;2016:（新课标ⅲ）;2017:（新课标Ⅰ）;2017:（新课标ⅱ）;2017:（新课标ⅲ）;2018:（新课标Ⅰ）;2018:（新课标ⅱ）;2018:（新课标ⅲ）;2019:（新课标Ⅰ）;2019:（新课标Ⅱ）;2019:（新课标Ⅲ）;2020:（新课标Ⅰ）;2020:（新课标Ⅱ）;2020:（新课标Ⅲ）;2021:（新课标Ⅰ）;2021:（解析版）;2022:（全国乙卷）;2022:（全国甲卷）
toast,toast**,selective_required,3536,ipa-dict(en_US/CMUdict),corroborated,ECDICT,teacher_pdf_gloss,historical_partial_2010_2022,0,
tobacco,tobacco**,selective_required,3537,ipa-dict(en_US/CMUdict),corroborated,ECDICT,teacher_pdf_gloss,historical_partial_2010_2022,0,
today,today,junior,3538,ipa-dict(en_US/CMUdict),corroborated,ECDICT,teacher_pdf_gloss,historical_partial_2010_2022,18,2010:（新课标Ⅱ）;2011:（新课标）;2013:（新课标ii）;2013:（新课标Ⅰ）;2014:（新课标Ⅰ）;2014:（新课标ⅱ）;2016:（新课标Ⅰ）;2016:（新课标ⅱ）;2017:（新课标Ⅰ）;2017:（新课标ⅲ）;2018:（新课标Ⅰ）;2018:（新课标ⅱ）;2018:（新课标ⅲ）;2019:（新课标Ⅰ）;2019:（新课标Ⅱ）;2019:（新课标Ⅲ）;2020:（新课标Ⅰ）;2022:（全国乙卷）
together,together,junior,3539,ipa-dict(en_US/CMUdict),corroborated,ECDICT,teacher_pdf_gloss,historical_partial_2010_2022,16,2010:（新课标Ⅰ）;2010:（新课标Ⅱ）;2011:（新课标）;2012:（新课标）;2013:（新课标ii）;2015:（新课标Ⅰ）;2017:（新课标ⅱ）;2018:（新课标ⅲ）;2019:（新课标Ⅱ）;2019:（新课标Ⅲ）;2020:（新课标Ⅰ）;2020:（新课标Ⅱ）;2020:（新课标Ⅲ）;2021:（新课标Ⅰ）;2022:（全国乙卷）;2022:（全国甲卷）
toilet,toilet,junior,3540,ipa-dict(en_US/CMUdict),corroborated,ECDICT,teacher_pdf_gloss,historical_partial_2010_2022,1,2019:（新课标Ⅰ）
tolerate,tolerate**,selective_required,3542,ipa-dict(en_US/CMUdict),corroborated,ECDICT,teacher_pdf_gloss,historical_partial_2010_2022,0,
tomato,tomato,junior,3543,ipa-dict(en_US/CMUdict),corroborated,ECDICT,teacher_pdf_gloss,historical_partial_2010_2022,4,2011:（新课标）;2014:（新课标Ⅰ）;2015:（新课标Ⅰ）;2020:（新课标Ⅰ）
tomorrow,tomorrow,junior,3545,ipa-dict(en_US/CMUdict),corroborated,ECDICT,teacher_pdf_gloss,historical_partial_2010_2022,2,2016:（新课标Ⅰ）;2016:（新课标ⅱ）
ton,ton,junior,3546,ipa-dict(en_US/CMUdict),corroborated,ECDICT,teacher_pdf_gloss,historical_partial_2010_2022,3,2014:（新课标ⅱ）;2018:（新课标ⅱ）;2019:（新课标Ⅰ）
tone,tone**,selective_required,,ipa-dict(en_US/CMUdict),corroborated,ECDICT,ECDICT,historical_partial_2010_2022,1,2020:（新课标Ⅱ）
tongue,,extension,3547,ipa-dict(en_US/CMUdict),corroborated,ECDICT,teacher_pdf_gloss,historical_partial_2010_2022,0,
tonight,tonight,junior,3548,ipa-dict(en_US/CMUdict),corroborated,ECDICT,teacher_pdf_gloss,historical_partial_2010_2022,4,2011:（全国卷ii）;2013:（新课标ii）;2015:（新课标Ⅰ）;2018:（新课标Ⅰ）
too,too,junior,3549,ipa-dict(en_US/CMUdict),corroborated,ECDICT,teacher_pdf_gloss,historical_partial_2010_2022,25,2010:（新课标Ⅰ）;2010:（新课标Ⅱ）;2011:（全国卷ii）;2011:（新课标）;2013:（新课标ii）;2013:（新课标Ⅰ）;2014:（新课标Ⅰ）;2015:（新课标Ⅰ）;2016:（新课标Ⅰ）;2016:（新课标ⅱ）;2016:（新课标ⅲ）;2017:（新课标Ⅰ）;2017:（新课标ⅱ）;2017:（新课标ⅲ）;2018:（新课标Ⅰ）;2018:（新课标ⅱ）;2018:（新课标ⅲ）;2019:（新课标Ⅰ）;2019:（新课标Ⅱ）;2020:（新课标Ⅰ）;2020:（新课标Ⅲ）;2021:（新课标Ⅰ）;2021:（解析版）;2022:（全国乙卷）;2022:（全国甲卷）
tool,tool,junior,3550,ipa-dict(en_US/CMUdict),corroborated,ECDICT,teacher_pdf_gloss,historical_partial_2010_2022,9,2010:（新课标Ⅱ）;2011:（新课标）;2014:（新课标ⅱ）;2017:（新课标ⅱ）;2017:（新课标ⅲ）;2019:（新课标Ⅰ）;2020:（新课标Ⅱ）;2020:（新课标Ⅲ）;2022:（全国甲卷）
tooth,tooth (pl. teeth),junior,3551,ipa-dict(en_US/CMUdict),corroborated,ECDICT,teacher_pdf_gloss,historical_partial_2010_2022,0,
top,top,junior,3555,ipa-dict(en_US/CMUdict),corroborated,ECDICT,teacher_pdf_gloss,historical_partial_2010_2022,18,2010:（新课标Ⅰ）;2013:（新课标Ⅰ）;2014:（新课标ⅱ）;2015:（新课标Ⅰ）;2015:（新课标ⅱ）;2016:（新课标Ⅰ）;2017:（新课标ⅱ）;2017:（新课标ⅲ）;2018:（新课标Ⅰ）;2018:（新课标ⅱ）;2018:（新课标ⅲ）;2019:（新课标Ⅰ）;2019:（新课标Ⅱ）;2019:（新课标Ⅲ）;2020:（新课标Ⅰ）;2020:（新课标Ⅲ）;2022:（全国乙卷）;2022:（全国甲卷）
topic,topic*,required,3556,ipa-dict(en_US/CMUdict),corroborated,ECDICT,teacher_pdf_gloss,historical_partial_2010_2022,7,2014:（新课标ⅱ）;2015:（新课标Ⅰ）;2016:（新课标Ⅰ）;2018:（新课标Ⅰ）;2018:（新课标ⅱ）;2019:（新课标Ⅲ）;2021:（新课标Ⅰ）
total,total,junior,,ipa-dict(en_US/CMUdict),corroborated,ECDICT,ECDICT,historical_partial_2010_2022,9,2013:（新课标Ⅰ）;2014:（新课标Ⅰ）;2015:（新课标ⅱ）;2016:（新课标ⅱ）;2018:（新课标Ⅰ）;2018:（新课标ⅱ）;2020:（新课标Ⅰ）;2020:（新课标Ⅲ）;2021:（新课标Ⅰ）
totally,,extension,3559,ipa-dict(en_US/CMUdict),corroborated,ECDICT,teacher_pdf_gloss,historical_partial_2010_2022,2,2018:（新课标ⅲ）;2019:（新课标Ⅲ）
touch,touch,junior,3560,ipa-dict(en_US/CMUdict),corroborated,ECDICT,teacher_pdf_gloss,historical_partial_2010_2022,15,2010:（新课标Ⅱ）;2011:（全国卷ii）;2011:（新课标）;2012:（新课标）;2013:（新课标Ⅰ）;2015:（新课标Ⅰ）;2015:（新课标ⅱ）;2017:（新课标ⅲ）;2018:（新课标ⅱ）;2018:（新课标ⅲ）;2019:（新课标Ⅰ）;2019:（新课标Ⅲ）;2020:（新课标Ⅰ）;2020:（新课标Ⅱ）;2022:（全国甲卷）
tough,tough*,required,3561,ipa-dict(en_US/CMUdict),corroborated,ECDICT,curated_override,historical_partial_2010_2022,2,2012:（新课标）;2013:（新课标ii）
tour,tour,junior,3562,ipa-dict(en_US/CMUdict),corroborated,ECDICT,teacher_pdf_gloss,historical_partial_2010_2022,11,2010:（新课标Ⅱ）;2015:（新课标ⅱ）;2016:（新课标Ⅰ）;2016:（新课标ⅱ）;2017:（新课标ⅲ）;2018:（新课标Ⅰ）;2018:（新课标ⅱ）;2018:（新课标ⅲ）;2020:（新课标Ⅱ）;2020:（新课标Ⅲ）;2022:（全国甲卷）
tourism,,extension,3563,ipa-dict(en_US/CMUdict),corroborated,ECDICT,teacher_pdf_gloss,historical_partial_2010_2022,3,2018:（新课标ⅲ）;2019:（新课标Ⅲ）;2021:（新课标Ⅰ）
tourist,tourist,junior,3564,ipa-dict(en_US/CMUdict),corroborated,ECDICT,teacher_pdf_gloss,historical_partial_2010_2022,12,2010:（新课标Ⅱ）;2012:（新课标）;2015:（新课标Ⅰ）;2015:（新课标ⅱ）;2016:（新课标Ⅰ）;2017:（新课标ⅲ）;2018:（新课标ⅲ）;2019:（新课标Ⅰ）;2019:（新课标Ⅲ）;2021:（新课标Ⅰ）;2021:（解析版）;2022:（全国甲卷）
tournament,tournament**,selective_required,3565,ipa-dict(en_US/CMUdict),corroborated,ECDICT,teacher_pdf_gloss,historical_partial_2010_2022,1,2015:（新课标ⅱ）
toward,toward(s),junior,3566,ipa-dict(en_US/CMUdict),corroborated,curated_function_words,teacher_pdf_gloss,historical_partial_2010_2022,15,2010:（新课标Ⅰ）;2012:（新课标）;2013:（新课标Ⅰ）;2014:（新课标Ⅰ）;2014:（新课标ⅱ）;2015:（新课标Ⅰ）;2016:（新课标ⅲ）;2017:（新课标Ⅰ）;2017:（新课标ⅲ）;2018:（新课标ⅲ）;2019:（新课标Ⅰ）;2019:（新课标Ⅱ）;2019:（新课标Ⅲ）;2020:（新课标Ⅲ）;2022:（全国甲卷）
towel,towel**,selective_required,3568,ipa-dict(en_US/CMUdict),corroborated,ECDICT,teacher_pdf_gloss,historical_partial_2010_2022,0,
tower,tower,junior,3569,ipa-dict(en_US/CMUdict),corroborated,ECDICT,teacher_pdf_gloss,historical_partial_2010_2022,3,2010:（新课标Ⅱ）;2015:（新课标ⅱ）;2018:（新课标ⅲ）
town,town,junior,3570,ipa-dict(en_US/CMUdict),corroborated,ECDICT,teacher_pdf_gloss,historical_partial_2010_2022,10,2011:（新课标）;2013:（新课标Ⅰ）;2015:（新课标Ⅰ）;2015:（新课标ⅱ）;2017:（新课标ⅲ）;2018:（新课标ⅲ）;2019:（新课标Ⅱ）;2019:（新课标Ⅲ）;2020:（新课标Ⅱ）;2020:（新课标Ⅲ）
toy,toy,junior,3571,ipa-dict(en_US/CMUdict),corroborated,ECDICT,teacher_pdf_gloss,historical_partial_2010_2022,8,2012:（新课标）;2014:（新课标Ⅰ）;2015:（新课标Ⅰ）;2015:（新课标ⅱ）;2016:（新课标ⅱ）;2018:（新课标ⅲ）;2020:（新课标Ⅱ）;2022:（全国甲卷）
track,track*,required,3572,ipa-dict(en_US/CMUdict),corroborated,ECDICT,teacher_pdf_gloss,historical_partial_2010_2022,10,2011:（全国卷ii）;2015:（新课标ⅱ）;2016:（新课标ⅲ）;2017:（新课标ⅱ）;2017:（新课标ⅲ）;2018:（新课标Ⅰ）;2019:（新课标Ⅰ）;2020:（新课标Ⅰ）;2022:（全国乙卷）;2022:（全国甲卷）
trade,trade,junior,3574,ipa-dict(en_US/CMUdict),corroborated,ECDICT,teacher_pdf_gloss,historical_partial_2010_2022,9,2011:（新课标）;2012:（新课标）;2013:（新课标Ⅰ）;2015:（新课标Ⅰ）;2018:（新课标Ⅰ）;2018:（新课标ⅲ）;2019:（新课标Ⅲ）;2020:（新课标Ⅱ）;2020:（新课标Ⅲ）
tradition,tradition*,required,3575,ipa-dict(en_US/CMUdict),corroborated,ECDICT,teacher_pdf_gloss,historical_partial_2010_2022,7,2014:（新课标Ⅰ）;2016:（新课标ⅱ）;2017:（新课标ⅱ）;2018:（新课标ⅲ）;2019:（新课标Ⅲ）;2020:（新课标Ⅲ）;2022:（全国甲卷）
traditional,traditional,junior,3576,ipa-dict(en_US/CMUdict),corroborated,ECDICT,teacher_pdf_gloss,historical_partial_2010_2022,11,2010:（新课标Ⅰ）;2015:（新课标Ⅰ）;2015:（新课标ⅱ）;2016:（新课标Ⅰ）;2016:（新课标ⅱ）;2018:（新课标ⅲ）;2020:（新课标Ⅰ）;2020:（新课标Ⅱ）;2020:（新课标Ⅲ）;2021:（新课标Ⅰ）;2022:（全国甲卷）
traffic,traffic,junior,3577,ipa-dict(en_US/CMUdict),corroborated,ECDICT,teacher_pdf_gloss,historical_partial_2010_2022,4,2013:（新课标ii）;2017:（新课标ⅱ）;2017:（新课标ⅲ）;2022:（全国乙卷）
train,train,junior,3579,ipa-dict(en_US/CMUdict),corroborated,ECDICT,teacher_pdf_gloss,historical_partial_2010_2022,15,2010:（新课标Ⅰ）;2011:（全国卷ii）;2011:（新课标）;2012:（新课标）;2013:（新课标ii）;2014:（新课标ⅱ）;2015:（新课标ⅱ）;2016:（新课标ⅱ）;2016:（新课标ⅲ）;2017:（新课标Ⅰ）;2018:（新课标ⅲ）;2019:（新课标Ⅲ）;2020:（新课标Ⅰ）;2020:（新课标Ⅱ）;2022:（全国乙卷）
trainer,,extension,3580,ipa-dict(en_US/CMUdict),corroborated,ECDICT,teacher_pdf_gloss,historical_partial_2010_2022,1,2011:（新课标）
training,training,junior,3581,ipa-dict(en_US/CMUdict),corroborated,ECDICT,teacher_pdf_gloss,historical_partial_2010_2022,9,2010:（新课标Ⅱ）;2011:（新课标）;2013:（新课标ii）;2015:（新课标Ⅰ）;2015:（新课标ⅱ）;2016:（新课标Ⅰ）;2016:（新课标ⅲ）;2019:（新课标Ⅰ）;2020:（新课标Ⅲ）
transform,transform**,selective_required,3583,ipa-dict(en_US/CMUdict),corroborated,ECDICT,teacher_pdf_gloss,historical_partial_2010_2022,2,2018:（新课标Ⅰ）;2021:（新课标Ⅰ）
translate,translate,junior,3584,ipa-dict(en_US/CMUdict),corroborated,ECDICT,teacher_pdf_gloss,historical_partial_2010_2022,4,2016:（新课标ⅱ）;2017:（新课标ⅱ）;2018:（新课标ⅲ）;2020:（新课标Ⅱ）
translation,,extension,3585,ipa-dict(en_US/CMUdict),corroborated,ECDICT,teacher_pdf_gloss,historical_partial_2010_2022,1,2017:（新课标Ⅰ）
transport,transport*,required,3588,ipa-dict(en_US/CMUdict),corroborated,ECDICT,teacher_pdf_gloss,historical_partial_2010_2022,3,2010:（新课标Ⅱ）;2016:（新课标Ⅰ）;2017:（新课标ⅲ）
trap,trap**,selective_required,3589,ipa-dict(en_US/CMUdict),corroborated,ECDICT,teacher_pdf_gloss,historical_partial_2010_2022,1,2016:（新课标ⅲ）
travel,travel,junior,3590,ipa-dict(en_US/CMUdict),corroborated,ECDICT,teacher_pdf_gloss,historical_partial_2010_2022,21,2010:（新课标Ⅰ）;2010:（新课标Ⅱ）;2011:（全国卷ii）;2012:（新课标）;2014:（新课标Ⅰ）;2014:（新课标ⅱ）;2015:（新课标Ⅰ）;2016:（新课标Ⅰ）;2016:（新课标ⅱ）;2016:（新课标ⅲ）;2017:（新课标Ⅰ）;2017:（新课标ⅱ）;2017:（新课标ⅲ）;2018:（新课标ⅱ）;2018:（新课标ⅲ）;2020:（新课标Ⅰ）;2020:（新课标Ⅲ）;2021:（新课标Ⅰ）;2021:（解析版）;2022:（全国乙卷）;2022:（全国甲卷）
traveler,,extension,3591,ipa-dict(en_US/CMUdict),corroborated,ECDICT,teacher_pdf_gloss,historical_partial_2010_2022,2,2015:（新课标Ⅰ）;2021:（新课标Ⅰ）
treasure,treasure,junior,3592,ipa-dict(en_US/CMUdict),corroborated,ECDICT,teacher_pdf_gloss,historical_partial_2010_2022,4,2014:（新课标ⅱ）;2016:（新课标ⅱ）;2017:（新课标ⅲ）;2020:（新课标Ⅰ）
treat,treat,junior,3593,ipa-dict(en_US/CMUdict),corroborated,ECDICT,teacher_pdf_gloss,historical_partial_2010_2022,7,2010:（新课标Ⅱ）;2011:（新课标）;2012:（新课标）;2013:（新课标ii）;2016:（新课标Ⅰ）;2020:（新课标Ⅲ）;2022:（全国甲卷）
treatment,treatment*,required,3594,ipa-dict(en_US/CMUdict),corroborated,ECDICT,teacher_pdf_gloss,historical_partial_2010_2022,2,2020:（新课标Ⅰ）;2020:（新课标Ⅲ）
tree,tree,junior,3595,ipa-dict(en_US/CMUdict),corroborated,ECDICT,teacher_pdf_gloss,historical_partial_2010_2022,14,2010:（新课标Ⅰ）;2010:（新课标Ⅱ）;2012:（新课标）;2014:（新课标ⅱ）;2015:（新课标Ⅰ）;2016:（新课标ⅲ）;2017:（新课标Ⅰ）;2017:（新课标ⅱ）;2018:（新课标Ⅰ）;2018:（新课标ⅲ）;2019:（新课标Ⅰ）;2019:（新课标Ⅲ）;2020:（新课标Ⅰ）;2020:（新课标Ⅱ）
tremble,,extension,3596,ipa-dict(en_US/CMUdict),corroborated,ECDICT,teacher_pdf_gloss,historical_partial_2010_2022,1,2019:（新课标Ⅱ）
trend,trend**,selective_required,3597,ipa-dict(en_US/CMUdict),corroborated,ECDICT,teacher_pdf_gloss,historical_partial_2010_2022,8,2014:（新课标ⅱ）;2016:（新课标Ⅰ）;2016:（新课标ⅱ）;2017:（新课标Ⅰ）;2018:（新课标ⅲ）;2019:（新课标Ⅱ）;2019:（新课标Ⅲ）;2020:（新课标Ⅲ）
trial,trial**,selective_required,3598,ipa-dict(en_US/CMUdict),corroborated,ECDICT,teacher_pdf_gloss,historical_partial_2010_2022,1,2012:（新课标）
trick,trick**,selective_required,3600,ipa-dict(en_US/CMUdict),corroborated,ECDICT,teacher_pdf_gloss,historical_partial_2010_2022,5,2012:（新课标）;2013:（新课标Ⅰ）;2014:（新课标Ⅰ）;2020:（新课标Ⅲ）;2021:（解析版）
trip,trip,junior,3601,ipa-dict(en_US/CMUdict),corroborated,ECDICT,teacher_pdf_gloss,historical_partial_2010_2022,16,2010:（新课标Ⅰ）;2013:（新课标Ⅰ）;2015:（新课标ⅱ）;2016:（新课标Ⅰ）;2016:（新课标ⅱ）;2016:（新课标ⅲ）;2017:（新课标Ⅰ）;2017:（新课标ⅲ）;2018:（新课标Ⅰ）;2018:（新课标ⅱ）;2018:（新课标ⅲ）;2019:（新课标Ⅰ）;2019:（新课标Ⅱ）;2020:（新课标Ⅰ）;2021:（新课标Ⅰ）;2022:（全国甲卷）
troop,,extension,3603,ipa-dict(en_US/CMUdict),corroborated,ECDICT,teacher_pdf_gloss,historical_partial_2010_2022,0,
trouble,trouble,junior,,ipa-dict(en_US/CMUdict),corroborated,ECDICT,ECDICT,historical_partial_2010_2022,8,2011:（全国卷ii）;2012:（新课标）;2014:（新课标ⅱ）;2015:（新课标Ⅰ）;2015:（新课标ⅱ）;2018:（新课标ⅱ）;2019:（新课标Ⅱ）;2021:（解析版）
trousers,trousers,junior,3606,ipa-dict(en_US/CMUdict),corroborated,teacher_pdf,teacher_pdf_gloss,historical_partial_2010_2022,0,
truck,truck,junior,3607,ipa-dict(en_US/CMUdict),corroborated,ECDICT,teacher_pdf_gloss,historical_partial_2010_2022,6,2011:（新课标）;2012:（新课标）;2014:（新课标ⅱ）;2015:（新课标Ⅰ）;2017:（新课标ⅱ）;2021:（新课标Ⅰ）
true,true,junior,3608,ipa-dict(en_US/CMUdict),corroborated,ECDICT,teacher_pdf_gloss,historical_partial_2010_2022,13,2010:（新课标Ⅰ）;2010:（新课标Ⅱ）;2014:（新课标Ⅰ）;2014:（新课标ⅱ）;2015:（新课标Ⅰ）;2017:（新课标Ⅰ）;2017:（新课标ⅱ）;2018:（新课标Ⅰ）;2018:（新课标ⅲ）;2019:（新课标Ⅰ）;2020:（新课标Ⅰ）;2021:（新课标Ⅰ）;2022:（全国乙卷）
truly,,extension,3609,ipa-dict(en_US/CMUdict),corroborated,ECDICT,teacher_pdf_gloss,historical_partial_2010_2022,3,2016:（新课标Ⅰ）;2016:（新课标ⅲ）;2019:（新课标Ⅲ）
trunk,trunk**,selective_required,3610,ipa-dict(en_US/CMUdict),corroborated,ECDICT,teacher_pdf_gloss,historical_partial_2010_2022,0,
trust,trust,junior,3611,ipa-dict(en_US/CMUdict),corroborated,ECDICT,teacher_pdf_gloss,historical_partial_2010_2022,10,2010:（新课标Ⅰ）;2011:（新课标）;2012:（新课标）;2014:（新课标ⅱ）;2015:（新课标Ⅰ）;2018:（新课标ⅲ）;2019:（新课标Ⅱ）;2019:（新课标Ⅲ）;2021:（解析版）;2022:（全国甲卷）
truth,truth,junior,3612,ipa-dict(en_US/CMUdict),corroborated,ECDICT,teacher_pdf_gloss,historical_partial_2010_2022,4,2010:（新课标Ⅱ）;2011:（新课标）;2020:（新课标Ⅰ）;2022:（全国乙卷）
try,try,junior,3613,ipa-dict(en_US/CMUdict),corroborated,ECDICT,teacher_pdf_gloss,historical_partial_2010_2022,29,2010:（新课标Ⅰ）;2010:（新课标Ⅱ）;2011:（全国卷ii）;2011:（新课标）;2012:（新课标）;2013:（新课标ii）;2013:（新课标Ⅰ）;2014:（新课标Ⅰ）;2014:（新课标ⅱ）;2015:（新课标Ⅰ）;2015:（新课标ⅱ）;2016:（新课标Ⅰ）;2016:（新课标ⅱ）;2016:（新课标ⅲ）;2017:（新课标Ⅰ）;2017:（新课标ⅱ）;2017:（新课标ⅲ）;2018:（新课标Ⅰ）;2018:（新课标ⅱ）;2018:（新课标ⅲ）;2019:（新课标Ⅱ）;2019:（新课标Ⅲ）;2020:（新课标Ⅰ）;2020:（新课标Ⅱ）;2020:（新课标Ⅲ）;2021:（新课标Ⅰ）;2021:（解析版）;2022:（全国乙卷）;2022:（全国甲卷）
tube,tube**,selective_required,3615,ipa-dict(en_US/CMUdict),corroborated,ECDICT,teacher_pdf_gloss,historical_partial_2010_2022,3,2017:（新课标Ⅰ）;2017:（新课标ⅱ）;2018:（新课标Ⅰ）
tuesday,Tuesday,junior,3617,ipa-dict(en_US/CMUdict),corroborated,ECDICT,teacher_pdf_gloss,historical_partial_2010_2022,2,2017:（新课标ⅱ）;2018:（新课标ⅱ）
tune,tune**,selective_required,3616,ipa-dict(en_US/CMUdict),corroborated,ECDICT,teacher_pdf_gloss,historical_partial_2010_2022,0,
turkey,turkey*,required,3618,ipa-dict(en_US/CMUdict),corroborated,ECDICT,teacher_pdf_gloss,historical_partial_2010_2022,0,
turn,turn,junior,,ipa-dict(en_US/CMUdict),corroborated,ECDICT,ECDICT,historical_partial_2010_2022,25,2010:（新课标Ⅰ）;2010:（新课标Ⅱ）;2011:（全国卷ii）;2011:（新课标）;2012:（新课标）;2013:（新课标ii）;2013:（新课标Ⅰ）;2014:（新课标ⅱ）;2015:（新课标ⅱ）;2016:（新课标ⅱ）;2016:（新课标ⅲ）;2017:（新课标Ⅰ）;2017:（新课标ⅱ）;2017:（新课标ⅲ）;2018:（新课标Ⅰ）;2018:（新课标ⅱ）;2018:（新课标ⅲ）;2019:（新课标Ⅰ）;2019:（新课标Ⅱ）;2019:（新课标Ⅲ）;2020:（新课标Ⅰ）;2021:（新课标Ⅰ）;2021:（解析版）;2022:（全国乙卷）;2022:（全国甲卷）
tutor,,extension,3621,ipa-dict(en_US/CMUdict),corroborated,ECDICT,teacher_pdf_gloss,historical_partial_2010_2022,1,2015:（新课标ⅱ）
tv,,extension,3622,ipa-dict(en_US/CMUdict),corroborated,WordNet,teacher_pdf_gloss,historical_partial_2010_2022,6,2015:（新课标Ⅰ）;2015:（新课标ⅱ）;2016:（新课标Ⅰ）;2017:（新课标Ⅰ）;2017:（新课标ⅱ）;2018:（新课标Ⅰ）
twelfth,twelfth,junior,3623,ipa-dict(en_US/CMUdict),corroborated,ECDICT,teacher_pdf_gloss,historical_partial_2010_2022,0,
twelve,twelve,junior,3624,ipa-dict(en_US/CMUdict),corroborated,curated_function_words,teacher_pdf_gloss,historical_partial_2010_2022,2,2019:（新课标Ⅰ）;2019:（新课标Ⅲ）
twentieth,twentieth,junior,3625,ipa-dict(en_US/CMUdict),corroborated,ECDICT,teacher_pdf_gloss,historical_partial_2010_2022,2,2011:（新课标）;2019:（新课标Ⅲ）
twenty,twenty,junior,3626,ipa-dict(en_US/CMUdict),corroborated,curated_function_words,teacher_pdf_gloss,historical_partial_2010_2022,4,2011:（新课标）;2012:（新课标）;2013:（新课标Ⅰ）;2014:（新课标ⅱ）
twice,twice,junior,3629,ipa-dict(en_US/CMUdict),corroborated,ECDICT,teacher_pdf_gloss,historical_partial_2010_2022,3,2013:（新课标Ⅰ）;2016:（新课标ⅲ）;2020:（新课标Ⅰ）
twin,twin**,selective_required,3630,ipa-dict(en_US/CMUdict),corroborated,ECDICT,teacher_pdf_gloss,historical_partial_2010_2022,2,2016:（新课标Ⅰ）;2020:（新课标Ⅰ）
twist,,extension,3631,ipa-dict(en_US/CMUdict),corroborated,ECDICT,teacher_pdf_gloss,historical_partial_2010_2022,0,
two,two,junior,3632,ipa-dict(en_US/CMUdict),corroborated,curated_function_words,teacher_pdf_gloss,historical_partial_2010_2022,24,2010:（新课标Ⅰ）;2010:（新课标Ⅱ）;2012:（新课标）;2013:（新课标Ⅰ）;2014:（新课标Ⅰ）;2014:（新课标ⅱ）;2015:（新课标Ⅰ）;2015:（新课标ⅱ）;2016:（新课标Ⅰ）;2016:（新课标ⅱ）;2016:（新课标ⅲ）;2017:（新课标Ⅰ）;2017:（新课标ⅱ）;2018:（新课标Ⅰ）;2018:（新课标ⅱ）;2018:（新课标ⅲ）;2019:（新课标Ⅰ）;2019:（新课标Ⅱ）;2019:（新课标Ⅲ）;2020:（新课标Ⅱ）;2020:（新课标Ⅲ）;2021:（解析版）;2022:（全国乙卷）;2022:（全国甲卷）
type,type*,required,3633,ipa-dict(en_US/CMUdict),corroborated,ECDICT,teacher_pdf_gloss,historical_partial_2010_2022,10,2010:（新课标Ⅰ）;2013:（新课标ii）;2014:（新课标Ⅰ）;2016:（新课标Ⅰ）;2017:（新课标ⅲ）;2018:（新课标ⅲ）;2019:（新课标Ⅰ）;2019:（新课标Ⅲ）;2021:（新课标Ⅰ）;2021:（解析版）
typhoon,typhoon**,selective_required,3636,ipa-dict(en_US/CMUdict),corroborated,ECDICT,teacher_pdf_gloss,historical_partial_2010_2022,0,
typical,typical*,required,3635,ipa-dict(en_US/CMUdict),corroborated,ECDICT,teacher_pdf_gloss,historical_partial_2010_2022,3,2014:（新课标Ⅰ）;2017:（新课标ⅱ）;2020:（新课标Ⅰ）
tyre,,extension,3638,ipa-dict(en_US/CMUdict),corroborated,ECDICT,teacher_pdf_gloss,historical_partial_2010_2022,0,
ubiquitous,,extension,,ipa-dict(en_US/CMUdict),corroborated,ECDICT,curated_override,historical_partial_2010_2022,0,
ugly,ugly,junior,3639,ipa-dict(en_US/CMUdict),corroborated,ECDICT,teacher_pdf_gloss,historical_partial_2010_2022,1,2011:（全国卷ii）
uk,UK,junior,,ipa-dict(en_US/CMUdict),corroborated,ECDICT,ECDICT,historical_partial_2010_2022,8,2011:（全国卷ii）;2015:（新课标Ⅰ）;2016:（新课标Ⅰ）;2017:（新课标ⅱ）;2019:（新课标Ⅲ）;2020:（新课标Ⅲ）;2021:（解析版）;2022:（全国甲卷）
ultimately,ultimately**,selective_required,,ipa-dict(en_US/CMUdict),corroborated,ECDICT,ECDICT,historical_partial_2010_2022,0,
umbrella,umbrella,junior,3641,ipa-dict(en_US/CMUdict),corroborated,ECDICT,teacher_pdf_gloss,historical_partial_2010_2022,0,
unable,,extension,3643,ipa-dict(en_US/CMUdict),corroborated,ECDICT,teacher_pdf_gloss,historical_partial_2010_2022,4,2018:（新课标ⅲ）;2019:（新课标Ⅱ）;2020:（新课标Ⅲ）;2022:（全国乙卷）
uncertain,,extension,3646,ipa-dict(en_US/CMUdict),corroborated,ECDICT,teacher_pdf_gloss,historical_partial_2010_2022,2,2017:（新课标Ⅰ）;2020:（新课标Ⅲ）
uncle,uncle,junior,3647,ipa-dict(en_US/CMUdict),corroborated,ECDICT,teacher_pdf_gloss,historical_partial_2010_2022,2,2010:（新课标Ⅰ）;2016:（新课标Ⅰ）
uncomfortable,,extension,3648,ipa-dict(en_US/CMUdict),corroborated,ECDICT,teacher_pdf_gloss,historical_partial_2010_2022,4,2011:（新课标）;2016:（新课标Ⅰ）;2017:（新课标Ⅰ）;2018:（新课标ⅱ）
under,under,junior,3651,ipa-dict(en_US/CMUdict),corroborated,curated_function_words,teacher_pdf_gloss,historical_partial_2010_2022,15,2010:（新课标Ⅱ）;2014:（新课标Ⅰ）;2014:（新课标ⅱ）;2015:（新课标Ⅰ）;2016:（新课标Ⅰ）;2016:（新课标ⅱ）;2016:（新课标ⅲ）;2017:（新课标Ⅰ）;2017:（新课标ⅱ）;2018:（新课标Ⅰ）;2019:（新课标Ⅰ）;2019:（新课标Ⅲ）;2020:（新课标Ⅲ）;2021:（新课标Ⅰ）;2022:（全国乙卷）
underground,underground,junior,3652,ipa-dict(en_US/CMUdict),corroborated,ECDICT,teacher_pdf_gloss,historical_partial_2010_2022,4,2013:（新课标Ⅰ）;2016:（新课标ⅱ）;2017:（新课标ⅱ）;2020:（新课标Ⅲ）
understand,understand,junior,3654,ipa-dict(en_US/CMUdict),corroborated,ECDICT,teacher_pdf_gloss,historical_partial_2010_2022,14,2011:（全国卷ii）;2011:（新课标）;2013:（新课标ii）;2014:（新课标ⅱ）;2016:（新课标Ⅰ）;2016:（新课标ⅲ）;2017:（新课标Ⅰ）;2017:（新课标ⅲ）;2018:（新课标ⅲ）;2019:（新课标Ⅲ）;2020:（新课标Ⅰ）;2020:（新课标Ⅱ）;2021:（解析版）;2022:（全国甲卷）
understanding,,extension,3655,ipa-dict(en_US/CMUdict),corroborated,ECDICT,teacher_pdf_gloss,historical_partial_2010_2022,11,2010:（新课标Ⅰ）;2011:（全国卷ii）;2013:（新课标ii）;2014:（新课标Ⅰ）;2014:（新课标ⅱ）;2016:（新课标Ⅰ）;2016:（新课标ⅱ）;2018:（新课标ⅲ）;2019:（新课标Ⅱ）;2020:（新课标Ⅰ）;2020:（新课标Ⅲ）
undertake,,extension,3656,ipa-dict(en_US/CMUdict),corroborated,ECDICT,teacher_pdf_gloss,historical_partial_2010_2022,0,
unemployment,,extension,3661,ipa-dict(en_US/CMUdict),corroborated,ECDICT,teacher_pdf_gloss,historical_partial_2010_2022,0,
unfair,,extension,3662,ipa-dict(en_US/CMUdict),corroborated,ECDICT,teacher_pdf_gloss,historical_partial_2010_2022,2,2014:（新课标Ⅰ）;2021:（解析版）
unfold,,extension,3664,ipa-dict(en_US/CMUdict),corroborated,ECDICT,teacher_pdf_gloss,historical_partial_2010_2022,1,2019:（新课标Ⅱ）
unfortunately,,extension,3665,ipa-dict(en_US/CMUdict),corroborated,ECDICT,teacher_pdf_gloss,historical_partial_2010_2022,2,2015:（新课标Ⅰ）;2017:（新课标Ⅰ）
unhappy,,extension,3666,ipa-dict(en_US/CMUdict),corroborated,ECDICT,teacher_pdf_gloss,historical_partial_2010_2022,1,2011:（全国卷ii）
uniform,uniform**,selective_required,3668,ipa-dict(en_US/CMUdict),corroborated,ECDICT,teacher_pdf_gloss,historical_partial_2010_2022,1,2019:（新课标Ⅱ）
union,,extension,3670,ipa-dict(en_US/CMUdict),corroborated,ECDICT,teacher_pdf_gloss,historical_partial_2010_2022,1,2015:（新课标ⅱ）
unique,unique*,required,3671,ipa-dict(en_US/CMUdict),corroborated,ECDICT,teacher_pdf_gloss,historical_partial_2010_2022,6,2017:（新课标ⅱ）;2018:（新课标Ⅰ）;2018:（新课标ⅲ）;2019:（新课标Ⅰ）;2019:（新课标Ⅲ）;2021:（新课标Ⅰ）
unit,unit,junior,3672,ipa-dict(en_US/CMUdict),corroborated,ECDICT,teacher_pdf_gloss,historical_partial_2010_2022,8,2010:（新课标Ⅰ）;2011:（新课标）;2014:（新课标Ⅰ）;2016:（新课标Ⅰ）;2017:（新课标Ⅰ）;2017:（新课标ⅲ）;2018:（新课标Ⅰ）;2022:（全国乙卷）
unite,,extension,3673,ipa-dict(en_US/CMUdict),corroborated,ECDICT,teacher_pdf_gloss,historical_partial_2010_2022,0,
universal,,extension,3674,ipa-dict(en_US/CMUdict),corroborated,ECDICT,teacher_pdf_gloss,historical_partial_2010_2022,1,2018:（新课标Ⅰ）
universe,universe**,selective_required,3675,ipa-dict(en_US/CMUdict),corroborated,ECDICT,teacher_pdf_gloss,historical_partial_2010_2022,1,2012:（新课标）
university,university,junior,3676,ipa-dict(en_US/CMUdict),corroborated,ECDICT,teacher_pdf_gloss,historical_partial_2010_2022,14,2010:（新课标Ⅰ）;2011:（全国卷ii）;2013:（新课标ii）;2014:（新课标Ⅰ）;2014:（新课标ⅱ）;2015:（新课标ⅱ）;2016:（新课标ⅲ）;2017:（新课标ⅲ）;2018:（新课标ⅱ）;2018:（新课标ⅲ）;2020:（新课标Ⅰ）;2020:（新课标Ⅱ）;2020:（新课标Ⅲ）;2022:（全国甲卷）
unknown,,extension,3677,ipa-dict(en_US/CMUdict),corroborated,ECDICT,teacher_pdf_gloss,historical_partial_2010_2022,5,2010:（新课标Ⅱ）;2011:（新课标）;2018:（新课标ⅲ）;2019:（新课标Ⅱ）;2019:（新课标Ⅲ）
unless,unless,junior,3678,ipa-dict(en_US/CMUdict),corroborated,curated_function_words,teacher_pdf_gloss,historical_partial_2010_2022,5,2010:（新课标Ⅰ）;2010:（新课标Ⅱ）;2012:（新课标）;2016:（新课标Ⅰ）;2020:（新课标Ⅰ）
unlike,,extension,3679,ipa-dict(en_US/CMUdict),corroborated,curated_function_words,teacher_pdf_gloss,historical_partial_2010_2022,3,2013:（新课标Ⅰ）;2017:（新课标Ⅰ）;2017:（新课标ⅲ）
until,until (till),junior,3685,ipa-dict(en_US/CMUdict),corroborated,curated_function_words,teacher_pdf_gloss,historical_partial_2010_2022,16,2010:（新课标Ⅰ）;2010:（新课标Ⅱ）;2011:（全国卷ii）;2012:（新课标）;2013:（新课标ii）;2013:（新课标Ⅰ）;2014:（新课标Ⅰ）;2014:（新课标ⅱ）;2015:（新课标ⅱ）;2016:（新课标Ⅰ）;2016:（新课标ⅱ）;2017:（新课标Ⅰ）;2018:（新课标ⅱ）;2020:（新课标Ⅱ）;2021:（新课标Ⅰ）;2021:（解析版）
unusual,unusual**,selective_required,3687,ipa-dict(en_US/CMUdict),corroborated,ECDICT,teacher_pdf_gloss,historical_partial_2010_2022,5,2012:（新课标）;2013:（新课标ii）;2018:（新课标ⅱ）;2020:（新课标Ⅰ）;2020:（新课标Ⅱ）
up,up,junior,,ipa-dict(en_US/CMUdict),corroborated,curated_core_pos,curated_override,historical_partial_2010_2022,29,2010:（新课标Ⅰ）;2010:（新课标Ⅱ）;2011:（全国卷ii）;2011:（新课标）;2012:（新课标）;2013:（新课标ii）;2013:（新课标Ⅰ）;2014:（新课标Ⅰ）;2014:（新课标ⅱ）;2015:（新课标Ⅰ）;2015:（新课标ⅱ）;2016:（新课标Ⅰ）;2016:（新课标ⅱ）;2016:（新课标ⅲ）;2017:（新课标Ⅰ）;2017:（新课标ⅱ）;2017:（新课标ⅲ）;2018:（新课标Ⅰ）;2018:（新课标ⅱ）;2018:（新课标ⅲ）;2019:（新课标Ⅰ）;2019:（新课标Ⅱ）;2020:（新课标Ⅰ）;2020:（新课标Ⅱ）;2020:（新课标Ⅲ）;2021:（新课标Ⅰ）;2021:（解析版）;2022:（全国乙卷）;2022:（全国甲卷）
update,update*,required,,ipa-dict(en_US/CMUdict),corroborated,ECDICT,ECDICT,historical_partial_2010_2022,6,2015:（新课标Ⅰ）;2016:（新课标ⅱ）;2017:（新课标ⅱ）;2018:（新课标Ⅰ）;2018:（新课标ⅲ）;2021:（新课标Ⅰ）
upon,upon,junior,3690,ipa-dict(en_US/CMUdict),corroborated,curated_function_words,teacher_pdf_gloss,historical_partial_2010_2022,7,2010:（新课标Ⅱ）;2011:（新课标）;2013:（新课标ii）;2014:（新课标ⅱ）;2017:（新课标ⅲ）;2018:（新课标ⅲ）;2019:（新课标Ⅰ）
upper,upper*,required,3691,ipa-dict(en_US/CMUdict),corroborated,ECDICT,teacher_pdf_gloss,historical_partial_2010_2022,0,
upset,upset**,selective_required,3692,ipa-dict(en_US/CMUdict),corroborated,ECDICT,teacher_pdf_gloss,historical_partial_2010_2022,5,2012:（新课标）;2014:（新课标Ⅰ）;2020:（新课标Ⅰ）;2020:（新课标Ⅲ）;2022:（全国乙卷）
upstairs,,extension,3693,ipa-dict(en_US/CMUdict),corroborated,ECDICT,teacher_pdf_gloss,historical_partial_2010_2022,2,2017:（新课标Ⅰ）;2020:（新课标Ⅲ）
urban,urban**,selective_required,3695,ipa-dict(en_US/CMUdict),corroborated,ECDICT,teacher_pdf_gloss,historical_partial_2010_2022,0,
urge,urge**,selective_required,3696,ipa-dict(en_US/CMUdict),corroborated,ECDICT,teacher_pdf_gloss,historical_partial_2010_2022,2,2017:（新课标Ⅰ）;2018:（新课标Ⅰ）
urgent,urgent**,selective_required,3697,ipa-dict(en_US/CMUdict),corroborated,ECDICT,teacher_pdf_gloss,historical_partial_2010_2022,0,
us,US,junior,,ipa-dict(en_US/CMUdict),corroborated,curated_function_words,ECDICT,historical_partial_2010_2022,28,2010:（新课标Ⅱ）;2011:（全国卷ii）;2011:（新课标）;2012:（新课标）;2013:（新课标ii）;2013:（新课标Ⅰ）;2014:（新课标Ⅰ）;2014:（新课标ⅱ）;2015:（新课标Ⅰ）;2015:（新课标ⅱ）;2016:（新课标Ⅰ）;2016:（新课标ⅱ）;2016:（新课标ⅲ）;2017:（新课标Ⅰ）;2017:（新课标ⅱ）;2017:（新课标ⅲ）;2018:（新课标Ⅰ）;2018:（新课标ⅱ）;2018:（新课标ⅲ）;2019:（新课标Ⅰ）;2019:（新课标Ⅱ）;2019:（新课标Ⅲ）;2020:（新课标Ⅰ）;2020:（新课标Ⅱ）;2020:（新课标Ⅲ）;2021:（新课标Ⅰ）;2021:（解析版）;2022:（全国甲卷）
use,use,junior,3699,ipa-dict(en_US/CMUdict),corroborated,ECDICT,curated_override,historical_partial_2010_2022,26,2010:（新课标Ⅰ）;2010:（新课标Ⅱ）;2011:（全国卷ii）;2011:（新课标）;2012:（新课标）;2013:（新课标Ⅰ）;2014:（新课标Ⅰ）;2014:（新课标ⅱ）;2015:（新课标Ⅰ）;2015:（新课标ⅱ）;2016:（新课标Ⅰ）;2016:（新课标ⅲ）;2017:（新课标Ⅰ）;2017:（新课标ⅱ）;2017:（新课标ⅲ）;2018:（新课标Ⅰ）;2018:（新课标ⅱ）;2018:（新课标ⅲ）;2019:（新课标Ⅱ）;2019:（新课标Ⅲ）;2020:（新课标Ⅰ）;2020:（新课标Ⅱ）;2020:（新课标Ⅲ）;2021:（新课标Ⅰ）;2022:（全国乙卷）;2022:（全国甲卷）
used,used,junior,,ipa-dict(en_US/CMUdict),corroborated,ECDICT,ECDICT,historical_partial_2010_2022,22,2011:（全国卷ii）;2012:（新课标）;2013:（新课标ii）;2013:（新课标Ⅰ）;2015:（新课标Ⅰ）;2015:（新课标ⅱ）;2016:（新课标Ⅰ）;2016:（新课标ⅱ）;2016:（新课标ⅲ）;2017:（新课标ⅲ）;2018:（新课标Ⅰ）;2018:（新课标ⅱ）;2018:（新课标ⅲ）;2019:（新课标Ⅰ）;2019:（新课标Ⅲ）;2020:（新课标Ⅰ）;2020:（新课标Ⅱ）;2020:（新课标Ⅲ）;2021:（新课标Ⅰ）;2021:（解析版）;2022:（全国乙卷）;2022:（全国甲卷）
useful,useful,junior,3700,ipa-dict(en_US/CMUdict),corroborated,ECDICT,teacher_pdf_gloss,historical_partial_2010_2022,9,2013:（新课标ii）;2014:（新课标ⅱ）;2016:（新课标ⅱ）;2017:（新课标ⅱ）;2018:（新课标Ⅰ）;2018:（新课标ⅱ）;2020:（新课标Ⅱ）;2021:（新课标Ⅰ）;2022:（全国乙卷）
user,,extension,3702,ipa-dict(en_US/CMUdict),corroborated,ECDICT,teacher_pdf_gloss,historical_partial_2010_2022,6,2010:（新课标Ⅰ）;2014:（新课标Ⅰ）;2014:（新课标ⅱ）;2018:（新课标ⅲ）;2020:（新课标Ⅱ）;2021:（新课标Ⅰ）
usual,usual,junior,3703,ipa-dict(en_US/CMUdict),corroborated,ECDICT,teacher_pdf_gloss,historical_partial_2010_2022,3,2011:（全国卷ii）;2013:（新课标Ⅰ）;2020:（新课标Ⅲ）
usually,usually,junior,3704,ipa-dict(en_US/CMUdict),corroborated,ECDICT,teacher_pdf_gloss,historical_partial_2010_2022,10,2010:（新课标Ⅰ）;2011:（全国卷ii）;2012:（新课标）;2014:（新课标Ⅰ）;2016:（新课标ⅲ）;2017:（新课标ⅱ）;2018:（新课标ⅲ）;2019:（新课标Ⅲ）;2020:（新课标Ⅲ）;2022:（全国甲卷）
vacation,vacation,junior,3705,ipa-dict(en_US/CMUdict),corroborated,ECDICT,teacher_pdf_gloss,historical_partial_2010_2022,7,2010:（新课标Ⅱ）;2011:（新课标）;2013:（新课标Ⅰ）;2015:（新课标ⅱ）;2016:（新课标ⅲ）;2018:（新课标ⅱ）;2020:（新课标Ⅱ）
vague,,extension,3707,ipa-dict(en_US/CMUdict),corroborated,ECDICT,teacher_pdf_gloss,historical_partial_2010_2022,0,
valid,,extension,3709,ipa-dict(en_US/CMUdict),corroborated,ECDICT,teacher_pdf_gloss,historical_partial_2010_2022,1,2020:（新课标Ⅰ）
valley,valley**,selective_required,3710,ipa-dict(en_US/CMUdict),corroborated,ECDICT,teacher_pdf_gloss,historical_partial_2010_2022,4,2017:（新课标Ⅰ）;2019:（新课标Ⅲ）;2020:（新课标Ⅰ）;2020:（新课标Ⅲ）
valuable,valuable,junior,3711,ipa-dict(en_US/CMUdict),corroborated,ECDICT,teacher_pdf_gloss,historical_partial_2010_2022,4,2014:（新课标Ⅰ）;2016:（新课标ⅲ）;2017:（新课标ⅲ）;2020:（新课标Ⅲ）
value,value,junior,3712,ipa-dict(en_US/CMUdict),corroborated,ECDICT,teacher_pdf_gloss,historical_partial_2010_2022,9,2010:（新课标Ⅰ）;2011:（新课标）;2013:（新课标Ⅰ）;2016:（新课标Ⅰ）;2017:（新课标Ⅰ）;2018:（新课标Ⅰ）;2019:（新课标Ⅱ）;2019:（新课标Ⅲ）;2020:（新课标Ⅰ）
variation,variation**,selective_required,,ipa-dict(en_US/CMUdict),corroborated,ECDICT,ECDICT,historical_partial_2010_2022,0,
variety,variety*,required,3714,ipa-dict(en_US/CMUdict),corroborated,ECDICT,teacher_pdf_gloss,historical_partial_2010_2022,9,2011:（新课标）;2012:（新课标）;2013:（新课标ii）;2016:（新课标ⅲ）;2017:（新课标ⅲ）;2018:（新课标ⅲ）;2019:（新课标Ⅰ）;2019:（新课标Ⅱ）;2020:（新课标Ⅲ）
various,various*,required,3715,ipa-dict(en_US/CMUdict),corroborated,ECDICT,teacher_pdf_gloss,historical_partial_2010_2022,7,2013:（新课标Ⅰ）;2015:（新课标ⅱ）;2016:（新课标ⅲ）;2017:（新课标Ⅰ）;2020:（新课标Ⅰ）;2021:（新课标Ⅰ）;2022:（全国甲卷）
vary,vary**,selective_required,,ipa-dict(en_US/CMUdict),corroborated,ECDICT,ECDICT,historical_partial_2010_2022,4,2014:（新课标ⅱ）;2016:（新课标Ⅰ）;2019:（新课标Ⅰ）;2022:（全国乙卷）
vase,vase**,selective_required,3716,ipa-dict(en_US/CMUdict),corroborated,ECDICT,teacher_pdf_gloss,historical_partial_2010_2022,0,
vast,vast**,selective_required,3717,ipa-dict(en_US/CMUdict),corroborated,ECDICT,teacher_pdf_gloss,historical_partial_2010_2022,2,2018:（新课标Ⅰ）;2020:（新课标Ⅱ）
vegetable,vegetable,junior,3720,ipa-dict(en_US/CMUdict),corroborated,ECDICT,teacher_pdf_gloss,historical_partial_2010_2022,7,2011:（新课标）;2013:（新课标Ⅰ）;2015:（新课标Ⅰ）;2016:（新课标Ⅰ）;2016:（新课标ⅱ）;2017:（新课标ⅱ）;2020:（新课标Ⅰ）
vehicle,vehicle*,required,3721,ipa-dict(en_US/CMUdict),corroborated,ECDICT,teacher_pdf_gloss,historical_partial_2010_2022,3,2016:（新课标Ⅰ）;2017:（新课标ⅱ）;2021:（新课标Ⅰ）
venue,venue**,selective_required,,ipa-dict(en_US/CMUdict),corroborated,ECDICT,ECDICT,historical_partial_2010_2022,0,
version,version**,selective_required,3722,ipa-dict(en_US/CMUdict),corroborated,ECDICT,teacher_pdf_gloss,historical_partial_2010_2022,1,2020:（新课标Ⅰ）
vertical,,extension,3723,ipa-dict(en_US/CMUdict),corroborated,ECDICT,teacher_pdf_gloss,historical_partial_2010_2022,0,
very,very,junior,3724,ipa-dict(en_US/CMUdict),corroborated,ECDICT,teacher_pdf_gloss,historical_partial_2010_2022,26,2010:（新课标Ⅰ）;2010:（新课标Ⅱ）;2011:（全国卷ii）;2011:（新课标）;2012:（新课标）;2013:（新课标ii）;2013:（新课标Ⅰ）;2014:（新课标ⅱ）;2015:（新课标Ⅰ）;2015:（新课标ⅱ）;2016:（新课标Ⅰ）;2016:（新课标ⅲ）;2017:（新课标Ⅰ）;2017:（新课标ⅱ）;2017:（新课标ⅲ）;2018:（新课标Ⅰ）;2018:（新课标ⅱ）;2018:（新课标ⅲ）;2019:（新课标Ⅰ）;2019:（新课标Ⅱ）;2019:（新课标Ⅲ）;2020:（新课标Ⅰ）;2020:（新课标Ⅲ）;2021:（解析版）;2022:（全国乙卷）;2022:（全国甲卷）
via,,extension,3726,ipa-dict(en_US/CMUdict),corroborated,curated_function_words,teacher_pdf_gloss,historical_partial_2010_2022,0,
victim,victim**,selective_required,3728,ipa-dict(en_US/CMUdict),corroborated,ECDICT,teacher_pdf_gloss,historical_partial_2010_2022,1,2015:（新课标Ⅰ）
victory,victory,junior,3729,ipa-dict(en_US/CMUdict),corroborated,ECDICT,teacher_pdf_gloss,historical_partial_2010_2022,0,
video,video,junior,3730,ipa-dict(en_US/CMUdict),corroborated,ECDICT,teacher_pdf_gloss,historical_partial_2010_2022,3,2019:（新课标Ⅱ）;2019:（新课标Ⅲ）;2020:（新课标Ⅱ）
view,view*,required,3732,ipa-dict(en_US/CMUdict),corroborated,ECDICT,teacher_pdf_gloss,historical_partial_2010_2022,10,2013:（新课标Ⅰ）;2014:（新课标ⅱ）;2016:（新课标Ⅰ）;2016:（新课标ⅱ）;2018:（新课标Ⅰ）;2018:（新课标ⅲ）;2019:（新课标Ⅰ）;2020:（新课标Ⅱ）;2021:（新课标Ⅰ）;2021:（解析版）
viewer,,extension,3733,ipa-dict(en_US/CMUdict),corroborated,ECDICT,teacher_pdf_gloss,historical_partial_2010_2022,4,2015:（新课标Ⅰ）;2015:（新课标ⅱ）;2018:（新课标Ⅰ）;2021:（新课标Ⅰ）
village,village,junior,3734,ipa-dict(en_US/CMUdict),corroborated,ECDICT,teacher_pdf_gloss,historical_partial_2010_2022,4,2010:（新课标Ⅰ）;2014:（新课标Ⅰ）;2019:（新课标Ⅰ）;2020:（新课标Ⅲ）
violate,,extension,3737,ipa-dict(en_US/CMUdict),corroborated,ECDICT,teacher_pdf_gloss,historical_partial_2010_2022,1,2015:（新课标Ⅰ）
violence,violence**,selective_required,3738,ipa-dict(en_US/CMUdict),corroborated,ECDICT,teacher_pdf_gloss,historical_partial_2010_2022,0,
violent,,extension,3739,ipa-dict(en_US/CMUdict),corroborated,ECDICT,teacher_pdf_gloss,historical_partial_2010_2022,1,2016:（新课标ⅲ）
violin,violin,junior,3740,ipa-dict(en_US/CMUdict),corroborated,ECDICT,teacher_pdf_gloss,historical_partial_2010_2022,0,
virtual,virtual**,selective_required,,ipa-dict(en_US/CMUdict),corroborated,ECDICT,ECDICT,historical_partial_2010_2022,1,2016:（新课标ⅱ）
virtue,virtue**,selective_required,3742,ipa-dict(en_US/CMUdict),corroborated,ECDICT,teacher_pdf_gloss,historical_partial_2010_2022,1,2017:（新课标ⅱ）
virus,virus**,selective_required,3743,ipa-dict(en_US/CMUdict),corroborated,ECDICT,teacher_pdf_gloss,historical_partial_2010_2022,0,
visible,visible**,selective_required,,ipa-dict(en_US/CMUdict),corroborated,ECDICT,ECDICT,historical_partial_2010_2022,0,
vision,vision**,selective_required,,ipa-dict(en_US/CMUdict),corroborated,ECDICT,ECDICT,historical_partial_2010_2022,1,2017:（新课标ⅲ）
visit,visit,junior,3745,ipa-dict(en_US/CMUdict),corroborated,ECDICT,teacher_pdf_gloss,historical_partial_2010_2022,23,2010:（新课标Ⅱ）;2011:（全国卷ii）;2012:（新课标）;2013:（新课标ii）;2014:（新课标ⅱ）;2015:（新课标Ⅰ）;2015:（新课标ⅱ）;2016:（新课标Ⅰ）;2016:（新课标ⅱ）;2016:（新课标ⅲ）;2017:（新课标Ⅰ）;2017:（新课标ⅱ）;2017:（新课标ⅲ）;2018:（新课标Ⅰ）;2018:（新课标ⅱ）;2018:（新课标ⅲ）;2019:（新课标Ⅲ）;2020:（新课标Ⅰ）;2020:（新课标Ⅱ）;2020:（新课标Ⅲ）;2021:（新课标Ⅰ）;2021:（解析版）;2022:（全国甲卷）
visitor,visitor,junior,3746,ipa-dict(en_US/CMUdict),corroborated,ECDICT,teacher_pdf_gloss,historical_partial_2010_2022,12,2010:（新课标Ⅰ）;2010:（新课标Ⅱ）;2011:（全国卷ii）;2011:（新课标）;2012:（新课标）;2015:（新课标Ⅰ）;2016:（新课标Ⅰ）;2018:（新课标ⅲ）;2019:（新课标Ⅲ）;2020:（新课标Ⅱ）;2020:（新课标Ⅲ）;2021:（新课标Ⅰ）
visual,visual**,selective_required,3747,ipa-dict(en_US/CMUdict),corroborated,ECDICT,teacher_pdf_gloss,historical_partial_2010_2022,2,2018:（新课标Ⅰ）;2022:（全国甲卷）
vital,vital**,selective_required,3748,ipa-dict(en_US/CMUdict),corroborated,ECDICT,teacher_pdf_gloss,historical_partial_2010_2022,1,2022:（全国乙卷）
vivid,vivid**,selective_required,3749,ipa-dict(en_US/CMUdict),corroborated,ECDICT,teacher_pdf_gloss,historical_partial_2010_2022,0,
vocabulary,vocabulary**,selective_required,3750,ipa-dict(en_US/CMUdict),corroborated,ECDICT,teacher_pdf_gloss,historical_partial_2010_2022,0,
voice,voice,junior,3751,ipa-dict(en_US/CMUdict),corroborated,ECDICT,teacher_pdf_gloss,historical_partial_2010_2022,10,2013:（新课标ii）;2013:（新课标Ⅰ）;2014:（新课标Ⅰ）;2014:（新课标ⅱ）;2016:（新课标Ⅰ）;2016:（新课标ⅱ）;2017:（新课标Ⅰ）;2020:（新课标Ⅱ）;2021:（新课标Ⅰ）;2022:（全国乙卷）
volcano,volcano*,required,3752,ipa-dict(en_US/CMUdict),corroborated,ECDICT,teacher_pdf_gloss,historical_partial_2010_2022,0,
volleyball,volleyball,junior,3753,ipa-dict(en_US/CMUdict),corroborated,ECDICT,teacher_pdf_gloss,historical_partial_2010_2022,0,
volume,volume**,selective_required,,ipa-dict(en_US/CMUdict),corroborated,ECDICT,ECDICT,historical_partial_2010_2022,0,
voluntary,,extension,3754,ipa-dict(en_US/CMUdict),corroborated,ECDICT,teacher_pdf_gloss,historical_partial_2010_2022,0,
volunteer,volunteer*,required,3755,ipa-dict(en_US/CMUdict),corroborated,ECDICT,teacher_pdf_gloss,historical_partial_2010_2022,6,2016:（新课标Ⅰ）;2017:（新课标Ⅰ）;2019:（新课标Ⅰ）;2019:（新课标Ⅱ）;2021:（新课标Ⅰ）;2022:（全国甲卷）
vote,vote**,selective_required,3756,ipa-dict(en_US/CMUdict),corroborated,ECDICT,teacher_pdf_gloss,historical_partial_2010_2022,3,2016:（新课标Ⅰ）;2017:（新课标ⅱ）;2019:（新课标Ⅰ）
wage,wage**,selective_required,3759,ipa-dict(en_US/CMUdict),corroborated,ECDICT,teacher_pdf_gloss,historical_partial_2010_2022,0,
waist,waist**,selective_required,3760,ipa-dict(en_US/CMUdict),corroborated,ECDICT,teacher_pdf_gloss,historical_partial_2010_2022,0,
wait,wait,junior,3761,ipa-dict(en_US/CMUdict),corroborated,ECDICT,teacher_pdf_gloss,historical_partial_2010_2022,20,2010:（新课标Ⅰ）;2011:（全国卷ii）;2011:（新课标）;2012:（新课标）;2013:（新课标Ⅰ）;2014:（新课标Ⅰ）;2014:（新课标ⅱ）;2015:（新课标ⅱ）;2016:（新课标Ⅰ）;2016:（新课标ⅱ）;2017:（新课标ⅱ）;2018:（新课标Ⅰ）;2018:（新课标ⅲ）;2019:（新课标Ⅰ）;2019:（新课标Ⅱ）;2019:（新课标Ⅲ）;2020:（新课标Ⅰ）;2020:（新课标Ⅲ）;2021:（解析版）;2022:（全国甲卷）
wake,wake,junior,3765,ipa-dict(en_US/CMUdict),corroborated,ECDICT,teacher_pdf_gloss,historical_partial_2010_2022,5,2011:（全国卷ii）;2012:（新课标）;2017:（新课标ⅲ）;2020:（新课标Ⅰ）;2021:（解析版）
walk,walk,junior,3767,ipa-dict(en_US/CMUdict),corroborated,ECDICT,teacher_pdf_gloss,historical_partial_2010_2022,20,2010:（新课标Ⅰ）;2010:（新课标Ⅱ）;2011:（全国卷ii）;2012:（新课标）;2013:（新课标ii）;2013:（新课标Ⅰ）;2014:（新课标ⅱ）;2015:（新课标Ⅰ）;2015:（新课标ⅱ）;2016:（新课标Ⅰ）;2016:（新课标ⅲ）;2017:（新课标Ⅰ）;2018:（新课标Ⅰ）;2018:（新课标ⅲ）;2019:（新课标Ⅰ）;2020:（新课标Ⅰ）;2020:（新课标Ⅱ）;2020:（新课标Ⅲ）;2021:（解析版）;2022:（全国甲卷）
wall,wall,junior,3769,ipa-dict(en_US/CMUdict),corroborated,ECDICT,teacher_pdf_gloss,historical_partial_2010_2022,8,2010:（新课标Ⅰ）;2011:（全国卷ii）;2015:（新课标ⅱ）;2017:（新课标ⅱ）;2018:（新课标Ⅰ）;2018:（新课标ⅲ）;2020:（新课标Ⅲ）;2021:（解析版）
wallet,wallet,junior,3770,ipa-dict(en_US/CMUdict),corroborated,ECDICT,teacher_pdf_gloss,historical_partial_2010_2022,1,2018:（新课标Ⅰ）
wander,wander**,selective_required,3772,ipa-dict(en_US/CMUdict),corroborated,ECDICT,teacher_pdf_gloss,historical_partial_2010_2022,4,2018:（新课标ⅲ）;2020:（新课标Ⅲ）;2021:（新课标Ⅰ）;2021:（解析版）
want,want,junior,3773,ipa-dict(en_US/CMUdict),corroborated,ECDICT,teacher_pdf_gloss,historical_partial_2010_2022,27,2010:（新课标Ⅱ）;2011:（新课标）;2012:（新课标）;2013:（新课标ii）;2013:（新课标Ⅰ）;2014:（新课标Ⅰ）;2014:（新课标ⅱ）;2015:（新课标ⅱ）;2016:（新课标Ⅰ）;2016:（新课标ⅱ）;2016:（新课标ⅲ）;2017:（新课标Ⅰ）;2017:（新课标ⅱ）;2017:（新课标ⅲ）;2018:（新课标Ⅰ）;2018:（新课标ⅱ）;2018:（新课标ⅲ）;2019:（新课标Ⅰ）;2019:（新课标Ⅱ）;2019:（新课标Ⅲ）;2020:（新课标Ⅰ）;2020:（新课标Ⅱ）;2020:（新课标Ⅲ）;2021:（新课标Ⅰ）;2021:（解析版）;2022:（全国乙卷）;2022:（全国甲卷）
war,war,junior,3774,ipa-dict(en_US/CMUdict),corroborated,ECDICT,teacher_pdf_gloss,historical_partial_2010_2022,3,2010:（新课标Ⅱ）;2013:（新课标ii）;2018:（新课标ⅱ）
ward,ward**,selective_required,3775,ipa-dict(en_US/CMUdict),corroborated,ECDICT,teacher_pdf_gloss,historical_partial_2010_2022,0,
warehouse,,extension,3776,ipa-dict(en_US/CMUdict),corroborated,ECDICT,teacher_pdf_gloss,historical_partial_2010_2022,1,2017:（新课标ⅲ）
warm,warm,junior,3777,ipa-dict(en_US/CMUdict),corroborated,ECDICT,teacher_pdf_gloss,historical_partial_2010_2022,12,2010:（新课标Ⅰ）;2010:（新课标Ⅱ）;2014:（新课标ⅱ）;2015:（新课标Ⅰ）;2015:（新课标ⅱ）;2016:（新课标ⅱ）;2016:（新课标ⅲ）;2017:（新课标ⅲ）;2018:（新课标ⅲ）;2019:（新课标Ⅲ）;2020:（新课标Ⅲ）;2021:（解析版）
warmth,,extension,3779,ipa-dict(en_US/CMUdict),corroborated,ECDICT,teacher_pdf_gloss,historical_partial_2010_2022,2,2015:（新课标Ⅰ）;2017:（新课标ⅲ）
warn,warn,junior,,ipa-dict(en_US/CMUdict),corroborated,ECDICT,ECDICT,historical_partial_2010_2022,2,2011:（全国卷ii）;2015:（新课标ⅱ）
warning,warning**,selective_required,3781,ipa-dict(en_US/CMUdict),corroborated,ECDICT,teacher_pdf_gloss,historical_partial_2010_2022,4,2011:（新课标）;2015:（新课标ⅱ）;2018:（新课标ⅲ）;2022:（全国乙卷）
wash,wash,junior,,ipa-dict(en_US/CMUdict),corroborated,ECDICT,ECDICT,historical_partial_2010_2022,1,2020:（新课标Ⅲ）
washroom,washroom**,selective_required,3784,ipa-dict(en_US/CMUdict),corroborated,ECDICT,teacher_pdf_gloss,historical_partial_2010_2022,0,
waste,waste,junior,3785,ipa-dict(en_US/CMUdict),corroborated,ECDICT,teacher_pdf_gloss,historical_partial_2010_2022,7,2010:（新课标Ⅰ）;2017:（新课标ⅲ）;2018:（新课标Ⅰ）;2018:（新课标ⅱ）;2019:（新课标Ⅰ）;2019:（新课标Ⅱ）;2021:（新课标Ⅰ）
watch,watch,junior,3786,ipa-dict(en_US/CMUdict),corroborated,ECDICT,teacher_pdf_gloss,historical_partial_2010_2022,17,2010:（新课标Ⅰ）;2011:（全国卷ii）;2011:（新课标）;2012:（新课标）;2013:（新课标ii）;2015:（新课标ⅱ）;2016:（新课标ⅲ）;2017:（新课标Ⅰ）;2017:（新课标ⅱ）;2018:（新课标ⅱ）;2018:（新课标ⅲ）;2019:（新课标Ⅱ）;2019:（新课标Ⅲ）;2020:（新课标Ⅲ）;2021:（新课标Ⅰ）;2021:（解析版）;2022:（全国甲卷）
water,water,junior,3787,ipa-dict(en_US/CMUdict),corroborated,ECDICT,teacher_pdf_gloss,historical_partial_2010_2022,18,2010:（新课标Ⅰ）;2010:（新课标Ⅱ）;2011:（全国卷ii）;2012:（新课标）;2014:（新课标Ⅰ）;2014:（新课标ⅱ）;2015:（新课标Ⅰ）;2016:（新课标Ⅰ）;2016:（新课标ⅱ）;2017:（新课标Ⅰ）;2017:（新课标ⅱ）;2018:（新课标Ⅰ）;2018:（新课标ⅱ）;2019:（新课标Ⅲ）;2020:（新课标Ⅰ）;2020:（新课标Ⅲ）;2021:（新课标Ⅰ）;2022:（全国甲卷）
watermelon,watermelon,junior,3788,ipa-dict(en_US/CMUdict),corroborated,ECDICT,teacher_pdf_gloss,historical_partial_2010_2022,0,
wave,wave**,selective_required,,ipa-dict(en_US/CMUdict),corroborated,ECDICT,ECDICT,historical_partial_2010_2022,6,2010:（新课标Ⅰ）;2014:（新课标Ⅰ）;2014:（新课标ⅱ）;2016:（新课标ⅱ）;2021:（新课标Ⅰ）;2022:（全国乙卷）
way,way,junior,3791,ipa-dict(en_US/CMUdict),corroborated,ECDICT,teacher_pdf_gloss,historical_partial_2010_2022,30,2010:（新课标Ⅰ）;2010:（新课标Ⅱ）;2011:（全国卷ii）;2011:（新课标）;2012:（新课标）;2013:（新课标ii）;2013:（新课标Ⅰ）;2014:（新课标Ⅰ）;2014:（新课标ⅱ）;2015:（新课标Ⅰ）;2015:（新课标ⅱ）;2016:（新课标Ⅰ）;2016:（新课标ⅱ）;2016:（新课标ⅲ）;2017:（新课标Ⅰ）;2017:（新课标ⅱ）;2017:（新课标ⅲ）;2018:（新课标Ⅰ）;2018:（新课标ⅱ）;2018:（新课标ⅲ）;2019:（新课标Ⅰ）;2019:（新课标Ⅱ）;2019:（新课标Ⅲ）;2020:（新课标Ⅰ）;2020:（新课标Ⅱ）;2020:（新课标Ⅲ）;2021:（新课标Ⅰ）;2021:（解析版）;2022:（全国乙卷）;2022:（全国甲卷）
we,we,junior,3793,ipa-dict(en_US/CMUdict),corroborated,curated_function_words,teacher_pdf_gloss,historical_partial_2010_2022,30,2010:（新课标Ⅰ）;2010:（新课标Ⅱ）;2011:（全国卷ii）;2011:（新课标）;2012:（新课标）;2013:（新课标ii）;2013:（新课标Ⅰ）;2014:（新课标Ⅰ）;2014:（新课标ⅱ）;2015:（新课标Ⅰ）;2015:（新课标ⅱ）;2016:（新课标Ⅰ）;2016:（新课标ⅱ）;2016:（新课标ⅲ）;2017:（新课标Ⅰ）;2017:（新课标ⅱ）;2017:（新课标ⅲ）;2018:（新课标Ⅰ）;2018:（新课标ⅱ）;2018:（新课标ⅲ）;2019:（新课标Ⅰ）;2019:（新课标Ⅱ）;2019:（新课标Ⅲ）;2020:（新课标Ⅰ）;2020:（新课标Ⅱ）;2020:（新课标Ⅲ）;2021:（新课标Ⅰ）;2021:（解析版）;2022:（全国乙卷）;2022:（全国甲卷）
weak,weak,junior,3796,ipa-dict(en_US/CMUdict),corroborated,ECDICT,teacher_pdf_gloss,historical_partial_2010_2022,2,2014:（新课标ⅱ）;2017:（新课标ⅱ）
weakness,,extension,3797,ipa-dict(en_US/CMUdict),corroborated,ECDICT,teacher_pdf_gloss,historical_partial_2010_2022,4,2012:（新课标）;2013:（新课标Ⅰ）;2019:（新课标Ⅱ）;2020:（新课标Ⅰ）
wealth,wealth,junior,3798,ipa-dict(en_US/CMUdict),corroborated,ECDICT,teacher_pdf_gloss,historical_partial_2010_2022,3,2011:（全国卷ii）;2014:（新课标Ⅰ）;2020:（新课标Ⅱ）
wealthy,,extension,3799,ipa-dict(en_US/CMUdict),corroborated,ECDICT,teacher_pdf_gloss,historical_partial_2010_2022,1,2022:（全国乙卷）
weapon,weapon**,selective_required,,ipa-dict(en_US/CMUdict),corroborated,ECDICT,ECDICT,historical_partial_2010_2022,0,
wear,wear,junior,3800,ipa-dict(en_US/CMUdict),corroborated,ECDICT,teacher_pdf_gloss,historical_partial_2010_2022,8,2010:（新课标Ⅱ）;2011:（全国卷ii）;2013:（新课标ii）;2014:（新课标Ⅰ）;2016:（新课标ⅲ）;2017:（新课标ⅲ）;2020:（新课标Ⅱ）;2020:（新课标Ⅲ）
weather,weather,junior,3801,ipa-dict(en_US/CMUdict),corroborated,ECDICT,teacher_pdf_gloss,historical_partial_2010_2022,10,2010:（新课标Ⅰ）;2010:（新课标Ⅱ）;2011:（全国卷ii）;2012:（新课标）;2013:（新课标ii）;2014:（新课标ⅱ）;2015:（新课标Ⅰ）;2019:（新课标Ⅰ）;2019:（新课标Ⅲ）;2021:（解析版）
web,,extension,3794,ipa-dict(en_US/CMUdict),corroborated,ECDICT,teacher_pdf_gloss,historical_partial_2010_2022,1,2016:（新课标ⅲ）
website,website,junior,3795,ipa-dict(en_US/CMUdict),corroborated,ECDICT,teacher_pdf_gloss,historical_partial_2010_2022,9,2010:（新课标Ⅱ）;2015:（新课标Ⅰ）;2016:（新课标ⅱ）;2016:（新课标ⅲ）;2017:（新课标ⅲ）;2018:（新课标ⅲ）;2019:（新课标Ⅰ）;2021:（新课标Ⅰ）;2022:（全国甲卷）
wedding,wedding*,required,3802,ipa-dict(en_US/CMUdict),corroborated,ECDICT,teacher_pdf_gloss,historical_partial_2010_2022,1,2018:（新课标ⅲ）
wednesday,Wednesday,junior,3803,ipa-dict(en_US/CMUdict),corroborated,ECDICT,teacher_pdf_gloss,historical_partial_2010_2022,3,2016:（新课标ⅱ）;2017:（新课标ⅱ）;2019:（新课标Ⅲ）
weed,weed**,selective_required,3804,ipa-dict(en_US/CMUdict),corroborated,ECDICT,teacher_pdf_gloss,historical_partial_2010_2022,0,
week,week,junior,3805,ipa-dict(en_US/CMUdict),corroborated,ECDICT,teacher_pdf_gloss,historical_partial_2010_2022,19,2011:（全国卷ii）;2014:（新课标ⅱ）;2015:（新课标Ⅰ）;2015:（新课标ⅱ）;2016:（新课标ⅱ）;2017:（新课标Ⅰ）;2017:（新课标ⅱ）;2017:（新课标ⅲ）;2018:（新课标Ⅰ）;2018:（新课标ⅱ）;2018:（新课标ⅲ）;2019:（新课标Ⅰ）;2019:（新课标Ⅱ）;2020:（新课标Ⅰ）;2020:（新课标Ⅱ）;2020:（新课标Ⅲ）;2021:（新课标Ⅰ）;2021:（解析版）;2022:（全国甲卷）
weekday,weekday,junior,3806,ipa-dict(en_US/CMUdict),corroborated,ECDICT,teacher_pdf_gloss,historical_partial_2010_2022,1,2014:（新课标ⅱ）
weekend,weekend,junior,3807,ipa-dict(en_US/CMUdict),corroborated,ECDICT,teacher_pdf_gloss,historical_partial_2010_2022,9,2011:（全国卷ii）;2014:（新课标ⅱ）;2015:（新课标Ⅰ）;2015:（新课标ⅱ）;2017:（新课标Ⅰ）;2017:（新课标ⅲ）;2018:（新课标Ⅰ）;2019:（新课标Ⅱ）;2022:（全国甲卷）
weekly,weekly**,selective_required,3808,ipa-dict(en_US/CMUdict),corroborated,ECDICT,teacher_pdf_gloss,historical_partial_2010_2022,2,2017:（新课标ⅲ）;2018:（新课标Ⅰ）
weep,weep**,selective_required,3809,ipa-dict(en_US/CMUdict),corroborated,ECDICT,teacher_pdf_gloss,historical_partial_2010_2022,1,2022:（全国乙卷）
weigh,weigh,junior,3810,ipa-dict(en_US/CMUdict),corroborated,ECDICT,teacher_pdf_gloss,historical_partial_2010_2022,2,2016:（新课标ⅲ）;2021:（解析版）
weight,weight,junior,3811,ipa-dict(en_US/CMUdict),corroborated,ECDICT,teacher_pdf_gloss,historical_partial_2010_2022,10,2010:（新课标Ⅰ）;2011:（全国卷ii）;2011:（新课标）;2013:（新课标Ⅰ）;2014:（新课标Ⅰ）;2014:（新课标ⅱ）;2017:（新课标Ⅰ）;2020:（新课标Ⅰ）;2021:（新课标Ⅰ）;2022:（全国乙卷）
welcome,welcome,junior,3812,ipa-dict(en_US/CMUdict),corroborated,ECDICT,teacher_pdf_gloss,historical_partial_2010_2022,8,2010:（新课标Ⅰ）;2010:（新课标Ⅱ）;2017:（新课标Ⅰ）;2018:（新课标ⅲ）;2019:（新课标Ⅲ）;2020:（新课标Ⅰ）;2021:（解析版）;2022:（全国甲卷）
welfare,welfare**,selective_required,3813,ipa-dict(en_US/CMUdict),corroborated,ECDICT,teacher_pdf_gloss,historical_partial_2010_2022,0,
well,well,junior,3814,ipa-dict(en_US/CMUdict),corroborated,ECDICT,teacher_pdf_gloss,historical_partial_2010_2022,26,2010:（新课标Ⅰ）;2010:（新课标Ⅱ）;2011:（全国卷ii）;2011:（新课标）;2012:（新课标）;2013:（新课标ii）;2014:（新课标Ⅰ）;2014:（新课标ⅱ）;2015:（新课标Ⅰ）;2015:（新课标ⅱ）;2016:（新课标Ⅰ）;2016:（新课标ⅱ）;2016:（新课标ⅲ）;2017:（新课标Ⅰ）;2017:（新课标ⅱ）;2017:（新课标ⅲ）;2018:（新课标Ⅰ）;2018:（新课标ⅱ）;2018:（新课标ⅲ）;2019:（新课标Ⅰ）;2019:（新课标Ⅲ）;2020:（新课标Ⅲ）;2021:（新课标Ⅰ）;2021:（解析版）;2022:（全国乙卷）;2022:（全国甲卷）
west,west,junior,,ipa-dict(en_US/CMUdict),corroborated,ECDICT,ECDICT,historical_partial_2010_2022,7,2013:（新课标Ⅰ）;2014:（新课标ⅱ）;2018:（新课标ⅲ）;2019:（新课标Ⅱ）;2019:（新课标Ⅲ）;2022:（全国乙卷）;2022:（全国甲卷）
western,western,junior,3817,ipa-dict(en_US/CMUdict),corroborated,ECDICT,teacher_pdf_gloss,historical_partial_2010_2022,5,2013:（新课标Ⅰ）;2016:（新课标Ⅰ）;2018:（新课标ⅲ）;2019:（新课标Ⅲ）;2020:（新课标Ⅱ）
wet,wet,junior,3820,ipa-dict(en_US/CMUdict),corroborated,ECDICT,teacher_pdf_gloss,historical_partial_2010_2022,2,2018:（新课标Ⅰ）;2018:（新课标ⅲ）
whale,whale*,required,3821,ipa-dict(en_US/CMUdict),corroborated,ECDICT,teacher_pdf_gloss,historical_partial_2010_2022,2,2021:（新课标Ⅰ）;2022:（全国甲卷）
what,what,junior,3822,ipa-dict(en_US/CMUdict),corroborated,curated_function_words,teacher_pdf_gloss,historical_partial_2010_2022,30,2010:（新课标Ⅰ）;2010:（新课标Ⅱ）;2011:（全国卷ii）;2011:（新课标）;2012:（新课标）;2013:（新课标ii）;2013:（新课标Ⅰ）;2014:（新课标Ⅰ）;2014:（新课标ⅱ）;2015:（新课标Ⅰ）;2015:（新课标ⅱ）;2016:（新课标Ⅰ）;2016:（新课标ⅱ）;2016:（新课标ⅲ）;2017:（新课标Ⅰ）;2017:（新课标ⅱ）;2017:（新课标ⅲ）;2018:（新课标Ⅰ）;2018:（新课标ⅱ）;2018:（新课标ⅲ）;2019:（新课标Ⅰ）;2019:（新课标Ⅱ）;2019:（新课标Ⅲ）;2020:（新课标Ⅰ）;2020:（新课标Ⅱ）;2020:（新课标Ⅲ）;2021:（新课标Ⅰ）;2021:（解析版）;2022:（全国乙卷）;2022:（全国甲卷）
whatever,whatever,junior,3823,ipa-dict(en_US/CMUdict),corroborated,curated_function_words,teacher_pdf_gloss,historical_partial_2010_2022,8,2012:（新课标）;2013:（新课标ii）;2015:（新课标Ⅰ）;2016:（新课标ⅱ）;2018:（新课标Ⅰ）;2018:（新课标ⅱ）;2021:（新课标Ⅰ）;2021:（解析版）
wheat,wheat**,selective_required,3824,ipa-dict(en_US/CMUdict),corroborated,ECDICT,teacher_pdf_gloss,historical_partial_2010_2022,0,
wheel,wheel,junior,3825,ipa-dict(en_US/CMUdict),corroborated,ECDICT,teacher_pdf_gloss,historical_partial_2010_2022,4,2012:（新课标）;2013:（新课标Ⅰ）;2017:（新课标ⅱ）;2017:（新课标ⅲ）
when,when,junior,3826,ipa-dict(en_US/CMUdict),corroborated,curated_function_words,teacher_pdf_gloss,historical_partial_2010_2022,30,2010:（新课标Ⅰ）;2010:（新课标Ⅱ）;2011:（全国卷ii）;2011:（新课标）;2012:（新课标）;2013:（新课标ii）;2013:（新课标Ⅰ）;2014:（新课标Ⅰ）;2014:（新课标ⅱ）;2015:（新课标Ⅰ）;2015:（新课标ⅱ）;2016:（新课标Ⅰ）;2016:（新课标ⅱ）;2016:（新课标ⅲ）;2017:（新课标Ⅰ）;2017:（新课标ⅱ）;2017:（新课标ⅲ）;2018:（新课标Ⅰ）;2018:（新课标ⅱ）;2018:（新课标ⅲ）;2019:（新课标Ⅰ）;2019:（新课标Ⅱ）;2019:（新课标Ⅲ）;2020:（新课标Ⅰ）;2020:（新课标Ⅱ）;2020:（新课标Ⅲ）;2021:（新课标Ⅰ）;2021:（解析版）;2022:（全国乙卷）;2022:（全国甲卷）
whenever,whenever,junior,3827,ipa-dict(en_US/CMUdict),corroborated,curated_function_words,teacher_pdf_gloss,historical_partial_2010_2022,5,2011:（全国卷ii）;2012:（新课标）;2015:（新课标Ⅰ）;2016:（新课标ⅲ）;2022:（全国乙卷）
where,where,junior,3828,ipa-dict(en_US/CMUdict),corroborated,curated_function_words,teacher_pdf_gloss,historical_partial_2010_2022,26,2010:（新课标Ⅰ）;2010:（新课标Ⅱ）;2011:（全国卷ii）;2012:（新课标）;2013:（新课标ii）;2013:（新课标Ⅰ）;2014:（新课标Ⅰ）;2014:（新课标ⅱ）;2015:（新课标Ⅰ）;2015:（新课标ⅱ）;2016:（新课标Ⅰ）;2016:（新课标ⅱ）;2016:（新课标ⅲ）;2017:（新课标Ⅰ）;2017:（新课标ⅲ）;2018:（新课标Ⅰ）;2018:（新课标ⅱ）;2018:（新课标ⅲ）;2019:（新课标Ⅰ）;2019:（新课标Ⅱ）;2020:（新课标Ⅰ）;2020:（新课标Ⅱ）;2020:（新课标Ⅲ）;2021:（新课标Ⅰ）;2021:（解析版）;2022:（全国甲卷）
wherever,,extension,3829,ipa-dict(en_US/CMUdict),corroborated,curated_function_words,teacher_pdf_gloss,historical_partial_2010_2022,1,2021:（解析版）
whether,whether,junior,3830,ipa-dict(en_US/CMUdict),corroborated,curated_function_words,teacher_pdf_gloss,historical_partial_2010_2022,12,2010:（新课标Ⅰ）;2010:（新课标Ⅱ）;2011:（全国卷ii）;2013:（新课标ii）;2015:（新课标Ⅰ）;2015:（新课标ⅱ）;2017:（新课标ⅲ）;2018:（新课标Ⅰ）;2019:（新课标Ⅰ）;2020:（新课标Ⅰ）;2022:（全国乙卷）;2022:（全国甲卷）
which,which,junior,,ipa-dict(en_US/CMUdict),corroborated,curated_function_words,ECDICT,historical_partial_2010_2022,30,2010:（新课标Ⅰ）;2010:（新课标Ⅱ）;2011:（全国卷ii）;2011:（新课标）;2012:（新课标）;2013:（新课标ii）;2013:（新课标Ⅰ）;2014:（新课标Ⅰ）;2014:（新课标ⅱ）;2015:（新课标Ⅰ）;2015:（新课标ⅱ）;2016:（新课标Ⅰ）;2016:（新课标ⅱ）;2016:（新课标ⅲ）;2017:（新课标Ⅰ）;2017:（新课标ⅱ）;2017:（新课标ⅲ）;2018:（新课标Ⅰ）;2018:（新课标ⅱ）;2018:（新课标ⅲ）;2019:（新课标Ⅰ）;2019:（新课标Ⅱ）;2019:（新课标Ⅲ）;2020:（新课标Ⅰ）;2020:（新课标Ⅱ）;2020:（新课标Ⅲ）;2021:（新课标Ⅰ）;2021:（解析版）;2022:（全国乙卷）;2022:（全国甲卷）
while,while,junior,3833,ipa-dict(en_US/CMUdict),corroborated,curated_function_words,teacher_pdf_gloss,historical_partial_2010_2022,26,2010:（新课标Ⅰ）;2010:（新课标Ⅱ）;2011:（全国卷ii）;2011:（新课标）;2012:（新课标）;2013:（新课标Ⅰ）;2014:（新课标Ⅰ）;2014:（新课标ⅱ）;2015:（新课标ⅱ）;2016:（新课标Ⅰ）;2016:（新课标ⅱ）;2016:（新课标ⅲ）;2017:（新课标Ⅰ）;2017:（新课标ⅱ）;2017:（新课标ⅲ）;2018:（新课标Ⅰ）;2018:（新课标ⅱ）;2018:（新课标ⅲ）;2019:（新课标Ⅰ）;2019:（新课标Ⅱ）;2019:（新课标Ⅲ）;2020:（新课标Ⅰ）;2020:（新课标Ⅱ）;2020:（新课标Ⅲ）;2021:（新课标Ⅰ）;2022:（全国甲卷）
whisper,whisper**,selective_required,3834,ipa-dict(en_US/CMUdict),corroborated,ECDICT,teacher_pdf_gloss,historical_partial_2010_2022,1,2019:（新课标Ⅰ）
white,white,junior,3836,ipa-dict(en_US/CMUdict),corroborated,ECDICT,teacher_pdf_gloss,historical_partial_2010_2022,11,2010:（新课标Ⅰ）;2010:（新课标Ⅱ）;2011:（新课标）;2012:（新课标）;2013:（新课标Ⅰ）;2016:（新课标Ⅰ）;2016:（新课标ⅱ）;2017:（新课标Ⅰ）;2020:（新课标Ⅲ）;2021:（解析版）;2022:（全国乙卷）
who,who,junior,3837,ipa-dict(en_US/CMUdict),corroborated,curated_function_words,teacher_pdf_gloss,historical_partial_2010_2022,30,2010:（新课标Ⅰ）;2010:（新课标Ⅱ）;2011:（全国卷ii）;2011:（新课标）;2012:（新课标）;2013:（新课标ii）;2013:（新课标Ⅰ）;2014:（新课标Ⅰ）;2014:（新课标ⅱ）;2015:（新课标Ⅰ）;2015:（新课标ⅱ）;2016:（新课标Ⅰ）;2016:（新课标ⅱ）;2016:（新课标ⅲ）;2017:（新课标Ⅰ）;2017:（新课标ⅱ）;2017:（新课标ⅲ）;2018:（新课标Ⅰ）;2018:（新课标ⅱ）;2018:（新课标ⅲ）;2019:（新课标Ⅰ）;2019:（新课标Ⅱ）;2019:（新课标Ⅲ）;2020:（新课标Ⅰ）;2020:（新课标Ⅱ）;2020:（新课标Ⅲ）;2021:（新课标Ⅰ）;2021:（解析版）;2022:（全国乙卷）;2022:（全国甲卷）
whole,whole,junior,3838,ipa-dict(en_US/CMUdict),corroborated,ECDICT,teacher_pdf_gloss,historical_partial_2010_2022,10,2010:（新课标Ⅰ）;2012:（新课标）;2013:（新课标ii）;2016:（新课标ⅲ）;2017:（新课标ⅱ）;2018:（新课标ⅱ）;2020:（新课标Ⅰ）;2020:（新课标Ⅱ）;2020:（新课标Ⅲ）;2022:（全国甲卷）
whom,whom,junior,,ipa-dict(en_US/CMUdict),corroborated,curated_function_words,ECDICT,historical_partial_2010_2022,5,2014:（新课标Ⅰ）;2016:（新课标ⅱ）;2019:（新课标Ⅰ）;2019:（新课标Ⅱ）;2020:（新课标Ⅲ）
whose,whose,junior,3840,ipa-dict(en_US/CMUdict),corroborated,curated_function_words,teacher_pdf_gloss,historical_partial_2010_2022,6,2011:（新课标）;2016:（新课标ⅱ）;2018:（新课标ⅲ）;2019:（新课标Ⅱ）;2020:（新课标Ⅱ）;2022:（全国乙卷）
why,why,junior,,ipa-dict(en_US/CMUdict),corroborated,ECDICT,ECDICT,historical_partial_2010_2022,28,2010:（新课标Ⅰ）;2010:（新课标Ⅱ）;2011:（全国卷ii）;2011:（新课标）;2012:（新课标）;2013:（新课标ii）;2013:（新课标Ⅰ）;2014:（新课标Ⅰ）;2014:（新课标ⅱ）;2015:（新课标Ⅰ）;2015:（新课标ⅱ）;2016:（新课标Ⅰ）;2016:（新课标ⅱ）;2016:（新课标ⅲ）;2017:（新课标Ⅰ）;2017:（新课标ⅱ）;2017:（新课标ⅲ）;2018:（新课标Ⅰ）;2018:（新课标ⅱ）;2018:（新课标ⅲ）;2019:（新课标Ⅰ）;2019:（新课标Ⅱ）;2020:（新课标Ⅰ）;2020:（新课标Ⅱ）;2020:（新课标Ⅲ）;2021:（新课标Ⅰ）;2021:（解析版）;2022:（全国乙卷）
wide,wide,junior,3842,ipa-dict(en_US/CMUdict),corroborated,ECDICT,teacher_pdf_gloss,historical_partial_2010_2022,7,2013:（新课标ii）;2014:（新课标Ⅰ）;2015:（新课标ⅱ）;2016:（新课标ⅱ）;2016:（新课标ⅲ）;2019:（新课标Ⅲ）;2021:（新课标Ⅰ）
widespread,widespread**,selective_required,3843,ipa-dict(en_US/CMUdict),corroborated,ECDICT,teacher_pdf_gloss,historical_partial_2010_2022,0,
wife,wife,junior,3844,ipa-dict(en_US/CMUdict),corroborated,ECDICT,teacher_pdf_gloss,historical_partial_2010_2022,5,2010:（新课标Ⅰ）;2013:（新课标Ⅰ）;2020:（新课标Ⅰ）;2020:（新课标Ⅲ）;2021:（新课标Ⅰ）
wild,wild,junior,3845,ipa-dict(en_US/CMUdict),corroborated,ECDICT,teacher_pdf_gloss,historical_partial_2010_2022,7,2012:（新课标）;2014:（新课标Ⅰ）;2016:（新课标Ⅰ）;2018:（新课标ⅱ）;2020:（新课标Ⅱ）;2021:（解析版）;2022:（全国甲卷）
wildlife,,extension,3846,ipa-dict(en_US/CMUdict),corroborated,ECDICT,teacher_pdf_gloss,historical_partial_2010_2022,5,2011:（全国卷ii）;2017:（新课标Ⅰ）;2017:（新课标ⅲ）;2021:（解析版）;2022:（全国甲卷）
will,will,junior,3847,ipa-dict(en_US/CMUdict),corroborated,curated_modal_verbs,curated_override,historical_partial_2010_2022,30,2010:（新课标Ⅰ）;2010:（新课标Ⅱ）;2011:（全国卷ii）;2011:（新课标）;2012:（新课标）;2013:（新课标ii）;2013:（新课标Ⅰ）;2014:（新课标Ⅰ）;2014:（新课标ⅱ）;2015:（新课标Ⅰ）;2015:（新课标ⅱ）;2016:（新课标Ⅰ）;2016:（新课标ⅱ）;2016:（新课标ⅲ）;2017:（新课标Ⅰ）;2017:（新课标ⅱ）;2017:（新课标ⅲ）;2018:（新课标Ⅰ）;2018:（新课标ⅱ）;2018:（新课标ⅲ）;2019:（新课标Ⅰ）;2019:（新课标Ⅱ）;2019:（新课标Ⅲ）;2020:（新课标Ⅰ）;2020:（新课标Ⅱ）;2020:（新课标Ⅲ）;2021:（新课标Ⅰ）;2021:（解析版）;2022:（全国乙卷）;2022:（全国甲卷）
willing,,extension,3849,ipa-dict(en_US/CMUdict),corroborated,ECDICT,teacher_pdf_gloss,historical_partial_2010_2022,3,2013:（新课标ii）;2015:（新课标Ⅰ）;2016:（新课标Ⅰ）
willingness,,extension,3851,ipa-dict(en_US/CMUdict),corroborated,ECDICT,teacher_pdf_gloss,historical_partial_2010_2022,0,
win,win,junior,3852,ipa-dict(en_US/CMUdict),corroborated,ECDICT,teacher_pdf_gloss,historical_partial_2010_2022,7,2012:（新课标）;2014:（新课标Ⅰ）;2016:（新课标Ⅰ）;2018:（新课标ⅲ）;2019:（新课标Ⅲ）;2020:（新课标Ⅰ）;2022:（全国甲卷）
wind,wind,junior,3853,curated_homograph_override,curated,ECDICT,teacher_pdf_gloss,historical_partial_2010_2022,3,2010:（新课标Ⅰ）;2012:（新课标）;2015:（新课标Ⅰ）
window,window,junior,3856,ipa-dict(en_US/CMUdict),corroborated,ECDICT,teacher_pdf_gloss,historical_partial_2010_2022,8,2010:（新课标Ⅱ）;2014:（新课标ⅱ）;2015:（新课标ⅱ）;2016:（新课标Ⅰ）;2018:（新课标Ⅰ）;2019:（新课标Ⅰ）;2020:（新课标Ⅰ）;2021:（解析版）
windy,windy,junior,3857,ipa-dict(en_US/CMUdict),corroborated,ECDICT,teacher_pdf_gloss,historical_partial_2010_2022,1,2019:（新课标Ⅲ）
wine,wine*,required,3858,ipa-dict(en_US/CMUdict),corroborated,ECDICT,teacher_pdf_gloss,historical_partial_2010_2022,4,2015:（新课标Ⅰ）;2016:（新课标ⅱ）;2017:（新课标ⅲ）;2021:（新课标Ⅰ）
wing,wing,junior,3859,ipa-dict(en_US/CMUdict),corroborated,ECDICT,teacher_pdf_gloss,historical_partial_2010_2022,4,2010:（新课标Ⅰ）;2013:（新课标Ⅰ）;2017:（新课标ⅱ）;2020:（新课标Ⅰ）
winner,winner,junior,3860,ipa-dict(en_US/CMUdict),corroborated,ECDICT,teacher_pdf_gloss,historical_partial_2010_2022,2,2014:（新课标Ⅰ）;2018:（新课标ⅲ）
winter,winter,junior,3861,ipa-dict(en_US/CMUdict),corroborated,ECDICT,teacher_pdf_gloss,historical_partial_2010_2022,11,2010:（新课标Ⅱ）;2013:（新课标ii）;2013:（新课标Ⅰ）;2015:（新课标Ⅰ）;2018:（新课标Ⅰ）;2018:（新课标ⅲ）;2019:（新课标Ⅲ）;2020:（新课标Ⅱ）;2020:（新课标Ⅲ）;2021:（解析版）;2022:（全国乙卷）
wipe,,extension,3862,ipa-dict(en_US/CMUdict),corroborated,ECDICT,teacher_pdf_gloss,historical_partial_2010_2022,1,2019:（新课标Ⅱ）
wire,wire**,selective_required,3863,ipa-dict(en_US/CMUdict),corroborated,ECDICT,teacher_pdf_gloss,historical_partial_2010_2022,3,2016:（新课标ⅱ）;2017:（新课标Ⅰ）;2021:（解析版）
wisdom,wisdom**,selective_required,3864,ipa-dict(en_US/CMUdict),corroborated,ECDICT,teacher_pdf_gloss,historical_partial_2010_2022,1,2014:（新课标ⅱ）
wise,wise,junior,3865,ipa-dict(en_US/CMUdict),corroborated,ECDICT,teacher_pdf_gloss,historical_partial_2010_2022,3,2015:（新课标ⅱ）;2019:（新课标Ⅱ）;2020:（新课标Ⅲ）
wish,wish,junior,3866,ipa-dict(en_US/CMUdict),corroborated,ECDICT,teacher_pdf_gloss,historical_partial_2010_2022,8,2011:（全国卷ii）;2014:（新课标ⅱ）;2016:（新课标ⅱ）;2019:（新课标Ⅲ）;2020:（新课标Ⅰ）;2020:（新课标Ⅱ）;2021:（新课标Ⅰ）;2022:（全国甲卷）
with,with,junior,3867,ipa-dict(en_US/CMUdict),corroborated,curated_function_words,teacher_pdf_gloss,historical_partial_2010_2022,30,2010:（新课标Ⅰ）;2010:（新课标Ⅱ）;2011:（全国卷ii）;2011:（新课标）;2012:（新课标）;2013:（新课标ii）;2013:（新课标Ⅰ）;2014:（新课标Ⅰ）;2014:（新课标ⅱ）;2015:（新课标Ⅰ）;2015:（新课标ⅱ）;2016:（新课标Ⅰ）;2016:（新课标ⅱ）;2016:（新课标ⅲ）;2017:（新课标Ⅰ）;2017:（新课标ⅱ）;2017:（新课标ⅲ）;2018:（新课标Ⅰ）;2018:（新课标ⅱ）;2018:（新课标ⅲ）;2019:（新课标Ⅰ）;2019:（新课标Ⅱ）;2019:（新课标Ⅲ）;2020:（新课标Ⅰ）;2020:（新课标Ⅱ）;2020:（新课标Ⅲ）;2021:（新课标Ⅰ）;2021:（解析版）;2022:（全国乙卷）;2022:（全国甲卷）
withdraw,withdraw**,selective_required,3868,ipa-dict(en_US/CMUdict),corroborated,ECDICT,teacher_pdf_gloss,historical_partial_2010_2022,0,
within,within*,required,3869,ipa-dict(en_US/CMUdict),corroborated,curated_function_words,teacher_pdf_gloss,historical_partial_2010_2022,10,2010:（新课标Ⅰ）;2011:（新课标）;2013:（新课标ii）;2014:（新课标Ⅰ）;2016:（新课标Ⅰ）;2016:（新课标ⅱ）;2016:（新课标ⅲ）;2017:（新课标ⅱ）;2019:（新课标Ⅲ）;2021:（解析版）
without,without,junior,3870,ipa-dict(en_US/CMUdict),corroborated,curated_function_words,teacher_pdf_gloss,historical_partial_2010_2022,16,2010:（新课标Ⅰ）;2011:（全国卷ii）;2013:（新课标ii）;2014:（新课标Ⅰ）;2015:（新课标Ⅰ）;2015:（新课标ⅱ）;2016:（新课标Ⅰ）;2016:（新课标ⅱ）;2016:（新课标ⅲ）;2017:（新课标Ⅰ）;2017:（新课标ⅲ）;2018:（新课标ⅲ）;2019:（新课标Ⅱ）;2020:（新课标Ⅱ）;2021:（新课标Ⅰ）;2021:（解析版）
witness,witness**,selective_required,3871,ipa-dict(en_US/CMUdict),corroborated,ECDICT,teacher_pdf_gloss,historical_partial_2010_2022,3,2020:（新课标Ⅱ）;2022:（全国乙卷）;2022:（全国甲卷）
wolf,,extension,3872,ipa-dict(en_US/CMUdict),corroborated,ECDICT,teacher_pdf_gloss,historical_partial_2010_2022,1,2017:（新课标ⅲ）
woman,woman (pl. women),junior,3265,ipa-dict(en_US/CMUdict),corroborated,ECDICT,teacher_pdf_gloss,historical_partial_2010_2022,17,2010:（新课标Ⅱ）;2011:（全国卷ii）;2011:（新课标）;2014:（新课标ⅱ）;2015:（新课标ⅱ）;2016:（新课标Ⅰ）;2016:（新课标ⅱ）;2016:（新课标ⅲ）;2017:（新课标Ⅰ）;2017:（新课标ⅱ）;2017:（新课标ⅲ）;2019:（新课标Ⅱ）;2019:（新课标Ⅲ）;2020:（新课标Ⅱ）;2020:（新课标Ⅲ）;2021:（新课标Ⅰ）;2021:（解析版）
wonder,wonder,junior,,ipa-dict(en_US/CMUdict),corroborated,ECDICT,ECDICT,historical_partial_2010_2022,9,2010:（新课标Ⅰ）;2012:（新课标）;2013:（新课标Ⅰ）;2014:（新课标ⅱ）;2015:（新课标ⅱ）;2019:（新课标Ⅱ）;2019:（新课标Ⅲ）;2020:（新课标Ⅰ）;2020:（新课标Ⅲ）
wonderful,wonderful,junior,3875,ipa-dict(en_US/CMUdict),corroborated,ECDICT,teacher_pdf_gloss,historical_partial_2010_2022,8,2015:（新课标Ⅰ）;2016:（新课标ⅱ）;2017:（新课标Ⅰ）;2017:（新课标ⅲ）;2018:（新课标ⅲ）;2019:（新课标Ⅲ）;2020:（新课标Ⅰ）;2020:（新课标Ⅲ）
wood,wood,junior,3876,ipa-dict(en_US/CMUdict),corroborated,ECDICT,teacher_pdf_gloss,historical_partial_2010_2022,3,2014:（新课标Ⅰ）;2016:（新课标ⅲ）;2018:（新课标ⅲ）
wooden,,extension,3877,ipa-dict(en_US/CMUdict),corroborated,ECDICT,teacher_pdf_gloss,historical_partial_2010_2022,2,2010:（新课标Ⅱ）;2016:（新课标ⅱ）
wool,wool**,selective_required,3878,ipa-dict(en_US/CMUdict),corroborated,ECDICT,teacher_pdf_gloss,historical_partial_2010_2022,0,
word,word,junior,3880,ipa-dict(en_US/CMUdict),corroborated,ECDICT,teacher_pdf_gloss,historical_partial_2010_2022,25,2010:（新课标Ⅰ）;2010:（新课标Ⅱ）;2011:（全国卷ii）;2011:（新课标）;2012:（新课标）;2013:（新课标ii）;2013:（新课标Ⅰ）;2014:（新课标Ⅰ）;2014:（新课标ⅱ）;2015:（新课标Ⅰ）;2016:（新课标Ⅰ）;2016:（新课标ⅱ）;2016:（新课标ⅲ）;2017:（新课标Ⅰ）;2017:（新课标ⅱ）;2017:（新课标ⅲ）;2018:（新课标Ⅰ）;2018:（新课标ⅲ）;2019:（新课标Ⅰ）;2019:（新课标Ⅱ）;2019:（新课标Ⅲ）;2020:（新课标Ⅰ）;2020:（新课标Ⅱ）;2021:（新课标Ⅰ）;2021:（解析版）
work,work,junior,,ipa-dict(en_US/CMUdict),corroborated,ECDICT,ECDICT,historical_partial_2010_2022,30,2010:（新课标Ⅰ）;2010:（新课标Ⅱ）;2011:（全国卷ii）;2011:（新课标）;2012:（新课标）;2013:（新课标ii）;2013:（新课标Ⅰ）;2014:（新课标Ⅰ）;2014:（新课标ⅱ）;2015:（新课标Ⅰ）;2015:（新课标ⅱ）;2016:（新课标Ⅰ）;2016:（新课标ⅱ）;2016:（新课标ⅲ）;2017:（新课标Ⅰ）;2017:（新课标ⅱ）;2017:（新课标ⅲ）;2018:（新课标Ⅰ）;2018:（新课标ⅱ）;2018:（新课标ⅲ）;2019:（新课标Ⅰ）;2019:（新课标Ⅱ）;2019:（新课标Ⅲ）;2020:（新课标Ⅰ）;2020:（新课标Ⅱ）;2020:（新课标Ⅲ）;2021:（新课标Ⅰ）;2021:（解析版）;2022:（全国乙卷）;2022:（全国甲卷）
worker,worker,junior,3883,ipa-dict(en_US/CMUdict),corroborated,ECDICT,teacher_pdf_gloss,historical_partial_2010_2022,7,2010:（新课标Ⅰ）;2011:（全国卷ii）;2016:（新课标Ⅰ）;2016:（新课标ⅲ）;2017:（新课标ⅱ）;2017:（新课标ⅲ）;2018:（新课标ⅲ）
workforce,,extension,3884,ipa-dict(en_US/CMUdict),corroborated,ECDICT,teacher_pdf_gloss,historical_partial_2010_2022,0,
workplace,,extension,3886,ipa-dict(en_US/CMUdict),corroborated,ECDICT,teacher_pdf_gloss,historical_partial_2010_2022,2,2020:（新课标Ⅰ）;2020:（新课标Ⅱ）
works,,extension,3887,ipa-dict(en_US/CMUdict),corroborated,ECDICT,teacher_pdf_gloss,historical_partial_2010_2022,17,2010:（新课标Ⅰ）;2010:（新课标Ⅱ）;2011:（全国卷ii）;2013:（新课标ii）;2013:（新课标Ⅰ）;2015:（新课标Ⅰ）;2015:（新课标ⅱ）;2016:（新课标Ⅰ）;2016:（新课标ⅲ）;2017:（新课标Ⅰ）;2018:（新课标ⅲ）;2019:（新课标Ⅱ）;2019:（新课标Ⅲ）;2020:（新课标Ⅱ）;2021:（新课标Ⅰ）;2021:（解析版）;2022:（全国乙卷）
world,world,junior,3888,ipa-dict(en_US/CMUdict),corroborated,ECDICT,teacher_pdf_gloss,historical_partial_2010_2022,28,2010:（新课标Ⅰ）;2010:（新课标Ⅱ）;2011:（全国卷ii）;2011:（新课标）;2013:（新课标ii）;2013:（新课标Ⅰ）;2014:（新课标Ⅰ）;2014:（新课标ⅱ）;2015:（新课标Ⅰ）;2015:（新课标ⅱ）;2016:（新课标Ⅰ）;2016:（新课标ⅱ）;2016:（新课标ⅲ）;2017:（新课标Ⅰ）;2017:（新课标ⅱ）;2017:（新课标ⅲ）;2018:（新课标Ⅰ）;2018:（新课标ⅱ）;2018:（新课标ⅲ）;2019:（新课标Ⅰ）;2019:（新课标Ⅱ）;2019:（新课标Ⅲ）;2020:（新课标Ⅰ）;2020:（新课标Ⅲ）;2021:（新课标Ⅰ）;2021:（解析版）;2022:（全国乙卷）;2022:（全国甲卷）
worldwide,,extension,3890,ipa-dict(en_US/CMUdict),corroborated,ECDICT,teacher_pdf_gloss,historical_partial_2010_2022,4,2017:（新课标ⅱ）;2018:（新课标ⅱ）;2019:（新课标Ⅰ）;2022:（全国乙卷）
worried,,extension,3893,ipa-dict(en_US/CMUdict),corroborated,ECDICT,teacher_pdf_gloss,historical_partial_2010_2022,9,2010:（新课标Ⅰ）;2014:（新课标ⅱ）;2015:（新课标ⅱ）;2016:（新课标ⅱ）;2018:（新课标Ⅰ）;2018:（新课标ⅲ）;2020:（新课标Ⅲ）;2021:（解析版）;2022:（全国甲卷）
worry,worry,junior,3894,ipa-dict(en_US/CMUdict),corroborated,ECDICT,teacher_pdf_gloss,historical_partial_2010_2022,5,2016:（新课标Ⅰ）;2016:（新课标ⅱ）;2018:（新课标ⅱ）;2018:（新课标ⅲ）;2021:（解析版）
worse,worse,junior,327,ipa-dict(en_US/CMUdict),corroborated,ECDICT,teacher_pdf_gloss,historical_partial_2010_2022,5,2013:（新课标ii）;2014:（新课标ⅱ）;2016:（新课标ⅲ）;2018:（新课标ⅱ）;2021:（解析版）
worst,worst,junior,328,ipa-dict(en_US/CMUdict),corroborated,ECDICT,teacher_pdf_gloss,historical_partial_2010_2022,4,2011:（全国卷ii）;2013:（新课标Ⅰ）;2017:（新课标ⅱ）;2018:（新课标Ⅰ）
worth,worth,junior,3897,ipa-dict(en_US/CMUdict),corroborated,ECDICT,teacher_pdf_gloss,historical_partial_2010_2022,10,2010:（新课标Ⅰ）;2013:（新课标Ⅰ）;2014:（新课标ⅱ）;2015:（新课标Ⅰ）;2016:（新课标ⅲ）;2018:（新课标ⅱ）;2018:（新课标ⅲ）;2019:（新课标Ⅰ）;2020:（新课标Ⅱ）;2021:（新课标Ⅰ）
worthwhile,worthwhile**,selective_required,3899,ipa-dict(en_US/CMUdict),corroborated,ECDICT,teacher_pdf_gloss,historical_partial_2010_2022,1,2015:（新课标Ⅰ）
worthy,worthy**,selective_required,3900,ipa-dict(en_US/CMUdict),corroborated,ECDICT,teacher_pdf_gloss,historical_partial_2010_2022,0,
would,would,junior,,ipa-dict(en_US/CMUdict),corroborated,curated_modal_verbs,ECDICT,historical_partial_2010_2022,30,2010:（新课标Ⅰ）;2010:（新课标Ⅱ）;2011:（全国卷ii）;2011:（新课标）;2012:（新课标）;2013:（新课标ii）;2013:（新课标Ⅰ）;2014:（新课标Ⅰ）;2014:（新课标ⅱ）;2015:（新课标Ⅰ）;2015:（新课标ⅱ）;2016:（新课标Ⅰ）;2016:（新课标ⅱ）;2016:（新课标ⅲ）;2017:（新课标Ⅰ）;2017:（新课标ⅱ）;2017:（新课标ⅲ）;2018:（新课标Ⅰ）;2018:（新课标ⅱ）;2018:（新课标ⅲ）;2019:（新课标Ⅰ）;2019:（新课标Ⅱ）;2019:（新课标Ⅲ）;2020:（新课标Ⅰ）;2020:（新课标Ⅱ）;2020:（新课标Ⅲ）;2021:（新课标Ⅰ）;2021:（解析版）;2022:（全国乙卷）;2022:（全国甲卷）
wound,wound,junior,3902,curated_homograph_override,curated,ECDICT,curated_override,historical_partial_2010_2022,2,2010:（新课标Ⅰ）;2022:（全国甲卷）
wrap,wrap**,selective_required,,ipa-dict(en_US/CMUdict),corroborated,ECDICT,ECDICT,historical_partial_2010_2022,0,
wrestle,wrestle**,selective_required,3904,ipa-dict(en_US/CMUdict),corroborated,ECDICT,teacher_pdf_gloss,historical_partial_2010_2022,0,
wrinkle,wrinkle**,selective_required,3905,ipa-dict(en_US/CMUdict),corroborated,ECDICT,teacher_pdf_gloss,historical_partial_2010_2022,0,
wrist,wrist**,selective_required,3906,ipa-dict(en_US/CMUdict),corroborated,ECDICT,teacher_pdf_gloss,historical_partial_2010_2022,0,
write,write,junior,3907,ipa-dict(en_US/CMUdict),corroborated,ECDICT,teacher_pdf_gloss,historical_partial_2010_2022,19,2010:（新课标Ⅱ）;2011:（全国卷ii）;2013:（新课标Ⅰ）;2014:（新课标Ⅰ）;2016:（新课标Ⅰ）;2016:（新课标ⅱ）;2016:（新课标ⅲ）;2017:（新课标Ⅰ）;2017:（新课标ⅱ）;2017:（新课标ⅲ）;2018:（新课标Ⅰ）;2018:（新课标ⅱ）;2018:（新课标ⅲ）;2019:（新课标Ⅱ）;2019:（新课标Ⅲ）;2020:（新课标Ⅰ）;2020:（新课标Ⅱ）;2021:（解析版）;2022:（全国乙卷）
writer,writer,junior,,ipa-dict(en_US/CMUdict),corroborated,ECDICT,ECDICT,historical_partial_2010_2022,14,2010:（新课标Ⅰ）;2010:（新课标Ⅱ）;2011:（全国卷ii）;2011:（新课标）;2012:（新课标）;2013:（新课标ii）;2016:（新课标ⅱ）;2016:（新课标ⅲ）;2019:（新课标Ⅱ）;2020:（新课标Ⅰ）;2020:（新课标Ⅱ）;2021:（新课标Ⅰ）;2021:（解析版）;2022:（全国甲卷）
writing,,extension,3908,ipa-dict(en_US/CMUdict),corroborated,ECDICT,teacher_pdf_gloss,historical_partial_2010_2022,12,2010:（新课标Ⅱ）;2011:（全国卷ii）;2011:（新课标）;2013:（新课标Ⅰ）;2014:（新课标Ⅰ）;2016:（新课标ⅲ）;2017:（新课标ⅱ）;2017:（新课标ⅲ）;2018:（新课标ⅲ）;2019:（新课标Ⅱ）;2020:（新课标Ⅱ）;2022:（全国乙卷）
wrong,wrong,junior,3909,ipa-dict(en_US/CMUdict),corroborated,ECDICT,teacher_pdf_gloss,historical_partial_2010_2022,8,2010:（新课标Ⅱ）;2011:（全国卷ii）;2011:（新课标）;2012:（新课标）;2014:（新课标Ⅰ）;2016:（新课标ⅲ）;2018:（新课标ⅲ）;2021:（解析版）
x-ray,X-ray,junior,3910,ipa-dict(en_US/CMUdict),corroborated,ECDICT,teacher_pdf_gloss,historical_partial_2010_2022,0,
yard,yard,junior,3911,ipa-dict(en_US/CMUdict),corroborated,ECDICT,teacher_pdf_gloss,historical_partial_2010_2022,2,2011:（新课标）;2021:（新课标Ⅰ）
year,year,junior,3913,ipa-dict(en_US/CMUdict),corroborated,ECDICT,teacher_pdf_gloss,historical_partial_2010_2022,29,2010:（新课标Ⅰ）;2010:（新课标Ⅱ）;2011:（全国卷ii）;2011:（新课标）;2012:（新课标）;2013:（新课标ii）;2013:（新课标Ⅰ）;2014:（新课标Ⅰ）;2014:（新课标ⅱ）;2015:（新课标Ⅰ）;2015:（新课标ⅱ）;2016:（新课标Ⅰ）;2016:（新课标ⅱ）;2016:（新课标ⅲ）;2017:（新课标Ⅰ）;2017:（新课标ⅱ）;2017:（新课标ⅲ）;2018:（新课标Ⅰ）;2018:（新课标ⅱ）;2018:（新课标ⅲ）;2019:（新课标Ⅰ）;2019:（新课标Ⅱ）;2019:（新课标Ⅲ）;2020:（新课标Ⅱ）;2020:（新课标Ⅲ）;2021:（新课标Ⅰ）;2021:（解析版）;2022:（全国乙卷）;2022:（全国甲卷）
yell,,extension,3914,ipa-dict(en_US/CMUdict),corroborated,ECDICT,teacher_pdf_gloss,historical_partial_2010_2022,0,
yellow,yellow,junior,3915,ipa-dict(en_US/CMUdict),corroborated,ECDICT,teacher_pdf_gloss,historical_partial_2010_2022,2,2015:（新课标ⅱ）;2018:（新课标ⅱ）
yes,yes,junior,3916,ipa-dict(en_US/CMUdict),corroborated,curated_function_words,teacher_pdf_gloss,historical_partial_2010_2022,10,2010:（新课标Ⅱ）;2011:（全国卷ii）;2011:（新课标）;2013:（新课标Ⅰ）;2016:（新课标Ⅰ）;2016:（新课标ⅱ）;2019:（新课标Ⅰ）;2019:（新课标Ⅱ）;2020:（新课标Ⅲ）;2021:（新课标Ⅰ）
yesterday,yesterday,junior,3917,ipa-dict(en_US/CMUdict),corroborated,ECDICT,teacher_pdf_gloss,historical_partial_2010_2022,4,2010:（新课标Ⅰ）;2017:（新课标ⅲ）;2018:（新课标ⅲ）;2021:（新课标Ⅰ）
yet,yet,junior,3918,ipa-dict(en_US/CMUdict),corroborated,curated_function_words,teacher_pdf_gloss,historical_partial_2010_2022,12,2010:（新课标Ⅰ）;2013:（新课标Ⅰ）;2014:（新课标Ⅰ）;2015:（新课标Ⅰ）;2016:（新课标Ⅰ）;2016:（新课标ⅱ）;2016:（新课标ⅲ）;2017:（新课标Ⅰ）;2020:（新课标Ⅰ）;2020:（新课标Ⅲ）;2021:（新课标Ⅰ）;2022:（全国乙卷）
yogurt,yoghurt*,required,3919,ipa-dict(en_US/CMUdict),corroborated,ECDICT,teacher_pdf_gloss,historical_partial_2010_2022,0,
you,you,junior,3920,ipa-dict(en_US/CMUdict),corroborated,curated_function_words,teacher_pdf_gloss,historical_partial_2010_2022,30,2010:（新课标Ⅰ）;2010:（新课标Ⅱ）;2011:（全国卷ii）;2011:（新课标）;2012:（新课标）;2013:（新课标ii）;2013:（新课标Ⅰ）;2014:（新课标Ⅰ）;2014:（新课标ⅱ）;2015:（新课标Ⅰ）;2015:（新课标ⅱ）;2016:（新课标Ⅰ）;2016:（新课标ⅱ）;2016:（新课标ⅲ）;2017:（新课标Ⅰ）;2017:（新课标ⅱ）;2017:（新课标ⅲ）;2018:（新课标Ⅰ）;2018:（新课标ⅱ）;2018:（新课标ⅲ）;2019:（新课标Ⅰ）;2019:（新课标Ⅱ）;2019:（新课标Ⅲ）;2020:（新课标Ⅰ）;2020:（新课标Ⅱ）;2020:（新课标Ⅲ）;2021:（新课标Ⅰ）;2021:（解析版）;2022:（全国乙卷）;2022:（全国甲卷）
young,young,junior,3921,ipa-dict(en_US/CMUdict),corroborated,ECDICT,teacher_pdf_gloss,historical_partial_2010_2022,19,2010:（新课标Ⅰ）;2011:（全国卷ii）;2013:（新课标ii）;2014:（新课标Ⅰ）;2014:（新课标ⅱ）;2015:（新课标ⅱ）;2017:（新课标Ⅰ）;2017:（新课标ⅱ）;2018:（新课标ⅱ）;2018:（新课标ⅲ）;2019:（新课标Ⅱ）;2019:（新课标Ⅲ）;2020:（新课标Ⅰ）;2020:（新课标Ⅱ）;2020:（新课标Ⅲ）;2021:（新课标Ⅰ）;2021:（解析版）;2022:（全国乙卷）;2022:（全国甲卷）
your,your,junior,3922,ipa-dict(en_US/CMUdict),corroborated,curated_function_words,teacher_pdf_gloss,historical_partial_2010_2022,30,2010:（新课标Ⅰ）;2010:（新课标Ⅱ）;2011:（全国卷ii）;2011:（新课标）;2012:（新课标）;2013:（新课标ii）;2013:（新课标Ⅰ）;2014:（新课标Ⅰ）;2014:（新课标ⅱ）;2015:（新课标Ⅰ）;2015:（新课标ⅱ）;2016:（新课标Ⅰ）;2016:（新课标ⅱ）;2016:（新课标ⅲ）;2017:（新课标Ⅰ）;2017:（新课标ⅱ）;2017:（新课标ⅲ）;2018:（新课标Ⅰ）;2018:（新课标ⅱ）;2018:（新课标ⅲ）;2019:（新课标Ⅰ）;2019:（新课标Ⅱ）;2019:（新课标Ⅲ）;2020:（新课标Ⅰ）;2020:（新课标Ⅱ）;2020:（新课标Ⅲ）;2021:（新课标Ⅰ）;2021:（解析版）;2022:（全国乙卷）;2022:（全国甲卷）
yours,yours,junior,3923,ipa-dict(en_US/CMUdict),corroborated,curated_function_words,teacher_pdf_gloss,historical_partial_2010_2022,1,2020:（新课标Ⅱ）
yourself,yourself,junior,3924,ipa-dict(en_US/CMUdict),corroborated,curated_function_words,teacher_pdf_gloss,historical_partial_2010_2022,16,2011:（全国卷ii）;2011:（新课标）;2012:（新课标）;2014:（新课标Ⅰ）;2014:（新课标ⅱ）;2015:（新课标Ⅰ）;2015:（新课标ⅱ）;2016:（新课标ⅱ）;2016:（新课标ⅲ）;2017:（新课标ⅱ）;2018:（新课标Ⅰ）;2018:（新课标ⅱ）;2019:（新课标Ⅰ）;2019:（新课标Ⅱ）;2020:（新课标Ⅰ）;2021:（新课标Ⅰ）
youth,youth*,required,3926,ipa-dict(en_US/CMUdict),corroborated,ECDICT,teacher_pdf_gloss,historical_partial_2010_2022,4,2011:（全国卷ii）;2016:（新课标ⅱ）;2018:（新课标ⅱ）;2019:（新课标Ⅰ）
zero,zero,junior,3930,ipa-dict(en_US/CMUdict),corroborated,curated_function_words,teacher_pdf_gloss,historical_partial_2010_2022,1,2019:（新课标Ⅱ）
zone,zone**,selective_required,3934,ipa-dict(en_US/CMUdict),corroborated,ECDICT,curated_override,historical_partial_2010_2022,6,2017:（新课标ⅲ）;2018:（新课标Ⅰ）;2018:（新课标ⅱ）;2019:（新课标Ⅰ）;2020:（新课标Ⅰ）;2021:（新课标Ⅰ）
zoo,zoo,junior,3935,ipa-dict(en_US/CMUdict),corroborated,ECDICT,teacher_pdf_gloss,historical_partial_2010_2022,1,2011:（全国卷ii）
