word,pos,translation,tag,bnc,frq,exchange
a,,"第一个字母 A; 一个; 第一的\r\nart. [计] 累加器, 加法器, 地址, 振幅, 模拟, 区域, 面积, 汇编, 组件, 异步",zk gk,5,5,
a.m.,,"上午, 午前",,0,0,
abandon,,"vt. 放弃, 抛弃, 遗弃, 使屈从, 沉溺, 放纵\nn. 放任, 无拘束, 狂热",gk cet4 cet6 ky toefl gre,2057,2182,d:abandoned/p:abandoned/i:abandoning/3:abandons
ability,,"n. 能力, 才干\n[经] 能力, 才能",zk gk cet4 ky toefl ielts,946,783,s:abilities
able,,"a. 能干的, 能够的",zk gk,295,385,
abnormal,,"a. 反常的, 不规则的, 变态的, 畸形的\nn. 畸形的人",gk cet4 cet6 ky toefl ielts,6548,8241,s:abnormals
aboard,,"adv. 在船上, 在火车上, 在飞机上\nprep. 在...之上",gk cet4 ky toefl,7625,4984,
abolish,,"vt. 废止, 革除, 消灭\n[经] 废除, 取消, 裁撤",gk cet6 ky toefl ielts gre,3736,7490,d:abolished/i:abolishing/p:abolished/3:abolishes
abortion,,"n. 流产, 堕胎, 失败, 夭折, 中止\n[医] 流产, 小产; 顿挫",gk ielts,4341,1969,s:abortions
about,,"prep. 在...周围, 大约, 有关, 关于\nadv. 大约, 四处, 在附近, 周围",zk gk,63,46,
above,,"prep. 在上方, 超出\nadv. 在上面\na. 上述的, 上面的",zk gk,733,893,
abroad,,"adv. 往国外, 到室外, 到处\na. 往国外的, 在室外的, 广泛四散的",zk gk toefl,2243,3363,
absence,,"n. 缺席, 缺乏, 没有\n[医] 失神",gk cet4 cet6 ky toefl,1585,2524,s:absences
absent,,"a. 缺席的, 不在的, 缺乏的, 漫不经心的\nvt. 使缺席",zk gk cet4 cet6 ky toefl,4300,5516,p:absented/i:absenting/d:absented/3:absents
absolute,,"a. 绝对的, 专制的, 完全的, 独立的\nn. 绝对事物",gk cet4 cet6 ky toefl gre,2420,3165,s:absolutes
absolutely,,"adv. 完全地, 绝对地, 确确实实地",cet4 toefl,1619,1149,
absorb,,"vt. 吸收, 使全神贯注, 同化, 买进, 理解, 承受, 忍受, 承担\n[医] 吸收",gk cet4 cet6 ky toefl ielts gre,2879,3120,d:absorbed/p:absorbed/3:absorbs/i:absorbing
abstract,,"a. 抽象的, 深奥的\nn. 摘要, 抽象概念\nvt. 摘要, 提炼, 使抽象化\n[计] 摘录; 摘要; 抽象",gk cet4 cet6 ky toefl ielts gre,3729,4007,s:abstracts/d:abstracted/i:abstracting/3:abstracts/p:abstracted
abuse,,"n. 滥用, 虐待, 恶习, 辱骂\nvt. 滥用, 辱骂, 虐待",gk cet4 cet6 ky toefl ielts gre,2352,1540,d:abused/s:abuses/i:abusing/3:abuses/p:abused
academic,,"a. 学院的, 学术的, 不切实际的\nn. 大学生, 大学教师, 学者, 学会会员",gk cet4 cet6 ky toefl ielts gre,1941,1465,s:academics
academy,,"n. 学院, 院校, 学会",gk cet4 cet6 ky toefl,4366,4895,s:academies
accent,,"n. 重音, 口音, 特点, 注重点\nvt. 重读, 加重音号于, 强调",zk gk cet4 ky,3701,4140,s:accents/p:accented/i:accenting/d:accented/3:accents
accept,,"vt. 接受, 承认, 同意, 相信, 赞成, 承担, 承兑, 采纳, 接纳, 容忍\nvi. 同意",zk gk cet4 ky,488,766,d:accepted/p:accepted/i:accepting/3:accepts
access,,"n. 通路, 入口, 接近, 进入, 使用权, 发作\nvt. 访问, 存取, 接近, 使用\n[计] 访问, 存取",gk cet4 cet6 ky toefl ielts gre,999,1113,d:accessed/i:accessing/3:accesses/s:accesses/p:accessed
accessible,,"a. 易接近的, 可进入的, 可使用的, 易受影响的, 可理解的",gk cet6 toefl ielts gre,4162,4377,
accident,,"n. 意外事件, 机遇, 事故, 次要方面\n[化] 意外事故; 事故",zk gk cet4 ky toefl,1187,1707,s:accidents
accommodation,,"n. 膳宿, 预订铺位, 适应性调节, 调和, 贷款\n[医] 调节(眼); 适应",gk cet4 cet6 ky ielts,2048,5369,s:accommodations
accompany,,"vt. 陪伴, 伴随, 补充, 为...伴奏\nvi. 伴奏, 伴唱",gk cet4 cet6 ky toefl ielts gre,1902,2438,d:accompanied/p:accompanied/i:accompanying/3:accompanies
accomplish,,"vt. 完成, 达到, 实现, 使完美",gk cet4 ky toefl ielts gre,5546,2345,d:accomplished/p:accomplished/i:accomplishing/3:accomplishes
account,,"n. 报告, 解释, 估价, 理由, 利润, 算账, 帐目\nvi. 报帐, 解释, 导致, 报偿, 占, 杀死\nvt. 认为\n[计] 帐户, 帐号",gk cet4 ky toefl ielts,498,1071,s:accounts/d:accounted/i:accounting/3:accounts/p:accounted
accountant,,"n. 会计人员, 会计师\n[经] 会计师, 会计人员",gk ky toefl ielts,3280,5949,s:accountants
accuracy,,"n. 精确, 正确\n[计] 准确度",gk cet4 cet6 ky toefl ielts gre,3958,4076,s:accuracies
accurate,,"a. 正确的, 精确的\n[经] 准确的, 精确的",cet4 cet6 ky toefl ielts gre,2738,2728,
accuse,,"vt. 指责, 控告, 归咎于\nvi. 指责, 控告",gk cet4 cet6 ky toefl ielts gre,1893,2024,d:accused/p:accused/i:accusing/3:accuses
ache,,"n. 疼痛\nvi. 痛, 哀怜, 渴望",zk gk cet4 ky,8267,7717,p:ached/i:aching/d:ached/3:aches
achieve,,"vt. 完成, 达到\nvi. 如愿以偿",zk gk cet4 cet6 ky toefl ielts,592,1152,d:achieved/i:achieving/p:achieved/3:achieves
achievement,,"n. 完成, 成就, 功业",gk cet4 cet6 toefl ielts,1978,2021,s:achievements
acid,,"n. 酸, 酸类物质, 尖刻, 迷幻药\na. 酸的, 酸性的, 尖刻的, 敏锐的\n[计] 自动文档互参与索引生成程序",gk cet4 cet6 ky toefl ielts,1597,3238,s:acids
acknowledge,,"vt. 承认, 告知收悉, 答谢, 报偿\n[经] 承认, 答谢, 收到的通知",gk cet4 cet6 ky toefl ielts gre,2105,1654,p:acknowledged/d:acknowledged/3:acknowledges/i:acknowledging
acquire,,"vt. 获得, 学到\n[电] 目标锁定",gk cet4 cet6 ky toefl ielts,1407,2063,d:acquired/p:acquired/i:acquiring/3:acquires
acquisition,,"n. 获得, 获得物\n[经] 收购, 招揽, 取得",gk cet4 cet6 ky toefl ielts,2567,3856,s:acquisitions
acre,,n. 英亩,gk cet4 ky toefl,3286,0,s:acres
across,,"prep. 越过, 穿过, 与...相交叉, 在...的对面\nadv. 交叉, 到另一边, 在对面, 成十字",zk gk,448,377,
act,,"n. 行动, 行为, 幕, 法案\nvi. 行动, 表演, 假装, 见效, 表现, 担当\nvt. 扮演, 装作\n[计] 先进通信技术, 先进计算机工艺, 自动代码翻译技术",zk gk cet4 ky,371,837,i:acting/s:acts/p:acted/d:acted/3:acts
action,,"n. 行动, 活动, 动作, 作用, 战斗, 行为, 诉讼\nvt. 对...起诉\n[计] 方式",zk gk cet4 cet6 ky toefl ielts,340,502,s:actions/i:actioning/p:actioned/3:actions
active,,"a. 活跃的, 起作用的, 积极的, 有效的, 主动的, 活性的, 现行的, 现役的\nn. 主动语态, 积极分子",zk gk cet4 ky toefl,1316,1444,s:actives
activity,,"n. 活动, 行动, 活跃, 活力\n[计] 活动",zk gk cet4 ky ielts,412,537,s:activities
actor,,"n. 男演员, 行动者\n[医] 作用物, 反应物",gk cet4 ky ielts,2390,1497,s:actors
actress,,n. 女演员,gk cet4 ky,4829,3236,s:actresses
actual,,"a. 真实的, 实际的, 现行的\n[医] 实际死亡率",gk cet4 ky toefl,1396,1739,s:actuals
actually,,"adv. 事实上, 竟然, 如今, 现在",cet4 cet6 toefl,354,396,
acute,,"a. 尖锐的, 敏锐的, 激烈的, 严重的, 急性的\n[医] 急性的; 尖锐的",gk cet4 cet6 ky toefl ielts gre,3249,5255,s:acutes/t:acutest
ad,,"n. 广告\n[计] 地址, 模拟-数字",cet4,4324,1748,s:ads
adapt,,"vt. 使适应, 改编\nvi. 适应",gk cet4 cet6 ky toefl ielts gre,2816,2933,d:adapted/i:adapting/p:adapted/3:adapts
adaptation,,"n. 适应, 改编, 改编本\n[医] 适应[作用]",gk toefl,5438,5196,s:adaptations
add,,"vt. 增加, 添加, 附带说明, 计算...总和\nvi. 做加法, 积累而成, 增添\n[计] 加法",zk gk cet4 ky,330,340,p:added/d:added/i:adding/3:adds
addict,,"vt. 使沉溺, 使上瘾\nn. 入迷的人, 上瘾者",cet6 ky toefl ielts gre,10019,6091,d:addicted/s:addicts/i:addicting/p:addicted/3:addicts
addition,,"n. 加法, 增加的人(或物)\n[计] 加法",gk cet4 cet6 ky ielts gre,2841,2048,s:additions
address,,"n. 住址, 演说, 举止, 灵巧, 求爱\nvt. 发表(演说或讲话), 对付, 写地址\n[计] 地址, 寻址",zk gk cet4 cet6 ky toefl ielts gre,1522,1028,d:addressed/i:addressing/s:addresses/p:addressed/3:addresses
adequate,,"a. 适当的, 足够的\n[法] 胜任的, 适当的, 充分的",gk cet4 cet6 ky toefl ielts gre,2398,3297,
adjust,,"vt. 调整, 使适应于, 校准\nvi. 适应于, 被调节, 相互熟悉而适应",gk cet4 cet6 ky toefl ielts gre,2811,2300,d:adjusted/i:adjusting/p:adjusted/3:adjusts
adjustment,,"n. 调整, 调节, 校正\n[化] 调节",gk toefl,3424,3121,s:adjustments
administration,,"n. 行政, 管理, 政府机关\n[化] 给药",gk cet4 cet6 ky toefl ielts,1383,635,s:administrations
admire,,"vt. 赞美, 钦佩, 爱慕\nvi. 称赞, 惊奇",gk cet4 ky toefl gre,3283,3277,p:admired/d:admired/i:admiring/3:admires
admission,,"n. 准许进入, 入场费, 录用, 承认\n[经] 加入, 入股",gk cet4 cet6 ky toefl ielts gre,2768,3031,s:admissions
admit,,"vt. 承认, 接受, 允许进入, 容许\nvi. 开向, 容许, 承认",gk cet4 ky toefl,887,1089,p:admitted/d:admitted/3:admits/i:admitting
adolescent,,"a. 青春期的, 青少年的\nn. 青少年",gk cet6 ky toefl gre,8678,3386,s:adolescents
adopt,,"vt. 采用, 正式通过, 收养, 接受\n[医] 采取",gk cet4 cet6 ky toefl ielts gre,1157,1632,d:adopted/p:adopted/i:adopting/3:adopts
adorable,,"a. 可崇拜的, 值得敬慕的, 可爱的",,24935,12799,
adult,,"n. 成人, 成虫\na. 成年的, 成熟的",gk cet4 ky ielts,1236,969,s:adults
advance,,"n. 前进, 进展, 行过的路程\nvi. 前进, 进展, 提高, 上涨\nvt. 使前进, 促进, 提出, 提高, 使提前, 预付\na. 前面的, 预先的",gk cet4 cet6 ky toefl,1880,2296,s:advances/d:advanced/p:advanced/i:advancing/3:advances
advantage,,"n. 优点, 便利, 好处, 优势\nvt. 有助于",zk gk cet4 ky,969,1301,s:advantages/d:advantaged/i:advantaging/p:advantaged/3:advantages
adventure,,"n. 冒险, 冒险经历\nv. 冒险",gk cet4 ky toefl,3561,2862,s:adventures/i:adventuring/p:adventured/3:adventures/d:adventured
advertise,,"vt. 做广告, 通知, 公布\nvi. 做广告",gk cet4 cet6 ky ielts gre,4085,5124,d:advertised/p:advertised/i:advertising/3:advertises
advertisement,,"n. 广告, 启事, 广告宣传\n[法] 广告, 公告, 告示",zk gk cet4 ielts,3277,5957,s:advertisements
advice,,"n. 忠告, 劝告, 意见, 报道, 通知\n[经] 通知书, 通知, 建议",zk gk cet4 cet6 ky toefl ielts,962,1641,
advise,,"vt. 劝告, 给...出主意, 通知, 建议\nvi. 提意见, 商量",zk gk cet4 cet6 ky toefl,1728,2552,d:advised/p:advised/i:advising/3:advises
advocate,,"n. 提倡者, 拥护者\nvt. 主张, 提倡",gk cet4 cet6 ky toefl ielts gre,4031,2623,d:advocated/s:advocates/i:advocating/p:advocated/3:advocates
affair,,"n. 事件, 事务, 恋爱事件",gk cet4 cet6 ky toefl,941,1364,s:affairs
affect,,"vt. 影响, 感动, 假装, 模仿, 爱好, 倾向于\nn. 自觉感情",gk cet4 cet6 ky toefl ielts,754,963,d:affected/i:affecting/3:affects/p:affected/s:affects
affection,,"n. 影响, 病, 喜爱, 情感, 倾向\n[医] 疾患, 病变, 病; 感情",gk cet4 cet6 ky toefl ielts gre,4103,5137,s:affections
afford,,"vt. 买得起, 足以, 给予",zk gk cet4 cet6 ky toefl ielts,1722,1846,d:afforded/3:affords/p:afforded/i:affording
afraid,,"a. 害怕的, 恐怕的, 遗憾的",zk gk,1562,1400,
africa,,n. 非洲,gk cet4 ielts,1250,0,
african,,"n. 非洲人\na. 非洲的, 非洲人的",gk cet4 ielts,2102,1203,s:africans
after,,"prep. 在...之后, 由于\nconj. 在...之后\nadv. 后来",zk gk,96,120,
afternoon,,"n. 午后, 下午",zk gk,1118,1191,s:afternoons
afterward,,"adv. 然后, 后来",gk cet4 cet6 ky,33038,4195,
again,,"adv. 再一次, 又, 到原处",zk gk,156,184,
against,,"prep. 反对, 对着, 倚靠",zk gk cet4 ky,155,180,
age,,"n. 年龄, 老年, 成年, 寿命, 时代, 时期\nv. 变老, 成熟",zk gk toefl ielts,363,386,s:ages/d:aged/i:ageing/3:ages/p:aged
agency,,"n. 代理机构, 经销商, 中介\n[化] 办事处",gk cet4 ky ielts,1036,694,s:agencies
agenda,,"pl. 议程, 日常工作事项\n[计] 待议事件",gk ky toefl ielts gre,3026,2130,s:agendas
agent,,"n. 代理商, 政府代表, 动原, 媒介\n[计] 代理程序",gk cet4 ky toefl,1214,1020,s:agents
aggression,,"n. 侵犯, 侵略\n[医] 攻击",gk cet6 toefl gre,4772,4521,s:aggressions
aggressive,,"a. 侵略的, 挑畔的, 进取的\n[法] 侵略的, 爱挑衅的, 行为过火的",gk cet4 cet6 ky toefl ielts gre,3648,2514,
ago,,adv. 以前,zk gk,504,316,
agree,,"vi. 同意, 赞成, 应允, 适合\nvt. 承认, 认定, 同意",zk gk,401,514,d:agreed/p:agreed/3:agrees/i:agreeing
agreement,,"n. 同意, 合约, 协议\n[经] 契约, 协议, 协定",zk gk ielts,623,1059,s:agreements
agricultural,,"a. 农业的\n[法] 农业的, 耕作的",gk,2188,3104,
agriculture,,"n. 农业\n[机] 农业, 农学",gk cet4 cet6 ky toefl ielts,2274,4165,
ahead,,"a. 领先的, 预先的, 向前的\nadv. 领先, 预先, 向前, 胜于, 在前面, 在将来",gk,1504,1025,
aid,,"n. 帮助, 外援, 助手\nvt. 援助, 帮助, 有助于\nvi. 帮助\n[计] 自动内部诊断",gk cet4 cet6 ky,1096,1640,s:aids/d:aided/i:aiding/p:aided/3:aids
aids,,"n. 爱滋病(获得性免疫缺陷综合征)\n[计] 高级综合数据系统, 先进交互调试系统, 自动图解文档编制系统\n美国决策学学会, 信息自动显示系统, 自动综合调试系统",gk ielts,3757,1793,0:aid/1:s3
aim,,"n. 目标, 瞄准, 击中目标的能力\nvi. 对准目标, 致力, 打算\nvt. 瞄准\n[计] 医学文摘索引, 存取隔离机构, 高级信息管理程序, 先进接口模块\n应用接口模块, 医学人工智能, 相联索引法, 异步接口模块\n自动化信息管理, 自动化综合制造, 自动化库存管理",gk cet4 cet6 ky toefl ielts,1261,1931,s:aims/3:aims/p:aimed/d:aimed/i:aiming
air,,"n. 空气, 旋律, 态度\nvt. 晾, 使通风, 夸耀",zk gk toefl ielts,527,370,d:aired/s:airs/i:airing/p:aired/3:airs
aircraft,,"n. 航空器, 飞机\n[机] 航空器",gk cet4 ky toefl,1538,2803,
airline,,"n. 航线, 航线的设备, 航空公司",zk gk cet4 ky,3554,2128,s:airlines
airplane,,n. 飞机\n[机] 飞机,zk gk cet4,21702,3519,s:airplanes
airport,,"n. 飞机场\n[机] 航空站, 机场",zk gk ielts,2541,1765,s:airports
alarm,,"n. 惊恐, 警报, 警钟\nvt. 使惊恐, 警告\n[计] 报警信号",gk cet4 ky toefl ielts,3004,3693,s:alarms/d:alarmed/p:alarmed/i:alarming/3:alarms
album,,"n. 粘贴簿, 唱片套\n[医] 白色物",gk cet6 ky ielts,2991,2215,s:albums
alcohol,,"n. 酒精, 酒\n[化] 醇; 乙醇; 酒精",gk cet4 ky,2654,2191,s:alcohols
alike,,"a. 相似的, 同样的\nadv. 一样, 以同样的方式",gk cet4 cet6 ky toefl,4989,4389,
alive,,"a. 活着的, 活泼的, 敏感的, 热闹的",zk gk cet4 cet6 ky,2080,1532,
all,,"a. 所有的, 全部的, 一切的\nadv. 全部, 全然\npron. 全部\nn. 全部",zk gk ielts,39,43,
alley,,"n. 小路, 巷",gk ielts,6528,4340,s:alleys
allocate,,"vt. 分派, 分配\n[计] 分配",gk cet6 ky toefl ielts gre,3035,6763,d:allocated/i:allocating/3:allocates/p:allocated
allow,,"vt. 允许, 同意给予, 承认\nvi. 容许, 猜想\n[计] 允许命令",zk gk cet4 ky,257,339,d:allowed/i:allowing/3:allows/p:allowed
allowance,,"n. 津贴, 零用钱, 限额, 折扣, 允许\nvt. 定量供应",gk cet6 ky ielts gre,2481,7677,s:allowances/i:allowancing/p:allowanced/3:allowances/d:allowanced
almost,,"adv. 几乎, 差不多",zk gk,280,291,
alone,,"a. 孤独的, 单独的, 独自的\nadv. 独自地",zk gk cet4 ky toefl ielts,1297,1097,
along,,"adv. 平行地, 向前\nprep. 沿着",zk gk,823,447,
alongside,,"adv. 在旁边, 靠拢着\nprep. 在...旁边, 与...在一起",gk cet6 ky ielts,2737,4203,
aloud,,"adv. 出声地, 大声地",zk gk cet4 ky,5849,5694,
already,,"adv. 已经, 早已",zk gk,255,334,
also,,"adv. 也, 并且, 同样地",zk gk,77,87,
alternative,,"n. 两者择一, 供替代的选择\na. 两者择一的, 供选择的\n[计] 选择对象",gk cet4 cet6 ky toefl ielts,1752,2073,s:alternatives
although,,"conj. 虽然, 尽管",zk gk cet4 ky,197,378,
altogether,,"adv. 完全地, 总而言之",gk cet4 ky,2575,3801,
always,,"adv. 总是, 始终",zk gk,185,206,
am,,"be的单数第一人称\n[计] 存取管理程序, 寻址方式, 地址标记, 变址数, 调幅, 辅助存储器",gk,3465,1192,s:ams/r:amer
amateur,,"n. 业余爱好者, 外行, 爱好者\n[电] 业余家",gk cet6 ky toefl ielts gre,5030,5795,s:amateurs
amazing,,a. 令人惊异的,gk toefl ielts,3667,2294,i:amazing/0:amazing/1:i
ambassador,,"n. 大使\n[法] 大使, 使节, 代理",gk cet6 ky ielts,4614,4520,s:ambassadors
ambiguous,,"a. 不明确的, 模棱两可的\n[法] 意思含糊的, 模棱两可的, 暧昧的",gk cet6 ky toefl ielts gre,6442,7071,
ambition,,"n. 野心, 志向",gk cet4 cet6 ky toefl ielts,3185,4283,s:ambitions
ambitious,,"a. 有野心的, 抱负不凡的, 雄心勃勃的",cet6 ky toefl ielts,4298,4287,
ambulance,,n. 救护车\n[医] 救护车,gk cet4 ky ielts,3860,5500,s:ambulances
america,,"n. 美洲, 美国",zk gk ielts,973,0,
american,,"n. 美国人\na. 美国的, 美洲的",zk gk ielts,636,176,s:americans
among,,prep. 在...之中,zk gk,418,279,
amount,,"n. 总数, 总额\nvi. 总计, 等同",gk cet4 ky toefl ielts,584,782,s:amounts/p:amounted/3:amounts/i:amounting/d:amounted
amuse,,"vt. 消遣, 娱乐, 使发笑",gk cet4 cet6 ky ielts gre,8734,9683,p:amused/d:amused/i:amusing/3:amuses/s:amuses
an,,art. 一,,30,0,
analysis,,n. 分析\n[计] 分析机; 分析员; 分析; 分析程序,gk cet4 cet6 ky toefl ielts,707,811,s:analyses
analyze,,"vt. 分析, 细察, 分解\n[机] 分析",gk cet4 toefl gre,13046,2316,d:analyzed/i:analyzing/p:analyzed/3:analyzes
ancestor,,"n. 祖先, 祖宗",gk cet4 cet6 ky toefl ielts gre,4793,4137,s:ancestors
ancient,,"a. 古代的, 古老的, 年老的, 旧的",zk gk cet4 cet6 ky ielts,1841,1817,s:ancients
and,,"conj. 和, 与\n[计] 与",zk gk,4,3,
anger,,"n. 忿怒\nvt. 激怒, 使发怒\nvi. 发怒",gk cet4 ky ielts,2489,2362,d:angered/p:angered/s:angers/3:angers/i:angering
angle,,"n. 角, 角度, 角落\nvi. 钓鱼, 谋取, 博取, 斜向移动, 转变角度\nvt. 使转动角度, 在...钓鱼, 获取",gk cet4 ky toefl,2346,2989,s:angles/d:angled/i:angling/p:angled/3:angles
angry,,"a. 生气的, 愤怒的",zk gk ielts,2084,1705,r:angrier
animal,,n. 动物\n[医] 动物,zk gk ielts,652,728,s:animals
ankle,,"n. 踝\n[医] 踝, 踝关节",gk cet4 cet6 ky ielts,4387,3814,s:ankles
anniversary,,n. 周年纪念,gk cet6 ky ielts,3440,3374,s:anniversaries
announce,,"vt. 宣布, 声称, 显示, 预告\nvi. 当报幕员, 宣布参加竞选",gk cet4 cet6 ky toefl gre,795,1163,p:announced/d:announced/i:announcing/3:announces
announcement,,"n. 公告, 发表, 告知\n[经] 通告, 布告, 公告",gk toefl ielts,2825,3604,s:announcements
annoy,,"vt. 使恼怒, 骚扰",gk toefl ielts gre,7731,9844,p:annoyed/3:annoys/d:annoyed/i:annoying
annual,,"n. 年刊, 年报\na. 每年的, 一年一次的, 全年的, 一年生的",gk cet4 ky toefl ielts,1215,1361,s:annuals
another,,"a. 另外的, 再一的, 不同的\npron. 又一个, 另一个, 类似的另一个",zk gk,150,145,
answer,,"n. 答案, 回答, 回报, 答辩\nvt. 回答, 反驳, 适应, 响应, 符合\nvi. 回答, 答应, 负责, 符合, 成功\n[计] 用户问题及答案新闻组",zk gk,808,767,s:answers/p:answered/d:answered/i:answering/3:answers
ant,,n. 蚂蚁,zk gk cet4 ky,5833,5811,s:ants/p:anted/i:anting
anticipate,,"vt. 预期, 占先, 加速, 提前使用\n[医] 提前出现, 先期发生",cet4 cet6 ky toefl ielts gre,3106,3187,d:anticipated/i:anticipating/p:anticipated/3:anticipates
antique,,"n. 古董, 古物\na. 古老的, 古风的, 旧式的, 过时的",gk cet6 ky toefl ielts gre,6477,5748,s:antiques/p:antiqued/i:antiquing/3:antiques/d:antiqued
anxiety,,"n. 焦虑, 忧虑, 令人焦虑的事\n[医] 焦虑",gk cet4 cet6 ky toefl ielts,2612,2467,s:anxieties
anxious,,"a. 忧虑的, 发愁的, 渴望的",gk cet4 cet6 ky toefl,2630,3827,
any,,a. 任何的\npron. 任何,zk gk,78,109,
anybody,,pron. 任何人\nn. 重要人物,zk gk,1840,1380,
anyhow,,"adv. 无论如何, 至少",gk cet4 ky ielts,9090,9909,
anyone,,pron. 任何人,zk gk cet4 ky,662,659,
anything,,pron. 任何事,zk gk,315,331,
anyway,,"adv. 无论如何, 至少",zk cet4 ky,834,1393,s:anyways
anywhere,,adv. 无论何处,zk gk cet4 ky,2157,1879,
apart,,"adv. 成零碎, 成距离, 分别地, 分离着\na. 分离的",gk cet4 ky,2419,1971,
apartment,,"n. 房间, 公寓",gk cet4 ky ielts,3711,1273,s:apartments
apologize,,"vi. 道歉, 辩解",gk cet4 toefl gre,9168,3739,p:apologized/i:apologizing/3:apologizes/d:apologized
apparent,,"a. 清晰可见的, 显然的, 表面上的\n[电] 外在的",gk cet4 cet6 ky ielts,1770,2502,
apparently,,"adv. 表面上, 清楚地, 显然地",,1243,1407,
appeal,,"n. 恳求, 诉请, 上诉, 吸引力\nvi. 呼吁, 诉请, 要求, 上诉, 有吸引力\nvt. 将...上诉",gk cet4 cet6 ky toefl ielts gre,942,1852,s:appeals/p:appealed/i:appealing/d:appealed/3:appeals
appear,,"vi. 出现, 显得, 来到\n[法] 出庭, 到案, 出现",zk gk cet4 ky toefl,290,395,p:appeared/3:appears/i:appearing/d:appeared
appearance,,"n. 出现, 露面, 外观, 外表, 出版\n[计] 外观, 版面",gk cet4 ky ielts,1435,1684,s:appearances
appendix,,"n. 附录, 附加物, 阑尾\n[化] 增补",gk cet6 ky ielts,3748,12249,s:appendices
appetite,,"n. 食欲, 欲望, 爱好\n[医] 食欲",gk cet4 cet6 ky toefl ielts gre,5325,5205,s:appetites
applaud,,"v. 拍手喝彩, 称赞, 赞同",gk cet6 ky toefl ielts gre,7585,5722,p:applauded/d:applauded/i:applauding/3:applauds
apple,,"n. 苹果, 家伙\n[医] 苹果",zk gk,2446,2695,s:apples
applicant,,"n. 申请者\n[经] 申请人, 请求人, 谋事人",gk cet4 toefl ielts gre,3159,5512,s:applicants
application,,"n. 应用, 申请, 志愿书, 应用程序\n[计] 应用, 应用程序",gk cet4 cet6 ky toefl ielts gre,608,1519,s:applications
apply,,"vt. 涂, 应用\nvi. 申请, 适用",gk cet4 cet6 ky toefl ielts,522,938,d:applied/3:applies/i:applying/p:applied
appoint,,"vt. 任命, 指定, 下令\n[法] 派, 派任, 任命",gk cet4 cet6 ky toefl gre,1272,3172,d:appointed/p:appointed/i:appointing/3:appoints
appointment,,"n. 约会, 委任的职位, 委派\n[经] 任命, 派, 指定",gk cet4 cet6 ky toefl ielts,1558,3021,s:appointments
appreciate,,"vt. 赏识, 鉴别, 为...而感激, 领会, 欣赏\nvi. 增值, 涨价",gk cet4 cet6 ky toefl ielts gre,1989,1738,d:appreciated/p:appreciated/i:appreciating/3:appreciates
appreciation,,"n. 感激, 赏识, 鉴别\n[经] 涨价, 增值",gk cet6 toefl,4701,4322,s:appreciations
approach,,"n. 接近, 入门\nvt. 接近, 近似, 找...商量\nvi. 靠近",gk cet4 cet6 ky toefl ielts gre,583,750,s:approaches/p:approached/i:approaching/d:approached/3:approaches
appropriate,,"a. 适当的\n[经] 适当的, 拨出, 占用",gk cet4 cet6 ky toefl ielts gre,883,1493,d:appropriated/3:appropriates/p:appropriated/i:appropriating
approve,,"vt. 赞同, 核准, 为...提供证据\nvi. 赞许",gk cet4 cet6 ky toefl,1762,2053,d:approved/p:approved/i:approving/3:approves
approximately,,"adv. 大约, 大致, 近于\n[经] 大约, 近似",gk cet4 cet6 toefl,2850,2365,
april,,n. 四月,zk gk ielts,684,0,
arab,,"n. 阿拉伯人, 阿拉伯马\na. 阿拉伯人的, 阿拉伯的",gk,26475,2201,s:arabs
arch,,"n. 拱门, 拱形, 足弓\nvt. 使成弓形\nvi. 拱起, 成弓形\na. 主要的, 调皮的, 傲慢无礼的, 狡猾的",gk cet6 ky toefl ielts gre,4771,6326,s:arches/p:arched/i:arching/d:arched/3:arches
architect,,"n. 建筑师, 设计者, 缔造者",gk cet4 cet6 ky toefl ielts gre,2891,3365,s:architects
architecture,,"n. 建筑学, 建筑式样\n[计] 体系结构",gk cet4 cet6 ky toefl ielts,2712,3509,s:architectures
area,,"n. 区域, 面积, 范围, 空地\n[计] 区域",zk gk cet4 ky ielts,149,230,s:areas
argue,,"vi. 提出理由, 争论, 辩论\nvt. 主张, 辩论, 证明, 说服",gk cet4 cet6 ky ielts,674,778,d:argued/p:argued/3:argues/i:arguing
argument,,"n. 争论, 论证, 论据, 自变量\n[计] 参数",gk cet4 ky ielts,832,1185,s:arguments
arise,,"vi. 站立, 出现, 起来",gk cet4 cet6 ky toefl ielts,1043,2581,i:arising/3:arises/p:arose/d:arisen
arm,,"n. 手臂, 袖子, 狭长港湾, 武器\nvt. 武装, 装备\nvi. 武装起来\n[计] 异步应答方式; 自动货品销路管理",zk gk,491,491,s:arms/d:armed/i:arming/p:armed/3:arms
army,,"n. 军队, 陆军",zk gk cet4 ky ielts,818,1539,s:armies
around,,"prep. 包围, 在...周围, 四处\nadv. 兜着圈子, 在附近, 到处",zk gk,397,264,
arrange,,"v. 安排, 排列, 达成协议\n[计] 重排",gk cet4 ky toefl,1324,2216,d:arranged/i:arranging/p:arranged/3:arranges
arrangement,,"n. 排列, 整齐, 安排\n[计] 排列",gk cet4 toefl,1092,2357,s:arrangements
arrest,,"n. 逮捕, 监禁\nvt. 拘捕, 抑制, 吸引, 阻止",gk cet4 cet6 ky toefl gre,2134,2140,d:arrested/s:arrests/i:arresting/p:arrested/3:arrests
arrival,,"n. 到达, 抵达, 到达者\n[经] 到达, 到达物",gk cet4 ky ielts,2281,3194,s:arrivals
arrive,,"vi. 到达, 抵达",zk gk,708,810,p:arrived/d:arrived/i:arriving/3:arrives
arrow,,"n. 箭, 箭状物, 箭头记号",gk cet4 ky,4127,4832,s:arrows/p:arrowed/i:arrowing
art,,"n. 艺术, 人文科学, 技术, 巧妙, 诡计, 美术\n[计] 实际保持时间, 特许权和资源表, 平均检索时间, 平均运行时间",zk gk cet4 ky ielts,477,346,s:arts
article,,"n. 文章, 冠词, 物品, 物件, 条款, 契约\n[计] 信件",zk gk cet4 ky toefl ielts,1027,731,s:articles/d:articled/i:articling/p:articled/3:articles
artificial,,"a. 人造的, 假的, 非原地产的\n[医] 人工的, 人造的, 伟牟",gk cet4 cet6 ky toefl ielts gre,3499,4003,s:artificials
artist,,"n. 艺术家, 画家",gk cet4 ky,1218,736,s:artists
as,,"adv. 同样地, 例如\nprep. 做为, 当作\nconj. 当...之时, 以...的方式, 像...一样, 因为\n[计] 高级系统, 先进系统, 辅助存储器, 自治系统",zk gk ielts,33,33,
ash,,"n. 灰, 灰烬\n[化] 灰分",gk cet4 ky,4713,4577,s:ashes
ashamed,,"a. 惭愧的, 羞耻的",gk cet4 ky ielts,5292,5651,
asia,,n. 亚洲,zk gk ielts,2720,0,
asian,,"n. 亚洲人\na. 亚洲的, 亚洲人的",zk gk,3725,2351,s:asians
aside,,"n. 小声说的话, 旁白\nadv. 在一边, 离开, 另外",gk cet4 ky,2376,1878,s:asides
ask,,"vi. 问, 要求\nvt. 问, 要求, 邀请, 需要",zk gk,141,131,p:asked/d:asked/i:asking/3:asks
asleep,,"a. 睡着的, 长眠的, 麻木的\nadv. 熟睡地",zk gk cet4 ky,3043,3081,
aspect,,"n. 外观, 方面, 面貌, 方向\n[医] 方面, 局面; 外观",gk cet4 cet6 ky toefl gre,862,1357,s:aspects
assess,,"vt. 估定, 对...征税, 评定\n[经] 估计, 估价, 确定(税款罚款等)的金额",gk cet4 cet6 ky toefl ielts gre,1488,2042,d:assessed/i:assessing/3:assesses/p:assessed
assessment,,"n. 评估, 估定, 评定的款额\n[化] 评估",gk cet6 toefl ielts gre,1249,1552,s:assessments
assign,,"vt. 分配, 指派, 赋值\n[计] 赋值",cet4 cet6 ky toefl ielts,3876,2611,d:assigned/i:assigning/3:assigns/p:assigned
assist,,"n. 帮助, 协助\nvt. 帮助, 促进\nvi. 协助, 参加",gk cet4 cet6 ky toefl,2162,2475,d:assisted/i:assisting/p:assisted/3:assists
assistance,,"n. 协助, 援助\n[经] 援助, 帮助",gk ky toefl ielts,2096,2081,
assistant,,"n. 助手, 助理, 助教\na. 有帮助的, 辅助的, 助理的",gk cet4 cet6 ky toefl ielts,2875,2706,s:assistants
associate,,"n. 同伴, 伙伴, 关联的事物\nvt. 使联合, 使发生联系\nvi. 交往\n[计] 关联",gk cet4 cet6 ky toefl ielts gre,1216,1354,d:associated/s:associates/i:associating/p:associated/3:associates
association,,n. 协会\n[计] 关联,gk cet4 cet6 ky toefl ielts,742,1859,s:associations
assume,,"vt. 假定, 承担, 呈现\nvi. 装腔作势, 僭越",gk cet4 cet6 ky toefl ielts gre,886,1091,d:assumed/i:assuming/p:assumed/3:assumes
assumption,,"n. 假定, 自负, 担任, 假装\n[经] 假定, 承担",gk cet4 cet6 ky toefl ielts gre,1693,2606,s:assumptions
astonish,,vt. 使惊讶,gk cet4 ky toefl,18564,12542,p:astonished/d:astonished/3:astonishes/i:astonishing
astronaut,,"n. 太空旅行者, 宇航员\n[法] 美国太空人",gk cet4 cet6 ky,16330,5656,s:astronauts/3:astronauts
astronomer,,n. 天文学家,gk toefl,10779,3744,s:astronomers
at,,"prep. 在, 向, 对\n[计] 地址转换器, 异常传输, 自动订票",zk gk,22,22,
athlete,,"n. 运动员, 运动选手\n[医] 运动员",gk cet4 cet6 ky toefl ielts,6584,1600,s:athletes
athletic,,a. 运动的,gk cet6,8781,2981,
atlantic,,n. 大西洋\na. 大西洋的,zk gk cet4,3289,0,
atmosphere,,"n. 大气, 空气, 气氛\n[医] 大气; 大气压",gk cet4 cet6 ky toefl,1855,2217,s:atmospheres
atom,,"n. 原子, 核能, 微粒, 微量\n[计] 原子",gk cet4 cet6 ky toefl,4241,5184,s:atoms
attach,,"vt. 附上, 使依附, 使附属, 使喜爱, 系, 缚\nvi. 附属, 归属, 联系在一起\n[计] 挂接服务器命令, 关联, 挂接, 附加",gk cet4 cet6 ky toefl ielts gre,1849,2320,d:attached/i:attaching/3:attaches/p:attached
attack,,"n. 攻击, 抨击\nvt. 攻击, 抨击, 动手干\nvi. 攻击",gk cet4 cet6 ky ielts,913,791,s:attacks/d:attacked/p:attacked/i:attacking/3:attacks
attain,,"vt. 达到, 获得\nvi. 达到",gk cet4 cet6 ky toefl ielts gre,5042,5323,d:attained/i:attaining/p:attained/3:attains
attempt,,"n. 尝试, 企图\nvt. 尝试, 企图",gk cet4 cet6 ky toefl ielts,740,1227,s:attempts/i:attempting/d:attempted/p:attempted/3:attempts
attend,,"vt. 参加, 照料, 伴随\nvi. 专心于, 照顾, 服侍, 出席",gk cet4 ky toefl ielts,1100,1168,i:attending/d:attended/p:attended/3:attends
attention,,"n. 注意, 注意力\n[计] 引起注意信号",zk gk cet4 ky toefl ielts,714,591,s:attentions
attitude,,"n. 态度, 看法, 姿势\n[医] 体态, 姿势, 态度",gk cet4 ky,920,1155,s:attitudes
attract,,"vt. 吸引, 诱惑\nvi. 有吸引力",gk cet4 ky toefl,1477,1867,d:attracted/p:attracted/3:attracts/i:attracting
attraction,,"n. 吸引, 吸引人的事物, 吸引力\n[医] 吸引",gk cet4 toefl,3108,3800,s:attractions
attractive,,"a. 吸引人的, 有魅力的\n[法] 有吸引力的, 有迷惑力的",gk cet4 ky toefl ielts,1781,2811,
audience,,"n. 听众, 观众, 读者\n[法] 听讼, 观众, 听众",gk cet4 cet6 ky toefl ielts gre,1463,1074,s:audiences
august,,"n. 八月\na. 威严的, 令人敬畏的",zk gk ielts gre,1239,22206,
aunt,,"n. 阿姨, 姨妈, 舅妈, 姑妈, 伯母",zk gk,2569,4166,s:aunts
australia,,"n. 澳洲, 澳大利亚",zk gk ielts,1834,0,
australian,,"n. 澳大利亚人\na. 澳大利亚的, 澳洲的, 澳洲人的",zk gk ielts,3122,5172,s:australians
author,,"n. 作家, 作家的著作, 创始人\n[法] 作者, 著作人, 本人",gk cet4 cet6 ky ielts,1382,685,s:authors/i:authoring/p:authored/3:authors/d:authored
authority,,"n. 权力, 当权者, 当局, 权威, 专家\n[经] 代理权, 授权, 权威",gk cet4 cet6 ky toefl ielts,285,832,s:authorities
automatic,,"n. 自动手枪, 自动机械\na. 自动的, 机械的, 必然的, 无意识的",gk cet4 cet6 ky toefl ielts,3184,4045,s:automatics
autonomous,,a. 自治的\n[医] 自主的,gk toefl gre,5495,7499,
autumn,,"n. 秋天, 成熟期",zk gk,2252,5010,
available,,"a. 可利用的, 可获得的, 有效的\n[医] 有效的, 可得的",zk gk cet4 cet6 ky toefl ielts gre,334,622,
avenue,,"n. 大街, 途径, 林荫路",gk cet4 ky toefl ielts,3634,5320,s:avenues
average,,"n. 平均, 平均数, 一般水平, 海损\na. 平均的, 中等的, 平常的\nvt. 算出...平均数, 平均做, 均分, 使平衡\nvi. 平均为, 呈中间色",gk cet4 ky toefl ielts,1527,1299,s:averages/i:averaging/p:averaged/d:averaged/3:averages
avoid,,"vt. 避免, 防止, 撤消\n[法] 避免, 回避, 躲开",zk gk cet4 ky toefl ielts gre,835,908,d:avoided/i:avoiding/p:avoided/3:avoids
awake,,"a. 醒着的\nvt. 唤醒, 唤起, 使意识到\nvi. 醒来, 被唤起, 意识到",zk gk cet4 cet6 ky,4786,4647,p:awoke/d:awoken/3:awakes/i:awaking
award,,"n. 奖品, 裁定, 判决\nvt. 授予, 给予",gk cet4 cet6 ky ielts,590,2573,d:awarded/s:awards/p:awarded/i:awarding/3:awards
aware,,"a. 知道的, 有觉悟的",gk cet4 ky toefl ielts,921,1439,
away,,adv. 离去,zk gk,237,269,
awesome,,"a. 引起敬畏的, 可怕的",gk,9785,6337,
awful,,"a. 可怕的, 庄严的, 虔敬的",gk cet4 cet6 ky ielts,2660,3276,
awkward,,"a. 笨拙的, 棘手的",gk cet4 cet6 ky toefl ielts gre,4097,4992,
baby,,n. 婴孩\n[医] 婴儿,zk gk,869,588,s:babies/i:babying/p:babied/3:babies/d:babied
back,,"a. 后面的\nvt. 使后退, 支持\nvi. 倒退, 背靠\nadv. 向后地\nn. 背部, 后面",zk gk ielts,105,108,d:backed/s:backs/p:backed/i:backing/3:backs
background,,"n. 背景, 背景资料\n[计] 背景, 后台",zk gk cet4 ky toefl ielts,1369,1402,s:backgrounds
backward,,"adv. 向后地, 相反地\na. 向后的, 相反的\n[计] 倒推",gk cet4 ky toefl ielts,8489,5204,
bacon,,n. 熏猪肉\n[机] 腌肉,gk cet6 ky ielts,6093,6412,s:bacons
bad,,a. 坏的\nn. 坏\nadv. 坏地,zk gk,349,282,r:worse/t:worst
badly,,"adv. 严重地, 恶劣地, 极度地",gk cet4 ky,2078,3111,
badminton,,n. 羽毛球运动,gk cet4 cet6 ky ielts,15739,20115,
bag,,"n. 袋子, 袋状物\nvt. 使膨大, 装袋, 猎获",zk gk,1292,1008,s:bags/p:bagged/d:bagged/i:bagging/3:bags
bake,,"vt. 烘焙, 烤\nvi. 烤面包\nn. 烘焙, 烤",gk cet4 ky ielts,6122,2810,i:baking/d:baked/p:baked/3:bakes
bakery,,n. 面包店,gk,11664,8076,s:bakeries
balance,,"n. 平衡, 差额\nvi. 平衡, 相等\nvt. 称, 权衡, 比较, 使平衡, 结算, 抵消",gk cet4 ky toefl ielts,1176,1631,d:balanced/i:balancing/s:balances/3:balances/p:balanced
ball,,"n. 球, 舞会, 球状物\nv. 捏成球形",zk gk,1121,912,s:balls/p:balled/i:balling/3:balls/d:balled
ballet,,n. 芭蕾舞,gk cet6 ky toefl ielts,4421,6552,s:ballets
balloon,,"n. 气球\nvt. 使成气球状\nvi. 膨胀如气球, 激增",zk gk cet4 ky toefl ielts gre,5623,4774,s:balloons/p:ballooned/i:ballooning/d:ballooned/3:balloons
bamboo,,n. 竹子\n[医] 竹类,zk gk cet6 ielts,12165,8248,s:bamboos
ban,,"n. 禁令\nvt. 禁止, 取缔",gk cet4 cet6 ky toefl ielts gre,2824,3273,d:banned/i:banning/p:banned/s:bans/3:bans
banana,,n. 香蕉,zk gk,5663,4677,s:bananas
band,,"n. 带子, 队, 乐队\nv. 联合, 结合\n[计] 频带; 波段; 区",gk cet4 ky toefl ielts gre,1145,1277,s:bands/3:bands/d:banded/i:banding/p:banded
bang,,"n. 重击, 突然巨响, 刘海\nv. 发巨响, 重击\nadv. 砰然地, 突然巨响地, 直接地\n[计] 撞击符",gk cet4 cet6 ky toefl ielts,4572,5069,i:banging/p:banged/s:bangs/d:banged/3:bangs
bank,,"n. 银行, 堤, 岸\n[医] 库",zk gk ielts,406,663,s:banks/i:banking/d:banked/p:banked/3:banks
bar,,"n. 条, 棒, 酒吧, 栅, 障碍物\nvt. 禁止, 阻挡, 妨碍\n[计] 棒形图",gk cet4 ky toefl ielts gre,993,991,s:bars/d:barred/p:barred/i:barring/3:bars
barbecue,,"n. 烤肉\nvt. 烤肉, 烧烤",gk ky toefl ielts gre,10040,6778,s:barbecues/3:barbecues/d:barbecued/i:barbecuing/p:barbecued
bare,,"a. 赤裸的, 缺少的, 无遮蔽的, 坦率的\nvt. 使赤裸, 露出",gk cet4 ky toefl ielts gre,3196,3430,p:bared/t:barest/i:baring/d:bared/3:bares/r:barer
barely,,adv. 几乎不,cet4 cet6 ky toefl ielts,3192,1973,
bark,,"n. 树皮, 吠声\nvi. 吠, 叫骂\nvt. 喊出, 剥树皮",gk cet4 cet6 ky toefl ielts gre,6605,5831,p:barked/i:barking/s:barks/d:barked/3:barks
barrier,,"n. 障碍, 栅栏\n[化] 势垒; 阻片; 阻挡层",gk cet4 cet6 ky toefl ielts gre,2629,2609,s:barriers
base,,"n. 底部, 垒, 基础, 基地\nvt. 以...作基础\na. 卑鄙的, 低劣的\n[计] 基准",gk cet4 ky gre,514,536,d:based/p:based/i:basing/3:bases/r:baser
baseball,,n. 棒球\n[计] 棒球系统,zk gk cet4 cet6 ky ielts,10008,1373,
basement,,"n. 地下室, 墙脚\n[化] 地下室",gk cet6 ky toefl ielts,5987,3598,s:basements
basic,,"n. 基本原理, 要素, 基本规律\na. 基本的, 碱性的\n(计算机)BASIC语言",zk gk cet4 ky toefl ielts,911,1144,s:basics
basin,,"n. 盆, 盆地\n[医] 第三脑室, 骨盆",gk cet4 cet6 ky toefl,4357,6174,s:basins/3:basins
basis,,"n. 基础, 主要成分\n[化] 基底",gk cet4 ky ielts,694,1307,
basket,,"n. 篮, 篮子\nvt. 装入篮",zk gk,3828,3255,s:baskets
basketball,,n. 篮球,zk gk,16051,1799,s:basketballs
bat,,"n. 蝙蝠, 球棒\nv. 用球棒打, 眨眼\n[计] 成批",gk cet4 ky,4758,3692,s:bats/p:batted/i:batting/3:bats/d:batted
bath,,"n. 沐浴, 浴室\n[医] 浴",gk cet4 ky ielts,2551,3890,s:baths/3:baths/i:/p:bathed/d:bathed
bathroom,,"n. 浴室, 厕所",zk gk cet4 ky ielts,2821,2404,s:bathrooms
battery,,"n. 电池, 殴打\n[化] 蓄电池",gk cet4 cet6 ky toefl ielts,3400,3193,s:batteries
battle,,n. 战役\nv. 战斗,gk cet4 cet6 ky toefl,1330,1199,s:battles/i:battling/p:battled/d:battled/3:battles
bay,,"n. 海湾, 狗吠声, 月桂\nvt. 吠, 使走投无路\nvi. 吠",gk cet4 cet6 ky toefl ielts,2330,23460,s:bays/i:baying/p:bayed/3:bays/d:bayed
bc,,公元前,,12933,0,
be,,"v. 是, 表示, 在\n[计] 后端, 总线允许",zk gk,2,2,p:was/3:is/d:been/i:being
beach,,n. 海滩,zk gk cet4 ky ielts,1900,1937,s:beaches/p:beached/d:beached/i:beaching/3:beaches
beam,,"n. 横梁, 杆, 光线, 容光焕发\nvi. 用梁支承, 微笑, 射出光线\nvt. 照耀, 感到欣喜\n[计] 束",gk cet4 cet6 ky toefl ielts gre,3945,3741,s:beams/p:beamed/i:beaming/d:beamed/3:beams
bean,,n. 豆子\n[化] 油嘴; 豆,gk cet4 cet6 ky toefl,3782,2352,s:beans
bear,,"n. 熊\nvt. 忍受, 支承, 产生, 怀有, 通过卖空使跌价\nvi. 忍受, 结果实, 压挤, 行进, 转向",gk toefl ielts,1065,1619,d:born/i:bearing/p:bore/3:bears/s:bears
beard,,"n. 胡须\nvt. 抓住胡须, 公开反对",gk cet4 ky toefl ielts,5605,4690,s:beards/i:bearding/p:bearded/3:beards/d:bearded
beast,,"n. 畜生, 动物, 野兽, 兽性",gk cet4 ky toefl,4515,4428,s:beasts
beat,,"n. 心跳(声), 打, 敲打声, 拍子\nv. 打, 拍打, 打败\na. 疲乏的, 颓废的\nbeat的过去式\n[计] 拍; 节拍",zk gk toefl ielts gre,1207,1036,p:beat/0:beat/1:pd/d:beaten/i:beating/3:beats/s:beats
beautiful,,a. 美丽的,zk gk ielts,1161,992,
beauty,,"n. 美, 美人",gk cet4 ky ielts,2046,1724,s:beauties
because,,conj. 因为,zk gk,101,89,
become,,"vi. 变成, 变得\nvt. 适合",zk gk ielts,122,139,p:became/d:become/0:become/1:d/3:becomes/i:becoming
bed,,"n. 床, 睡眠处, 河床, 底座, 路基, 一层\nvt. 提供宿处, 栽种, 安装\nvi. 睡, 形成坚实的一层",zk gk,563,683,s:beds/d:bedded/i:bedding/p:bedded/3:beds
bedroom,,n. 卧室,zk gk ielts,1570,1869,s:bedrooms
bee,,"n. 蜜蜂, 聚会",zk gk cet4 ky,4770,4247,s:bees
beef,,"n. 牛肉, 肌肉\nvt. 养(牛), 宰(牛)\nvi. 抱怨, 告发",zk gk,4295,3505,d:beefed/i:beefing/p:beefed/s:beefs/3:beefs
beer,,n. 啤酒\n[化] 啤酒,gk,2300,1902,s:beers
before,,prep. 在...之前\nconj. 在...之前\nadv. 在前,zk gk,198,219,
beg,,"v. 乞求, 乞讨, 请求",gk cet4 ky toefl,3537,3452,i:begging/p:begged/3:begs/d:begged
begin,,v. 开始\n[计] 开始,zk gk,193,164,p:began/i:beginning/d:begun/3:begins
beginning,,n. 开始,gk cet4 cet6 ky ielts,1242,1200,0:begin/1:i/s:beginnings/i:beginning
behalf,,"n. 利益, 方面",gk cet4 cet6 ky toefl ielts,4681,4434,
behave,,"vi. 举止端正, 行为规矩\nvt. 检点(自己的)行为, 使表现好",gk cet4 cet6 ky toefl ielts,2463,3660,i:behaving/p:behaved/d:behaved/3:behaves
behavior,,"n. 行为, 举止\n[医] 行为",cet4 cet6 ky toefl ielts,28403,658,s:behaviors
behind,,adv. 在后地\nprep. 在...背后,zk gk,489,421,
being,,"n. 存在, 性质, 生命, 人, 生物, be的现在分词",gk cet4 ky,1956,1676,1:i/0:be/s:beings
belgium,,n. 比利时,gk,4510,0,
belief,,"n. 信念, 相信, 信仰",gk cet4 ky toefl,1291,1378,s:beliefs
believe,,v. 相信,zk gk,252,212,p:believed/3:believes/d:believed/i:believing
bell,,"n. 铃, 钟\n[计] 响铃命令",zk gk,2829,2646,s:bells/p:belled/i:belling/3:bells/d:belled
belly,,"n. 腹部, 食欲\nvt. 使鼓起\nvi. 鼓起, 匍匐前进",gk ky ielts,5691,3805,s:bellies/p:bellied/i:bellying/d:bellied/3:bellies
belong,,"vi. 属于, 合适",gk cet4 ky toefl,1475,1639,i:belonging/p:belonged/3:belongs/d:belonged
below,,prep. 在下面\nadv. 在下面,zk gk toefl,1136,1450,
belt,,"n. 带子, 地带\n[医] 带, 腰带, 束带, 地带, 区",gk cet4 ky toefl,2870,2430,s:belts/p:belted/i:belting/d:belted/3:belts
bench,,n. 长椅子\n[机] 台,gk cet4 cet6 ky gre,2942,2782,s:benches/p:benched/i:benching/3:benches/d:benched
bend,,"vi. 变弯曲, 屈服\nvt. 使弯曲, 使屈服\nn. 弯曲",gk cet4 cet6 ky toefl ielts gre,2445,2194,p:bent/i:bending/d:bent/s:bends/3:bends
beneath,,prep. 在...下方\nadv. 在...下方,gk cet4 ky toefl,1890,1977,
beneficial,,"a. 有益的, 受益的\n[经] 有使用权的, 可享利益的",gk cet4 ky toefl ielts,4578,4991,
benefit,,n. 利益\nvt. 有益于\nvi. 受益,gk cet4 cet6 ky toefl ielts,656,812,s:benefits/d:benefited/3:benefits/p:benefited/i:benefiting
beside,,prep. 在旁边,zk gk,1623,1981,
besides,,"prep. 除...之外\nadv. 而且, 此外",zk gk cet4 ky toefl,3848,3012,
best,,a. 最好的\nadv. 最好地\nn. 最好的人,ielts,1212,309,0:good/1:t/r:best/3:bests/d:bested/i:besting/p:bested
bet,,"n. 打赌, 赌注\nv. 打赌",cet4 ky ielts,3246,2699,s:bets/i:betting/p:bet/0:bet/1:pd/3:bets/d:bet
better,,a. 较好的\nadv. 比较好,gk ielts,704,452,0:good/1:r/d:bettered/s:betters/i:bettering/p:bettered/3:betters
between,,prep. 在...之间,zk gk,97,140,
beyond,,"prep. 超过, 在那一边, 迟于\nadv. 在远处\nn. 更远处",zk gk cet4 ky,944,746,
bicycle,,n. 自行车,zk gk cet4 ky ielts,5312,4366,s:bicycles/p:bicycled/i:bicycling/d:bicycled/3:bicycles
bid,,"n. 出价\nv. 命令, 吩咐, 请求, 表示, 宣布, 投标",gk cet6 ky ielts gre,2359,4069,s:bids/d:bid/0:bid/1:dp/i:bidding/p:bade/3:bids
big,,"a. 大的, 重要的\nadv. 大量地",zk gk,260,162,t:biggest/r:bigger
bike,,"n. 自行车, 脚踏车",zk,3241,2163,s:bikes/i:biking/p:biked/3:bikes/d:biked
bill,,"n. 帐单, 清单, 钞票, 鸟嘴, 广告, 法案, 票据\nvt. 开帐单, (用招贴)宣布",zk gk cet4 ky toefl ielts,837,8026,s:bills/d:billed/i:billing/p:billed/3:bills
billion,,"num. 十亿, 十亿个",gk cet4 cet6 ky toefl,1829,612,
biology,,n. 生物学\n[化] 生物; 生物学,gk cet4 ky ielts,5388,4226,
bird,,"n. 鸟, 羽毛球\nvi. 打鸟",zk gk,1072,1122,s:birds/i:birding/p:birded/3:birds/d:birded
birth,,"n. 出生, 起源\n[医] 生产, 分娩",zk gk cet4 ky ielts,1590,1499,s:births/i:birthing/p:birthed/3:births/d:birthed
birthday,,n. 生日,zk gk,2488,2433,s:birthdays
biscuit,,n. 饼干\n[化] 素坯; 饼干,zk gk cet4 ky,4203,8068,s:biscuits
bishop,,"n. 主教, (国际象棋中的)象, 热果子酒",gk cet6,2221,3437,s:bishops
bit,,"n. 少量, 马嚼子, 辅币\nvt. 给马上嚼子, 控制\nbite的过去式和过去分词\n[计] 比特, 二进制数位, 机内测试",zk gk gre,585,952,s:bits/0:bite/1:pd
bite,,"n. 咬, 一口\nv. 咬, 刺痛, 穿透",gk cet4 ky toefl ielts,3294,3153,p:bit/i:biting/s:bites/3:bites/d:bit
bitter,,"a. 苦的, 痛苦的, 怀恨的\nadv. 刺骨\nv. (使)变苦",zk gk cet4 ky toefl ielts,3095,3580,s:bitters/i:bittering/p:bittered/3:bitters/d:bittered
black,,"n. 黑色, 黑颜料\na. 黑色的",zk gk ielts,426,253,s:blacks/p:blacked/r:blacker/t:blackest/d:blacked/i:blacking/3:blacks
blackboard,,n. 黑板,zk gk,11944,13322,s:blackboards
blame,,"n. 过失, 责备\nvt. 责备, 归咎于",gk cet4 cet6 ky toefl ielts,2043,1797,d:blamed/p:blamed/i:blaming/3:blames
blank,,"n. 空格, 空白\na. 空白的, 空虚的, 完全的, 无色的\nvi. 消失, 成为空白\nvt. 使无效, 取消, 封锁\n[计] 空白",gk cet4 ky ielts,4310,4578,s:blanks/p:blanked/d:blanked/i:blanking/r:blanker/3:blanks
blanket,,"n. 毛毯, 毯子\nvt. 掩盖, 覆盖\na. 总共的",gk cet4 ky toefl ielts,3938,3306,s:blankets/d:blanketed/p:blanketed/i:blanketing/3:blankets
bleed,,"vi. 流血, 悲痛, 渗出\nvt. 使出血, 榨取",gk cet4 cet6 ky toefl ielts,6460,5218,i:bleeding/3:bleeds/d:bled/p:bled
bless,,"vt. 祝福, 祈佑, 使神圣化",gk cet4 cet6 ky ielts,5280,4161,d:blessed/p:blessed/i:blessing/3:blesses
blind,,"n. 蒙蔽物, 窗帘\na. 盲目的, 瞎的, 不加思考的\nvt. 使失明, 蒙蔽, 遮暗\nadv. 盲目地",zk gk cet4 cet6 ky ielts,2926,2716,s:blinds/d:blinded/p:blinded/r:blinder/i:blinding/3:blinds
block,,"n. 街区, 木块, 石块, 块\nvt. 阻塞, 封锁, 使成块状\n[计] 块, 数据块",gk toefl ielts,1641,1314,s:blocks/d:blocked/i:blocking/p:blocked/3:blocks
blog,,n. 博客；部落格；网络日志,,0,7748,i:blogging/p:blogged/3:blogs/d:blogged/s:blogs
blood,,"n. 血, 血统, 流血, 气质, 生命\nvt. 使出血, 用血涂",zk gk cet4 ky ielts,980,692,s:bloods/d:blooded/i:blooding/p:blooded/3:bloods
blouse,,n. 宽松的上衣,gk cet6 ky ielts,8160,6586,s:blouses/p:bloused/i:blousing
blow,,"n. 吹, 打击, 殴打, 花开\nv. 吹, 风吹, 吹响, 开花",zk gk toefl,1822,1414,p:blew/d:blown/i:blowing/s:blows/3:blows
blue,,"n. 蓝色\na. 蓝色的, 下流的, 忧郁的\nvt. 染成蓝色\nvi. 变蓝",gk gre,1083,842,s:blues/i:bluing/p:blued/3:blues/d:blued
board,,"n. 木板, 甲板, 膳食, 会议桌\nvt. 乘船, 供膳食, 用板覆盖\nvi. 搭伙\n[计] 板",zk gk cet4 cet6 ky toefl ielts,611,667,s:boards/p:boarded/d:boarded/i:boarding/3:boards
boat,,n. 船\nvi. 乘船\nvt. 以船运,zk gk ielts,1303,1231,s:boats/i:boating/p:boated/3:boats/d:boated
body,,"n. 身体, 人, 尸体, 主要部分, 团体\nvt. 赋以形体\n[计] 体",zk,274,313,s:bodies/i:bodying/p:bodied/3:bodies/d:bodied
boil,,"n. 煮沸, 沸腾, 疖\nv. 煮沸, 激动",gk cet4 ky toefl ielts,4944,4258,i:boiling/d:boiled/3:boils/p:boiled/s:boils
bomb,,"n. 炸弹\nvt. 轰炸, 投弹于\nvi. 失败",gk cet4 cet6 ky,2266,1992,s:bombs/d:bombed/i:bombing/p:bombed/3:bombs
bond,,"n. 捆绑物, 结合, 债券, 契约, 粘合剂, 保证人, 键, 关栈保留\nvt. 存入关栈, 使黏合\nvi. 结合",gk cet4 cet6 ky toefl ielts,2385,1880,s:bonds/d:bonded/p:bonded/3:bonds/i:bonding
bone,,"n. 骨头, 骨, 骨制品\nvt. 剔骨\nvi. 专心致志",gk cet4 ky,1934,1443,s:bones/i:boning/p:boned/3:bones/d:boned
bonus,,"n. 奖金, 红利\n[经] 奖金, 红利, 额外补贴",gk cet6 ky toefl ielts,3780,4172,s:bonuses
book,,"n. 书, 书籍, 帐簿, 名册, 工作簿\nv. 登记, 预订\n[计] 工作簿",zk gk ielts,235,241,s:books/d:booked/p:booked/i:booking/3:books
boom,,"n. 繁荣, 隆隆声\nvi. 急速发展, 发隆隆声\nvt. 使兴旺, 发隆隆声",gk ky toefl ielts gre,3920,3171,p:boomed/s:booms/i:booming/d:boomed/3:booms
boost,,"n. 推进, 吹捧\nvt. 推进, 提高, 宣扬, 促进",cet4 cet6 ky toefl ielts gre,4022,3691,d:boosted/i:boosting/p:boosted/3:boosts/s:boosts
boot,,"n. 长靴, 踢, 解雇, 效用\nvt. 使穿靴, 踢, 解雇, 有用\n[计] 引导, 自举",gk cet4 ky ielts,2176,2347,s:boots/d:booted/p:booted/i:booting/3:boots
booth,,"n. 亭, 摊棚\n[经] 货摊, 电话间",gk cet4 cet6 ky ielts,9834,4300,s:booths
border,,"n. 边缘, 边境, 边界, 花坛\nvt. 在...上镶边, 接近\nvi. 接界, 近似\n[计] 边框",gk cet4 ky toefl ielts,1789,1344,s:borders/i:bordering/d:bordered/p:bordered/3:borders
bored,,a. 无聊的；烦人的；无趣的,gk,4569,5873,d:bored/0:bored/1:dp/p:bored
boring,,"a. 烦人的, 无聊的, 无趣的\n[机] 成孔期, 搪孔",zk gk toefl gre,4124,4915,i:boring/0:boring/1:i/s:borings
born,,a. 天生的\nbear的过去分词,zk gk cet4 ky,1206,1088,0:bear/1:d/d:born/p:born/i:borning
borrow,,"vt. 借, 借入, 借用\nvi. 借\n[计] 借位; 借位数",zk gk,2639,3214,d:borrowed/p:borrowed/i:borrowing/3:borrows
boss,,"n. 老板, 上司, 岩瘤, 浮雕, 母牛\nvt. 指挥, 控制, 浮雕",zk gk cet4 ky,2227,2324,s:bosses/i:bossing/p:bossed/3:bosses/d:bossed
botanical,,a. 植物学的\nn. 植物性药材,gk toefl,12570,10006,s:botanicals
both,,a. 两者的\nadv. 两者都\npron. 两者,zk gk,229,255,
bother,,"vt. 烦扰, 迷惑\nvi. 烦恼, 操心\nn. 麻烦, 纠纷, 讨厌的人",ielts,2132,2189,d:bothered/i:bothering/p:bothered/3:bothers
bottle,,"n. 瓶子, 酒瓶\nvt. 装瓶, 抑制, 围困",zk gk,1584,1740,s:bottles/d:bottled/p:bottled/i:bottling/3:bottles
bottom,,"n. 底部\na. 底部的\nvt. 给...装底, 查明真相\nvi. 到达底部, 建立基础",zk gk cet4 ky,1555,1511,s:bottoms/i:bottoming/p:bottomed/3:bottoms/d:bottomed
bounce,,"n. 跳, 跳跃, 弹力, 撞击\nvi. 反跳, 弹跳\nvt. 使跳回, 撞击\n[计] 打回",gk cet4 cet6 ky toefl ielts,4778,3792,p:bounced/i:bouncing/d:bounced/3:bounces/s:bounces
bound,,"n. 跃, 回跳, 范围, 边界\na. 受约束的, 装有封面的, 有义务的, 关联的, 被束缚的, 准备去...的, 便秘的\nvi. 跳跃, 弹起\nvt. 使跳, 限制, 形成...的疆界\nbind过去式和过去分词\n[计] 装订的",gk cet4 cet6 ky toefl ielts,3174,8004,0:bind/1:dp/s:bounds/d:bounded/i:bounding/p:bound/3:bounds
boundary,,"n. 边界, 分界线\n[计] 边界",gk cet4 cet6 ky toefl ielts,2050,2776,s:boundaries
bow,,"n. 弓, 眼睛框\nv. 用弓拉琴, 弯成弓形\nn. 鞠躬, 屈服",gk cet4 cet6 ky toefl,4473,4098,p:bowed/s:bows/i:bowing/d:bowed/3:bows
bowl,,"n. 碗, 木球, 大酒杯\nv. 滚木球, 快而稳地行驶",zk gk cet4 ky toefl,2707,1829,s:bowls/p:bowled/d:bowled/i:bowling/3:bowls
bowling,,n. 保龄球戏,gk ky ielts,7372,7944,0:bowl/1:i/i:bowling
box,,"n. 盒子, 箱, 方框, 一巴掌\nvt. 装...入盒中, 装箱, 打耳光\nvi. 拳击\n[计] 方框",zk gk,874,795,s:boxes/d:boxed/p:boxed/i:boxing/3:boxes
boxing,,n. 拳击\n[医] 围模(牙科),gk,5109,5637,0:box/1:i/i:boxing
boy,,"n. 男孩\n[法] 男孩, 少年, 儿子",zk gk,462,382,s:boys
brain,,n. 脑\nvt. 打碎脑部,zk gk cet4 ky toefl,1643,1189,s:brains/i:braining/p:brained/3:brains/d:brained
branch,,"n. 树枝, 支店, 支流, 分部\nvi. 分支, 出枝\nvt. 分割, 用枝状叶脉刺绣花纹装饰\n[计] 分支, 目录分支",gk cet4 ky ielts,1178,1807,s:branches/i:branching/p:branched/3:branches/d:branched
brand,,"n. 商标, 牌子, 烙印\nvt. 打烙印于",gk cet4 cet6 ky ielts gre,3387,2570,s:brands/d:branded/i:branding/p:branded/3:brands
brave,,"a. 勇敢的, 美好的, 华丽的\nn. 勇敢者\nvt. 勇敢地面对",zk gk cet4 ky,3800,4854,p:braved/r:braver/t:bravest/i:braving/d:braved/3:braves/s:braves
bread,,"n. 面包, 生计, 食物\nvt. 裹以面包屑",zk gk,2292,2113,s:breads/i:breading/p:breaded/3:breads/d:breaded
break,,"n. 休息, 中断, 破裂处, 绝交, 破晓, 突变\nvt. 打破, 弄破, 弄坏, 破坏, 违反, 打断, 削弱, 放弃\nvi. 破碎, 决裂, 破晓, 突变, 变弱, 暂停\nn. 分隔符\n[计] 分隔符; 中断; DOS内部命令:设定扫描中断按键的时机",zk gk ielts,519,494,p:broke/d:broken/i:breaking/3:breaks/s:breaks
breakfast,,n. 早餐,zk gk ielts,2019,2382,s:breakfasts/p:breakfasted/i:breakfasting/d:breakfasted/3:breakfasts
breast,,"n. 胸部, 乳房, 胸怀\nvt. 以胸对着, 面对",gk cet4 cet6 ky,2793,1652,s:breasts/p:breasted/i:breasting/d:breasted/3:breasts
breath,,"n. 呼吸, 气息, 瞬间\n[医] 呼气, 呵气, 口气, 呼吸",zk gk cet4 ky toefl,1768,1628,s:breaths
breathe,,"vi. 呼吸, 生存, 低语\nvt. 呼吸, 使喘息, 发散, 低声说",zk gk cet4 ky toefl,2434,2264,i:breathing/p:breathed/3:breathes/d:breathed
brick,,"n. 砖块, 积木\na. 用砖做的\nvt. 用砖造, 用砖砌",gk cet4 ky toefl,2814,3315,s:bricks/d:bricked/i:bricking
bride,,n. 新娘,gk ky,5104,4871,s:brides
bridegroom,,n. 新郎,gk cet6,16663,24066,s:bridegrooms
bridge,,"n. 桥, 舰桥, 桥梁, 桥牌\nvt. 架桥于, 跨越\n[计] 桥, 网桥, 桥接器",zk gk ielts,1434,1687,s:bridges/d:bridged/i:bridging/p:bridged/3:bridges
brief,,"n. 摘要, 简报\na. 简短的, 短暂的\nvt. 对...作简报, 摘要, 节录",gk cet4 ky toefl,1863,2146,d:briefed/s:briefs/i:briefing/t:briefest/r:briefer/p:briefed/3:briefs
bright,,"a. 明亮的, 聪明的, 鲜明的, 欢快的\nadv. 明亮地, 欢快地",zk gk,1526,1308,r:brighter/t:brightest
brilliant,,"a. 光辉的, 灿烂的, 有才气的\n[机] 亮的",gk cet4 ky ielts,2429,3159,s:brilliants
bring,,"vt. 带来, 产生, 促使, 提出\nvi. 生产",zk gk ielts,195,215,d:brought/p:brought/i:bringing/3:brings
britain,,n. 英国,gk ielts,365,0,
british,,"a. 英国的\nn. 英国人, 英国英语",gk ielts,24056,1183,
broad,,"a. 宽广的, 辽阔的, 广大的, 显著的\nadv. 宽阔地\nn. 宽阔部分",gk cet4 ky,1462,1404,r:broader/t:broadest/s:broads
broadcast,,"n. 广播, 传播\na. 广播的\nv. 广播\nadv. 经广播, 四散地\n[计] 广播命令, 广播",gk cet4 ky toefl,5111,3617,s:broadcasts/d:broadcast/0:broadcast/1:dp/i:broadcasting/3:broadcasts/p:broadcast
brochure,,"n. 小册子, 小册",gk ky toefl ielts gre,4759,6585,s:brochures
broken,,"a. 坏掉的, 打破的, 断掉的\nbreak的过去分词",gk cet4,2747,2694,0:break/1:d/d:broken
brother,,n. 兄弟,zk gk,827,614,s:brothers
brown,,n. 褐色\na. 褐色的\nv. (使)变褐色,zk gk toefl,2018,1769,s:browns/p:browned/r:browner/d:browned/i:browning/3:browns
brush,,"n. 刷子, 毛笔, 争吵\nvt. 刷\nvi. 擦过, 掠过\n[计] 电刷",zk gk,3418,3223,p:brushed/i:brushing/s:brushes/d:brushed/3:brushes
bucket,,n. 桶\n[计] 存储桶; 桶,gk cet4 cet6 ky ielts gre,4494,4812,s:buckets/i:bucketing/p:bucketed/3:buckets/d:bucketed
budget,,"n. 预算\nvi. 编预算\nvt. 编入预算, 安排\na. 廉价的",gk cet4 cet6 ky toefl ielts gre,1062,1054,s:budgets/d:budgeted/p:budgeted/i:budgeting/3:budgets
buffet,,"n. 自助餐, 小卖部, 碗橱, 殴打, 冲击\nvt. 连续打, 冲击, 搏斗\nvi. 奋斗",gk ky ielts,7804,8330,s:buffets/d:buffetted/i:buffeting/p:buffeted/3:buffets
build,,"v. 建立, 建筑\nn. 构造, 体格",zk gk,415,408,d:built/i:building/p:built/3:builds
building,,"n. 建筑物, 建筑\n[法] 营造, 建筑, 建筑物",zk gk ielts,420,501,0:build/1:i/s:buildings/i:building
bunch,,"n. 串, 束\n[医] 骨肿块(马)",gk cet4 cet6 ky toefl ielts,4503,2658,s:bunches/d:bunched/i:bunching/p:bunched/3:bunches
burden,,"n. 负担, 重载, 担子, 责任\nvt. 装货于, 烦扰, 使负担",gk cet4 cet6 ky toefl,2696,2665,s:burdens/d:burdened/i:burdening/p:burdened/3:burdens
burn,,"vt. 烧, 烧毁, 烧伤\nvi. 燃烧, 发热, 烧毁\nn. 烧伤, 烙印",zk gk cet4 cet6 ky,1754,1422,d:burnt/i:burning/p:burned/s:burns/3:burns
burst,,"n. 破裂, 突发, 爆发\nv. 爆裂, 突发, 充满\n[计] 二进制位组; 字符组; 脉冲串",gk cet4 cet6 ky toefl,3011,3560,p:burst/0:burst/1:pd/i:bursting/s:bursts/d:burst/3:bursts
bury,,"vt. 埋葬, 埋藏",gk cet4 ky,2650,2398,d:buried/i:burying/p:buried/3:buries
bus,,n. 公共汽车\n[计] 总线; 汇流条; 母线,zk gk ielts,1399,1453,s:buses/i:bussing/p:bussed/3:busses/d:bussed
bush,,n. 矮树丛\n[化] 管衬,gk cet4 ky toefl,2801,34013,s:bushes/d:bushed/i:bushing/p:bushed/3:bushes
business,,"n. 生意, 事情, 业务, 商业, 商行, 职责\n[经] 企业, 商业, 营业",zk gk cet4 cet6 ky ielts,215,246,s:businesses
businessman,,"n. 商人, 实业家, 工商业家",gk,3547,3840,s:businessmen
busy,,"a. 忙碌的, 热闹的, 没空的\nvt. 使忙\nvi. 忙碌\n[计] 忙; 忙碌",zk gk,1753,1924,t:busiest/p:busied/r:busier/i:busying/d:busied/3:busies
but,,prep. 除了\nconj. 但是\nadv. 仅仅,zk gk,24,23,
butcher,,"n. 屠夫, 肉商, 小贩\nvt. 屠宰, 屠杀",gk cet4 cet6 ky ielts,8559,8421,d:butchered/p:butchered/i:butchering/3:butchers
butter,,"n. 奶油, 黄油\nvt. 涂黄油于",zk gk cet4 ky toefl,3403,2402,d:buttered/i:buttering/p:buttered/s:butters/3:butters
button,,"n. 钮扣, 按钮\nvi. 扣住\nvt. 钉钮扣于, 扣紧\n[计] 按钮",gk cet4 cet6 ky,2977,2645,s:buttons/p:buttoned/i:buttoning/d:buttoned/3:buttons
buy,,"vt. 买, 获得\nvi. 买\nn. 购买, 买得的东西",zk gk,351,397,p:bought/i:buying/d:bought/3:buys/s:buys
by,,"prep. 被, 经, 由, 在...之旁\nadv. 经过, 在近处",zk gk,20,30,
bye,,"interj. 再会, 回头见\n[计] 结束命令",zk gk,4072,18387,s:byes
cab,,"n. 出租车, 出租汽车, 出租马车\nvi. 乘出租马车(或汽车)",gk ky toefl ielts,4014,4220,s:cabs/i:cabbing/p:cabbed/3:cabs/d:cabbed
cabbage,,"n. 卷心菜\n[医] 卷心菜, 甘兰",zk gk cet4 ky,8667,6982,s:cabbages/i:cabbaging/p:cabbaged/3:cabbages/d:cabbaged
cafe,,"n. 咖啡馆, 酒店",cet4 cet6 ky ielts,5986,5837,s:cafes
cafeteria,,n. 自助餐厅\n[经] 自助餐厅,gk cet4 cet6 ky ielts,19059,7076,s:cafeterias
cage,,"n. 笼, 牢房, 战俘营\nvt. 关进笼内",gk cet4 cet6 ky,4775,4143,s:cages/d:caged/p:caged/i:caging/3:cages
cake,,"n. 蛋糕, 块, 饼\nvt. 使结块, 加块状物于\nvi. 结块",zk gk cet4 ky,2309,2540,s:cakes/d:caked/i:caking/p:caked/3:cakes
calculate,,"v. 计算, 预测, 计划, 打算",gk cet4 ky toefl,2168,3039,d:calculated/i:calculating/p:calculated/3:calculates
calendar,,"n. 日历, 日程表\nvt. 列入表中\n[计] 日历",cet4 cet6 ky toefl ielts,4695,4689,s:calendars/i:calendaring/p:calendared/3:calendars/d:calendared
call,,"n. 呼叫, 访问, 打电话, 号召, 召集, 要求\nvt. 呼叫, 召集, 打电话\nvi. 叫喊, 访问, 叫牌\n[计] 调用; 呼叫; DOS内部命令:在批处理文件中调用另一个批处理文件",zk gk ielts,161,122,d:called/p:called/i:calling/s:calls/3:calls
calligraphy,,"n. 笔迹, 书法",gre,23096,19189,s:calligraphies
calm,,"n. 平稳, 风平浪静\na. 平静的, 冷静的\nvi. 平静下来, 镇静\nvt. 使平静",gk cet4 cet6 ky toefl,4472,4189,r:calmer/i:calming/p:calmed/d:calmed/3:calms
calorie,,n. 卡路里（热量单位）,ky toefl ielts gre,13241,0,
camel,,"n. 骆驼, 打捞浮筒",zk gk cet4 cet6 ky toefl,7869,6953,s:camels
camera,,"n. 照相机, 摄影机, 密谈室, 暗箱\n[计] 摄影",zk gk cet4 cet6 ky ielts,2246,949,s:cameras
camp,,"n. 露营, 帐篷\nvi. 露营, 扎营\nvt. 使扎营",zk gk cet4 cet6 ky toefl ielts,2079,1188,s:camps/i:camping/p:camped/d:camped/r:camper/3:camps
campaign,,"n. 战役, 运动, 竞选运动\nvi. 参加运动, 作战",gk cet4 cet6 ky toefl ielts gre,956,640,s:campaigns/i:campaigning/p:campaigned/d:campaigned/3:campaigns
campus,,"n. 校园, 大学生活",cet4 cet6 ky toefl ielts,8068,2059,
can,,"vt. 装罐\nn. 罐头, 容器\naux. 能, 可以\n[计] 作废字符",zk gk toefl,35,37,s:cans/i:/p:could/3:can/d:
canada,,n. 加拿大,zk gk,2754,0,
canadian,,a. 加拿大的,gk ielts,4556,2638,s:canadians
canal,,"n. 运河, 水道, 管, 沟渠\nvt. 开运河",gk cet4 cet6 ky toefl ielts,2963,5394,s:canals/i:canalling/p:canalled/3:canals/d:canalled
cancel,,"n. 取消, 撤消, 盖销(邮票)\nvt. 取消, 删去, 抵销, 盖销\nvi. 相互抵销\n[计] 作废",zk gk cet4 cet6 ky toefl ielts,3183,3915,d:cancelled/p:cancelled/i:cancelling/3:cancels
cancer,,"n. 癌, 恶性肿瘤\n[医] 癌",zk cet4 cet6 ky,1943,1029,s:cancers
candidate,,"n. 候选人, 投考者\n[法] 候选, 候补者",gk cet4 cet6 ky toefl ielts gre,1227,957,s:candidates
candle,,n. 蜡烛\nvt. 对着光检查,zk gk cet4 cet6 ky ielts,4173,3928,s:candles/i:candling/p:candled/3:candles/d:candled
candy,,"n. 糖果, 冰糖\nvt. 用糖煮, 使结晶为砂糖\nvi. 结晶为砂糖",zk gk cet4 ky,10657,3446,p:candied/s:candies/d:candied/i:candying/3:candies
canteen,,"n. 水壶, 军中俱乐部, 临时流动餐馆, 小卖部",gk cet4 cet6 ky ielts,7069,15582,s:canteens
cap,,"n. 盖子, 帽子\nvt. 戴帽子, 覆盖, 胜过\nvi. 脱帽致意\n[计] 调用程序分析, 容量, 代码分析程序, 计算机辅助生产, 计算机辅助印刷",zk gk cet4 cet6 ky toefl,2955,2306,s:caps/d:capped/i:capping/p:capped/3:caps
capable,,"a. 有能力的, 能的, 能干的",cet4 cet6 ky toefl,1848,2392,
capacity,,"n. 容量, 能力, 才能, 资格\n[计] 容量",cet4 cet6 ky toefl ielts,1507,1777,s:capacities
capital,,"n. 首都, 大写字母, 资本\na. 首都的, 重要的",zk gk cet4 cet6 ky ielts,729,1061,s:capitals
capsule,,"n. 胶囊, 蒴果, 瓶帽, 航天舱\n[化] 胶囊剂",gk cet6 ky ielts gre,10031,7480,s:capsules/i:capsuling/p:capsuled/3:capsules/d:capsuled
captain,,"n. 船长, 指挥官, 海军上校, 首领\nvt. 率领, 指挥",zk gk cet4 cet6 ky,1680,3347,s:captains/p:captained/d:captained/i:captaining/3:captains
car,,"n. 汽车, 客车\n[机] 车",zk gk,247,289,s:cars
carbon,,"n. 碳, 副本, 复写纸\n[化] 碳",gk cet4 cet6 ky toefl ielts,3062,3004,s:carbons
card,,"n. 卡片, 纸牌, 节目单, 明信片, 梳棉机\nvt. 备置卡片, 记于卡片上, 梳理\n[计] 卡片, 卡",zk gk ielts,1035,892,s:cards/p:carded/i:carding/3:cards/d:carded
care,,"n. 小心, 照料, 忧虑\nvi. 关心, 介意\nvt. 在意, 喜欢",zk gk ielts,505,434,p:cared/3:cares/d:cared/i:caring/s:cares
career,,"n. 事业, 生涯, 成功\n[法] 职业, 专业, 履历",cet4 ky toefl ielts,1057,741,s:careers/p:careered/i:careering/3:careers/d:careered
careful,,"a. 小心的, 谨慎的",zk gk toefl,1777,1952,
careless,,"a. 粗心的, 不关心的, 无忧无虑的",zk gk cet4 toefl,7681,9928,
carpet,,"n. 地毯, 地毯状物\nvt. 铺以地毯, 铺盖",gk cet4 cet6 ky ielts,2484,4112,s:carpets/d:carpeted/p:carpeted/i:carpeting/3:carpets
carriage,,"n. 马车, 客车, 举止, 运输\n[经] 搬运费, 运费",gk cet4 cet6 ky toefl,3104,6534,s:carriages
carrot,,n. 胡萝卜\n[医] 胡萝卜,gk cet4 cet6 ky ielts,6034,4597,s:carrots
carry,,"n. 进位, 射程, 运载\nvt. 携带, 运送, 支持, 传送, 包含\nvi. 被携带, 能达到\n[计] 进位; 进位数",zk gk ielts,283,487,d:carried/i:carrying/p:carried/3:carries
cartoon,,"n. 卡通画, 漫画\nv. 画漫画",gk cet6 ky toefl ielts gre,6438,4155,s:cartoons/d:cartooned/i:cartooning
carve,,"v. 雕刻, 切开",gk cet4 cet6 ky toefl ielts gre,4931,3803,d:carved/p:carved/i:carving/3:carves
case,,"n. 情形, 情况, 箱, 容器, 事实, 病例, 案例, 框子\nvt. 装箱, 包盖",gk ielts,139,186,s:cases/i:casing/p:cased/3:cases/d:cased
cash,,n. 现金\nvt. 兑现,gk cet4 ky ielts,1204,1722,i:cashing/d:cashed/p:cashed/3:cashes
cast,,"n. 演员阵容, 投掷, 铸件, 预测, 特性\nvt. 投, 掷, 抛, 脱落, 铸, 使弯曲, 计算\nvi. 投, 计算, 浇铸成型",gk cet4 cet6 ky toefl ielts gre,2328,2035,d:cast/0:cast/1:dp/i:casting/p:cast/3:casts/s:casts
castle,,"n. 城堡, 象棋中的车\nvt. 置于城堡中, 盘踞于",gk cet4 cet6 ky ielts,1765,5844,s:castles/i:castling/p:castled/3:castles/d:castled
casual,,"a. 偶然的, 不经意的, 便装的\nn. 临时工, 待命士兵",gk cet4 cet6 ky toefl ielts gre,3781,3955,s:casuals
cat,,"n. 猫, 恶妇\nvi. 呕吐\n计算机辅助教育, 计算机辅助测试, 计算机辅助翻译, 计算机辅助排版\n[计] 计算机辅助教学, 计算机辅助翻译, 计算机辅助排字, 计算机辅助测试",zk gk,1712,1775,s:cats/i:catting/p:catted/3:cats/d:catted
catalogue,,"n. 目录, 大学情况一览\nvt. 编入目录",gk cet6 ielts,2710,6793,s:catalogues/d:catalogued/i:cataloguing/p:catalogued/3:catalogues
catch,,"n. 捕捉, 陷阱, 捕捉之物, 抓, 拉手\nvt. 捕捉, 赶上, 感染, 听清楚\nvi. 抓住, 燃着",zk gk ielts,681,586,d:caught/p:caught/i:catching/3:catches/s:catches
category,,"n. 种类, 类项\n[计] 分类",gk cet6 ky toefl ielts gre,1419,1461,s:categories
cater,,"v. 提供饮食及服务, 投合, 迎合",gk cet6 ky toefl ielts gre,3809,6945,i:catering/d:catered/3:caters/p:catered
cathedral,,n. 大教堂,gk cet4 cet6 ky toefl ielts gre,2894,7382,s:cathedrals
catholic,,"n. 天主教徒\na. 天主教的, 普遍的, 广泛的, 宽宏大量的",gk cet6 ky toefl ielts gre,2595,1757,s:catholics
cattle,,"n. 牛, 家畜\n[法] 家畜",gk cet4 cet6 ky ielts,2973,3629,s:cattle/0:cattle/1:s
cause,,"n. 原因, 目标\nvt. 引起, 使产生, 使遭受",zk gk cet4 cet6 ky toefl ielts,476,601,d:caused/i:causing/s:causes/p:caused/3:causes
cave,,"n. 洞, 穴\nvi. 凹陷, 塌落\nvt. 挖洞, 使凹陷, 损坏...的基础",gk cet4 cet6 ky ielts,4161,3562,s:caves/p:caved/d:caved/i:caving/3:caves
cease,,"n. 停止\nv. 停止, 终了",cet4 cet6 ky toefl ielts,2679,4470,d:ceased/3:ceases/p:ceased/i:ceasing
ceiling,,"n. 天花板\n[经] 顶点, 顶线, 上限",zk gk cet4 cet6 ky toefl,2874,2641,s:ceilings
celebrate,,"v. 庆祝, 祝贺, 举行",zk gk cet4 cet6 ky toefl,2443,2019,i:celebrating/p:celebrated/d:celebrated/3:celebrates
celebration,,"n. 庆祝, 庆典",gk,3379,2996,s:celebrations
celebrity,,"n. 名声, 名人",ky toefl gre,6973,2960,s:celebrities
cell,,"n. 单元, 细胞, 电池\n[计] 单元",gk cet4 cet6 ky toefl,769,895,s:cells
cent,,n. 分\n[经] 美分,zk gk cet4 cet6 ky,10111,0,s:cents
center,,"n. 中心, 中心点, 中锋\na. 中央的, 位在正中的\nvt. 集中, 定中心\nvi. 居中\n[计] 居中; 中央",ielts,8131,530,s:centers/d:centered/p:centered/i:centering/3:centers
centimeter,,n. 厘米\n[医] 厘米,,0,10718,s:centimeters
central,,"a. 中央的, 重要的\n[医] 中央的, 中心的, 中枢的",gk cet4 cet6 ky ielts,521,743,
century,,"n. 世纪, 百年",zk gk cet4 cet6 ky ielts,407,605,s:centuries
ceremony,,"n. 典礼, 仪式, 礼节\n[法] 典礼, 仪式",gk cet4 cet6 ky toefl ielts gre,3313,2670,s:ceremonies
certain,,"a. 确定的, 某一个的, 必然的\n[法] 确凿的, 无疑的, 可靠的",zk gk cet4 ky,440,577,
certainly,,adv. 确定地,gk,540,664,
certificate,,"n. 证书, 证明书\nvt. 发给证明书, 用证书批准, 用证书证明",gk cet4 cet6 ky ielts,2341,5237,s:certificates/d:certificated/p:certificated/i:certificating/3:certificates
chain,,"n. 链, 枷锁, 束缚\nvt. 用铁练锁住, 束缚, 囚禁",gk cet4 cet6 ky,1835,1805,s:chains/d:chained/p:chained/i:chaining/3:chains
chair,,"n. 椅子, 显要的席位, 主席\nvt. 使入座, 使就任要职",zk gk ielts,1029,946,s:chairs/d:chaired/p:chaired/i:chairing/3:chairs
chairman,,"n. 主席, 会长\n[经] 主席",zk gk cet4 cet6 ky,864,1372,s:chairmen/i:chairmanning/p:chairmanned/3:chairmans/d:chairmanned
chairwoman,,"n. 女主席, 女议长",gk,26627,15732,s:chairwomen
chalk,,"n. 粉笔, 白垩\nvt. 用粉笔写, 记录",zk gk cet4 cet6 ky toefl,5988,9095,p:chalked/s:chalks/d:chalked/i:chalking/3:chalks
challenge,,"n. 挑战, 盘问\nvt. 向...挑战, 要求, 怀疑\nvi. 挑战, 对(证据等)表示异议",gk cet4 cet6 ky toefl ielts,1506,984,s:challenges/d:challenged/p:challenged/i:challenging/3:challenges
champion,,"n. 冠军, 拥护者, 战士\nvt. 保卫, 拥护\na. 优胜的",gk cet4 cet6 ky toefl ielts gre,1938,2758,s:champions/d:championed/i:championing/p:championed/3:champions
chance,,"n. 机会, 意外, 可能性\nvi. 偶然发生\nvt. 冒险",zk gk cet4 ky toefl ielts,617,613,s:chances/p:chanced/d:chanced/i:chancing/3:chances
change,,"n. 变化, 找回的零钱, 找头, 更换\nvt. 改变, 更换, 兑换",zk gk,226,306,s:changes/d:changed/i:changing/p:changed/3:changes
channel,,"n. 海峡, 航道, 频道\nvt. 引导, 在...上挖沟, 形成河道\n[计] 信道, 通道",gk cet4 cet6 ky toefl ielts,1617,2518,s:channels/d:channelled/i:channelling/p:channelled/3:channels
chaos,,"n. 大混乱, 混沌\n[化] 混沌; 浑沌",gk cet4 cet6 ky toefl ielts gre,4091,3727,
chapter,,"n. 章, 篇, 重要章节\n[计] 章; 段",gk cet4 cet6 ky ielts,593,2976,s:chapters
character,,"n. 个性, 字符, 人物, 性质, 品格, 资格\n[计] 字符",gk cet4 cet6 ky toefl,805,786,s:characters/i:charactering/p:charactered/3:characters/d:charactered
characteristic,,"n. 特性, 特征, 特色\na. 特性的, 特有的, 有特色的\n[计] 阶; 指数",gk cet4 cet6 ky toefl ielts gre,1811,2032,s:characteristics
charge,,"n. 指控, 费用, 冲锋, 电荷, 炸药, 主管, 被托管人, 命令\nvt. 控诉, 加罪于, 使充满, 使充电, 使承担\nvi. 冲锋, 要价, 收费",gk cet4 cet6 ky toefl ielts,675,923,s:charges/d:charged/p:charged/i:charging/3:charges
charity,,"n. 慈悲, 博爱, 慈善团体, 施舍\n[法] 宽大, 宽恕, 慈善机关",cet4 cet6 ky toefl ielts gre,2008,3287,s:charities
chart,,"n. 图表, 海图\nvt. 制成图表\n[计] 图表",gk cet4 cet6 ky toefl ielts,2961,2743,s:charts/i:charting/d:charted/3:charts/p:charted
chat,,"n. 闲谈\nvi. 闲谈, 聊天",gk ky toefl ielts,4730,5055,i:chatting/p:chatted/s:chats/d:chatted/3:chats
cheap,,"a. 便宜的, 不值钱的, 可鄙的\nadv. 便宜地",zk gk,1389,1930,r:cheaper/t:cheapest
cheat,,"n. 欺骗, 作弊, 骗子\nv. 欺骗, 逃脱, 骗取",zk gk cet4 cet6 ky,5936,4369,i:cheating/d:cheated/p:cheated/s:cheats/3:cheats
check,,"n. 检查, 支票, 阻止物, 寄物牌, 象棋中将军\nvt. 检查, 阻止, 核对, 寄存, 托运\nvi. 逐项相符, 开支票\n[计] 复选",zk gk toefl ielts gre,997,854,i:checking/d:checked/p:checked/s:checks/3:checks
cheek,,"n. 颊, 厚颜, 脸蛋\n[医] 颊",gk cet4 cet6 ky,2456,2674,s:cheeks/p:cheeked/i:cheeking/3:cheeks/d:cheeked
cheer,,"n. 愉快, 振奋, 欢呼\nvi. 欢呼, 喝彩, 快活起来\nvt. 使振奋, 欢呼",zk gk cet4 cet6 ky ielts,5070,4621,s:cheers/i:cheering/d:cheered/p:cheered/3:cheers
cheese,,n. 乳酪\n[化] 干酪,zk gk cet4 ky ielts,2717,2104,d:cheesed/0:cheese/i:cheesing/3:cheese/1:3/p:cheesed/s:cheeses
chef,,n. 厨师,gk ky toefl gre,6149,3164,s:chefs
chemical,,"n. 化学药品\na. 化学的, 化学上用的",gk cet4 cet6 ky,2548,2617,s:chemicals
chemist,,"n. 化学家, 药剂师\n[化] 化学家; 化学师; 化学工作者; 药剂师; 药房",gk cet4 cet6 ky ielts,5034,9185,s:chemists
chemistry,,"n. 化学, 化学过程\n[化] 化学",zk gk cet4 cet6 ky ielts,3555,4736,
cheque,,n. 支票,gk cet4 cet6 ky,2753,31750,s:cheques
chess,,n. 国际象棋\n[建] 雀麦,zk gk cet4 cet6 ky,7065,6948,
chest,,"n. 胸, 胸部, 衣柜, 箱子\n[医] 胸, 胸廓",zk gk cet4 cet6 ky toefl ielts,2213,1717,s:chests/p:chested
chew,,"vt. 咀嚼, 嚼碎\nvi. 咀嚼, 细想\nn. 咀嚼, 咀嚼物",gk cet4 cet6 ky ielts,5661,4631,i:chewing/p:chewed/d:chewed/3:chews/s:chews
chicken,,"n. 小鸡, 鸡肉",zk gk cet4 cet6 ky,3030,1538,s:chickens/p:chickened/d:chickened/i:chickening
chief,,"n. 领袖, 酋长, 长官, 主要部分\na. 主要的, 首位的",gk cet4 ky toefl ielts,1283,1446,s:chiefs
child,,"n. 孩子, 产物, 追随者\n[医] 儿童",zk gk ielts,114,115,s:children
childhood,,n. 孩童时期\n[医] 儿童期,gk cet4 ky,2746,2107,s:childhoods
china,,"n. 中国, 瓷器\na. 中国的",zk gk,1973,7946,
chinese,,"n. 中文, 中国话, 中国人\na. 中国的, 中国话的",zk gk ielts,2214,1218,
chocolate,,n. 巧克力\na. 巧克力制的,zk gk cet4 ky ielts,3142,2636,s:chocolates
choice,,"n. 选择, 精选品, 选择权\na. 精选的, 挑三拣四的, 上等的\n[计] DOS内部命令:在批处理文件中\n该命令用于提示用户作出选择, 决定批处理文件的流程",zk gk cet4 cet6 ky toefl ielts gre,725,630,s:choices
choke,,"vt. 窒息, 阻塞, 噎, 抑制\nvi. 窒息, 阻塞, 噎\nn. 窒息, 噎, 阻气门",gk cet4 cet6 ky toefl ielts gre,6075,5223,p:choked/i:choking/d:choked/3:chokes/s:chokes
choose,,"vt. 选择, 宁愿, 欲\nvi. 作出选择, 愿意\n[计] 选取",zk gk cet4 ky toefl,594,600,d:chosen/p:chose/i:choosing/3:chooses
chopsticks,,n. 筷子,zk gk,0,17509,0:chopstick/1:s
chorus,,"n. 合唱队, 齐声\nv. 齐声说道, 合唱",gk cet6 ky toefl ielts gre,5335,5274,s:choruses/p:chorused/i:chorusing/3:choruses/d:chorused
christian,,"n. 基督徒, 正派人\na. 基督的, 基督教的",gk cet4 cet6 ky toefl ielts,22058,1271,s:christians
christmas,,n. 圣诞节,zk gk cet4 ky,1142,1232,s:Christmases
church,,"n. 教堂, 礼拜, 教会\nvt. 使人接受宗教仪式\na. 教堂的",zk gk cet4 ky ielts,393,648,s:churches/i:churching/p:churched/3:churches/d:churched
cigarette,,"n. 香烟, 纸烟",gk cet4,2393,2111,s:cigarettes
cinema,,"n. 电影院, 电影",zk gk ielts,3322,8165,s:cinemas
circle,,"n. 圆周, 社交圈, 循环, 范围\nvt. 围着, 环绕\nvi. 盘旋, 循环",zk gk cet4 cet6 ky toefl ielts,1832,1506,s:circles/p:circled/i:circling/d:circled/3:circles
circuit,,"n. 电路, 环(行)道, 巡回\n[计] 线路; 电路",gk cet4 cet6 ky toefl ielts gre,2539,4023,s:circuits/d:circuited/i:circuiting/p:circuited/3:circuits
circulate,,"v. (使)流通, (使)循环, (使)传播",gk cet4 cet6 ky toefl ielts gre,4483,5888,d:circulated/i:circulating/p:circulated/3:circulates
circumstance,,"n. 环境, 状况, 事件",gk cet4 cet6 toefl ielts,905,1780,s:circumstances
circus,,"n. 马戏团, 马戏, 竞技场",gk cet6 ky ielts,6391,6045,s:circuses
cite,,"vt. 引用, 引证, 表彰\n[建] 引证, 指引",cet6 ky toefl ielts gre,2993,1932,d:cited/3:cites/i:citing/p:cited
citizen,,"n. 市民, 公民\n[法] 公民, 国民, 市民",gk cet4 cet6 ky,1924,1084,s:citizens
city,,"n. 城市, 市\n[法] 都市, 城市, 市",zk gk ielts,331,290,s:cities
civil,,"a. 市民的, 公民的, 有礼貌的\n[法] 公民的, 国民的, 民用的",gk cet4 cet6 ky toefl gre,1158,1050,
civilian,,"n. 平民, 民法专家\na. 平民的, 百姓的, 民用的",gk cet4 cet6 ky toefl ielts gre,5055,3219,s:civilians
civilization,,"n. 文明, 教化\n[法] 文明, 文化, 文明国家的总称",gk cet4 cet6 ky toefl,6655,3459,s:civilizations
claim,,"n. 要求, 要求权, 断言, 权利\nvt. 要求, 认领, 主张\nvi. 提出要求, 主张, 断言",cet4 cet6 ky toefl ielts gre,533,874,p:claimed/s:claims/3:claims/d:claimed/i:claiming
clap,,"n. 拍手, 拍手声, 霹雳声, 花柳病\nv. 鼓掌, (使)啪地关上",zk gk cet4 cet6 ky toefl,8015,6723,p:clapped/i:clapping/d:clapped/3:claps/s:claps
clarify,,"vi. 澄清, 阐明\nvt. 使明晰",gk cet4 cet6 ky toefl ielts gre,4552,5050,d:clarified/i:clarifying/3:clarifies/p:clarified
class,,"n. 班级, 阶级, 种类, 课\nvt. 分类\n[计] 类别; 类; 种类; 类程",zk gk ielts,387,431,s:classes/d:classed/i:classing/p:classed/3:classes
classic,,"n. 古典作品, 杰作, 大艺术家\na. 第一流的, 最优秀的, 古典的",gk cet4 cet6 ky ielts,2967,2616,s:classics
classical,,"a. 古典的, 正统派的, 经典的\n[医] 古典的; 标准的, 典型的",gk cet4 cet6 ky ielts,2562,3489,s:classicals
classify,,"vt. 分类, 归类, 分等\n[建] 分类, 分级, 分粒",gk cet4 cet6 ky toefl ielts gre,4168,4515,d:classified/i:classifying/3:classifies/p:classified
classmate,,n. 同班同学,zk gk cet4 ky,18807,5247,s:classmates
classroom,,n. 教室,zk gk ielts,2842,1479,s:classrooms
clay,,"n. 泥土, 肉体, 黏土\n[化] 粘土",gk cet4 cet6 ky toefl gre,3961,4771,s:clays
clean,,"a. 干净的, 清白的, 简洁的\nadv. 清洁地, 完全地\nvt. 清理, 使干净, 出空\nvi. 被搞干净\nn. 打扫",zk gk toefl ielts,1780,1514,i:cleaning/d:cleaned/r:cleaner/p:cleaned/3:cleans/t:cleanest
clear,,"a. 清楚的, 明确的, 澄清的\nadv. 清晰地\nvt. 澄清, 清除障碍\nvi. 放晴, 变清澈\nn. 空隙\n[计] 清除",zk gk ielts,390,563,d:cleared/r:clearer/p:cleared/i:clearing/t:clearest/3:clears
clearly,,adv. 清楚地,gk cet4,650,846,
clerk,,"n. 办事员, 职员, 文书\nvi. 当店员",gk cet4 ky toefl,2959,3877,s:clerks/i:clerking/p:clerked/3:clerks/d:clerked
clever,,"a. 聪明的, 精明的",zk gk cet4 ky ielts,3025,4978,r:cleverer/t:cleverest
click,,"n. 咔哒声, 啪嗒声\nvi. 作咔哒声\nvt. 使发咔哒声\n[计] 单击",gk ky ielts,6659,3794,p:clicked/i:clicking/s:clicks/3:clicks/d:clicked
client,,"n. 客户, 顾客, 委托人\n[计] 客户, 客户机, 客户机程序",cet6 ky ielts,907,1157,s:clients
climate,,"n. 气候, 社会趋势, 气候区\n[医] 气候",gk cet4 ky toefl,2643,2103,s:climates
climb,,"v. 攀登, 上升, 爬\nn. 攀登, 爬升",zk gk cet4 cet6 ky,1646,1566,p:climbed/i:climbing/d:climbed/3:climbs/s:climbs
clinic,,"n. 诊所, 临床教学\n[医] 诊所(门诊部); 临床(讲解); 临床(学)科",gk cet6 ky toefl ielts,3298,2388,s:clinics
clock,,"n. 时钟, 计时器, (袜子上的)绣花边花\nvt. 绣花样, 记时, 记录\nvi. 记录时间\n[计] 时钟",zk gk cet4 ky ielts,2543,2635,s:clocks/p:clocked/d:clocked/i:clocking/3:clocks
clone,,n. 无性系\n[计] 代用件,zk gk ky,7440,9023,s:clones/i:cloning/p:cloned/3:clones/d:cloned
close,,"n. 结束, 完结\na. 靠近的, 亲近的, 亲密的, 严密的, 关闭的, 狭窄的, 秘密的\nvt. 关, 结束, 使靠近, 封闭, 使接近\nvi. 关闭, 结束, 靠近\nadv. 接近地, 紧密地\n[计] 关闭",zk gk toefl,647,649,p:closed/r:closer/d:closed/i:closing/t:closest/3:closes
cloth,,"n. 布料, 织品, 布\n[建] 布",gk cet4 ky ielts,3307,3540,s:cloths
clothes,,n. 衣服,zk gk ielts,1315,1434,s:clothes/0:clothes/1:s
clothing,,n. 衣服,gk cet4 ky toefl ielts,3372,2650,i:clothing/0:clothing/1:i
cloud,,"n. 云, 阴暗, 烟雾, 疑团\nvt. 以云遮敝, 笼罩, 使黯然\nvi. 乌云密布, 阴沉",zk gk,2333,1914,s:clouds/d:clouded/p:clouded/i:clouding/3:clouds
cloudy,,"a. 多云的, 有愁容的, 云的, 浑浊的\n[建] (混)浊的",zk gk,11760,10229,r:cloudier
club,,"n. 俱乐部, 木棍, 球棒\nvt. 用棍棒打, 缴纳\nvi. 联合起来\na. 俱乐部的",zk gk cet4 ky ielts,493,1257,s:clubs/d:clubbed/i:clubbing/p:clubbed/3:clubs
clue,,"n. 线索, 暗示\nvt. 暗示, 提供线索",cet4 cet6 ky toefl ielts,3489,3331,s:clues/d:clued/p:clued/i:cluing/3:clues
coach,,"n. 四轮大马车, 教练\nvt. 训练, 指导\nvi. 坐马车旅行, 作指导",zk gk cet4 cet6 ky toefl ielts,2347,1033,s:coaches/i:coaching/d:coached/p:coached/3:coaches
coal,,"n. 煤, 木炭\nv. 加煤",zk gk cet4 cet6 ky,1761,3336,s:coals/i:coaling/p:coaled/3:coals/d:coaled
coast,,"n. 海岸, 滑坡\nv. 沿海岸而行",zk gk cet4 cet6 ky,1854,2436,s:coasts/i:coasting/p:coasted/3:coasts/d:coasted
coat,,"n. 外套\nvt. 外面覆盖, 给...穿外套",zk gk cet4 ky toefl,2138,2247,s:coats/d:coated/i:coating/p:coated/3:coats
coffee,,"n. 咖啡, 咖啡色\n[医] 咖啡, 咖啡豆",zk gk ielts,1403,1388,s:coffees
coin,,"n. 硬币, 金钱, 货币\nvt. 铸币, 创造, 杜撰",zk gk cet4 cet6 ky toefl ielts,2964,4376,s:coins/p:coined/d:coined/i:coining/3:coins
cold,,"n. 感冒, 寒冷\na. 寒冷的, 冷淡的, 冷静的\nadv. 完全地",zk gk cet4 ky,972,885,r:colder/s:colds/t:coldest
collapse,,"n. 崩溃, 倒塌, 虚脱\nvi. 倒塌, 崩溃, 瓦解\nvt. 使倒塌, 折叠\n[计] 折叠",cet4 cet6 ky toefl ielts gre,3094,3212,p:collapsed/d:collapsed/i:collapsing/s:collapses/3:collapses
collar,,"n. 衣领, 颈圈\nvt. 控制, 扭住衣领, 给...装上领子",gk cet4 cet6 ky gre,4205,4548,s:collars/i:collaring/p:collared/3:collars/d:collared
colleague,,"n. 同事, 同僚",gk cet4 cet6 ky toefl,1338,1518,s:colleagues
collect,,"v. 收集, 聚集, 集中, 搜集\na. 由收到者付款的\nadv. 由收到者付款地",zk gk cet4 cet6 ky,1222,1318,d:collected/i:collecting/p:collected/3:collects
collection,,"n. 收集, 采集, (一批)收藏品, 募捐\n[医] 收集; 收集品, 标本",gk cet4 cet6 ky ielts gre,1038,1045,s:collections
college,,"n. 学院, 大学, 学会",zk gk ielts,802,415,s:colleges
color,,"n. 颜色, 面色, 颜料, 外貌\nvt. 把...涂上颜色, 粉饰, 使脸红, 歪曲\nvi. 变色",cet4 ky ielts,24372,697,s:colors/i:coloring/p:colored/3:colors/d:colored
column,,"n. 专栏, 圆柱, 纵队, 列, 柱形物\n[计] 列, 柱形图",cet4 cet6 ky ielts,2007,2074,s:columns
combine,,"v. (使)联合, (使)结合\nn. (企业的)联合, 联合收割机",gk cet4 cet6 ky toefl ielts,1581,1448,d:combined/i:combining/3:combines/p:combined/s:combines
come,,"vi. 过来, 来, 到达, 出现, 开始\ninterj. 喂",zk gk ielts,65,70,p:came/i:coming/3:comes/d:come/0:come/1:d
comedy,,"n. 喜剧, 有趣的事情",gk cet4 cet6 ky toefl ielts,4172,3216,s:comedies
comfort,,"n. 舒适, 安慰, 安慰者\nvt. 安慰",gk cet4 cet6 ky,2827,2928,s:comforts/d:comforted/p:comforted/i:comforting/3:comforts
comfortable,,"a. 舒服的, 轻松的\nn. 盖被",zk gk cet4 cet6 ky ielts,2195,1701,
comic,,"n. 连环漫画, 喜剧演员, 滑稽的人\na. 滑稽的, 有趣的, 喜剧的",ky toefl ielts gre,6002,5277,s:comics
command,,"n. 命令, 指挥, 控制, 部队, 司令部\nv. 命令, 指挥, 控制\n[计] 命令; 指令; DOS外部命令:启动新的命令处理器",gk cet4 cet6 ky,2166,2378,s:commands/p:commanded/d:commanded/3:commands/i:commanding
comment,,"n. 注解, 批评, 评论, 备注\nvi. 评论, 注解\n[计] 备注",gk cet4 cet6 ky toefl ielts,1279,1363,s:comments/p:commented/i:commenting/d:commented/3:comments
commercial,,"a. 商业的, 商用的, 商品化的\nn. 商业广告节目",cet4 cet6 ky toefl ielts,1235,1027,s:commercials
commit,,"vt. 委托(托付), 犯罪, 指派...作战, 使承担义务\n[法] 犯, 做, 把...交托给",gk cet4 cet6 ky toefl ielts gre,1393,1394,d:committed/i:committing/p:committed/3:commits
commitment,,"n. 委托, 交押, 承担义务, 赞助\n[医] 院禁",gk cet4 cet6 toefl ielts,1355,1616,s:commitments
committee,,n. 委员会\n[经] 委员会,gk cet4 cet6 ky toefl ielts,450,1428,s:committees
common,,"a. 通常的, 共同的, 通俗的, 公共的\n[计] 公用块",zk gk cet4 cet6 ky ielts,554,710,
communicate,,"vt. 显露, 传达, 感染\nvi. 通讯",zk gk cet4 cet6 ky toefl gre,3006,2672,d:communicated/i:communicating/3:communicates/p:communicated
communication,,"n. 交流, 交通, 通讯\n[计] 通信",zk gk cet4 cet6 ky toefl ielts,1039,1250,s:communications
communist,,"n. 共产主义者, 共产党员\n[法] 共产主义的, 共产党的",gk cet4 cet6,2146,5543,s:communists
community,,"n. 社区, 公众, 共有, 共同体\n[经] 公众, 共有, 社会",cet4 cet6 ky toefl ielts,335,296,s:communities
companion,,"n. 朋友, 陪伴, 指南, 升降口围罩\nvt. 陪伴",gk cet4 cet6 ky toefl ielts gre,3024,3547,s:companions/i:companioning/p:companioned/3:companions/d:companioned
company,,"n. 公司, 友伴, 交往, 连队, 朋友, 一群\nvt. 陪伴\nvi. 交往",zk gk toefl ielts,151,189,s:companies/i:companying/p:companied/3:companies/d:companied
compare,,"vt. 比较, 比喻, 对照\nvi. 相比\nn. 比较\n[计] 比较",zk gk cet4 cet6 ky toefl ielts,773,831,d:compared/i:comparing/3:compares/p:compared
comparison,,"n. 比较, 对照, 比喻\n[经] 比较, 对比",cet4 ky gre,1968,2166,s:comparisons
compensate,,"v. 偿还, 补偿, 付报酬",gk cet6 ky toefl ielts gre,4464,5037,d:compensated/i:compensating/3:compensates/p:compensated
compete,,"vi. 竞争, 对抗",gk cet4 cet6 ky toefl gre,2583,2065,i:competing/p:competed/3:competes/d:competed
competence,,"n. 胜任, 职称, 能力\n[医] 能力, 活性",gk cet6 toefl ielts gre,4201,5191,s:competences
competition,,"n. 竞争, 竞赛\n[经] 竞争, 竞销, 比赛",zk gk cet4 cet6 ky toefl ielts,992,1345,s:competitions
competitor,,"n. 竞争者\n[经] 竞争者, 竞争对手",gk cet6,3328,3259,s:competitors
complain,,"v. 抱怨, 抗议, 控诉",cet4 cet6 ky toefl,2033,1859,p:complained/i:complaining/d:complained/3:complains
complete,,"a. 完全的, 十足的, 完成的\nvt. 完成, 完工, 使圆满",zk gk cet4 cet6 ky toefl ielts,998,1207,d:completed/p:completed/i:completing/3:completes
complex,,"n. 综合体, 情结, 络合物\na. 复杂的, 组合的",gk cet4 cet6 ky toefl ielts,1339,1598,s:complexes/p:complexed
complicated,,a. 复杂的\n[医] 并发的,cet4 cet6 ky toefl ielts,2736,2750,d:complicated/0:complicated/1:dp/p:complicated
component,,"n. 元件, 组件, 成分\na. 组成的, 构成的\n[计] 组件",gk cet4 cet6 ky toefl ielts gre,1631,1760,s:components
compose,,"vt. 组成, 写作, 作曲, 使平静\nvi. 创作, 排字\n[计] 编写",cet4 cet6 ky toefl ielts gre,3128,3379,d:composed/p:composed/i:composing/3:composes
composition,,"n. 作文, 创作, 组成\n[化] 成分; 组成",zk gk cet4 cet6 ky toefl ielts,2911,3000,s:compositions
comprehension,,"n. 理解, 包含",gk cet4 cet6 ky toefl,7886,7826,
comprehensive,,"a. 广泛的, 有理解力的, 综合的\n[经] 广泛的, 综合的, 全面的",cet4 cet6 ky toefl gre,2442,2896,s:comprehensives
comprise,,"vt. 包含, 构成",cet4 cet6 ky toefl ielts,2504,4392,i:comprising/3:comprises/p:comprised/d:comprised
compromise,,"n. 妥协, 折中, 折中方案, 和解\nvi. 妥协处理\nvt. 危害",gk cet4 cet6 ky toefl ielts gre,3685,3751,s:compromises/d:compromised/i:compromising/p:compromised/3:compromises
compulsory,,"a. 被强制的, 强迫的, 义务的\n[经] 强迫的, 强制的",gk cet6 ky toefl ielts gre,3997,12735,
computer,,"n. 电脑, 电子计算机\n[计] 计算机",zk gk ielts,580,589,s:computers
conceal,,"vt. 隐藏, 掩盖, 隐瞒\n[法] 隐瞒, 隐匿, 保守秘密",cet4 cet6 ky toefl ielts gre,3994,5148,d:concealed/i:concealing/3:conceals/p:concealed
concentrate,,"n. 浓缩, 精选\nv. 集中, 专心",gk cet4 cet6 ky ielts gre,1341,2358,d:concentrated/i:concentrating/p:concentrated/3:concentrates/s:concentrates
concept,,"n. 观念, 概念\n[医] 概念",gk cet4 cet6 ky toefl,1101,1158,s:concepts
concern,,"n. 关心, 忧虑\nvt. 与...有关, 使担心, 使挂念",gk cet4 cet6 ky ielts,836,717,s:concerns/3:concerns/p:concerned/i:concerning/d:concerned
concert,,"n. 音乐会, 和声, 一致\nvt. 协力, 协调\nvi. 协力\n[计] 美国北卡罗来纳州Internet网",zk gk cet4 cet6 ky toefl ielts,2941,2515,s:concerts/i:concerting
conclude,,"vt. 结束, 作结论, 推断\nvi. 结束, 推断",gk cet4 cet6 ky toefl,1687,1670,p:concluded/d:concluded/3:concludes/i:concluding
conclusion,,"n. 结论, 结尾, 推论\n[法] 缔结, 结论, 推论",gk cet4 cet6 ky ielts,1282,1666,s:conclusions
concrete,,"n. 凝结物, 混凝土\na. 具体的, 实在的, 混凝土的\nv. (使)凝结, 用混凝土浇筑",gk cet4 cet6 ky toefl ielts gre,3840,3310,i:concreting/d:concreted/p:concreted/3:concretes
condemn,,"vt. 判刑, 责备, 谴责\n[法] 定罪, 判刑, 宣告有罪",gk cet4 cet6 ky toefl ielts gre,3223,4138,d:condemned/p:condemned/i:condemning/3:condemns
condition,,"n. 情况, 条件\nvt. 使健康, 以...为条件, 决定, 使适应\n[计] 条件",zk gk cet4 cet6 ky toefl ielts,399,629,s:conditions/d:conditioned/i:conditioning/p:conditioned/3:conditions
conduct,,"n. 行为, 举动, 指导\nvt. 为人, 指挥, 管理, 实施\nvi. 领导, 传导, 指挥",gk cet4 cet6 ky toefl gre,1792,1162,d:conducted/i:conducting/p:conducted/3:conducts
conference,,"n. 会议\n[经] 会议, 讨论会, 协商会",zk gk cet4 cet6 ky toefl ielts gre,890,965,s:conferences
confidence,,n. 信心\n[电] 可靠,cet4 cet6 ky toefl ielts gre,1342,1870,s:confidences
confident,,"a. 有信心的, 有把握的",gk cet4 cet6 ky toefl ielts,2580,2866,
confirm,,"vt. 证实, 确定, 批准, 使巩固\n[计] 确认",gk cet4 cet6 ky toefl ielts gre,1156,1851,d:confirmed/p:confirmed/3:confirms/i:confirming
conflict,,"n. 战斗, 冲突, 矛盾, 争执\nvi. 争执, 战斗, 冲突, 抵触\n[计] 冲突",gk cet4 cet6 ky toefl ielts gre,1364,1179,s:conflicts/p:conflicted/i:conflicting/3:conflicts/d:conflicted
confucianism,,"n. 孔子思想, 儒家思想",,47062,0,
confucius,,n. 孔子,,33440,0,
confuse,,"vt. 使混乱, 使狼狈, 使困惑\n[法] 混淆",gk cet4 cet6 ky toefl ielts,4666,3518,d:confused/i:confusing/3:confuses/p:confused
confused,,"a. 困惑的, 混乱的",,3616,5646,d:confused/0:confused/1:dp/p:confused
congratulation,,"n. 祝贺, 恭喜",gk cet4 cet6 ky toefl,23287,0,
connect,,"v. 连接, 联合, 联系",zk gk cet4 cet6 ky toefl,2042,1636,d:connected/i:connecting/3:connects/p:connected
connection,,"n. 连接, 关系, 前后关系\n[计] 连接",gk cet4 cet6 ky toefl,1669,1421,s:connections
conscience,,"n. 良心\n[法] 良心, 道德感, 正义感",gk cet4 cet6 ky toefl ielts gre,4273,4641,s:consciences
consensus,,"n. 合意, 一致, 同感\n[计] 合意",gk cet6 ky toefl ielts gre,3897,3317,
consequence,,"n. 结果, 重要性\n[法] 结果, 后果, 推断",gk cet4 cet6 ky toefl ielts gre,1234,1626,s:consequences
conservation,,"n. 保护, 保存\n[医] 保存",gk cet4 cet6 ky toefl ielts,3076,2820,
consider,,"v. 考虑, 思考, 认为",zk gk cet4 cet6 ky toefl,312,394,d:considered/i:considering/p:considered/3:considers
consideration,,"n. 考虑, 原因\n[法] 考虑, 思考, 报酬",gk cet4 cet6 ky toefl,1248,2487,s:considerations
consist,,"vi. 组成, 存在于, 一致",gk cet4 cet6 ky toefl ielts,1493,2190,3:consists/i:consisting/p:consisted/d:consisted
consistent,,"a. 一致的, 坚持的, 并立的, 坚固的",gk cet4 cet6 ky toefl gre,2670,2225,
constant,,"n. 常数, 恒量\na. 不变的, 一定的, 时常的\n[计] 常量; 常数; 恒值",gk cet4 cet6 ky toefl ielts gre,1915,2386,s:constants
constitution,,"n. 构成, 宪法, 体格\n[医] 体质; 结构, 组织",gk cet4 cet6 ky toefl ielts gre,2148,3917,s:constitutions
construct,,"vt. 构造, 建造, 对...进行构思, 作图\nn. 构成物",gk cet4 cet6 ky toefl gre,2058,2477,d:constructed/i:constructing/s:constructs/3:constructs/p:constructed
construction,,"n. 建筑, 构造, 建筑物\n[化] 施工",gk cet4 cet6 ky toefl ielts,1442,1415,s:constructions
consult,,"vi. 商讨, 商量, 协商, 会诊\nvt. 向...请教, 查阅, 考虑",gk cet4 cet6 ky toefl ielts,2826,3591,d:consulted/i:consulting/p:consulted/3:consults
consultant,,"n. 顾问, 征询意见者\n[医] 顾问医师",gk cet6 ky toefl ielts,2605,2480,s:consultants
consultation,,"n. 请教, 咨询, 磋商会\n[医] 会诊",,2792,5710,s:consultations
consume,,"vt. 消耗, 消费, 消灭\nvi. 耗尽, 毁灭",gk cet4 cet6 ky toefl,3627,3006,d:consumed/i:consuming/p:consumed/3:consumes
consumption,,"n. 消费, 消费量, 痨病\n[化] 消耗量; 耗量",cet4 cet6 ky toefl ielts,2561,3146,
contact,,"n. 联系, 交际, 熟人, 接触\nvi. 接触, 联系\nvt. 使接触",cet4 cet6 ky toefl ielts gre,1196,1480,s:contacts/d:contacted/p:contacted/i:contacting/3:contacts
contain,,"vt. 包含, 容纳, 控制\nvi. 自制",gk cet4 cet6 ky toefl gre,559,931,3:contains/i:containing/p:contained/d:contained
container,,"n. 容器, 集装箱\n[化] 集装箱; 贮存箱; 容器(任何一种)",gk cet4 cet6 ky toefl ielts,4126,3361,s:containers
contemporary,,"n. 同时代的人\na. 同时代的, 属于同一时期的",gk cet4 cet6 ky toefl ielts,2068,1947,s:contemporaries
content,,"n. 内容, 满足, 意义, 要旨\na. 满足的, 满意的\nvt. 使...满足, 使...安心\n[计] 内容",gk cet4 cet6 ky toefl ielts gre,1281,1732,s:contents/p:contented/d:contented/i:contenting/3:contents
contest,,"n. 竞赛, 争论\nvt. 竞争, 争取, 争辩\nvi. 竞争",cet4 cet6 ky ielts gre,3919,3062,s:contests/d:contested/i:contesting/p:contested/3:contests
context,,"n. 上下文, 背景, 来龙去脉\nn. 上下文\n[计] 上下文",cet6 ky toefl ielts gre,1019,1427,s:contexts
continent,,"n. 大陆, 洲\na. 自制的",gk cet4 cet6 ky toefl gre,3626,4022,s:continents
continue,,"vi. 继续, 延续, 延长\nvt. 使继续, 使延长",zk gk cet4 cet6 ky,323,293,p:continued/3:continues/d:continued/i:continuing
contract,,"n. 合约, 婚约, 契约\nvt. 使皱缩, 使缩短, 感染, 订约, 缔结\nvi. 皱缩, 订约, 收缩",cet4 cet6 ky toefl ielts gre,628,1269,s:contracts/d:contracted/i:contracting/p:contracted/3:contracts
contradictory,,"a. 反驳的, 反对的, 抗辩的\nn. 矛盾因素, 对立物",gk cet6 toefl gre,7106,7435,s:contradictories
contrary,,"a. 相反的, 矛盾的, 对立的\nn. 相反, 对立面\nadv. 相反地",gk cet4 cet6 ky toefl,4761,5495,s:contraries
contrast,,"n. 差别, 对比, 对照物\nvt. 使对比\nvi. 成对照\n[计] 反差; 对比度",cet4 cet6 ky toefl ielts gre,1451,1762,s:contrasts/3:contrasts/d:contrasted/p:contrasted/i:contrasting
contribute,,"vt. 有助于, 捐助, 投稿\nvi. 出力, 捐献, 投稿",gk cet4 cet6 ky toefl ielts,1483,1312,d:contributed/i:contributing/p:contributed/3:contributes
contribution,,"n. 捐助, 捐助之物, 贡献\n[经] 贡献, 捐款, 补助品",gk cet4 ky ielts,1201,1776,s:contributions
control,,"n. 控制, 管理, 克制, 控制器, 操纵装置\nvt. 控制, 操纵, 抑制\n[计] 控制; 控制器",zk gk cet4 ky ielts gre,339,432,s:controls/d:controlled/i:controlling/3:controls/p:controlled
controversial,,"a. 争论的, 论争的, 被议论的",gk cet6 ky toefl ielts gre,3444,3090,
convenient,,"a. 方便的, 合宜的\n[法] 适当的, 合理而可行的, 方便的",gk cet4 cet6 ky toefl ielts,3494,5368,
conventional,,"a. 传统的, 习惯的, 约定的\n[经] 惯例的, 常规的, 传统的",gk cet4 cet6 ky toefl gre,2253,2554,
conversation,,"n. 会话, 说话, 交谈\n[法] 交谈, 社交, 性交",zk gk toefl ielts,1465,1164,s:conversations
convey,,"vt. 传达, 运输, 转让\n[经] 转让(财产等), 搬运",gk cet4 cet6 ky toefl ielts gre,3682,3756,d:conveyed/i:conveying/3:conveys/p:conveyed
convince,,"vt. 说服, 使相信\n[法] 使确信, 使信服, 使人认识错误",gk cet4 cet6 ky toefl ielts gre,3203,2039,d:convinced/p:convinced/i:convincing/3:convinces
cook,,"n. 厨子, 厨师\nvt. 烹调, 煮饭, 加热\nvi. 在煮着",zk gk,2338,1419,i:cooking/d:cooked/p:cooked/s:cooks/3:cooks
cookie,,"n. 饼干, 小甜点\n[建] 糕点",gk,21236,3269,
cool,,"n. 凉爽, 凉爽的空气\na. 凉爽的, 冷淡的, 冷静的\nvi. 冷却, 平息\nvt. 使冷却, 使平静",zk gk,2478,1451,r:cooler/i:cooling/d:cooled/3:cools/p:cooled/t:coolest
cooperate,,"vi. 合作, 协力, 配合\n[化] 合作",cet4 cet6 ky toefl ielts gre,8712,4015,i:cooperating/p:cooperated/d:cooperated/3:cooperates
copy,,"n. 副本, 摹仿, 一册\nv. 复印, 抄袭, 复制\n[计] 副本; 复制; DOS内部命令:复制文件\n将几个文件合并成一个文件, 以及将文件传至外设或在设备之间传送",zk gk toefl ielts,1175,1927,s:copies/d:copied/i:copying/p:copied/3:copies
core,,"n. 核心, 果心, 要点\nvt. 挖...的核\n[计] 内核, 核心网",cet4 cet6 ky toefl gre,2380,1954,s:cores/p:cored/i:coring/3:cores/d:cored
corn,,"n. 玉蜀黍, 谷类, 谷粒, 鸡眼\nvt. 使成颗粒, 腌",gk cet4 cet6 ky toefl,4957,2448,s:corns/i:corning/p:corned/3:corns/d:corned
corner,,"n. 角落, 转角, 窘境\nvt. 迫至一隅, 垄断, 使陷入绝境\nvi. 相交成角, 垄断\n[计] 边角",zk gk,1104,1127,s:corners/d:cornered/p:cornered/i:cornering/3:corners
corporate,,"a. 社团的, 合伙的, 公司的\n[经] 团体的, 法人的, 社团的",cet6 ielts gre,1983,1579,s:corporates
corporation,,"n. 公司, 合作, 法人团体\n[法] 法人团体, 社团, 法人",gk cet4 cet6 ky ielts,2025,2602,s:corporations
correct,,"a. 正确的, 合适的\nvt. 改正, 订正",zk gk cet4 ky toefl,1580,1794,d:corrected/p:corrected/i:correcting/3:corrects
correspond,,"vi. 符合, 通信, 相当\n[法] 符合, 一致, 相当",gk cet4 cet6 ky toefl ielts,3234,5415,3:corresponds/i:corresponding/p:corresponded/d:corresponded
cost,,"n. 代价, 价值, 费用\nvi. 花费\nvt. 使失去, 值, 使花费",zk gk ielts,342,550,s:costs/3:costs/i:costing/p:cost/0:cost/1:pd/d:cost
costume,,"n. 装束, 服装",cet6 ky toefl ielts gre,5080,4152,s:costumes/p:costumed/d:costumed/i:costuming/3:costumes
cottage,,"n. 小屋, 茅舍",gk cet4 cet6 ky ielts,2224,4765,s:cottages
cotton,,"n. 棉花\nvi. 和谐, 有好感, 理解",zk gk cet4 ky toefl ielts,3222,3136,s:cottons/p:cottoned/d:cottoned/i:cottoning/3:cottons
cough,,n. 咳嗽\nvi. 咳嗽\nvt. 咳出,zk gk cet4 ky ielts,5757,6157,p:coughed/i:coughing/s:coughs/3:coughs/d:coughed
could,,"aux. 可以, 能",zk,55,71,
council,,"n. 会议, 委员会\n[经] 委员会",cet4 cet6 ky ielts,251,2612,s:councils
count,,"vt. 计算, 视为\nvi. 计数\nn. 计算, 合计, 计数, 伯爵\n[计] 计数",zk gk cet4 cet6 ky,1830,1331,s:counts/d:counted/i:counting/3:counts/p:counted
counter,,"n. 计算器, 计算者, 柜台, 筹码\na. 反方向的, 相反的\nadv. 反方向地, 相反地\n[计] 计数器; 计数字",gk cet4 cet6 ky ielts,3493,2830,p:countered/s:counters/d:countered/i:countering/3:counters
country,,"n. 国家, 乡村, 地区, 故乡\na. 乡下的, 农村的\n[计] DOS外部命令:用于设定国家代码, 包括日期时间及货币格式",zk gk ielts,175,166,s:countries
countryside,,"n. 乡下地方, 乡下居民",zk gk ielts,2249,5320,
county,,"n. 县, 郡",cet4 cet6 ky,784,1516,s:counties
couple,,"n. 对, 夫妇, 数个\nvt. 使成双, 连接, 使成婚, 把...联系起来\nvi. 结合, 成婚",zk gk cet4 ky toefl,727,531,s:couples/p:coupled/d:coupled/i:coupling/3:couples
courage,,"n. 勇气, 胆量",zk gk cet4 cet6 ky,3640,3324,
course,,"n. 课程, 路线, 过程, 一道菜, 道路\nv. 追, (使)跑",zk gk cet4 cet6 ky ielts,347,418,s:courses/i:coursing/p:coursed/3:courses/d:coursed
court,,"n. 法院, 庭院, 奉承\nvt. 献殷勤, 追求, 招致\nvi. 求爱",gk cet4 cet6 ky toefl gre,254,541,s:courts/i:courting/p:courted/d:courted/3:courts
cousin,,"n. 堂兄弟姊妹, 表兄弟姊妹\n[法] 同辈表亲或堂亲",zk gk cet4 cet6 ky,3010,2714,s:cousins
cover,,"n. 盖子, 封面, 藉口\nvt. 覆盖, 掩饰, 保护, 掩护, 包括\nvi. 覆盖",zk gk toefl ielts,525,560,d:covered/i:covering/3:covers/p:covered/s:covers
coverage,,"n. 覆盖的范围, 保险总额, 新闻报导\n[化] 可达范围; 覆盖度",ky toefl ielts,3338,1877,s:coverages
cow,,"n. 母牛, 母兽\nvt. 威胁",zk gk cet4 cet6 ky gre,2944,3078,s:cows/d:cowed/p:cowed/i:cowing/3:cows
crash,,"n. 哗啦声, 猛撞, 崩溃, 粗布\nv. 撞碎, 破碎, (使)...坠毁\na. 速成的\n[计] 崩溃",gk cet4 cet6 ky toefl ielts,3197,2837,p:crashed/i:crashing/d:crashed/s:crashes/3:crashes
crayon,,"n. 蜡笔, 蜡笔画\nvt. 以蜡笔作画",zk gk toefl gre,15597,12296,s:crayons/i:crayoning/p:crayoned/3:crayons/d:crayoned
crazy,,"a. 发狂的, 狂热的",zk gk cet4 cet6 ky toefl,3837,1803,t:craziest/r:crazier/s:crazies
cream,,"n. 乳酪, 奶油, 面霜\n[医] 乳油, 乳皮; 乳膏, 霜",gk cet4 cet6 ky ielts,2546,2008,s:creams/i:creaming/d:creamed/p:creamed/3:creams
create,,"vt. 创造, 建造, 引起, 任命",zk gk cet4 cet6 ky ielts,449,332,d:created/i:creating/3:creates/p:created
creative,,"a. 有创造力的, 创作的, 产生的",cet4 cet6 ky,3029,2050,s:creatives
creature,,"n. 人, 动物, 创造物, 生物",gk cet4 cet6 ky,2268,2353,s:creatures
credit,,"n. 信用, 信任, 荣誉, 贷款, 学分\nvt. 归功于, 赞颂, 信任, 相信\n[计] 信用量",gk toefl ielts gre,1262,1125,d:credited/s:credits/3:credits/i:crediting/p:credited
crew,,"n. 全体人员, 一群人, 全体队员\ncrow的过去式",gk cet4 cet6 ky toefl,2202,1706,s:crews/d:crewed/p:crewed/i:crewing/3:crews
crime,,"n. 犯罪, 罪行, 罪恶\n[法] 犯罪, 罪, 罪恶",gk cet4 cet6 ky ielts,1125,828,s:crimes
criminal,,"n. 罪犯, 犯人, 刑事\na. 犯了罪的, 刑事的, 有罪的",gk cet4 cet6 ky ielts,2063,1953,s:criminals
crisis,,"n. 危机, 危险期, 紧要关头\n[医] 危象; 骤退, 临界, 极期",cet4 cet6 ky ielts,1467,1206,s:crises
criterion,,"n. 标准, 准则, 规范\n[化] 判据",gk cet6 ky ielts gre,1799,0,s:criteria
critical,,"a. 批评的, 决定性的, 危险的, 临界的\n[医] 危象的; 临界的, 极期的",cet4 cet6 ky toefl ielts gre,1616,1126,
criticize,,"v. 批评, 吹毛求疵, 非难",cet4 cet6 ky,4040,2550,d:criticized/p:criticized/i:criticizing/3:criticizes
crop,,"n. 农作物, 产量, 平头\nvt. 收割, 修剪, 种植\nvi. 收获\n[计] 裁剪",gk cet4 cet6 ky,2655,2461,s:crops/d:cropped/i:cropping/p:cropped/3:crops
cross,,"n. 十字架, 十字架形物件, 交叉, 十字标, 交叉路, 磨难, 杂交\na. 生气的, 交叉的, 相反的\nv. 交叉, 横过, 越过\n[计] 交叉, 十字标",zk gk cet4 cet6 ky toefl gre,1352,1391,p:crossed/i:crossing/d:crossed/3:crosses/s:crosses
crowd,,"n. 群众, 一伙人\nvt. 拥挤, 挤满, 挤进",gk cet4 cet6 ky toefl,1686,1270,s:crowds/p:crowded/d:crowded/i:crowding/3:crowds
crucial,,"a. 决定性的, 重要的, 严厉的\n[医] 十字形的; 决断的, 定局的",cet4 cet6 ky toefl ielts gre,2013,2397,
cruel,,"a. 残酷的, 令人极痛苦的\n[法] 残忍的, 残酷的",zk gk cet4 cet6 ky toefl,4471,4762,t:cruellest/r:crueller
cry,,"n. 叫声, 哭声, 大叫\nvi. 哭, 叫, 喊\nvt. 叫喊, 大声说, 哭出",zk gk,1518,1351,p:cried/i:crying/s:cries/3:cries/d:cried
cuisine,,"n. 烹调风格, 烹调法, 烹饪, 厨房",gk toefl gre,10574,6403,s:cuisines
culture,,"n. 文化, 修养, 耕种\nvt. 耕种, 培养",zk gk cet4 cet6 ky toefl ielts,983,611,s:cultures/d:cultured/i:culturing
cup,,"n. 杯子, 茶杯, 优胜杯\nvt. 使成杯状, 为...拔火罐",zk gk ielts,749,780,s:cups/i:cupping/3:cups/p:cupped/d:cupped
cupboard,,"n. 食橱, 碗柜, 餐具柜",gk cet4 cet6 ky toefl ielts,3692,9358,s:cupboards
cure,,"n. 治疗, 治愈, 治疗法\nvt. 治疗, 治愈, 改正, 腌制, 加工处理, 使硫化\nvi. 受治疗, 被加工处理, 被硫化",gk cet4 cet6 ky toefl ielts,5242,4579,d:cured/s:cures/i:curing/p:cured/3:cures
curious,,"a. 好奇的, 求知的, 古怪的",gk cet4 cet6 ky toefl,3304,3112,r:curiouser
currency,,"n. 货币, 通货, 流通, 通用\n[计] 货币, 货币型",gk cet6 ky toefl ielts,2114,3738,s:currencies
current,,"n. 涌流, 趋势, 流\na. 流通的, 现在的, 当前的, 流行的\n[计] 当前的",cet4 cet6 ky toefl ielts,755,652,s:currents
curriculum,,"n. 课程\n[医] 课程, 学程",gk cet6 ky toefl ielts gre,1694,2077,s:curricula
curtain,,"n. 帐, 幕, 窗帘\nvt. 装帘子于, 遮蔽",gk cet4 cet6 ky toefl,2492,3622,s:curtains/d:curtained/p:curtained/i:curtaining/3:curtains
custom,,"n. 习惯, 风俗, 海关, 自定义\na. 定制的\n[计] 定制; 自定义",gk cet4 cet6 ky toefl ielts,2344,2993,s:customs
customer,,n. 消费者\n[化] 顾客,gk cet4 cet6 ky toefl ielts,879,1098,s:customers
cut,,"n. 切口, 割伤, 降低, 切, 割, 砍, 削, 伤口, 削减, 缩短, 删节, 通路\na. 经切割的, 缩减的\nvt. 切, 割, 减少, 刺痛, 开辟, 雕刻, 删节, 缩短, 停止, 排斥, 切断, 关, 显出\nvi. 切, 割, 砍, 刺痛, 相交, 抄近路, 剪辑\n[计] 剪切",zk gk ielts,541,414,d:cut/0:cut/1:dp/s:cuts/i:cutting/p:cut/3:cuts
cute,,"a. 可爱的, 聪明的, 伶俐的\n[医] 品他病",ielts,11929,4345,t:cutest/r:cuter
cycle,,"n. 周期, 循环, 自行车, 一段时间, 整套\nvi. 循环, 轮转, 骑自行车\nvt. 使循环, 使轮转\n[计] 环路; 周期; 循环",gk cet4 cet6 ky ielts,2200,2220,s:cycles/i:cycling/p:cycled/d:cycled/3:cycles
daily,,"a. 每日的, 日常的\nadv. 每日地, 日常地\nn. 日报",zk gk cet4 ky ielts,1702,1483,s:dailies
dam,,"n. 水坝, 障碍\nv. 控制, 筑坝\n[计] 直接存取法",gk cet4 cet6 ky toefl ielts,6532,4399,s:dams/d:dammed/i:damming/p:dammed/3:dams
damage,,"n. 损害, 伤害\nv. 损害",gk cet4 cet6 ky ielts,1074,1522,s:damages/d:damaged/i:damaging/p:damaged/3:damages
damp,,"n. 潮湿, 湿气\na. 潮湿的\nvt. 使潮湿, 使阻尼, 抑止\nvi. 变潮湿, 衰减",gk cet4 cet6 ky toefl ielts gre,3845,5562,r:damper/d:damped/i:damping/p:damped/s:damps/t:dampest/3:damps
dance,,"n. 跳舞, 舞蹈, 舞会\nv. 跳舞",zk gk,2345,1671,i:dancing/p:danced/s:dances/d:danced/3:dances
danger,,"n. 危险, 威胁\n[法] 危险, 危险物, 危机",zk gk cet4 ky ielts,1264,1546,s:dangers
dangerous,,"a. 危险的\n[法] 危险的, 危害的",zk gk cet4 ky toefl ielts,1609,1457,
dare,,"n. 挑战, 挑动, 大胆\nv. 敢, 胆敢",zk gk cet4 cet6 ky,3210,3348,p:dared/d:dared/i:daring/3:dares
dark,,"n. 黑暗, 夜, 黄昏, 模糊\na. 黑暗的, 暗的, 深色的, 隐密的, 模糊的, 无知的",zk gk ielts,966,857,r:darker/t:darkest
darkness,,"n. 黑暗, 暗, 深色, 隐密, 模糊, 无知",gk,2508,2649,
data,,"pl. 资料, 数据\n[计] 数据; DOS内部命令:用于显示或设定系统的日期",gk cet4 ky ielts,552,559,
database,,n. 数据库\n[计] 数据库,gk ky ielts,2072,3638,s:databases
date,,"n. 日期, 约会, 枣椰树\nvt. 约会, 定日期\nvi. 注明日期, 过时",zk gk toefl ielts,571,1201,s:dates/d:dated/i:dating/3:dates/p:dated
daughter,,n. 女儿\na. 女儿的,zk gk,871,634,s:daughters
dawn,,"n. 破晓, 黎明\nvi. 破晓",gk cet4 cet6 ky toefl ielts,4374,4004,p:dawned/3:dawns/d:dawned/i:dawning/s:dawns
day,,"n. 天, 日子, 白天, 工作日\n[医] 日(一昼夜), 昼, 白天",zk gk ielts,95,90,s:days
dead,,"a. 死的, 不活泼的, 麻木的, 熄灭的\nn. 死者\nadv. 完全地, 直接地",zk gk toefl,877,726,
deadline,,"n. 最后期限, 截止期限\n[经] 截止日期",gk ky ielts,5295,4032,s:deadlines
deaf,,a. 聋的\n[医] 聋的,zk gk cet4 ky ielts,2897,6755,r:deafer/t:deafest
deal,,"n. 交易, 协定, 数量, 买卖, 松木板\nvi. 处理, 应付, 做生意\nvt. 分配, 发牌, 给予\n[计] 发牌",zk gk cet4 cet6 ky toefl,595,674,i:dealing/d:dealt/s:deals/3:deals/p:dealt
dear,,"n. 亲爱的人\na. 亲爱的, 昂贵的, 严重的, 急迫的\ninterj. 啊\nadv. 深爱地, 高价地",zk gk,2167,3337,t:dearest/r:dearer/s:dears
death,,n. 死亡\n[医] 死亡,zk gk cet4 ky,414,417,s:deaths
debate,,"n. 辩论, 讨论\nv. 争论, 辩论",gk cet4 cet6 ky toefl gre,1210,1082,s:debates/d:debated/i:debating/p:debated/3:debates
debt,,"n. 债务, 罪过\n[经] 借款, 欠款, 债务",gk cet4 cet6 ky toefl ielts,1320,1871,s:debts
decade,,"n. 十年, 十",gk cet4 cet6 ky ielts,1539,730,s:decades
december,,n. 十二月,zk gk ielts,1060,0,
decent,,"a. 有分寸的, 得体的, 大方的",cet4 cet6 ky toefl ielts gre,3681,3878,
decide,,"v. 决定, 判决",zk gk toefl,375,456,p:decided/d:decided/i:deciding/3:decides
decision,,"n. 决定, 决心, 决断\n[计] 判定",zk gk cet4 cet6 ky ielts,381,479,s:decisions
declare,,"v. 宣布, 声明, 申报, 断言",gk cet4 cet6 ky toefl ielts,1534,1736,p:declared/d:declared/i:declaring/3:declares
decline,,"n. 衰退, 跌落, 下降\nvt. 使降低, 婉谢\nvi. 下降, 衰落, 偏斜",gk cet4 cet6 ky toefl ielts gre,2190,2000,d:declined/p:declined/i:declining/3:declines/s:declines
decorate,,v. 装饰,gk cet4 cet6 ky toefl ielts gre,3957,4327,d:decorated/p:decorated/i:decorating/3:decorates
decoration,,"n. 装饰, 装饰品",gk toefl ielts,4554,6136,s:decorations
decrease,,"n. 减少, 减少量\nv. 减少",gk cet4 cet6 ky toefl ielts,4237,3370,d:decreased/3:decreases/p:decreased/i:decreasing/s:decreases
deduce,,"vt. 推论, 演绎出\n[法] 推断, 推出, 演绎",cet4 cet6 ky ielts gre,7733,13290,d:deduced/p:deduced/i:deducing/3:deduces
deep,,"a. 深的\nadv. 深入地\nn. 深渊, 深处",zk gk,1024,975,r:deeper/t:deepest/s:deeps
deeply,,"adv. 深刻地, 在深处, 深沉地",gk,2327,2122,
deer,,n. 鹿,gk cet4 cet6 ky,6143,2911,i:deering
defeat,,"n. 败北, 失败\nvt. 击败, 使落空",gk cet4 cet6 ky toefl ielts,2560,3326,d:defeated/p:defeated/s:defeats/i:defeating/3:defeats
defence,,"n. 防卫, 防卫设备\n[经] (诉讼程序中的)辩护",gk cet4 cet6 ky ielts,788,21674,s:defences
defend,,"vt. 防护, 辩护, 防卫\n[法] 作...的辩护律师, 辩护, 为...答辩",gk cet4 cet6 ky toefl,2130,1750,i:defending/d:defended/p:defended/3:defends
definitely,,"adv. 明确无疑地, 清楚地",cet4 cet6 toefl,2589,1991,
definition,,"n. 定义, 精确度, 清晰度\n[计] 清晰度; 清晰度",cet4 cet6 ky toefl gre,1533,2110,s:definitions
degree,,"n. 程度, 度数, 学位, 度\n[医] 度, 程度",zk gk cet4 cet6 ky ielts,763,789,s:degrees
delay,,"n. 耽搁, 迟滞\nv. 耽搁, 延迟\n[计] 延迟, 延时",gk cet4 cet6 ky toefl ielts,2530,3105,d:delayed/s:delays/p:delayed/i:delaying/3:delays
delete,,vt. 删除\n[计] 删除,gk cet4 ky toefl ielts,5794,8051,d:deleted/i:deleting/3:deletes/p:deleted
deliberately,,adv. 故意地,gk cet4 cet6 toefl,2806,4592,
delicate,,"a. 细致优雅的, 微妙的, 美味的\n[医] 柔弱的",gk cet4 cet6 ky toefl ielts gre,3775,3787,
delicious,,a. 美味的,zk gk cet4 ky toefl ielts,5437,4985,
delight,,"n. 高兴, 愉快\nvt. 使高兴, 乐于\nvi. 感到高兴(或愉快、快乐)",gk cet4 cet6 ky,3393,4890,s:delights/p:delighted/i:delighting/d:delighted/3:delights
delighted,,"a. 高兴的, 快乐的",gk,2938,6609,0:delight/1:pd/p:delighted/d:delighted
deliver,,"vt. 递送, 陈述, 释放, 发表, 引渡, 投递, 交付\n[经] 交运",gk cet4 ky ielts,1459,1288,d:delivered/i:delivering/p:delivered/3:delivers
demand,,"n. 要求, 需求, 需要\nv. 要求, 查询",gk cet4 cet6 ky gre,723,1287,s:demands/p:demanded/i:demanding/d:demanded/3:demands
demonstrate,,"vt. 示范, 证明\nvi. 示威",cet4 cet6 ky toefl ielts gre,1392,1379,d:demonstrated/3:demonstrates/p:demonstrated/i:demonstrating
dentist,,n. 牙科医生\n[医] 牙医师,zk gk cet6 ky toefl ielts,6054,6301,s:dentists
deny,,"v. 否认, 拒绝",cet4 cet6 ky toefl ielts,1258,1406,d:denied/p:denied/i:denying/3:denies
department,,"n. 部门, 系, 机关\n[医] 部, 科",gk cet4 cet6 ky ielts,447,1198,s:departments
departure,,"n. 离开, 出发, 违背, 偏离\n[经] 启运",gk cet4 cet6 ky toefl,2903,3867,s:departures
depend,,"vi. 靠, 视...而定, 信赖",zk gk cet4 cet6 ky,987,1475,3:depends/i:depending/p:depended/d:depended
deposit,,"n. 存款, 定金, 堆积物\nvt. 存放, 堆积\nvi. 沉淀",gk cet4 cet6 ky toefl ielts gre,2384,4692,s:deposits/d:deposited/p:deposited/i:depositing/3:deposits
depress,,"vt. 使沮丧, 压低, 降低, 使萧条\n[化] 推下",cet4 cet6 ky toefl ielts,9471,11421,p:depressed/3:depresses/d:depressed/i:depressing
depth,,"n. 深度, 深处, 深奥\n[计] 深度",gk cet4 cet6 ky ielts,2159,2555,s:depths
describe,,"vt. 描述, 描绘, 画",zk gk cet4 cet6 ky,398,568,d:described/p:described/3:describes/i:describing
description,,"n. 描述, 说明, 种类\n[经] 说明书(物品), 品名种类, 货物名称",gk cet4 cet6 ky ielts,1441,2171,s:descriptions
desert,,"n. 沙漠, 应得的赏罚, 功劳\na. 沙漠的, 不毛的\nvt. 放弃, 遗弃, 擅离\nvi. 逃掉",gk cet4 cet6 ky toefl ielts gre,3426,2196,d:deserted/s:deserts/p:deserted/i:deserting/3:deserts
deserve,,"vt. 该得到, 值得\nvi. 应得报答",gk cet4 cet6 ky toefl ielts,2627,2224,3:deserves/p:deserved/d:deserved/i:deserving
design,,"n. 设计, 图样, 方案, 企图\nv. 设计, 计划",gk cet4 cet6 ky toefl ielts,679,834,d:designed/s:designs/p:designed/i:designing/3:designs
desire,,"n. 欲望, 要求\nvt. 想要, 请求\nvi. 渴望",gk cet4 cet6 ky toefl ielts,1629,1551,s:desires/d:desired/p:desired/3:desires/i:desiring
desk,,"n. 书桌, 办公桌, 工作台",zk gk ielts,1862,1659,s:desks
desperate,,"a. 不顾一切的, 危急的, 令人绝望的, 极渴望的",gk cet4 cet6 ky toefl ielts gre,2935,3091,
despite,,"n. 轻视, 憎恨\nprep. 虽然, 尽管",cet4 cet6 ky,686,742,
dessert,,n. 餐后甜点,gk cet6 ky toefl,9993,4269,s:desserts
destination,,"n. 目的地, 目标, 目的\n[计] 目的文件, 目的单元",gk cet4 cet6 ky toefl ielts,4309,3883,s:destinations
destroy,,"vt. 破坏, 毁坏, 消灭",gk cet4 cet6 ky,1521,1418,d:destroyed/i:destroying/p:destroyed/3:destroys
detail,,"n. 细节, 详情\nvt. 详述, 选派\nvi. 画详图\n[计] 详细数据",cet4 cet6 ky ielts,566,997,s:details/i:detailing/d:detailed/p:detailed/3:details
detect,,"vt. 发现, 察觉, 探测\n[法] 发现, 查明, 探测",cet4 cet6 ky toefl ielts,2502,2763,d:detected/i:detecting/p:detected/3:detects
detective,,n. 侦探\na. 侦探的,gk cet6 ky toefl ielts,2906,3793,s:detectives
determination,,"n. 决心, 果断\n[化] 判定; 测定",gk cet4 cet6 toefl ielts gre,2788,3846,s:determinations
determine,,"v. 决定, 决心",gk cet4 cet6 ky toefl,845,773,d:determined/i:determining/3:determines/p:determined
develop,,"vt. 发展, 使发达, 进步, 洗印, 显影\nvi. 发展, 生长",zk gk toefl,400,484,d:developed/i:developing/p:developed/3:develops
development,,n. 发展\n[化] 展开,zk gk ielts,234,448,s:developments
device,,"n. 装置, 设计, 策略, 发明物, 设备\n[计] 设备; DOS内部命令:该命令要求DOS安装一个设备驱动程序",cet4 cet6 ky toefl,1825,1507,s:devices
devote,,"vt. 投入于, 献身",gk cet4 cet6 ky toefl ielts,3407,3225,p:devoted/d:devoted/i:devoting/3:devotes
diagram,,n. 图表；图解,gk cet4 cet6 ky toefl ielts gre,3855,7324,s:diagrams/d:diagrammed/i:diagramming/p:diagrammed/3:diagrams
dialogue,,n. 对话\nvi. 对话\nvt. 用对话表达,zk gk toefl ielts,3654,2794,s:dialogues
diamond,,"n. 钻石, 菱形\n[计] 菱形",gk cet4 cet6 ky,3941,4044,s:diamonds
diary,,n. 日记\n[经] 日记簿,zk gk cet4 cet6 ky ielts,2934,4334,s:diaries
dictionary,,"n. 字典, 词典\n[计] 词典",zk gk,3332,8493,s:dictionaries
die,,"vi. 死亡, 消逝, 平息, 熄灭, 漠然, 渴望\nvt. 死\nn. 骰子, 冲模",zk gk gre,443,403,p:died/d:died/i:dying/3:dies/s:dies
diet,,"n. 日常饮食, 议会\nvt. 照规定饮食\nvi. 忌食",gk cet4 cet6 ky toefl ielts,1964,2139,s:diets/i:dieting/d:dieted/p:dieted/3:diets
differ,,"vi. 不一致, 不同\n[机] 差异, 不同",gk cet4 cet6 ky ielts,2552,2990,3:differs/p:differed/i:differing/d:differed
difference,,"n. 不同, 差异\n[计] 差分",zk gk cet4 ky ielts,528,496,s:differences
different,,"a. 不同的\n[机] 差动, 微分的, 差速器",zk gk ielts,177,237,
difficult,,a. 困难的,zk gk ielts,439,608,
difficulty,,"n. 困难, 难点",zk gk cet4 ky ielts,760,1686,s:difficulties
dig,,"vt. 挖, 翻土, 发掘\nvi. 挖掘\nn. 挖掘\n[计] 数字, 数位",zk gk,2810,2460,p:dug/i:digging/d:dug/3:digs/s:digs
digest,,"n. 文摘\nvi. 消化\nvt. 消化, 理解\n[计] 摘要",gk cet4 cet6 ky toefl ielts,7573,9447,d:digested/i:digesting/p:digested/3:digests
digital,,"a. 数字显示的, 数字的\nn. 数字仪表, 数字式电子表(或时钟)\n[计] 数字, 数字式",gk cet4 cet6 ky ielts,3598,2356,
dignity,,"n. 尊严, 高贵\n[法] 尊严, 高位, 高贵",gk cet6 ky toefl ielts gre,4745,4100,s:dignities
dilemma,,"n. 困境, (进退两难的)窘境",gk cet6 ky toefl ielts gre,4551,4118,s:dilemmas
dimension,,"n. 尺寸, 次元, 面积, 维数\nvt. 标出尺寸",gk cet4 cet6 ky toefl ielts gre,2699,2420,s:dimensions/d:dimensioned/i:dimensioning/p:dimensioned/3:dimensions
dining,,"n. 正餐, 宴会",ielts,4111,2952,i:dining/0:dining/1:i
dinner,,"n. 晚餐, 正餐, 宴会",zk gk ielts,1422,1076,s:dinners
dinosaur,,n. 恐龙,gk toefl,7298,5326,s:dinosaurs
dip,,"v. 浸, 降下, 把(手、勺等)伸入, 舀取\nn. 浸, 涉猎\n[计] 双列直插式组件, 分布式输入输出系统, 双排直插封装",gk cet4 cet6 ky ielts,4987,4532,p:dipped/i:dipping/d:dipped/s:dips/3:dips
direct,,"a. 直接的, 坦白的\nvt. 指示, 指挥, 命令, 导演\nvi. 指导, 指挥\nadv. 直接地",zk gk cet4 cet6 ky toefl ielts,960,1478,d:directed/i:directing/p:directed/3:directs
direction,,"n. 方向, 指导, 趋势\n[计] 方向; 流向",zk gk cet4 cet6 ky,910,928,s:directions
director,,"n. 主管, 导演, 董事\n[计] 寻向偶极子; 指挥仪",zk gk cet4 cet6 ky ielts,603,510,s:directors
directory,,"n. 目录, 工商名录, 指南\n[计] 目录",gk cet6 ky ielts,3680,8211,s:directories
dirt,,"n. 污垢, 泥土\n[化] 污垢",gk cet4 ky,5597,2737,
dirty,,"a. 肮脏的, 卑鄙的\nvt. 弄脏\nvi. 变脏",zk gk,2873,2869,t:dirtiest/r:dirtier/i:dirtying/p:dirtied/d:dirtied/3:dirties
disability,,"n. 无力, 无能, 残疾\n[医] 劳动能力丧失, 病废",gk,3323,2558,s:disabilities
disabled,,"a. 残废的, 有缺陷的, 失效的\n[计] 失效的",gk ielts,2671,4412,d:disabled/0:disabled/1:dp/p:disabled
disadvantage,,"n. 缺点, 不利, 坏处",gk cet4 cet6 toefl,3518,6291,s:disadvantages/d:disadvantaged/i:disadvantaging/p:disadvantaged/3:disadvantages
disagree,,"vi. 不一致, 不适宜\n[法] 抵触, 不同意, 争执",gk cet4 cet6,4677,2679,p:disagreed/3:disagrees/i:disagreeing/d:disagreed
disappear,,"vi. 消失, 不见",gk cet4 cet6 ky,1663,1578,p:disappeared/d:disappeared/3:disappears/i:disappearing
disappointed,,a. 失望的,,3371,3987,p:disappointed/0:disappointed/1:pd/d:disappointed
disappointment,,n. 失望,gk toefl,3927,4566,s:disappointments
disaster,,"n. 灾祸, 不幸, 彻底失败",gk cet4 cet6 ky toefl ielts gre,2466,2321,s:disasters
discern,,"v. 辨别, 看清楚, 了解",cet6 ky toefl ielts gre,8773,7711,d:discerned/p:discerned/3:discerns/i:discerning
discipline,,"n. 训练, 纪律\nvt. 训练, 惩罚",cet4 cet6 ky toefl ielts gre,1450,2278,s:disciplines/d:disciplined/i:disciplining/3:disciplines/p:disciplined
discount,,"n. 折扣, 贴现率\nvt. 打折扣\nvi. 贴现",gk cet4 cet6 ky toefl ielts gre,3143,4504,s:discounts/d:discounted/i:discounting/p:discounted/3:discounts
discourage,,"vt. 使气馁, 阻碍",gk cet4 cet6 ky toefl,5260,4211,d:discouraged/p:discouraged/i:discouraging/3:discourages
discover,,"vt. 发现, 找到, 暴露\nvi. 发现",zk gk cet4 cet6 ky,923,956,p:discovered/d:discovered/i:discovering/3:discovers
discovery,,"n. 发现, 被发现的事物\n[法] 要求告知, 发现, 发觉",zk gk cet4 cet6 ky ielts,2453,2227,s:discoveries
discrimination,,"n. 差别, 岐视, 辨别力\n[化] 鉴别",gk cet4 cet6 ky toefl,3592,3167,s:discriminations
discuss,,"vt. 讨论, 论述\n[医] 讨论, 辩论",zk gk,661,847,d:discussed/i:discussing/p:discussed/3:discusses
discussion,,n. 讨论,zk gk cet4 cet6 ielts,860,1041,s:discussions
disease,,"n. 疾病, 弊病\n[医] [疾]病",zk gk cet4 cet6 ky ielts,931,775,s:diseases
dish,,"n. 盘子, 碟, 菜肴\n[医] 皿, 碟",zk gk,2709,1935,s:dishes/i:dishing/d:dished/p:dished/3:dishes
disk,,"n. 圆盘, 磁盘\n[计] 磁盘",cet4 cet6,2518,3761,s:disks
dismiss,,"vt. 解散, 开除, 解职\nvi. 解散\n[计] 解散",zk gk cet4 cet6 ky toefl ielts,2100,2802,d:dismissed/p:dismissed/i:dismissing/3:dismisses
display,,"n. 显示, 陈列, 炫耀, 显示器\nvt. 陈列, 显示, 表现, 夸示\n[计] 显示器; 显示",cet4 cet6 ky toefl ielts,1683,2092,d:displayed/s:displays/i:displaying/3:displays/p:displayed
distance,,"n. 距离, 远方, 遥远\n[计] 位距",gk cet4 cet6 ky toefl ielts,1275,1235,s:distances/i:distancing/d:distanced/p:distanced/3:distances
distant,,"a. 远的, 疏远的\n[经] 远期的",gk cet4 cet6 ky toefl ielts gre,2745,2630,
distinct,,"a. 清楚的, 显著的, 不同的",cet4 cet6 ky toefl ielts gre,2609,3254,
distinction,,n. 区别,gk cet4 cet6 ky toefl ielts gre,1865,2921,s:distinctions
distinguish,,"v. 区别, 辨别",gk cet4 cet6 ky toefl ielts,2265,3246,d:distinguished/3:distinguishes/i:distinguishing/p:distinguished
distribute,,"vt. 分配, 散布, 分发\n[经] 分配, 分发",gk cet4 cet6 ky toefl ielts gre,2662,2944,d:distributed/i:distributing/3:distributes/p:distributed
distribution,,n. 分配\n[计] 分布,cet4 cet6 toefl ielts,1456,2373,s:distributions
district,,"n. 区域, 地方\n[医] 地区, 地段",gk cet4 cet6 ky toefl gre,1071,1266,s:districts/i:districting/p:districted/3:districts/d:districted
disturb,,"vt. 扰乱, 妨碍, 使不安\n[法] 滋扰, 扰乱",zk gk cet4 cet6 ky toefl ielts,3272,4565,d:disturbed/i:disturbing/p:disturbed/3:disturbs
dive,,"n. 潜水, 跳水\nvi. 跳水, 俯冲, 猛冲\nvt. 把...突然伸入",gk cet4 cet6 ky toefl,5288,5121,p:dived/i:diving/3:dives/s:dives/d:dived
diverse,,"a. 不同的, 变化多的",gk cet4 cet6 ky toefl ielts gre,4813,2813,
divide,,"vi. 分开, 分配, 分裂\nvt. 分, 分开, 分裂, 除\nn. 分配, 分水岭\n[计] 除",zk gk cet4 ky toefl,1544,1942,d:divided/i:dividing/p:divided/3:divides/s:divides
division,,"n. 分, 分开, 除法, 部门(如部、处、系等), 师\n[计] 部分",gk cet4 cet6 ky toefl,891,1849,s:divisions
divorce,,n. 离婚\nvt. 与...离婚,gk cet4 cet6 ky toefl ielts,3853,2978,d:divorced/p:divorced/s:divorces/i:divorcing/3:divorces
dizzy,,"a. 晕眩的, 眼花缭乱的\nvt. 使晕眩",gk cet6 ky toefl ielts,9951,8740,p:dizzied/r:dizzier/d:dizzied/i:dizzying/3:dizzies
do,,"v. 做, 进行, 完成",zk gk,19,18,i:doing/p:did/3:does/d:done
doctor,,"n. 医生, 博士\nvt. 授以博士学位, 诊断, 修改\nvi. 行医",zk gk ielts,665,570,s:doctors/i:doctoring/p:doctored/3:doctors/d:doctored
document,,"n. 文件, 公文, 文档\nvt. 证明, 为...引证\n[计] 文档",gk cet4 cet6 ky toefl gre,1052,1389,s:documents/d:documented/i:documenting/p:documented/3:documents
dog,,"n. 狗, 坏蛋\nvt. 跟踪, 尾随",zk gk,819,753,s:dogs/d:dogged/p:dogged/i:dogging/3:dogs
doll,,"n. 洋娃娃, 无头脑的美丽女人",zk gk ky toefl,5101,3823,s:dolls/p:dolled/d:dolled/i:dolling
dollar,,"n. 美元, 元(加、澳等国货币单位)\n[经] 纯经济的, 美元, 元",zk gk,2340,0,s:dollars
dolphin,,n. 海豚,toefl,4232,8137,s:dolphins
domain,,"n. 领域, 领土, 产业, 范围\n[计] 域, 区域, 支配命令",cet6 ky toefl ielts gre,3345,3627,s:domains
domestic,,"a. 家庭的, 国内的, 驯养的\n[医] 家庭的, 家用的",cet4 cet6 ky toefl ielts,1381,1547,s:domestics
dominate,,"v. 支配, 占优势",cet4 cet6 ky toefl ielts gre,2041,2312,d:dominated/p:dominated/3:dominates/i:dominating
donate,,v. 捐赠,cet6 ky toefl ielts gre,5660,4095,d:donated/p:donated/i:donating/3:donates
door,,n. 门,zk gk,300,343,s:doors
dormitory,,n. 宿舍,gk cet4 cet6 toefl,14248,10947,s:dormitories
dot,,"n. 点, 圆点, 小数点, 小东西, 嫁妆\nvt. 作小点记号, 加小点于\nvi. 打上点\n[计] 点",gk cet4 ky toefl ielts,4132,4480,s:dots/p:dotted/d:dotted/i:dotting/3:dots
double,,"n. 两倍\na. 两倍的, 双重的\nvt. 使加倍\nvi. 加倍, 代替, 快步走\n[计] 双精度型",zk gk ielts,1640,2202,d:doubled/i:doubling/s:doubles/p:doubled/3:doubles
doubt,,"n. 怀疑, 疑惑\nv. 怀疑, 不信",zk gk cet4 cet6 ky toefl,1183,1906,s:doubts/p:doubted/d:doubted/i:doubting/3:doubts
down,,"a. 向下的\nadv. 下, 下去, 降下\nprep. 往下, 沿着\nn. 丘陵, 软毛, 开阔的高地\n[计] 向下, 退下命令",zk gk toefl gre,102,118,s:downs/i:downing/p:downed/3:downs/d:downed
download,,"[计] 卸载, 下栽",gk,27269,6382,d:downloaded/i:downloading/p:downloaded/s:downloads/3:downloads
downstairs,,n. 楼下\na. 楼下的\nadv. 在楼下,zk gk cet4 ky,4046,5467,
downtown,,n. 市中心区\na. 市中心的\nadv. 往闹市区,gk ky toefl ielts,18944,3116,r:downtowner
dozen,,"n. 打, 十二个\na. 一打的",zk gk cet4 ky,2371,1194,
draft,,"n. 气流, 草稿, 汇票, 草案\nvt. 起草, 征兵\n[计] 草稿",gk cet4 cet6 ky toefl ielts gre,2834,2624,d:drafted/i:drafting/s:drafts/p:drafted/3:drafts
drag,,"n. 拖, 拖累\nv. 拖累, 拖拉, 沉重缓慢地走, 拖动\n[计] 拖动",gk cet4 cet6 ky toefl,2538,2127,p:dragged/i:dragging/d:dragged/3:drags/s:drags
dragon,,"n. 龙, 凶暴的人\n[法] 凶恶的人, 凶恶严厉的监护人",cet4 cet6 ky,4842,5085,s:dragons
drama,,"n. 戏剧, 戏剧艺术",cet4 cet6 ky toefl ielts,2308,2631,s:dramas
dramatic,,"a. 戏剧性的, 生动的",cet4 cet6 ky toefl ielts,2242,2119,s:dramatics
draw,,"vi. 拉, 拖, 拔剑\nvt. 拖拉, 挨近, 领取, 打成平局, 引导, 抽签决定, 画, 描写, 制订, 草拟, 吸引\nn. 拉, 拖, 拔出, 抽签, 平局\n[计] 翻牌, 绘图",zk gk toefl,429,592,d:drawn/p:drew/i:drawing/3:draws/s:draws
drawer,,"n. 抽屉, 开票人\n[计] 抽屉",zk gk cet4 cet6 ky toefl ielts,4175,4212,s:drawers
drawing,,"n. 图画, 制图, 拉\n[计] 绘图",gk cet4 cet6 ky toefl,1892,2521,0:draw/1:i/s:drawings/i:drawing
dream,,"n. 梦, 空想, 愿望\nv. 做梦, 想象, 梦想",zk gk cet4 cet6 ky,1513,990,s:dreams/i:dreaming/d:dreamed/p:dreamed/3:dreams
dress,,"n. 服装, 覆盖物\nvi. 穿着\nvt. 给...穿衣, 整理",zk gk ielts,1673,1437,d:dressed/s:dresses/i:dressing/p:dressed/3:dresses
drill,,"n. 钻孔机, 钻子, 播种机, 粗斜纹布\nv. 训练, 钻孔",gk cet4 cet6 ky toefl ielts gre,5299,4760,i:drilling/s:drills/d:drilled/p:drilled/3:drills
drink,,"n. 饮料, 酒\nv. 喝, 喝酒",zk gk,1284,1232,s:drinks/i:drinking/p:drank/d:drunk/3:drinks
drive,,"n. 驾车, 快车道, 推进力, 驱动, 动力, 击球, 驱动器\nvt. 开车, 驱使, 推动, 驾驶\nvi. 开车, 猛击, 飞跑\n[计] 驱动器",zk gk,640,490,p:drove/d:driven/i:driving/3:drives/s:drives
driver,,"n. 驾驶员, 驱动器, 驱动程序\n[化] 驱动器",zk gk ielts,1225,1226,s:drivers
drop,,"n. 滴, 微量, 落下, 空投\nvi. 放下, 掉下, 下降\nvt. 使滴下, 放下, 丢失, 遗漏\n[计] 投入, 投入点, 接入点, 分接点",zk gk cet4 cet6 ky ielts,925,690,p:dropped/d:dropped/i:dropping/s:drops/3:drops
drought,,"n. 干旱, 缺乏",cet4 cet6 ky toefl ielts gre,7206,5353,s:droughts
drown,,"vi. 淹死\nvt. 把...淹死, 淹没",gk cet4 cet6 ky ielts,4492,4927,d:drowned/p:drowned/i:drowning/3:drowns
drug,,"n. 药, 麻药, 麻醉药\nvi. 吸毒\nvt. 使服麻醉药, 使麻木",zk gk cet4 cet6 ky,963,461,s:drugs/d:drugged/p:drugged/i:drugging/3:drugs
drum,,"n. 鼓, 鼓声\nvi. 击鼓, 作鼓声\nvt. 打鼓奏出\n[计] 磁鼓",zk gk cet4 cet6 ky,4171,4116,s:drums/p:drummed/d:drummed/i:drumming/3:drums
drunk,,a. 喝醉了的\ndrink的过去式,gk cet4 cet6 ky,4187,3701,0:drink/1:dp/d:drunk/s:drunks/r:drunker/p:drunk
dry,,"a. 干的, 无酒的, 枯燥无味的, 干燥的\nvt. 把...弄干\nvi. 变干\nn. 干, 干涸",zk gk,1665,1561,d:dried/i:drying/p:dried/3:dries/r:drier/t:driest/s:dries
duck,,"n. 鸭子\nvi. 没入水中, 闪避\nvt. 猛按...入水, 躲避",zk gk cet4 cet6 ky,3713,3521,s:ducks/p:ducked/i:ducking/d:ducked/3:ducks
due,,"n. 应得的东西, 应付款\na. 到期的, 应得的, 应付的, 约定的",gk cet4 cet6 ky toefl ielts,1280,1796,
dull,,"a. 钝的, 无趣的, 呆滞的, 阴暗的\nvt. 使迟钝, 使阴暗, 缓和\nvi. 变迟钝, 减少",gk cet4 cet6 ky toefl ielts gre,3799,5094,r:duller/p:dulled/d:dulled/t:dullest/i:dulling/3:dulls
dumpling,,"n. 面团布丁, 团子",zk gk,22551,14302,s:dumplings
duration,,"n. 持续时间, 持续\n[计] 持续时间",cet4 cet6 ky toefl ielts gre,3698,5426,s:durations
during,,prep. 在...的时候,zk gk,192,198,
dust,,"n. 灰尘, 尘埃, 粉末, 花粉, 土, 骚乱\nvt. 拂去灰尘, 撒, 弄成粉末\nvi. 拂去灰尘, 化为粉末",gk cet4 cet6 ky ielts,2933,2263,i:dusting/p:dusted/d:dusted/s:dusts/3:dusts
duty,,"n. 责任, 关税, 职务, 尊敬\n[化] 职责",zk gk cet4 cet6 ky ielts,846,1752,s:duties
dynamic,,"a. 动态的, 有活力的, 有力的, 动力的, 不断变化的\nn. 动力, 动态\n[计] 动态的",gk cet4 cet6 ky toefl ielts gre,4218,3978,
dynasty,,"n. 朝代, 王朝",gk ky,7797,10552,s:dynasties
each,,"a. 每个, 每一\nadv. 每个\npron. 每个, 个人, 各自",zk gk,170,192,
eager,,"a. 热心的, 渴望的, 热望的",gk cet4 cet6 ky toefl,4501,3123,
eagle,,"n. 鹰, 鹰状标饰",gk cet4 cet6 ky ielts,3850,45890,s:eagles/p:eagled/d:eagled/i:eagling/3:eagles
ear,,"n. 耳朵, 倾听, 听觉, 穗\nvi. 抽穗",zk gk,1599,1337,s:ears
early,,"a. 早的, 早熟的\nadv. 很早, 初",zk gk,245,365,r:earlier/t:earliest
earn,,"vt. 赚得, 获得, 博得\n[计] 欧州科学研究网",gk cet4 ky,1727,1305,i:earning/d:earned/p:earned/3:earns
earth,,"n. 地球, 泥土, 世界, 尘世\nvt. 埋入土中, 赶入洞内\nvi. 躲入洞内",zk gk,1026,1547,s:earths/d:earthed/i:earthing/p:earthed/3:earths
earthquake,,n. 地震,gk cet4 cet6 ky toefl,6891,4261,s:earthquakes
ease,,"n. 安乐, 安逸, 悠闲\nvt. 使安乐, 使安心, 减轻, 放松\nvi. 减轻, 放松, 灵活地移动",gk cet4 cet6 ky ielts,3093,3229,p:eased/i:easing/d:eased/3:eases
easily,,"adv. 容易地, 轻易地, 流利地",gk cet4,1004,1211,
east,,"n. 东方, 东\na. 东方的, 向东的\nadv. 向东方, 朝东方",zk gk,785,733,
eastern,,"n. 东方人, 东正教徒\na. 东方的, 向东的, 自东的",gk cet4 ky ielts,1588,1503,
easy,,"a. 容易的, 缓缓的, 舒适的, 从容的, 宽容的, 流畅的, 随便的, 自在的, 疲软的\nadv. 容易地, 慢慢地",zk gk,502,549,r:easier/t:easiest
eat,,"v. 吃, 腐蚀",zk gk,701,543,i:eating/p:ate/d:eaten/3:eats
ecology,,"n. 生态学, 社会生态学\n[化] 生态学",gk cet6 ky toefl ielts,8093,6425,s:ecologies
economic,,"a. 经济上的, 实用的, 节省的\n[经] 经济的",cet4 cet6 ky toefl ielts,402,453,
edge,,"n. 边缘, 尖锐, 刀刃, 优势\nvt. 使锐利, 挤进, 镶边\nvi. 缓缓移动",zk gk cet4 cet6 ky toefl ielts,1081,977,s:edges/p:edged/i:edging/d:edged/3:edges
edition,,"n. 版本, 版, 翻版",gk cet4 cet6 ky ielts,2537,3155,s:editions
editor,,"n. 编者, 编辑, 主笔, 编辑器, 编辑装置\n[计] 编辑器",gk cet4 cet6 ky ielts,1945,1385,s:editors
educate,,"vt. 教育, 培养, 训练",gk cet4 ky,3663,3033,d:educated/i:educating/3:educates/p:educated
education,,"n. 教育, 训练, 教育学\n[医] 教育, 训练",zk gk cet4 ky toefl ielts,353,376,
educator,,n. 教育家,gk,12905,2429,s:educators
effect,,"n. 结果, 影响, 效果, 印象\nvt. 实行, 引起, 完成\n[计] 效果",gk cet4 cet6 ky toefl ielts,262,427,s:effects/d:effected/i:effecting/p:effected/3:effects
efficient,,"a. 有效率的, 能干的",cet4 cet6 ky toefl ielts,2196,2998,
effort,,"n. 努力, 成就",zk gk cet4 cet6 ky,745,454,s:efforts
egg,,"n. 蛋, 卵\nvt. 挑唆, 煽动, 调蛋黄",zk gk,1532,1376,s:eggs/p:egged/i:egging/3:eggs/d:egged
eight,,"num. 八, 八个",zk gk,579,739,
eighteen,,"num. 十八, 十八个",zk gk cet4 ky,2690,5480,
eighth,,"num. 第八, 八分之一",zk gk,4714,4425,
eighty,,"num. 八十, 八十个",zk gk cet4 ky,1944,7486,
either,,"a. (两者之中)任一的, (两者之中)各一的\npron. (两者之中)任一\nconj. 或, 要么",zk gk,437,558,
elaborate,,"a. 精细的, 详尽的, 精心计划(或制作)的\nvt. 详细地说明, 用心地制作, 发挥\nvi. 变复杂, 作详细说明",cet4 cet6 ky toefl ielts gre,4707,4630,d:elaborated/p:elaborated/i:elaborating/3:elaborates
elder,,"n. 年长者, 老人, 前辈\na. 年长的, 资深的",zk gk cet4 ky ielts,5602,4056,r:elder/0:elder/1:r/s:elders
elderly,,"a. 过了中年的, 稍老的",cet4 ky ielts,1837,2907,
elect,,"n. 当选人, 被选的人\na. 被选的, 选出的\nvt. 选举, 选择\nvi. 作选择",gk cet4 ky,1794,2265,d:elected/p:elected/i:electing/3:elects
election,,"n. 选举, 当选, 选择权\n[法] 选举, 当选",cet4 cet6 toefl,638,801,s:elections
electric,,"a. 电的, 导电的, 电动的\n[医] 电的",zk gk cet4 cet6 ky,2469,2696,s:electrics
electrical,,"a. 电的, 有关电的\n[医] 电的",gk cet4 cet6 ky ielts,3190,3789,s:electricals
electricity,,"n. 电, 电流, 电学, 热情, 电力供应\n[化] 电学; 电",gk cet4 cet6 ky ielts,2296,2719,
electronic,,a. 电子的\n[计] 电子工业协会接口,gk cet4 cet6 ky ielts,2494,2407,
elegant,,"a. 优雅的, 端庄的, 高雅的",gk cet6 ky toefl ielts,3833,3942,
element,,"n. 元件, 元素, 要素\n[计] 部分; 成分; 单元; 码元; 元件; 元素; 单元",cet4 cet6 ky toefl,843,1214,s:elements
elephant,,n. 象,zk gk cet4 cet6 ky,4323,4355,s:elephants
eleven,,"num. 十一, 十一个",zk gk,2299,4273,
else,,"a. 别的, 其他的\nadv. 另外, 否则, 不然",zk gk,471,440,
elsewhere,,adv. 在别处,cet4 cet6 ky ielts,1639,2279,
email,,n. 电子信函,zk ielts,0,0,
embarrassed,,a. 尴尬的；窘迫的,,4732,4601,p:embarrassed/0:embarrassed/1:pd/d:embarrassed
embassy,,"n. 大使馆, 大使馆全体人员\n[经] 大使馆",gk cet6 ky ielts,4389,5731,s:embassies
emerge,,"vi. 浮现, 形成, 出现, (事实)显露",cet4 cet6 ky toefl ielts,1252,1300,p:emerged/d:emerged/3:emerges/i:emerging
emergency,,"n. 紧急状况, 紧急事件, 紧急需要\n[化] 紧急情况",gk cet4 cet6 ky ielts gre,2083,1725,s:emergencies
emotion,,"n. 情绪, 激动, 强烈的情感\n[医] 情绪, 情感",cet4 cet6 ky toefl ielts,2454,2117,s:emotions
emperor,,"n. 皇帝, 君主",gk cet4 cet6 ky ielts,3161,7060,s:emperors
emphasis,,"n. 强调, 加强, 重点, 强语气",cet4 cet6 ky toefl,1719,2346,
empire,,"n. 帝国, 帝权",gk cet4 cet6 ky,2251,4218,s:empires
employ,,"n. 雇用\nvt. 雇用, 使用, 使从事于",gk cet4 cet6 ky toefl,1231,1962,d:employed/3:employs/p:employed/i:employing
empty,,"a. 空的, 空虚的, 空腹的, 空洞的\nn. 空的东西, 空车\nvt. 倒空, 使变空, 使排出\nvi. 流空\n[计] 空",zk gk toefl ielts,1735,1644,d:emptied/p:emptied/i:emptying/3:empties/s:empties/r:emptier/t:emptiest
enable,,"vt. 使能够\n[计] 允许, 使能, 打开",cet4 cet6 ky toefl,991,2192,3:enables/p:enabled/i:enabling/d:enabled
encounter,,"n. 相会, 相遇, 遭遇\nvt. 遇见, 邂逅, 会战\nvi. 偶然相遇",cet4 cet6 ky toefl ielts gre,2892,2712,d:encountered/s:encounters/p:encountered/3:encounters/i:encountering
encourage,,"vt. 鼓励, 支持, 激励\n[法] 怂恿, 煽动, 助长",zk gk cet4 cet6 ky toefl,881,1184,d:encouraged/p:encouraged/3:encourages/i:encouraging
encouragement,,"n. 鼓励, 激励, 奖励\n[法] 怂恿, 煽动, 助长",gk,4267,6193,s:encouragements
end,,"n. 结束, 终点, 目标, 末端, 梢, 死亡, 残余\nv. 结束, 终结, 终止\n[计] 端; 结束",zk gk ielts,187,278,p:ended/s:ends/d:ended/i:ending/3:ends
endless,,"a. 不停的, 无穷尽的, 无尽的\n[机] 无端的, 环状的",gk cet4 cet6 toefl,4095,3722,
enemy,,"n. 敌人, 仇敌, 敌军\na. 敌人的",zk gk cet4 ky,1860,1596,s:enemies
energetic,,"a. 精力充沛的, 积极的",gk cet6 ky toefl ielts,6931,7129,s:energetics
energy,,"n. 精力, 精神, 活力, 能量\n[化] 能; 能量",zk cet4 cet6 ky ielts,765,615,s:energies
engage,,"vi. 答应, 从事, 交战\nvt. 使忙碌, 雇佣, 预定, 使从事于, 使参加",cet4 cet6 ky toefl ielts,2038,1387,d:engaged/p:engaged/i:engaging/3:engages
engine,,"n. 引擎, 发动机, 机车\nvt. 安装发动机于",gk cet4 cet6 ky ielts,1374,1569,s:engines/p:engined
engineer,,"n. 工程师, 工兵\nvt. 设计, 监造, 精明地处理, 策划",zk gk cet4 cet6 ky ielts,1889,1997,s:engineers/d:engineered/p:engineered/i:engineering/3:engineers
england,,"n. 英格兰\n[法] 英格兰, 英国",zk ielts,411,0,
english,,"n. 英语\na. 英文的, 英国人的",zk gk,18425,1782,
enhance,,"vt. 提高, 加强, 增加",cet4 cet6 ky toefl ielts gre,2669,2331,d:enhanced/i:enhancing/3:enhances/p:enhanced
enjoy,,"vt. 享受, 喜欢, 欣赏\n[法] 享受, 享有, 获得某种利益",zk gk,685,881,p:enjoyed/i:enjoying/d:enjoyed/3:enjoys
enormous,,"a. 巨大的, 庞大的",cet4 cet6 ky toefl ielts gre,2120,1994,
enough,,"n. 充足, 够, 很多\na. 充足的, 足够\nadv. 足够\ninterj. 够了",zk gk,378,374,
enquiry,,"n. 询问\n[经] 询价, 询盘",gk ielts,2472,24159,s:enquiries
ensure,,"vt. 确定, 保证, 担保, 保护\n[经] 确保, 确定",cet4 cet6 ky gre,712,1754,i:ensuring/3:ensures/p:ensured/d:ensured
enter,,"vt. 进入, 参加, 开始, 输入, 回车\nvi. 进去, 参加\n[计] 输入, 回车",zk gk cet4 ky,706,709,p:entered/d:entered/i:entering/3:enters
enterprise,,"n. 企业, 事业心, 进取心, 干事业\n[计] 企业",gk cet6 ky toefl ielts gre,1566,2499,s:enterprises
entertainment,,"n. 娱乐, 款待, 娱乐表演",gk cet4 cet6 ky toefl ielts,3187,2350,s:entertainments
enthusiastic,,"a. 狂热的, 热心的, 热烈的",gk cet4 cet6 ky ielts,4458,5508,
entire,,"n. 整个, 全部\na. 全体的, 完全的, 全部的",gk cet4 cet6 ky,1876,868,
entirely,,"adv. 完全, 全然, 一概",,1367,1858,
entitle,,"vt. 给...权利, 取名为, 给予名称, 叫做\n[法] 给...权利, 使有资格, 称呼",cet4 cet6 ky toefl ielts gre,2886,3465,d:entitled/3:entitles/p:entitled/i:entitling
entrance,,"n. 入口, 进入点, 入场, 入学, 进入, 开始(阶段), 就任\nvt. 使出神, 使入迷\n[计] 入口",gk cet4 cet6 ky toefl ielts gre,2465,2877,s:entrances/d:entranced/p:entranced/i:entrancing/3:entrances
entry,,"n. 登录, 条目, 进入, 入口, 报关\n[计] 登录项, 输入项, 条目",gk cet4 cet6 ky toefl ielts gre,1373,2338,s:entries
envelope,,"n. 信封, 封套, 封袋\n[医] 膜, 包袋",gk cet4 cet6 ky,3672,3879,s:envelopes/3:envelopes
environment,,"n. 环境, 外界, 围绕\n[计] 环境",zk gk cet4 cet6 ky ielts,702,855,s:environments
envy,,"n. 羡慕, 嫉妒\nvt. 羡慕, 嫉妒",gk cet4 cet6 ky ielts,8468,8491,p:envied/d:envied/i:envying/3:envies/s:envies
ephemeral,,"a. 朝生暮死的, 短命的, 短暂的\n[医] 暂时的",toefl ielts gre,15628,14116,s:ephemerals
episode,,"n. 插曲, 插话, 有趣的事件, 一段情节\n[医] 插话, 插曲, 发作",cet4 cet6 ky toefl ielts gre,3396,2846,s:episodes
equal,,"n. 对手, 匹敌, 同辈\na. 相等的, 平等的, 胜任的, 合适的, 平静的, 不相上下的\nvt. 等于, 比得上\n[计] 等长度编码",gk cet4 cet6 ky toefl ielts,1547,1830,3:equals/s:equals/d:equalled/p:equalled/i:equalling
equality,,"n. 平等, 均匀, 相等\n[法] 同等, 平等, 相等",gk cet4 cet6 ky toefl,4197,4590,s:equalities
equator,,"n. 赤道\n[医] 赤道, 中纬线",cet6 ky toefl ielts gre,15702,12760,s:equators
equip,,"vt. 装备, 配备\n[机] 设备, 装置",gk cet4 cet6 ky toefl,3643,4145,d:equipped/i:equipping/p:equipped/3:equips
equipment,,"n. 装备, 设备, 才能\n[化] 设备; 装备; 装置",gk cet4 cet6 ky toefl ielts,1117,1352,s:equipments
era,,"n. 时代, 纪元, 时期",cet4 cet6 ky toefl,3312,1884,s:eras
eraser,,n. 擦子,zk gk,35588,16590,s:erasers
error,,"n. 错误, 过失, 失误, 误差\n[计] 错误",gk cet4 cet6 ky toefl,1595,2198,s:errors
erupt,,vi. 爆发\nvt. 喷出,gk cet6 ky toefl ielts gre,6441,5291,p:erupted/d:erupted/3:erupts/i:erupting
escape,,"n. 逃亡, 避难设备, 逃跑\nvi. 逃脱, 避开, 溜走\nvt. 逃避, 避免, 被...忘掉",gk cet4 cet6 ky toefl,1697,2034,p:escaped/d:escaped/i:escaping/3:escapes/s:escapes
especially,,"adv. 尤其, 特别, 格外",zk gk cet4 cet6 ky,570,515,
essay,,"n. 随笔, 短文, 评论, 企图\nvt. 试图",gk cet4 cet6 ky ielts,3147,2536,s:essays/p:essayed/d:essayed/i:essaying/3:essays
essential,,"n. 要素, 要点, 本质\na. 必要的, 重要的, 本质的\n[计] 本质冒险",cet4 cet6 ky toefl ielts gre,1155,1949,s:essentials
establish,,"vt. 建立, 确立, 制定\nvi. 移植生长",cet4 cet6 ky ielts,576,896,d:established/i:establishing/p:established/3:establishes
estate,,"n. 不动产, (人生的)阶段, 阶层, 财产\n[经] 房地产, 遗产, 财产",cet4 cet6 ky toefl ielts,1302,1778,s:estates
estimate,,"n. 估计, 判断\nvt. 估计, 评价, 判断\nvi. 估计",cet4 cet6 ky toefl ielts,1826,1798,d:estimated/s:estimates/p:estimated/3:estimates/i:estimating
europe,,n. 欧洲,zk ielts,558,0,
european,,"n. 欧洲人\na. 欧洲的, 欧洲人的",zk gk ielts,512,1263,s:europeans
evaluate,,"vt. 评估, 评价, 赋值",gk cet4 cet6 ky toefl ielts,3168,2339,d:evaluated/i:evaluating/p:evaluated/3:evaluates
eve,,"n. 前夕, 前夜",cet4 ky,5529,6991,s:eves
even,,"a. 平坦的, 相等的, 连贯的, 均等的, 公平的, 偶数的, 平均的, 平衡的, 恰好的\nvt. 使平坦, 使相等\nvi. 变平, 成为相等\nadv. 甚至, 实际上, 完全, 十分\nn. 偶数, 偶校验\n[计] 偶数, 偶校验",zk gk toefl ielts gre,113,107,i:evening/p:evened/3:evens/d:evened
evening,,"n. 傍晚, 晚间, 末期",zk gk ielts,651,961,1:i/0:even/s:evenings
event,,"n. 事件, 结果, 事情的进程, 竞赛项目\n[计] 事件",gk cet4 ky ielts,473,525,s:events
eventually,,"adv. 最后, 终于",gk cet4 cet6 ky toefl ielts,1089,1106,
ever,,"adv. 曾经, 究竟, 永远",zk gk,355,280,
every,,"a. 每一, 所有的",zk gk,210,172,
everybody,,"pron. 每个人, 人人",zk gk,1552,799,
everyday,,"a. 每天的, 日常的, 平常的",zk gk cet4 ky,3381,3291,
everyone,,"pron. 每个人, 人人\n[计] 系统中的一个组名",zk gk,753,529,
everything,,"pron. 每件事物, 所有事物",zk gk,538,389,
everywhere,,"adv. 各处, 到处",zk gk,2578,1938,
evidence,,"n. 根据, 证据, 迹象\n[经] 证据, 凭证",gk cet4 cet6 ky toefl ielts,456,606,d:evidenced/s:evidences/i:evidencing/p:evidenced/3:evidences
evident,,"a. 显然的, 明显的",gk cet4 cet6 ky toefl,2975,3466,
evolution,,"n. 进化, 发展, 进展, (气体)放出, 开方\n[医] 进化, 演化, 旋出",gk cet4 cet6 ky toefl ielts,3069,2946,s:evolutions
exact,,"a. 精确的, 准确的, 精密的\nvt. 强求, 急需",gk cet4 ky toefl gre,3270,3341,d:exacted/p:exacted/3:exacts/i:exacting
exactly,,"adv. 确切地, 精确地, 恰好, 完全地, 确实, 恰恰正是, 确实如此",gk cet4,924,748,
exam,,"n. 考试, 测验",zk ielts,4174,4224,s:exams
examine,,"v. 检查, 调查, 考试",zk gk cet4 cet6 ky,1050,1165,d:examined/i:examining/p:examined/3:examines
example,,"n. 例子, 样本, 实例\n[化] 实例",zk gk ielts,511,852,s:examples
excellent,,"a. 优良的, 杰出的, 出色的",zk gk cet4 cet6 ky toefl,1416,2123,
except,,"vt. 除, 除外\nvi. 反对\nprep. 除了...之外, 若不是, 除非\nconj. 只是",zk gk,2154,1836,i:excepting/p:excepted/d:excepted/3:excepts
exceptional,,"a. 例外的, 异常的, 特别的",cet6 ky toefl ielts gre,3970,6002,s:exceptionals
exchange,,"n. 交换, (电话)交换局, 交换机, 汇兑, 交易所\nv. 交换, 交易, 兑换\n[计] 交换; 电话局",gk cet4 cet6 ky toefl ielts,1084,1513,s:exchanges/d:exchanged/p:exchanged/i:exchanging/3:exchanges
excited,,"a. 兴奋的, 已励磁的, 已激发的, 激昂的, 激动的",,4106,3426,d:excited/0:excited/1:dp/p:excited
exciting,,"a. 令人兴奋的, 刺激的\n[电] 激磁",cet4 cet6 ky toefl ielts,2540,2926,i:exciting/0:exciting/1:i
excuse,,"vt. 原谅, 申辩, 做为...的托辞\nn. 致歉, 理由, 饶恕, 借口",zk gk toefl ielts,3182,3484,s:excuses/d:excused/p:excused/i:excusing/3:excuses
exemplify,,"vt. 例证, 例示\n[法] 制作经公章证明的誊本, 例证",cet6 ky toefl ielts gre,7249,7776,d:exemplified/3:exemplifies/i:exemplifying/p:exemplified
exercise,,"n. 行使, 执行, 运动, 练习, 作业\nvt. 运用, 练习, 运动\nvi. 练习, 锻炼",zk gk ielts,1233,1487,d:exercised/s:exercises/i:exercising/3:exercises/p:exercised
exhibition,,"n. 表现, 展览会, 展览品\n[医] 投药, 展览, 展出",gk cet4 cet6 ky toefl ielts,1426,2476,s:exhibitions
exist,,"vi. 存在, 生存, 发生",gk cet4 cet6 ky toefl,875,1016,3:exists/p:existed/d:existed/i:existing
existence,,"n. 存在, 生存\n[法] 存在, 存在状态, 实体",gk cet4 cet6 ky ielts,1454,2213,s:existences
exit,,"n. 出口, 退场, 离去, 去世\nvi. 退出, 脱离, 去世\n[计] 退出; DOS内部命令:本命令用于退出当前的命令处理器(COMMAND.COM)\n恢复前一个命令处理器",gk cet4 cet6 ky toefl,4923,3798,s:exits/i:exiting/p:exited/d:exited/3:exits
expand,,"vt. 使膨胀, 详述, 扩张\nvi. 张开, 发展\nvt. 展开\nvi. 展开\n[计] 展开; DOS外部命令:将原始DOS磁盘上的压缩文件解压缩并拷贝到硬盘上",gk cet4 cet6 ky toefl ielts gre,2124,1572,d:expanded/i:expanding/3:expands/p:expanded
expansion,,"n. 扩充, 开展, 膨胀\n[计] 扩展",cet4 cet6 ky toefl ielts,2360,2734,s:expansions
expect,,"vt. 预期, 盼望, 期待",zk gk,313,405,d:expected/i:expecting/p:expected/3:expects
expectation,,"n. 期待, 指望, 展望\n[化] 期望值",gk cet4 cet6 ky,1970,1890,s:expectations
expense,,"n. 费用, 代价, 开支, 损失\n[经] 费用, 开支, 将支出转为费用",gk cet4 ky,1919,2137,s:expenses
expensive,,"a. 贵的, 奢华的, 费用浩大的, 乱化钱的\n[经] 高价的, 昂贵的, 浪费的",zk gk ielts,1577,1664,
experience,,"n. 经历, 经验, 体验\nvt. 经历, 经验, 体验",zk gk cet4 cet6 ky ielts,430,420,s:experiences/d:experienced/i:experiencing/p:experienced/3:experiences
experiment,,"n. 实验, 试验, 实验仪器\nvi. 实验, 尝试",zk gk cet4 cet6 ky ielts,1651,1990,s:experiments/i:experimenting/d:experimented/p:experimented/3:experiments
expert,,"n. 专家, 行家\na. 老练的, 内行的, 专门的\n[计] 高级",gk cet4 ky ielts,1335,899,s:experts
explain,,"v. 解释, 说明",zk gk cet4 cet6 ky,518,480,p:explained/d:explained/3:explains/i:explaining
explanation,,"n. 解释, 说明, 辩解, 表明\n[经] 解释, 注释, 说明",gk cet4 cet6 ky,1492,2054,s:explanations
explicit,,"a. 详述的, 清楚的, 直言的",gk cet6 ky toefl ielts gre,3722,4826,
explode,,"vi. 爆炸, 爆发, 激增\nvt. 使爆炸",gk cet4 cet6 ky toefl ielts,3934,3106,p:exploded/i:exploding/d:exploded/3:explodes
explore,,"v. 探险, 探测, 探究",gk cet4 cet6 ky toefl ielts,1882,1594,i:exploring/d:explored/3:explores/p:explored
export,,"n. 输出品, 输出\nvt. 输出, 出口\nvi. 输出物资\n[计] 导出",gk cet4 ky ielts,2231,3456,s:exports/d:exported/3:exports/i:exporting/p:exported
expose,,"vt. 使暴露, 使曝光, 揭穿, 陈列\n[医] 暴露, 露置",gk cet4 cet6 ky toefl ielts,2577,2005,d:exposed/i:exposing/p:exposed/3:exposes
exposure,,"n. 暴露, 揭发, 揭露\n[化] 曝光量; 照射; 照射量",cet4 cet6 ky toefl ielts gre,3141,2229,s:exposures
express,,"n. 快车, 快递, 专使\na. 明确的, 丝毫不差的, 专门的, 快的\nvt. 表达, 表示, 表露",zk gk cet4 cet6 ky,839,1272,d:expressed/i:expressing/p:expressed/3:expresses
expression,,"n. 表达, 表现, 词语, 措辞\n[计] 表达式",gk cet4 cet6 ky,1139,1533,s:expressions
extend,,"v. 扩充, 延伸, 伸展, 扩大\n[计] 扩展",cet4 cet6 ky toefl ielts gre,1023,1445,d:extended/i:extending/3:extends/p:extended
extension,,"n. 延长, 扩充, 范围, 扩展名\na. 伸缩的\n[计] 扩展名, 扩充名",gk cet4 cet6 ky toefl ielts,2123,3190,s:extensions
extent,,"n. 范围, 程度, 区域\n[计] 范围",cet4 cet6 ky toefl ielts,990,1758,s:extents
external,,"n. 外部, 外面\na. 外部的, 客观的, 表面的",cet4 cet6 ky toefl ielts,1870,2864,s:externals
extinction,,"n. 消失, 消灭, 废止\n[化] 消光; 熄灭",cet6 toefl gre,7889,6977,s:extinctions
extra,,"n. 额外的事物, 另外的收费\na. 额外的, 特别的\nadv. 额外地, 特别地, 非常地",gk cet4 cet6 ky ielts,1080,1543,s:extras
extraordinary,,"a. 非常的, 特别的, 非凡的\n[经] 非常的, 特别的, 临时的",gk cet4 cet6 ky toefl,2759,2625,s:extraordinaries
extreme,,"n. 极端, 末端\na. 极端的, 尽头的, 极度的, 偏激的",gk cet4 cet6 ky ielts,2528,2519,s:extremes/t:extremest
extremely,,"adv. 极端地, 非常地",gk cet4 cet6,1388,1756,
eye,,"n. 眼睛, 视力, 看\nvt. 看, 注视",zk gk ielts,219,242,s:eyes/p:eyed/i:eyeing/d:eyed/3:eyes
fabric,,"n. 织物, 布, 结构, 构造, 建筑物\n[经] 组织, 建筑物, 工厂",cet4 cet6 ky toefl ielts gre,2773,3059,s:fabrics
face,,"n. 脸, 面容, 正面, 外观\nvt. 面对, 朝, 正视, 面临\nvi. 朝, 向\n[计] 现场可改变的控制元件",zk gk toefl ielts,282,330,i:facing/s:faces/d:faced/p:faced/3:faces
facilitate,,"vt. 使容易, 促进, 帮助\n[法] 使容易, 使便利, 推进",cet6 ky toefl ielts gre,4044,3568,d:facilitated/3:facilitates/i:facilitating/p:facilitated
facility,,"n. 容易, 灵巧, 设备\n[计] 设施; 设备; 装备",cet4 cet6 ky toefl ielts,1014,1297,s:facilities
fact,,"n. 事实, 真实性, 真相, 细节, 论据",zk gk cet4 ky,201,235,s:facts
factor,,"n. 因素, 因数, 系数, 基因, 代理人\n[计] 因式",cet4 ky toefl ielts,666,729,s:factors/i:factoring/p:factored/3:factors/d:factored
factory,,"n. 工厂, 产生地, 代理店\n[经] 工厂, 代理店, 商行在国外的代理处",zk gk ielts,1505,2132,s:factories
fade,,"vi. 褪色, 消失, 凋谢\nvt. 使褪色\nn. 淡入, 淡出\na. 平淡的",gk cet4 cet6 ky toefl ielts gre,3506,2882,i:fading/d:faded/p:faded/3:fades/s:fades
fail,,"vi. 失败, 缺乏, 中断, 衰退, 失灵\nvt. 忘记, 使...失望, 缺乏, 不及格\nn. 不及格",zk gk,616,808,d:failed/p:failed/i:failing/3:fails
failure,,"n. 失败, 失败者, 不足, 缺乏, 破产\n[计] 故障; 失效",gk cet4 ky ielts,1147,1360,s:failures
fair,,"n. 展览会, 市集, 美好的事物\na. 公平的, 按规则进行的, 不好不坏的, 晴朗的, 美丽的\nadv. 公平地, 正面地, 有教养地, 清楚地\nvi. 转晴",zk gk cet4 cet6 ky toefl,1150,1484,s:fairs/r:fairer/t:fairest/i:fairing/p:faired/3:fairs/d:faired
fairly,,"adv. 美观地, 公平地, 相当地, 清楚地",gk cet4 cet6 ky toefl,1413,2157,
faith,,"n. 信心, 信任, 忠实, 保证\n[法] 信任, 信仰, 信念",gk cet4 cet6 ky toefl ielts,1738,1326,s:faiths
fall,,"n. 落下, 瀑布, 采伐量, 下降, 落差, 降低, 堕落, 秋天\nvi. 倒下, 落下, 来临, 失守, 阵亡, 下跌, 减弱, 倾斜, 垮台, 轮到, 变成, 降低\na. 秋天的",zk gk ielts,332,410,p:fell/d:fallen/i:falling/3:falls/s:falls
false,,"a. 错误的, 虚伪的, 假的, 不老实的\nadv. 不准确地, 欺诈地",gk cet4 cet6 ky,2370,2516,
familiar,,"a. 熟悉的, 常见的, 亲密的\nn. 熟友, 常客",gk cet4 cet6 ky ielts,1635,1492,s:familiars
family,,"n. 家庭, 家人, 族\na. 家庭的",zk gk ielts,200,147,s:families
famous,,"a. 出名的, 极好的",zk gk ielts,1461,1486,
fan,,"n. 风扇, 迷, 狂热者, 爱好者\nvt. 煽动, 刺激, 吹拂\nvi. 飘动, 成扇形散开",zk gk cet4 cet6 ky,1905,1208,s:fans/i:fanning/p:fanned/d:fanned/3:fans
fancy,,"n. 想象力, 幻想, 喜好\na. 想象的, 精美的, 新奇的, 奇特的, 高价的, 特级的\nvt. 想象, 设想, 相信, 喜爱\nvi. 想象, 幻想",gk cet4 cet6 ky toefl ielts,3859,5118,p:fancied/3:fancies/d:fancied/s:fancies/i:fancying/r:fancier
fantastic,,"a. 奇妙的, 稀奇的, 空想的",zk gk cet6 ky toefl ielts,4942,4747,
fantasy,,"n. 幻想, 想象的产物\n[医] 幻想",gk cet4 ky toefl ielts gre,3642,2964,s:fantasies/i:fantasying/p:fantasied/3:fantasies/d:fantasied
far,,"a. 远的, 久远的, 遥远的\nadv. 甚远地, 很, 到很深的程度, 到很远的距离",zk gk,287,252,r:further/t:furthest
fare,,"n. 费用, 旅客, 食物\nvi. 进展, 进步, 经营, 过活",gk cet4 cet6 ky ielts,4481,4776,s:fares/d:fared/p:fared/i:faring/3:fares
farm,,"n. 农场, 农田\nvt. 耕种\nvi. 种田",zk gk ielts,1167,1258,s:farms/d:farmed/p:farmed/i:farming/3:farms
farmer,,"n. 农夫, 农场主\n[法] 农民, 农场主, 承包者",zk gk cet4 cet6 ky,1333,1589,s:farmers
fashion,,"n. 流行, 风尚, 时样\nvt. 形成, 造, 作",cet4 cet6 ky toefl ielts,1852,1922,d:fashioned/s:fashions/p:fashioned/i:fashioning/3:fashions
fast,,"a. 快速的, 紧的\nadv. 很快地, 紧紧地, 彻底地\nn. 绝食, 斋戒\nvi. 绝食, 斋戒",zk gk gre,1833,1096,r:faster/t:fastest/i:fasting/p:fasted/s:fasts/d:fasted/3:fasts
fat,,"n. 脂肪, 脂油, 肥肉\na. 肥的, 胖的, 油腻的\nn. 文件分配表\n[计] 文件分配表",zk gk ky,2848,1575,s:fats/r:fatter/t:fattest/i:fatting/p:fatted/3:fats/d:fatted
father,,"n. 父亲, 祖先, 长辈, 神父, 创始者\nvt. 当...的父亲, 保护, 创作, 发明, 培养",zk gk,364,267,s:fathers/d:fathered/i:fathering/p:fathered/3:fathers
fault,,"n. 过错, 故障, 毛病\nvt. 挑剔\nvi. 产生断层, 弄错\n[计] 故障",gk cet4 ky toefl ielts gre,2076,2849,s:faults/d:faulted/p:faulted/i:faulting/3:faults
favor,,"n. 好意, 喜爱\nvt. 赐予, 支持, 喜欢, 证实",cet4 ky ielts,49170,2500,3:favors/s:favors/i:favoring/p:favored/d:favored
favorite,,"n. 喜欢的事物, 幸运儿\na. 特别受喜爱的, 喜爱的, 宠爱的, 中意的",cet4 ky ielts,0,1593,s:favorites
fear,,"n. 恐怖, 害怕, 担心\nv. 害怕, 恐惧, 为...担心, 敬畏",zk gk cet4 cet6 ky,1066,985,s:fears/p:feared/d:feared/3:fears/i:fearing
feather,,n. 羽毛\nvi. 长羽毛\nvt. 用羽毛装饰,gk cet4 cet6 ky,4798,4531,s:feathers/p:feathered/i:feathering/d:feathered/3:feathers
feature,,"n. 面孔的一部分(如眼、口等), 特征, 容貌, 特色, 特写\nvt. 是...的特色, 特写, 放映\nvi. 起重要作用\n[计] 特性",cet4 cet6 ky ielts gre,741,1190,s:features/i:featuring/3:features/d:featured/p:featured
february,,n. 二月,zk gk,1188,0,
fee,,"n. 费用, 小费, 封地, 所有权\nvt. 付费给",gk cet4 ky ielts,1618,1826,s:fees/i:feeding/p:feed/3:fees/d:feed
feed,,"n. 饲料, 一餐, 饲养\nvt. 喂, 饲养, 放牧, 靠...为生\nvi. 吃东西, 用餐, 流入\n[计] 送纸",zk gk cet4 cet6 ky toefl,1412,1317,d:fed/p:fed/i:feeding/3:feeds/1:pd/0:feed/s:feeds
feel,,"vt. 感觉, 觉得, 触摸, 以为\nvi. 有知觉, 摸索, 同情\nn. 感觉, 觉得, 触摸",zk gk ielts,135,134,p:felt/i:feeling/d:felt/3:feels
feeling,,"n. 摸, 触觉, 知觉, 感觉, 情绪, 同情\na. 有同情心的, 有感觉的, 仁慈的, 动人的",zk gk cet4 ky,797,805,0:feel/1:i/s:feelings/i:feeling
fellow,,"n. 男人, 朋友, 同事\na. 同伴的, 同事的, 同道的",gk cet4 cet6 ky,2954,2421,s:fellows
female,,"n. 女性, 女人, 雌性动物\na. 女性的, 女子的",gk cet4 cet6 ky ielts,1563,1396,s:females
fence,,"n. 围墙, 栅栏, 买卖赃物的人, 剑术\nvt. 用篱笆围住, 练习剑术, 防护\nvi. 击剑, 搪塞",gk cet4 cet6 ky,3306,2653,s:fences/d:fenced/p:fenced/i:fencing/3:fences
ferry,,"n. 渡船, 渡口\n[法] 摆渡营业权, 轮渡",gk cet6 ky toefl ielts gre,4590,6492,s:ferries/d:ferried/i:ferrying/p:ferried/3:ferries
festival,,"a. 节日的, 喜庆的, 快乐的\nn. 节日, 庆祝, 欢宴",zk gk cet4 cet6 ky toefl ielts,2395,3695,s:festivals
fetch,,"n. 取得, 拿, 诡计, 魂\nvt. 接来, 取来, 售得, 带来, 推出, 引出, 杀死, 吸引, 到达\nvi. 取物, 前进\n[计] 取",zk gk cet4 cet6 ky ielts,3687,6744,p:fetched/d:fetched/i:fetching/3:fetches
fever,,"n. 发烧, 发热, 热病\n[医] 发热, 热",zk gk cet4 cet6 ky ielts,5338,4372,s:fevers/p:fevered
few,,"a. 很少的, 不多的, 少数的\nn. 少数",zk gk,189,185,
fibre,,"n. 纤维, 构造, 纤维制品\n[化] 纤维",gk cet4 cet6 ielts,3214,24899,s:fibres
fiction,,"n. 小说, 虚构故事\n[法] 虚构的事实, 捏造, 拟制",gk cet4 cet6 ky toefl,3431,2762,s:fictions
field,,"n. 领域, 田地, 场地, 战场, 场, 域\nvt. 使...晒在场上, 使上场\na. 田间的, 野生的, 野外的, 田赛的\n[计] 域, 字段",zk gk ielts,495,439,s:fields/i:fielding/p:fielded/d:fielded/3:fields
fierce,,"a. 凶猛的, 猛烈的, 热烈的, 暴躁的",gk cet4 cet6 ky toefl ielts,3932,4482,t:fiercest/r:fiercer
fifteen,,"num. 十五, 十五个",zk gk,1736,2995,
fifth,,"num. 第五, 五分之一",zk gk ielts,2418,2497,
fifty,,"num. 五十, 五十个",zk gk,1041,3038,
fight,,"n. 打架, 争吵, 斗志\nv. 对抗, 打架",zk gk cet4 cet6 ky,917,676,i:fighting/p:fought/d:fought/s:fights/3:fights
fighter,,"n. 斗士, 战士, 好战者, 战斗机",gk cet6,4002,3028,s:fighters
figure,,"n. 数字, 价格, 图形, 形状\nvt. 描绘, 表示, 演算, 认为\nvi. 计算, 出现, 估计",gk cet4 cet6 ky toefl ielts,325,552,s:figures/p:figured/d:figured/3:figures/i:figuring
file,,"n. 档案, 公文箱, 文件夹, 文件, 卷宗, 锉刀\nvi. 列队行进, 用锉刀做\nvt. 归档, 申请, 锉, 琢磨\n[计] 文件",gk cet4 ky toefl ielts gre,1170,1745,s:files/d:filed/p:filed/i:filing/3:files
fill,,"vt. 装满, 填充, 弥漫, 供给, 满足, 供应\nvi. 充满, 变得沉重\nn. 满足, 装满, 充分, 填方\nvt. 填充\nvi. 填充\n[计] 填充",zk gk,900,686,d:filled/p:filled/i:filling/3:fills
film,,"n. 软片, 薄膜, 胶卷, 电影\nvt. 覆以薄膜, 拍摄\nvi. 生薄膜, 拍电影",zk gk ielts,739,593,s:films/i:filming/d:filmed/p:filmed/3:films
final,,"n. 期末考试, 结局, 决赛\na. 最后的, 终极的, 决定性的",zk gk cet4 ky toefl ielts,778,887,s:finals
finally,,"adv. 最后, 终于",cet4 ky,771,470,
finance,,"n. 财政, 财务\nvt. 供给...经费, 负担经费\nvi. 筹措资金",gk cet4 cet6 ky toefl ielts,1515,2808,d:financed/s:finances/i:financing/p:financed/3:finances
financial,,"a. 财政的, 金融的\n[经] 财政的, 金融的, 财务的",cet4 cet6 ky toefl ielts,602,827,
find,,"vt. 发现, 感到, 找到, 认为, 得到\nvi. 裁决\nn. 发现\n[计] 查找; DOS外部命令:在指定的文件或从键盘输入的文本行中\n寻找指定的字符串, 将符合条件的行或行数输出到标准输出设备上",zk gk,92,95,d:found/p:found/i:finding/3:finds/s:finds
finding,,"n. 发现, 发现物, 决定, 裁决\n[法] 调查结果, 对事实的认定, 判定的要素",cet4 cet6 ky ielts,2027,1476,0:find/1:i/s:findings/i:finding
fine,,"n. 罚款, 罚金, 晴天, 精细\na. 好的, 晴朗的, 健康的, 细小的, 精细的\nvt. 罚款, 精炼, 澄清\nvi. 变清, 变细\nadv. 很好\n[计] 精细",zk gk toefl ielts,660,704,t:finest/d:fined/s:fines/r:finer/p:fined/3:fines/i:fining
finger,,"n. 手指, 指状物, (手套的)手指部分, 指针\nv. 用手指拨弄, 伸出\n[计] 网络命令",zk gk cet4 cet6 ky,1109,1042,s:fingers/p:fingered/i:fingering/d:fingered/3:fingers
finish,,"n. 完成, 结束, 末道漆, 磨光, 完美\nvt. 完成, 结束, 用完, 毁掉\nvi. 结束\n[计] 完成",zk gk toefl,842,916,d:finished/p:finished/i:finishing/3:finishes/s:finishes
fire,,"n. 火, 炉火, 电炉, 火灾, 闪光体, 炮火, 热情\nvt. 点燃, 烧制, 使发光, 激动, 放枪, 解雇\nvi. 着火, 烧火, 开枪, 射击, 激动",zk gk ielts,693,653,s:fires/d:fired/p:fired/i:firing/3:fires
firm,,"n. 公司, 商号\na. 坚定的, 坚强的, 牢固的, 结实的, 坚硬的, 坚挺的, 严格的, 确定的\nvt. 使牢固, 使坚定\nvi. 变稳固, 变坚实\nadv. 稳固地",gk cet4 cet6 ky toefl ielts,607,902,s:firms/r:firmer/p:firmed/d:firmed/i:firming/3:firms
firmly,,"adv. 坚固, 坚定, 断然",gk,2206,3818,
first,,"adv. 首先, 第一, 优先\na. 第一的\nnum. 第一\nn. 开始, 第一",zk gk,79,86,
fish,,"n. 鱼, 鱼肉, 鱼类, 接合板\nvt. 钓, 钓鱼, 查出, 用接合板连接\nvi. 捕鱼, 钓鱼, 用钩捞取, 摸索寻找",zk gk ielts,954,947,s:fishes/p:fished/i:fishing/d:fished/3:fishes
fisherman,,"n. 渔夫, 钓鱼者, 渔船",zk gk cet4 cet6 ky,5287,4272,s:fishermen
fist,,"n. 拳头, 手\nvt. 拳打, 握成拳, 紧握",gk cet4 cet6 ky toefl ielts,4178,3881,s:fists/i:fisting
fit,,"n. 适宜, 合身, 发作, 痉挛\na. 适宜的, 对的, 准备好的\nvt. 适合, 安装, 使合身, 使适应, 使合格\nvi. 适合, 符合, 合身\n[计] 非特",zk gk toefl ielts,1046,1349,d:fitted/3:fits/i:fitting/p:fitted/s:fits/r:fitter/t:fittest
five,,"num. 五, 五个",zk gk,207,299,
fix,,"vt. 使固定, 修理, 准备, 安装, 凝视, 牢记, 确定, 整理\nvi. 固定, 注视, 确定\nn. 困境, 方位, 维修, 贿赂",zk gk cet4 cet6 ky,1954,1850,d:fixed/i:fixing/p:fixed/3:fixes/s:fixes
flag,,"n. 标志, 旗标, 旗子, 信号旗, 菖蒲\nvt. 悬旗, 打旗号, 铺石板\nvi. 无力地下垂\n[计] 标志; 属性标记命令",zk gk cet4 cet6 ky toefl ielts gre,3502,2444,s:flags/p:flagged/i:flagging/d:flagged/3:flags
flame,,"n. 火焰, 火舌, 热情, 光辉\nvt. 焚烧, 用火焰给...灭菌, 用火焰传送(信号), 点燃, 激动\nvi. 燃烧, 爆发, 闪耀\n[计] 无聊邮件, 无益邮件",gk cet4 cet6 ky toefl ielts,3195,3199,s:flames/p:flamed/i:flaming/d:flamed/3:flames
flash,,"n. 闪光, 闪现, 一瞬间\nvi. 闪光, 闪现, 反射\nvt. 使闪光, 反射",gk cet4 cet6 ky toefl ielts,4001,3500,p:flashed/i:flashing/s:flashes/d:flashed/3:flashes/r:flasher
flat,,"a. 平坦的, 单调的, 无力的, 浅的, 萧条的, 干脆的, 无聊的\nadv. 平直地, 断然地\nn. 扁平物, 平面, 平地, 平原, 平板车\nv. (使)变平",zk gk cet4 cet6 ky toefl ielts,1448,2569,s:flats/r:flatter
flavor,,"n. 滋味, 调味品\nvt. 加味于",ky toefl,0,3118,s:flavors/i:flavoring/p:flavored/3:flavors/d:flavored
flee,,"vt. 逃避, 逃跑, 逃走\nvi. 逃, 消失",gk cet4 cet6 ky toefl ielts,3410,2942,p:fled/d:fled/i:fleeing/3:flees
flesh,,"n. 肉, 肉体, 肉欲, 人性, 亲属, 人类, 众生, 人体\nvt. 以肉喂, 激起...的杀戳情绪, 使肥, 赋以血肉\nvi. 长胖",gk cet4 ky ielts,3036,3209,d:fleshed/i:fleshing/s:fleshes/p:fleshed/3:fleshes
flexible,,"a. 易曲的, 灵活的, 柔顺的, 能变形的, 可通融的\n[医] 能屈的",gk cet4 cet6 ky toefl ielts gre,3127,4227,
flight,,"n. 飞行, 射程, 逃走, 飞跃, 飞机航程, 班机, 迁徙, 飞逝\nvi. 迁徙\nvt. 射击(飞禽), 为(箭)装上羽毛, 使惊飞",gk ielts gre,1487,1295,s:flights/i:flighting/p:flighted/3:flights/d:flighted
float,,"n. 漂流物, 浮舟, 漂浮, 浮萍, 彩车\nvi. 浮动, 飘动, 散播, 摇摆, 动摇, 浮动\nvt. 使漂浮, 容纳, 淹没, 发行, 实行\n[计] 浮动",gk cet4 cet6 ky toefl ielts,3498,3140,i:floating/p:floated/d:floated/s:floats/3:floats
flood,,"n. 洪水, 大量之水, 涨潮\nvt. 淹没, 使泛滥, 注满\nvi. 被淹, 溢出, 涌进",gk cet4 cet6 ky toefl,4100,3582,d:flooded/s:floods/p:flooded/i:flooding/3:floods
floor,,"n. 地板, 楼层, 底部, 底价\nvt. 铺地板, 打倒\nn. 地面, 地板, 基底\n[计] 基底",zk gk,791,639,s:floors/d:floored/p:floored/i:flooring/3:floors
flour,,"n. 面粉, 粉沫, 碎粉\n[医] 面粉, 麦粉",gk cet4 cet6 ky toefl ielts,5355,3429,s:flours/p:floured/i:flouring/3:flours/d:floured
flow,,"n. 流程, 流动, 流量, 洋溢, 泛滥, 涨潮\nvi. 流动, 流泄, 畅流, 川流不息, 飘扬, 涌出\nvt. 使流动, 淹没, 流出",gk cet4 ky,1759,1984,s:flows/i:flowing/3:flows/p:flowed/d:flowed
flower,,"n. 花, 开花植物, 精华, 盛时\nvi. 开花, 发育, 旺盛, 成熟\nvt. 用花装饰, 使开花",zk gk ielts,1270,1489,s:flowers/d:flowered/i:flowering/3:flowers/p:flowered
flu,,"n. 流感, 流行性感冒",zk gk cet4 cet6 ky ielts,8041,5662,
fluent,,"a. 流利的, 流畅的",gk cet4 cet6 ky toefl ielts,9662,11910,
fly,,"n. 苍蝇, 两翼昆虫, 飞行\nvi. 飞, 飞翔, 飘扬, 逃走\nvt. 飞, 飞越, 使飘扬, 逃出\na. 敏捷的",zk gk ielts,1106,943,p:flew/i:flying/d:flown/s:flies/3:flies
focus,,"n. 焦点, 焦距\nvi. 聚焦, 注视\nvt. 使聚焦, 调焦, 集中\n[计] 焦点",gk cet4 cet6 ky toefl ielts,1918,688,d:focused/i:focusing/3:focuses/p:focused/s:foci
foggy,,"a. 雾深的, 模糊的",gk toefl,14412,12681,t:foggiest/r:foggier
fold,,"n. 折层, 折, 羊栏, 折痕, 信徒\nvt. 折叠, 包, 合拢, 交迭\nvi. 折叠起来, 彻底失败\n[计] 折叠; 合并",gk cet4 cet6 ky toefl gre,3975,3493,s:folds/d:folded/p:folded/i:folding/3:folds
folk,,"n. 人们, 家人, 亲属, 民族\na. 民间的",gk cet4 cet6 ky toefl,2958,1339,s:folks
follow,,"vt. 跟随, 沿行, 遵循, 追求\nvi. 跟随, 接着\nn. 跟随, 追随",zk gk cet4 cet6 ky,186,325,i:following/d:followed/3:follows/p:followed
following,,"n. 下列各项, 部下, 追随者\na. 下列的, 其次的",gk cet4 cet6 ky,748,1471,0:follow/1:i/i:following/s:followings
fond,,"a. 喜欢的, 宠爱的, 温柔的",gk cet4 cet6 ky,4954,6241,r:fonder/t:fondest/s:fonds
food,,"n. 食物, 养料\n[医] 食物, 食品",zk gk ielts,466,366,s:foods
fool,,"n. 愚人, 受骗者, 奶油拌水果\nvt. 愚弄, 欺骗, 浪费\nvi. 干傻事, 开玩笑, 游荡\na. 傻的",gk cet4 ky,3660,4030,s:fools/d:fooled/i:fooling/p:fooled/3:fools
foot,,"n. 脚, 步调, 英尺, 底部, 末尾, 步兵\nvt. 走在...上, 给...换底, 支付\nvi. 跳舞, 步行, 总计",zk gk ielts,459,380,s:feet/i:footing/p:footed/3:foots/d:footed
football,,"n. 足球, 橄榄球",zk gk,1424,1534,s:footballs
for,,"prep. 为, 因为, 至于\nconj. 因为\n[计] DOS批处理命令:对一组参数重复执行指定的命令",zk gk,12,13,
force,,"n. 力量, 武力, 势力, 影响力, 军队, 力, 效力\nvt. 强迫, 强夺, 推动, 提高\n[计] 人工转移; 强制",zk gk cet4 cet6 ky,369,372,s:forces/d:forced/p:forced/i:forcing/3:forces
forecast,,"n. 预想, 预测, 预报\nvt. 预想, 预测, 预报\n[计] 趋势预测",gk cet4 cet6 ky toefl ielts gre,3980,5890,s:forecasts/d:forecast/0:forecast/1:dp/i:forecasting/3:forecasts/p:forecast
forehead,,"n. 额, 前额, 前部\n[医] 额",gk cet4 cet6 ky,4632,3788,s:foreheads
foreign,,"a. 外国的, 外交的, 外省的, 外来的, 不相关的\n[机] 外来的",zk gk ielts,621,689,
forest,,"n. 森林, 林区\nvt. 植树于",zk gk cet4 cet6 ky ielts,1108,1108,s:forests/i:foresting/p:forested/3:forests/d:forested
forever,,adv. 永远,gk cet4 cet6 ky,3798,2082,
forget,,"vt. 忘记, 忽略, 忘\nvi. 忘记",zk gk,813,872,d:forgotten/p:forgot/i:forgetting/3:forgets
forgive,,"vt. 原谅, 宽恕, 免除\n[法] 免除, 宽恕, 原谅",gk cet4 cet6 ky ielts,3395,3595,d:forgiven/p:forgave/3:forgives/i:forgiving
fork,,"n. 叉子, 叉状物, 分岔\nvi. 分支, 分歧\nvt. 做成叉形, 叉起\n[计] 派生指令",zk gk cet4 cet6 ky,5592,3758,s:forks/p:forked/i:forking/d:forked/3:forks
form,,"n. 形状, 形体, 类型, 方式, 表格, 形式\nv. 形成, 排列, (使)组成\nn. 表单\n[计] 表单",zk gk ielts,239,523,s:forms/d:formed/p:formed/i:forming/3:forms
formal,,"a. 正式的, 形式的, 礼仪的, 拘于礼节的, 拘谨的\nn. 正式的社交活动",cet4 cet6 ky toefl ielts,1482,2211,
format,,"n. 开本, 版式, 形式, 格式\nvt. 格式化\n[计] 格式; DOS外部命令:对磁盘进行格式化",gk ky toefl ielts,3080,3730,s:formats/i:formatting/d:formatted/p:formatted/3:formats
former,,"a. 从前的, 前者的\nn. 起形成作用的人(或物), 模型, 样板",gk cet4 ky toefl ielts,588,442,s:formers
fortnight,,n. 两星期,gk cet4 cet6 ky ielts,4290,22633,s:fortnights
fortunately,,"adv. 幸运地, 幸亏",cet4 cet6,4081,4316,
fortune,,"n. 财富, 运气, 兴隆, 大量财产, 好运, 命运\n[法] 命运, 财产, 大量财产",gk cet4 cet6 ky toefl,2626,2703,s:fortunes
forty,,"num. 四十, 四十个",zk gk,1350,3734,
forward,,"a. 向前的, 早的, 迅速的, 在前的, 进步的\nvt. 促进...的生长, 转寄, 运送\nadv. 向前地\n[计] 前推, 转信",zk gk gre,734,815,s:forwards/d:forwarded/p:forwarded/i:forwarding/3:forwards
found,,"vt. 建立, 创立, 铸造\nfind的过去式和过去分词",gk cet4 cet6 ky,2608,2664,0:find/1:dp/d:founded/p:founded/i:founding/3:founds
foundation,,"n. 基础, 根据, 建立\n[化] 地基",cet4 cet6 ky,1824,2256,s:foundations
fountain,,"n. 水源, 源, 喷泉, 泉水, 本源\n[医] 泉",gk cet4 cet6 ky toefl ielts,6028,5279,s:fountains/p:fountained/i:fountaining
four,,"num. 四, 四个\n[机] 四冲程循环",zk gk,184,247,
fourteen,,"num. 十四, 十四个",zk gk,2877,5498,
fourth,,"num. 第四, 四分之一",zk gk,1543,1570,s:fourths
fox,,"n. 狐狸, 狡猾的人\nvi. 奸狡地行动, (书页)生斑, 变酸\nvt. 欺骗, 使变酸, 为(鞋等)换面, 使生黄斑",zk gk cet4 cet6 ky,4616,6537,s:foxes/d:foxed/p:foxed/i:foxing/3:foxes
framework,,"n. 结构, 骨架, 参照标准, 准则, 观点\n[医] 构架组织",gk cet4 cet6 ky toefl ielts,2177,2968,s:frameworks
france,,n. 法国,cet4 cet6 ielts,829,0,
frank,,"a. 坦白的, 率直的, 老实的\nvt. 免费邮寄\nn. 免费邮寄特权",cet4 cet6 ky toefl,2307,8225,d:franked/t:frankest/r:franker/i:franking/p:franked/3:franks
free,,"a. 自由的, 享受政治权力的, 允许的, 免费的, 丰富的\nvt. 释放, 解放, 使自由\nadv. 自由地, 免费",zk gk,497,473,d:freed/i:freeing/r:freer/p:freed/3:frees
freedom,,"n. 自由, 坦率, 特权\n[法] 自由, 自主, 免除",gk cet4 cet6 ky ielts,1480,1148,s:freedoms
freeze,,"vi. 冻结, 冷冻, 僵硬, 楞住\nvt. 使结冰, 使冻住, 使呆住\nn. 结冰, 凝固\n[计] 冻结",zk gk cet4 cet6 ky,3516,2807,d:frozen/p:froze/3:freezes/i:freezing/s:freezes
french,,"n. 法国人, 法文, 法式\na. 法国的, 法国人的, 法语的",gk ielts,10037,1362,s:Frenches
frequency,,"n. 频率, 频数\n[计] 频率",cet4 cet6 ky ielts gre,2406,3009,s:frequencies
frequent,,"a. 时常发生的, 频繁的, 快速的\nvt. 时常来访, 常常聚集, 常与...交往",gk cet4 cet6 ky toefl ielts gre,3109,3272,d:frequented/p:frequented/i:frequenting/3:frequents
frequently,,"adv. 频繁, 经常地",cet4 cet6,1626,1810,
fresh,,"a. 新鲜的, 新奇的, 另外的, 淡的, 精神饱满的, 冒失的\nadv. 最新地, 刚刚\nn. 开始, 泛滥",zk gk cet4 cet6 ky,1368,1107,r:fresher/t:freshest
friction,,"n. 摩擦, 摩擦治疗, 不和\n[医] 摩擦",gk cet4 cet6 ky toefl ielts gre,8497,7336,s:frictions/p:frictioned
friday,,n. 星期五,zk gk ielts,1621,0,s:fridays
fridge,,n. 电冰箱,zk cet4 cet6 ky ielts,5453,9318,s:fridges
friend,,"n. 朋友, 支持者, 赞助者\n[法] 朋友, 友人, 赞助者",zk gk,281,265,s:friends
friendly,,"a. 友好的, 亲切的, 互助的\nadv. 友善地, 温和地",zk gk,2241,2760,r:friendlier/s:friendlies/t:friendliest
friendship,,"n. 友谊, 友爱, 友善",zk gk,3092,3036,s:friendships
frightened,,"a. 受惊吓的, 受惊的, (非正式)害怕...的",,3398,5786,d:frightened/0:frightened/1:dp/p:frightened
frog,,"n. 青蛙\n[医] 蛙, 马蹄叉",zk gk cet4 cet6 ky,5747,5370,s:frogs/d:frogged/p:frogged/i:frogging/3:frogs
from,,"prep. 从, 来自, 根据",zk gk,27,26,
front,,"n. 前面, 开头, 前线, 阵线, 态度\nvt. 面对, 朝向, 对抗\nvi. 朝向",zk gk,1185,1087,s:fronts/i:fronting/d:fronted/p:fronted/3:fronts
frontier,,"n. 边界, 边境\n[法] 国境, 边境, 边界",gk cet4 cet6 ky toefl ielts,4553,4415,s:frontiers
frost,,"n. 霜, 冰冻, 冷漠\nvt. 覆着霜, 冻结, 结霜\nvi. 受冻, 起霜",gk cet4 cet6 ky toefl ielts,6935,21397,s:frosts/i:frosting/d:frosted/p:frosted/3:frosts
fruit,,"n. 水果, 果类, 结果\n[医] 果实, 种实",zk gk ielts,1809,1662,s:fruits/i:fruiting/p:fruited/3:fruits/d:fruited
fry,,"n. 油炸食物, 鱼苗\nv. 油炸, 煎",gk cet4 cet6 ky ielts,8929,7089,s:fries/i:frying/d:fried/p:fried/3:fries
fuel,,"n. 燃料, 木炭\nvt. 加燃料, 供燃料\nvi. 得到燃料",gk cet4 ky toefl ielts,1933,1558,s:fuels/d:fuelled/p:fuelled/i:fuelling/3:fuels
full,,"n. 全部, 完整\na. 充满的, 完全的, 丰富的, 完美的, 丰满的, 详尽的\nadv. 完全地, 整整, 十分\nvt. 把(衣服等)缝得宽松, 漂洗\n[计] 完整",zk gk,309,503,r:fuller/t:fullest
fun,,"n. 乐趣, 玩笑, 娱乐\nvi. 开玩笑\na. 供娱乐用的",zk gk,2497,1888,
function,,"n. 官能, 职务, 功能, 函数\nvi. 活动, 运行, 行使职责\n[计] 功能, 函数",gk cet4 cet6 ky ielts,782,1442,s:functions/i:functioning/p:functioned/3:functions/d:functioned
fund,,"n. 基金, 资金, 存款, 财源, 贮藏\nvt. 提供资金, 积累",cet4 cet6 ky toefl,852,754,s:funds/d:funded/i:funding/p:funded/3:funds
fundamental,,"n. 基本原理, 原则, 基波\na. 基本的, 重要的, 原音的",gk cet4 cet6 ky toefl ielts gre,2031,2328,s:fundamentals
funeral,,"n. 葬礼, 出殡",gk cet4 cet6 ky ielts,3009,2885,s:funerals
funny,,"a. 好笑的, 有趣的, 滑稽的\nn. 滑稽人物",zk gk cet4 ky,1942,1789,t:funniest/r:funnier/s:funnies
furniture,,"n. 家具, 帆具",zk gk cet4 cet6 ky toefl ielts,2428,2669,
further,,"a. 更远的, 此外的, 更多的\nvt. 促进, 增进, 助长\nadv. 更进一步地, 更远地, 此外",cet4 cet6 ky toefl ielts,696,11239,0:far/1:r/i:furthering/d:furthered/p:furthered/3:furthers
future,,"n. 未来, 将来\na. 将来的, 未来的",zk gk ielts,639,654,s:futures
gain,,"n. 增益, 获得, 利润, 收获, 增加\nvt. 得到, 增进, 赚到\nvi. 获利, 增加\n[计] 增益",gk cet4 cet6 ky,1113,1253,d:gained/s:gains/p:gained/i:gaining/3:gains
gallery,,"n. 走廊, 最高楼座, 画廊, 收集, 图库\n[计] 图库",gk cet4 cet6 ky toefl ielts,1714,3354,s:galleries
game,,"n. 比赛, 玩耍, 比分, 得胜, 比赛规则, 策略, 游戏, 野味\nvi. 赌博\na. 勇敢的, 有胆量的, 关于野味的, 跛的\n[计] 博弈; 对策",zk gk,464,273,s:games/i:gaming/p:gamed/3:games/d:gamed
gap,,"n. 缝隙, 缺口, 间断, 间距, 通用汇编程序\nvt. 打开缺口, 造成缝隙\nvi. 豁开\n[计] 通用汇编程序, 图形应用程序, 间距",cet4 cet6 ky toefl ielts,1988,2121,s:gaps/i:gapping/p:gapped/3:gaps/d:gapped
garage,,"n. 车库, 汽车修理厂, 机库\nvt. 把车送入修车场",gk cet4 cet6 ky ielts,3113,3208,s:garages/i:garaging/d:garaged/p:garaged/3:garages
garbage,,"n. 垃圾, 废物\n[计] 无用信息",gk cet4 cet6 ky toefl ielts,12130,3934,
garden,,"n. 花园, 果园, 菜园\nvi. 栽培花木\nvt. 造园\na. 花园的, 普通的",zk gk ielts,700,1043,s:gardens/i:gardening/p:gardened/3:gardens/d:gardened
garlic,,n. 大蒜\n[化] 大蒜,gk cet6 ky,6745,2956,
gas,,"n. 气体, 汽油, 瓦斯\n[化] 气体; 煤气; 瓦斯; 毒气",gk cet4 ky,1205,1023,s:gases/i:gassing/p:gassed/3:gasses/d:gassed
gate,,"n. 门, 牌楼, 大门, 通道, 闸\nvt. 装门于\n[计] 门; 栅",zk gk,1707,2010,s:gates/p:gated/i:gating/3:gates/d:gated
gather,,"n. 集合, 聚集\nvi. 聚集, 集合, 渐增\nvt. 使聚集, 搜集, 积聚",gk cet4 cet6 ky,1778,1347,d:gathered/p:gathered/i:gathering/3:gathers
gay,,"a. 欢快的, 艳丽的, 快乐的, 放荡的",gk cet4 cet6 ky,4231,2056,s:gays
gender,,n. 性\nvt. 产生,ky ielts,3608,1824,s:genders/d:gendered/p:gendered
general,,"n. 一般, 将军, 大体\na. 全面的, 大体的, 总的, 一般的, 普遍的\nn. 常规\n[计] 常规",zk gk cet4 cet6 ky toefl ielts,301,804,s:generals
generate,,"vt. 产生, 发生, 导致\n[电] 产生",cet4 cet6 ky toefl ielts gre,1716,1692,d:generated/3:generates/p:generated/i:generating
generation,,"n. 一代, 一世, 产生\n[医] 生殖, 世代",gk cet4 cet6 ky gre,1344,1026,s:generations
generous,,"a. 慷慨的, 有雅量的, 大量的, 丰富的",gk cet4 cet6 ky toefl ielts,3178,3886,
genius,,"n. 天才, 天赋, 精神, 神魔\n[医] 特征",cet4 cet6 ky toefl ielts,5000,4065,s:geniuses
gentle,,"a. 温和的, 文雅的",gk cet4 cet6 ky toefl ielts gre,2778,3393,p:gentled/i:gentling/d:gentled/3:gentles
gentleman,,"n. 绅士, 先生",zk gk cet4 cet6 ky,1455,2447,s:gentlemen
genuine,,"a. 真正的, 真实的, 诚恳的\n[医] 真性的",cet4 cet6 ky toefl ielts gre,2524,3747,
geography,,"n. 地理学, 地理\n[医] 地理",zk gk cet4 cet6 ky ielts,3967,5163,s:geographies
geometry,,n. 几何学\n[机] 几何学,gk cet4 cet6 ky toefl ielts,8997,7851,s:geometries
german,,"n. 德国人, 德语\na. 德国的, 德国人的, 德国语的, 同父母的",gk cet4 cet6 ielts,1017,1823,s:germans
germany,,n. 德国,gk cet4 cet6 ielts,929,0,
gesture,,"n. 手势, 姿态\nvi. 作手势, 作姿态",zk gk cet4 cet6 ky ielts gre,2883,2969,s:gestures/p:gestured/i:gesturing/3:gestures/d:gestured
get,,"vt. 得到, 获得, 变成, 使得, 收获, 接通, 抓住, 染上\nvi. 到达, 成为, 变得\nn. (网球等)救球, 生殖, 幼兽\n[计] 取得指令, 获取文件",zk gk ielts,41,39,d:got/p:got/i:getting/3:gets
gift,,"n. 礼物, 赠予, 天才\nvt. 赋予",zk gk,1914,1382,s:gifts/p:gifted/d:gifted/i:gifting/3:gifts
gifted,,a. 有天才的,gk toefl,8603,3237,0:gift/1:pd/d:gifted/p:gifted
giraffe,,"n. 长颈鹿, 鹿豹座",zk gk,20489,15421,s:giraffes
girl,,"n. 女孩, 少女, 女佣",zk gk,362,363,s:girls
give,,"n. 弹性, 适应性\nvt. 给, 授予, 供给, 产生, 发表, 付出, 献出, 让出\nvi. 捐赠, 支持不住, 让步",zk gk ielts,71,98,d:given/p:gave/i:giving/3:gives
glad,,"a. 高兴的, 喜欢的, 情愿的",zk gk,2185,2269,r:gladder
glance,,"n. 一瞥, 闪光, 掠过, 辉矿类\nvi. 扫视, 闪光, 掠过, 提到, 略说\nvt. 扫视, 反射, 使掠过",gk cet4 cet6 ky gre,2192,2417,p:glanced/i:glancing/s:glances/3:glances/d:glanced
glass,,"n. 玻璃, 玻璃杯, 透镜\nvt. 装玻璃于, 反射, 反映\nvi. 成玻璃状",zk gk ielts,844,820,s:glasses/i:glassing/p:glassed/3:glasses/d:glassed
global,,"a. 通用的, 全球的, 球形的, 综合的, 普遍的\n[计] 共用",cet4 cet6 ky toefl ielts,2410,1110,
globe,,"n. 球, 球状物, 地球仪, 天体\nv. (使)成球状",gk cet4 cet6 ky,6872,4735,s:globes/p:globed
glory,,"n. 光荣, 荣耀, 荣誉, 壮丽, 繁荣\nvi. 自豪",gk cet4 cet6 ky,3797,4113,s:glories/p:gloried/i:glorying/3:glories/d:gloried
glove,,n. 手套\nvt. 给...戴手套,zk gk cet4 cet6 ky,4535,3095,s:gloves/i:gloving
glue,,"n. 胶, 粘性物\nvt. 粘合, 胶合",gk cet4 cet6 ky toefl ielts,7883,7268,d:glued/p:glued/s:glues/i:gluing/3:glues
go,,"vi. 去, 走, 达到, 运转, 查阅, 消失, 结束, 放弃, 花费, 流传, 趋于, 打算, 剩下\nvt. 以...打赌, 对付, 忍受, 出产, 为被捕者出(保释金)\nn. 去, 尝试, 进行",zk gk ielts,44,35,i:going/p:went/d:gone/3:goes
goal,,"n. 目标, 终点, 得分, 球门, 守门员\nvi. 攻门, 射门得分",gk cet4 cet6 ky toefl ielts,930,681,s:goals
goat,,"n. 山羊, 替罪羊, 色鬼",zk gk cet4 cet6 ky,5117,4674,s:goats/d:goat/0:goat/1:d
god,,"n. 上帝, 神像, 偶像\nvt. 使神化",zk gk cet4 ky,492,2809,s:gods
gold,,"n. 黄金, 钱财, 金块, 金色, 宝贵\na. 金的, 似金的, 金色的, 金制的",zk gk cet4 ky ielts,1278,1256,s:golds/i:golding
golden,,"a. 金的, 含金的, 金色的, 贵重的, 繁盛的\n[法] 金制的, 金色的, 兴隆的",zk gk cet4 cet6 ky,2240,1821,
golf,,n. 高尔夫球\nvi. 打高尔夫球,gk cet4 cet6 ky ielts,2501,1801,s:golfs/i:golfing/p:golfed/3:golfs/d:golfed
good,,"n. 善行, 好处, 利益\na. 好的, 优良的, 上等的, 愉快的, 有益的, 好心的, 慈善的, 虔诚的",zk gk ielts,73,110,t:best/r:better
goodbye,,interj. 再见,zk,5756,5578,s:goodbyes
goodness,,"n. 仁慈, 善良",gk cet4 cet6 ky,4367,5155,
goods,,"n. 货物\n[经] 货物, 商品, 动产",gk cet4 cet6 ky ielts,995,0,s:goods/0:goods/1:s
govern,,"v. 统治, 支配, 管理",gk cet4 cet6 ky toefl,3050,3711,d:governed/i:governing/3:governs/p:governed
government,,"n. 政府, 内阁\n[经] 政府, 政治, 政体",zk gk cet4 cet6 ky ielts,124,201,s:governments
grab,,"n. 抓握, 掠夺, 强占, 东方沿岸帆船\nvi. 抓取, 抢去\nvt. 攫取, 捕获, 霸占",cet6 ky toefl ielts,2777,1477,p:grabbed/i:grabbing/d:grabbed/3:grabs/s:grabs
grade,,"n. 等级, 年级, 阶段, 成绩, 程度, 坡度, 斜坡\nvt. 分等, 分级, 评分\nvi. 属于某等级, 逐渐变化",zk gk ielts,2822,1426,s:grades/d:graded/p:graded/i:grading/3:grades
gradually,,adv. 逐渐地,gk cet4 cet6,2325,2961,
graduate,,"n. 毕业生, 量杯\na. 已得学位的, 研究生的, 毕业的\nvi. 毕业, 得学位, 逐渐变为\nvt. 准予...毕业, 授予...学位, 分等级, 刻刻度",gk cet4 cet6 ky toefl,3693,2115,s:graduates/p:graduated/i:graduating/d:graduated/3:graduates
grain,,"n. 谷粒, 颗粒, 谷类, 纹理, 本质\nv. (使)成谷粒",gk cet4 cet6 ky toefl ielts gre,3226,3222,s:grains/d:grained/p:grained/i:graining/3:grains
gram,,"n. 克, 绿豆, 鹰嘴豆\n[医] 克",gk,9092,0,s:grams
grammar,,"n. 语法学, 入门书\n[计] 语法检查",zk gk cet4 cet6 ky ielts,2979,8367,s:grammars
grand,,"a. 庄重的, 壮观的, 显赫的, 重大的, 最高的, 雄伟的, 宏大的, 豪华的, 傲慢的\n[法] 重大的, 主要的, 伟大的",gk cet4 cet6 ky toefl ielts,1851,2237,r:grander/t:grandest/s:grands
grandchild,,"n. 孙, 外孙女, 外孙, 孙女, 孙子",zk gk,19714,4393,
granddaughter,,"n. 孙女, 外孙女",zk gk cet4 cet6,11766,8528,s:granddaughters
grandfather,,"n. 祖父, 始祖\n[电] 原始资料组",zk cet4 cet6,4184,2950,s:grandfathers
grandmother,,"n. 祖母, 女祖先",zk cet4 cet6 ky,4338,2495,s:grandmothers
grandparent,,n. 祖父母,zk,7634,4679,s:grandparents
grandson,,"n. 孙子, 外孙",zk gk cet4 cet6,6942,6641,s:grandsons
grape,,"n. 葡萄, 葡萄树\n[医] 葡萄",zk gk cet4 cet6 ky,6533,4764,s:grapes
graph,,"n. 曲线图, 图表, 图形\n[计] 图形",gk cet4 cet6 ky toefl ielts,4596,26137,s:graphs/i:graphing/p:graphed/3:graphs/d:graphed
grasp,,"n. 把握, 抓紧, 理解, 抓, 柄, 控制\nvt. 抓住, 紧握, 领会\nvi. 抓",gk cet4 cet6 ky toefl,3973,4181,p:grasped/d:grasped/i:grasping/3:grasps
grass,,"n. 草, 草原, 牧场\n[医] 草, 禾本",zk gk ielts,2003,2014,s:grasses/p:grassed/d:grassed/i:grassing/3:grasses
grateful,,"a. 感谢的, 感激的, 令人快意的, 受欢迎的",gk cet4 cet6 ky toefl gre,2887,3672,
gravity,,"n. 地心引力, 重力\n[化] 重力",gk cet4 cet6 ky toefl ielts gre,4956,3956,s:gravities
great,,"a. 大的, 非常的, 主要的, 重大的, 崇高的, 伟大的\nadv. 顺利地, 得意地\nn. 全部, 大人物, 大师",zk gk,129,160,r:greater/t:greatest/s:greats
greece,,n. 希腊,gk ielts,3964,0,
greedy,,"a. 贪婪的, 贪得的, 贪吃的",gk cet4 cet6 ky toefl ielts,8585,8908,r:greedier/t:greediest
green,,"n. 绿色, 绿色颜料\na. 绿色的, 未成熟的, 新鲜的, 青春的, 无经验的, 脸色发青的",zk gk ielts gre,985,890,s:greens/r:greener/t:greenest
greenhouse,,n. 温室,cet4 cet6 ky gre,5450,5166,s:greenhouses
greet,,"vt. 问候, 致敬, 欢迎, 映入眼帘",gk cet4 cet6 ky,3303,3475,d:greeted/p:greeted/i:greeting/3:greets
grey,,"n. 灰色\na. 灰色的, 阴沉的\nv. (使)成灰色",cet4 cet6 ky,1899,37508,s:greys/i:greying/d:greyed/p:greyed/3:greys
grocery,,"n. 食品杂货店, 食品杂货业",cet4 cet6,9714,3301,s:groceries
ground,,"n. 土地, 战场, 场地, 地面, 范围\na. 土地的, 地面上的\nvt. 放在地上, 使搁浅, 打基础, 给...以训练\nvi. 搁浅, 落地, 根据, 基于\na. 磨过的\ngrind的过去式和过去分词",zk gk ielts,455,522,s:grounds/d:grounded/p:grounded/0:grind/1:dp/i:grinding/3:grinds
group,,"n. 团体, 组, 团, 群\nv. 聚合, 成群\n[计] 创建组; 组, 用户组",zk gk ielts gre,142,163,s:groups/d:grouped/p:grouped/i:grouping/3:groups
grow,,"vt. 种植, 使长满\nvi. 生长, 变成, 发展",zk gk,524,353,p:grew/d:grown/i:growing/3:grows
growth,,"n. 生长, 栽培, 增长\n[计] 等比级数",gk cet4 cet6 ky ielts,770,787,s:growths
guarantee,,"n. 担保, 抵押品, 保证书\nvt. 保证, 担保",gk cet4 cet6 ky toefl ielts gre,2525,2774,d:guaranteed/s:guarantees/3:guarantees/i:guaranteeing/p:guaranteed
guard,,"n. 守卫者, 警戒, 护卫队, 防护装置\nvt. 保卫, 看守, 当心\nvi. 防止, 警惕, 警卫, 看守",zk gk cet4 cet6 ky,2247,1284,s:guards/d:guarded/i:guarding/3:guards/p:guarded
guess,,"n. 猜测, 臆测\nv. 猜测, 臆测",zk gk,2218,862,p:guessed/d:guessed/i:guessing/s:guesses/3:guesses
guest,,"n. 客人, 来宾, 旅客\n[化] 客体",zk gk ielts,1649,1310,s:guests/i:guesting
guidance,,"n. 指导, 领导\n[医] 导",gk cet4 cet6 ky ielts,2601,3869,
guide,,"n. 引导者, 导游, 指南, 路标\nvt. 指导, 支配, 管理, 带领, 操纵\nvi. 任向导\n[计] 辅助线",gk cet4 cet6 ky ielts,1645,1779,s:guides/d:guided/p:guided/3:guides/i:guiding
guideline,,"n. 指导路线, 方针, 指标\n[经] 指导路线, 方针, 准则",ky ielts,2994,3064,s:guidelines
guilty,,"a. 犯罪的, 有过失的, 自觉有错的, 心虚的\n[法] 有罪的, 犯罪的, 自觉有罪的",gk cet4 cet6 ky gre,2126,2061,
guitar,,n. 吉他,zk gk cet6 ky ielts,2516,3658,s:guitars
gun,,n. 枪\n[医] 枪,zk gk cet4 cet6 ky,1706,840,s:guns/d:gunned/i:gunning/p:gunned/3:guns
guy,,"n. 家伙, 支索\nvt. 用支索撑住, 取笑, 嘲弄\nvi. 逃跑",cet4 ky ielts gre,2409,364,s:guys/i:guying/p:guyed/3:guys/d:guyed
gym,,"n. +体育馆, 体育训练, 体育课, 体操",zk ielts,9878,3876,s:gyms
gymnastics,,"n. 体操, 体育\n[医] 体操, 体育",gk toefl,22030,10424,
ha,,"interj. 嘿, 哈, 哈哈",gk,2731,4798,
habit,,"n. 习惯, 嗜好, 习性\nvt. 使穿衣",zk gk cet4 cet6 ky ielts,2239,2308,s:habits/i:habiting/p:habited/3:habits/d:habited
habitat,,"n. 栖息地, 居留地, 自生地, 聚集处\n[医] 习生地, 产地, 生境, 栖所",ky toefl gre,4609,3221,s:habitats
hair,,"n. 头发, 毛发, 些微\n[医] 毛, 发",zk gk,668,602,s:hairs
half,,"n. 一半, 半场, 不完全\na. 一半的, 不完全的, 部分的, 半场的\nadv. 一半地, 部分地, 在某种程度上地, 几乎",zk gk,470,547,s:halves
hall,,"n. 门厅, 走廊, 会堂",zk gk cet4 cet6 ky toefl ielts,800,1839,s:halls/i:halling
ham,,"n. 火腿, 后腿, 笨拙演员\na. 过火的, 做作的\nv. 演得过火",zk gk cet6 ky toefl,6147,6170,s:hams/i:hamming/p:hammed/3:hams/d:hammed
hamburger,,"n. 汉堡(德国港口), 肉饼, 汉堡包, 纯精牛肉, 汉堡牛排",zk gk cet4 cet6 ky toefl,14356,7483,s:hamburgers
hand,,"n. 手, 爪, 指针, 掌握, 协助, 人手, 手艺, 手迹, 支配, 插手\nvt. 交给, 支持, 搀扶",zk gk ielts,163,174,s:hands/p:handed/d:handed/i:handing/3:hands
handbag,,n. 手提包,zk gk,7266,11790,s:handbags/d:handbagged
handful,,"n. 少数, 一把, 棘手事",gk cet4 cet6 ky toefl,4262,3109,s:handfuls
handkerchief,,"n. 手帕, 头巾, 围巾",gk cet4 cet6 ky,6708,8487,s:handkerchiefs
handle,,"n. 柄, 把手, 把柄, 柄状物, 手感\nvt. 触摸, 运用, 买卖, 处理, 操作\nvi. 搬运, 易于操纵\nn. 句柄\n[计] 句柄",gk cet4 cet6 ky toefl gre,1576,1238,d:handled/i:handling/p:handled/s:handles/3:handles
handsome,,"a. 英俊的, 大方的, 慷慨的, 相当可观的, 美观的, 灵敏的",zk gk cet4 cet6 ky ielts,4033,3838,t:handsomest/r:handsomer
handwriting,,n. 笔迹,zk gk cet4 cet6 ky,7825,9204,s:handwritings
hang,,"n. 悬挂, 诀窍, 意义\nvt. 悬挂, 附着, 装饰, 垂下, 踌躇, 绞死, 使悬而未决\nvi. 悬着, 垂下, 被绞死, 悬而不决",zk gk cet4 cet6 ky toefl ielts,1069,867,i:hanging/p:hung/d:hung/3:hangs
happen,,"vi. 发生, 发生, 恰巧",zk gk cet4 ky,275,216,p:happened/3:happens/d:happened/i:happening
happily,,"adv. 幸福地, 快乐地, 幸好",gk,3821,4708,
happiness,,"n. 快乐, 幸运, 适当",gk cet4,3979,3870,s:happinesses
happy,,"a. 快乐的, 幸福的, 愉快的, 恰当的",zk gk,777,747,r:happier/t:happiest
hard,,"a. 坚硬的, 硬的, 难的, 艰苦的, 困难的, 坚固的, 猛烈的, 艰难的, 结实的, 确实的\nadv. 坚硬地, 努力地, 辛苦地, 接近地, 猛烈地, 牢固地",zk gk ielts,573,438,r:harder/t:hardest
hardly,,"adv. 刚刚, 几乎不, 勉强是",zk gk cet4 cet6 ky toefl,1135,1741,
harm,,"n. 伤害, 害处\nvt. 伤害, 损害",gk cet4 cet6 ky toefl,3189,3651,d:harmed/i:harming/s:harms/3:harms/p:harmed
harmful,,"a. 有害的, 伤害的",gk cet4 cet6 toefl ielts,6454,5809,
harmonious,,"a. 和睦的, 调和的, 和谐的, 协调的",cet6 toefl,11319,12523,
harmony,,"n. 协调, 和睦, 调和\n[电] 和声学",gk cet4 cet6 ky toefl ielts gre,4697,4669,s:harmonies
harvest,,"n. 收获, 成果, 收获物, 收获期\nv. 收割, 收获",gk cet4 cet6 ky toefl,5250,4839,d:harvested/i:harvesting/s:harvests/p:harvested/3:harvests
hat,,n. 帽子\nvt. 给...戴帽子,zk gk ielts,2209,2015,s:hats/p:hatted/i:hatting/3:hats/d:hatted
hatch,,"n. 孵化, 舱口\nvt. 孵, 孵出, 策划\nvi. 孵化",gk cet4 cet6 ky toefl ielts gre,7882,7365,d:hatched/i:hatching/s:hatches/p:hatched/3:hatches
hate,,"n. 憎恨, 恨, 厌恶\nvt. 憎恨, 憎恶\nvi. 仇恨",zk gk cet4 cet6 ky,1839,1526,p:hated/3:hates/i:hating/d:hated
have,,"vt. 有, 怀有, 拿, 进行\naux. 已经",zk gk,8,8,i:having/p:had/3:has/d:had
he,,"pron. 他\nn. 男孩, 男人, 雄性动物",zk gk,11,15,
head,,"n. 头, 头脑, 领袖, 脑袋, 最前的部分\nvt. 为首, 朝向, 前进, 用头顶\nvi. 朝特定方向行进, (作物)结穗\na. 头的, 在顶端的, 主要的\n[计] 磁头; 冲头",zk gk toefl,209,251,s:heads/i:heading/d:headed/p:headed/3:heads
headache,,"n. 头痛, 令人头痛之事\n[医] 头痛",zk gk cet4 cet6 ky ielts,5005,4745,s:headaches
headline,,"n. 大标题, 新闻摘要\nvt. 为...做标题, 写标题",gk cet4 cet6 ky,4488,3293,s:headlines/p:headlined/i:headlining/d:headlined/3:headlines
health,,"n. 健康, 卫生, 蓬勃, 健康状态\n[医] 健康",zk gk ielts,373,344,
healthy,,"a. 健康的, 有益健康的, 卫生的\n[医] 健康的",zk gk,2199,1468,r:healthier/t:healthiest
hear,,"vt. 听到, 倾听, 听说, 审理\nvi. 听见, 听",zk gk,238,195,d:heard/p:heard/i:hearing/3:hears
hearing,,"n. 听, 听觉, 听讯\n[医] 听, 听觉",gk ky ielts,2480,1711,0:hear/1:i/i:hearing/s:hearings
heart,,"n. 心, 心脏, 中心, 内心, 感情, 精神, 心情, 宝贝儿\nvt. 鼓励",zk gk ielts,654,460,s:hearts
heat,,"n. 热, 热度, 体温, 高潮\nvi. 加热, 激昂, 加剧\nvt. 把...加热, 使激动",zk gk cet4 cet6 ky,1699,1009,d:heated/s:heats/i:heating/3:heats/p:heated
heaven,,"n. 天堂, 上帝, 天空",zk gk cet4 cet6 ky toefl,2649,2626,s:heavens
heavily,,"adv. 很重地, 严重地, 难以忍受地",gk cet4 cet6,2153,2363,
heavy,,"a. 重的, 巨大的, 沉重的, 笨重的, 过度的\nadv. 沉重地\nn. 重物, 严肃角色",zk gk ielts,943,1005,r:heavier/t:heaviest/s:heavies
heel,,"n. 脚后跟, 踵, 后部, 倾侧\nvt. 尾随, 装以鞋跟, 倾侧, 追赶\nvi. 紧随, 用脚后跟传球",gk cet4 cet6 ky toefl,3535,3056,s:heels/p:heeled/d:heeled/i:heeling/3:heels
height,,"n. 高度, 海拔, 高地, 顶点\n[化] 高度",zk gk cet4 cet6 ky toefl ielts,1913,2040,s:heights
helicopter,,n. 直升机\nvt. 由直升机运送\nvi. 乘直升机,gk cet4 cet6 ky ielts,4159,3100,s:helicopters/d:helicoptered/i:helicoptering/p:helicoptered
hello,,"interj. 喂, 嘿",zk gk,2319,2238,s:hellos
helmet,,"n. 钢盔, 盔, 防护帽\nvt. 给...戴头盔",gk cet4 cet6 ky ielts gre,5642,4303,s:helmets
help,,"n. 帮忙, 帮助者, 补救办法, 有益的东西\nvt. 帮助, 帮忙, 接济, 治疗, 款待\nvi. 有用, 救命, 招待\n[计] 帮助, 帮助程序; DOS外部命令: DOS命令的电子文件帮助程序",zk gk,204,167,d:helped/i:helping/p:helped/3:helps/s:helps
helpful,,"a. 有帮助的, 有益的, 有用的",zk gk cet4 cet6 ky toefl,2582,3054,
hen,,"n. 母鸡, 雌禽",zk gk cet4 ky,6080,7934,s:hens
hence,,"adv. 因此, 从此",cet4 cet6 ky toefl ielts,1904,3639,
her,,"pron. 她的, 她",zk gk,42,42,i:hering
herb,,"n. 药草, 香草\n[医] 草, 草本, 草药",gk cet6 ky toefl ielts,5112,3573,s:herbs
here,,"adv. 在这里, 此时, 这里\nn. 这里",zk gk,117,96,
hero,,"n. 英雄, 超越常人者, 男主角",zk gk cet4 cet6 ky ielts,2477,1912,s:heroes
hers,,pron. 她的,zk gk,3071,3849,
herself,,"pron. 她自己, 她亲自",zk gk,582,792,
hesitate,,"vi. 犹豫, 迟疑, 踌躇, 支吾, 停顿",cet4 cet6 ky toefl,3279,3924,p:hesitated/i:hesitating/3:hesitates/d:hesitated
hey,,interj. 嗨,gk,3901,1429,s:heys
hi,,interj. 喂,gk,6210,2072,
hide,,"n. 兽皮, 迹象, 躲藏处\nvt. 藏, 隐瞒, 遮避, 剥...的皮, 隐藏\nvi. 躲藏\n[计] 隐藏",zk gk cet4 cet6 ky toefl gre,1486,1255,d:hidden/i:hiding/p:hid/3:hides/s:hides
high,,"n. 高度, 高处\na. 高的, 高级的, 主要的, 高尚的, 高原的, 高音的, 昂贵的, 傲慢的\nadv. 高度地, 奢侈地",zk gk,152,141,r:higher/t:highest/s:highs
highlight,,"n. 加亮区, 精彩场面\nvt. 加亮, 使显著, 以强光照射, 突出\n[计] 突出",cet4 cet6 ky toefl ielts,2853,3369,d:highlighted/s:highlights/3:highlights/p:highlighted/i:highlighting
highway,,"n. 公路, 大道, 捷径\n[法] 公路, 大路",gk cet4 cet6 ky,4470,2583,s:highways
hike,,"n. 徒步旅行, 远足, 涨价, 提高\nvi. 步行, 徒步旅行, 上升\nvt. 使高涨, 拉起",cet6 ky toefl ielts gre,14785,4456,s:hikes/i:hiking/p:hiked/d:hiked/3:hikes
hill,,"n. 小山, 丘陵, 小土堆\nvt. 作成土堆, 堆成小丘",zk gk,1134,1800,s:hills/i:hilling/p:hilled/3:hills/d:hilled
him,,pron. 他,zk gk,0,68,s:hims
himself,,"pron. 他自己, 他亲自",zk gk,286,367,
hire,,"n. 租金, 租用, 雇用\nvt. 雇请, 出租\nvi. 受雇",gk cet4 cet6 ky,3488,1491,d:hired/p:hired/i:hiring/3:hires/s:hires
his,,pron. 他的\n[化] 组氨酸,zk gk,25,25,
historic,,"a. 历史上著名的, 有历史性的",cet6 ky ielts,3232,2492,
history,,"n. 历史, 过去, 经历, 发展过程, 历史学, 过去的事, 历史记录\n[计] 历史记录",zk gk cet4 cet6 ky ielts,496,350,s:histories
hit,,"n. 打击, 打, 冲撞, 讽刺\nvt. 打, 打击, 碰撞, 打中, 袭击, 偶然碰上\nvi. 打, 打中, 打击, 碰撞, 偶然碰上\n[计] 击中; 找到; 瞬时打扰",zk gk cet4 cet6 ky ielts,927,535,p:hit/0:hit/1:pd/d:hit/i:hitting/3:hits/s:hits
hobby,,"n. 嗜好, 癖好, 爱好",zk gk ielts,6000,6554,s:hobbies
hold,,"n. 把握, 把持力, 柄, 控制, 掌握, 监禁\nvt. 保存, 握住, 拿住, 占据, 持有, 拥有\nvi. 支持, 持续, 有效\nn. 保留\n[计] 保留",zk gk ielts gre,178,213,d:held/p:held/i:holding/3:holds/s:holds
hole,,"n. 孔, 洞, 穴, 漏洞\nvt. 挖洞, 掘坑\nvi. 进洞, 凿洞",zk gk cet4 cet6 ky,1329,1213,s:holes/p:holed/d:holed/i:holing/3:holes
holiday,,"n. 假日, 假期, 节日\nvi. 度假",zk gk ielts,948,1963,s:holidays/i:holidaying/3:holidays/p:holidayed/d:holidayed
holy,,"a. 神圣的, 圣洁的, 至善的\nn. 神圣的东西",gk cet4 cet6 ky,2701,2375,t:holiest/r:holier/s:holies
home,,"n. 家, 避难所, 故乡\na. 家庭的, 国内的, 打中目标的\nadv. 在家, 在本国, 打中目标地\n[计] 返回始位",zk gk,222,224,s:homes/i:homing/p:homed/3:homes/d:homed
homeland,,"n. 本国, 故国",gk,8870,4149,s:homelands
hometown,,"n. 故乡, 家乡",zk gk,33112,5471,
homework,,"n. 家庭作业, 家里做的工作\n[经] 家庭作业",zk gk ielts,6447,4778,s:homeworks/i:homeworking
honest,,"a. 诚实的, 坦直的, 可靠的",zk gk cet4 ky,2681,2530,
honey,,"n. 蜂蜜, 甜蜜, 爱人\na. 蜂蜜似的, 甜蜜的, 甘美的\nvt. 加蜜使甜, 对...说甜言蜜语\nvi. 说甜言蜜语, 奉承",gk cet4 ky,5334,2932,s:honeys/i:honeying/p:honied/3:honeys/d:honied
honour,,"n. 荣誉, 头衔, 信用, 尊敬, 名誉, 阁下, 勋章\nvt. 尊敬, 授予荣誉, 承兑, 实践",zk gk cet4 cet6,2382,32290,s:honours/d:honoured/i:honouring/p:honoured/3:honours
hook,,"n. 钩, 钩状, 镰刀, 陷阱\nvt. 挂...于钩上, 钩住, 引上钩, 偷窃\nvi. 弯成钩状, 钩紧\n[计] 钩",gk cet4 cet6 ky toefl,4337,3791,s:hooks/d:hooked/p:hooked/i:hooking/3:hooks
hope,,"n. 希望, 信心, 期待\nv. 希望, 期望, 信赖",zk gk,444,482,i:hoping/d:hoped/p:hoped/s:hopes/3:hopes
horrible,,"a. 可怕的, 遭透的, 极讨厌的",gk cet4 cet6 ky ielts,4036,3750,
horse,,"n. 马, 骑兵, 脚架\nvi. 骑马, 取笑\nvt. 使骑马, 系马于",zk gk ielts,803,1279,s:horses/i:horsing/p:horsed/3:horses/d:horsed
hospital,,n. 医院\n[医] 医院,zk gk ielts,562,647,s:hospitals
host,,"n. 主人, 旅馆老板, 节目主持人\nvt. 当主人招待, 作...节目主持人\n[计] 主机, 宿主机",gk cet4 cet6 ky ielts,2542,1840,s:hosts/d:hosted/i:hosting/p:hosted/3:hosts
hot,,"a. 热的, 热心的, 辣的, 热情的, 激动的, 猛烈的, 紧迫的\nadv. 热, 紧迫地",zk gk,1055,721,r:hotter/t:hottest/i:hotting/s:hots
hotel,,"n. 旅馆, 客栈",zk gk ielts,731,1002,s:hotels
hour,,"n. 小时, 钟头, 时间, ...点钟, 课时",zk gk,299,272,s:hours
house,,"n. 房子, 住宅, 机构, 议院, 家族, 家庭\nvt. 给...房子住, 收藏\nvi. 住, 躲藏",zk gk toefl ielts,148,257,s:houses/i:housing/d:housed/3:houses/p:housed
household,,"n. 一家人, 家庭, 家族, 王室\na. 家庭的, 家常的, 王室的",cet4 cet6 ky toefl,1644,1967,s:households
housework,,"n. 家事, 家务",zk gk ky,7299,15787,
housing,,"n. 遮盖, 住房供给, 居留(处), 房屋, 装饰\n[化] 外壳",ky ielts,1446,2147,0:house/1:i/i:housing/s:housings
how,,"adv. 如何, 怎样, 多少, 多么\nn. 方式",zk gk,90,76,
however,,"adv. 然而, 无论如何, 究竟怎样\nconj. 然而, 可是",zk gk cet4 ky,145,284,
hug,,"n. 紧抱, 拥抱\nvt. 紧抱, 坚持, 使沾沾自喜",gk cet6 ky ielts,6694,3858,p:hugged/i:hugging/s:hugs/d:hugged/3:hugs
huge,,"a. 极大的, 巨大的, 无限的",zk gk cet4 ky,1230,911,
human,,"n. 人, 人类\na. 人类的, 似人类的, 人性的, 有同情心的",zk gk cet4 ky toefl ielts,550,399,s:humans
humble,,"a. 低下的, 谦逊的, 粗陋的\nvt. 使...卑下, 降低...地位, 贬抑",cet4 cet6 ky toefl ielts gre,6375,5970,d:humbled/p:humbled/3:humbles/i:humbling
humorous,,"a. 富幽默感的, 滑稽的, 诙谐的",zk gk cet4 cet6 ky toefl,9475,9877,
humour,,"n. 幽默, 诙谐, 情绪, 体液\nvt. 使满足, 迁就",gk cet4 cet6,3219,0,s:humours/i:humouring/p:humoured/d:humoured/3:humours
hundred,,"n. 百, 百个东西\nnum. 百, 百个\na. 一百的, 许多的",zk gk,413,621,
hunger,,"n. 饥饿, 渴望, 饥荒\nvt. 使挨饿\nvi. 挨饿, 渴望",gk cet4 cet6 ky toefl,5267,4584,s:hungers/p:hungered/i:hungering/d:hungered/3:hungers
hungry,,"a. 饥饿的, 荒年的, 渴望的, 不毛的\n[化] 欠鞣皮",zk gk,3683,3181,r:hungrier/t:hungriest
hunt,,"n. 狩猎, 追捕, 搜寻, 猎区\nvt. 狩猎, 打猎, 搜索\nvi. 打猎, 猎食, 搜寻",gk cet4 cet6 ky ielts,4330,3420,i:hunting/d:hunted/p:hunted/s:hunts/3:hunts
hunter,,"n. 猎人, 猎犬, 追求者",gk,5802,3030,s:hunters
hurricane,,"n. 飓风, 暴风, 暴风雨",gk cet6 ky toefl ielts gre,7263,4512,s:hurricanes
hurry,,"n. 匆忙, 急忙, 急促\nvt. 急派, 催促\nvi. 匆忙, 赶快",zk gk,3065,3609,p:hurried/i:hurrying/d:hurried/3:hurries
hurt,,"n. 伤害, 创伤, 损害\nv. 伤害, (使)伤心, 危害, 刺痛",zk gk cet4 cet6 ky,1931,1140,d:hurt/0:hurt/1:dp/p:hurt/i:hurting/3:hurts/s:hurts
husband,,"n. 丈夫, 管理人, 节俭的人\nvt. 节俭, 使成丈夫, 持有",zk gk gre,826,637,s:husbands/i:husbanding/p:husbanded/3:husbands/d:husbanded
hydrogen,,n. 氢\n[化] 氢H-2,gk cet4 cet6 ky toefl ielts,5200,5103,s:hydrogens
i,,"pron. 我\n[计] 电流, 中断, 指令, 指示符",zk gk,4624,11,
ice,,"n. 冰, 冰淇淋, 糖衣, 冷若冰霜, 矜持, 贿赂\nvt. 使结冰, 冰镇, 覆以糖衣\nvi. 结冰",zk gk ielts,2164,1230,i:icing/s:ices/d:iced/p:iced/3:ices
ice-cream,,"a. 冰淇淋的, 乳白色的",cet4,0,0,s:ice-creams
idea,,"n. 主意, 办法, 理想, 思想, 概念, 意见\n[医] 观念, 思想",zk gk ielts,268,311,s:ideas
ideal,,"n. 理想, 典范, 观念, 思想, 最后目标\na. 理想的, 完美的, 空想的, 观念的, 唯心论的",cet4 cet6 ky toefl ielts,1917,2815,s:ideals
identical,,"a. 同一的, 恒等的, 完全相同的\n[医] 同一的, 同等的",cet4 cet6 ky toefl ielts,3273,3822,
identification,,"n. 识别, 身份证明, 认同\n[化] 鉴定; 鉴别; 鉴别法; 认证",gk cet4 cet6 ky toefl ielts,3230,3289,s:identifications
identify,,"vt. 识别, 认为...等同于, 确定, 使参与\nvi. 一致, 认同",cet4 cet6 ky toefl ielts,757,770,d:identified/i:identifying/3:identifies/p:identified
identity,,"n. 身份, 相同, 一致, 特性, 恒等式\n[计] (打)标记, 标识",gk cet4 ky toefl ielts,2061,1322,s:identities
idiom,,"n. 习语, 成语, 惯用语法, 方言",gk cet4 cet6 ky toefl ielts gre,10357,12698,s:idioms
if,,"conj. 如果, 是否, 无论何时, 假设, 即使\nn. 条件\n[计] DOS批处理命令:根据所测试的条件决定是否执行另一条命令",zk gk,40,40,
ignore,,"vt. 不理睬, 忽视, 驳回, 忽略\n[计] 忽略",gk cet4 cet6 ky toefl,1296,1375,d:ignored/i:ignoring/p:ignored/3:ignores
ill,,"n. 疾病, 坏事, 罪恶, 灾难\na. 生病的, 邪恶的, 不吉利的, 敌意的, 不良的, 不顺利的\nadv. 有害地, 不幸地, 几乎不",zk gk,1955,2945,s:ills
illegal,,"a. 违法的, 不合规定的\n[经] 非法的, 犯规的",gk cet4 cet6 ky ielts gre,3103,2071,s:illegals
illness,,"n. 疾病, 恶意\n[医] 病",zk gk cet4 ky ielts,2290,2303,s:illnesses
illustrate,,"vt. 举例说明, 作图解, 阐明\nvi. 举例说明",cet4 cet6 ky toefl ielts gre,1676,2348,d:illustrated/3:illustrates/i:illustrating/p:illustrated
image,,"n. 影像, 肖像, 想象, 图像, 形象, 翻版\nvt. 作...的像, 反映, 想象, 象征\nn. 图像\n[计] 图象",cet4 cet6 ky toefl ielts,904,555,s:images/i:imaging/d:imaged/p:imaged/3:images
imagine,,"vt. 想像, 设想, 猜测\nvi. 想像起来",zk gk cet4 cet6 ky toefl,1197,909,d:imagined/p:imagined/i:imagining/3:imagines
immediate,,"a. 立即的, 直接的, 接近的\n[医] 直接的, 立即的",gk cet4 cet6 ky toefl,1542,2180,
immediately,,"adv. 直接地, 立刻, 立即",zk gk cet4 cet6 toefl,974,1142,
immigration,,"n. 移民, 移居\n[医] 移民",gk cet6 toefl,5448,2431,
impact,,"n. 冲击, 冲突, 影响, 效果\nvt. 挤入, 撞击, 压紧, 对...发生影响",cet4 cet6 ky toefl ielts gre,1263,919,s:impacts/p:impacted/d:impacted/i:impacting/3:impacts
imply,,"vt. 暗示, 意味\n[计] 隐含",cet4 cet6 ky toefl,1675,2796,3:implies/d:implied/i:implying/p:implied
import,,"n. 进口货, 进口, 输入, 含义, 重要性\nvt. 输入, 引入, 进口, 含...的意思, 重要\nvi. 有关系\n[计] 引入",gk cet4 cet6 ky toefl gre,2757,4050,s:imports/d:imported/i:importing/p:imported/3:imports
importance,,"n. 重要, 重要性, 重要地位, 自大\n[机] 重要, 重要性",gk cet4 cet6 ky,1025,1573,
important,,"a. 重要的, 有地位的, 大量的, 显要的, 自负的\n[计] 要点",zk gk ielts,218,266,
impossible,,"a. 不可能的, 难以置信的, 令人无法忍受的",zk gk cet4 cet6 ky ielts,1340,1606,
impress,,"n. 印象, 特征, 印记\nvt. 使有印象, 印, 铭刻, 传送, 影响, 强征\nvi. 给人印象",gk cet4 cet6 ky,4079,3055,d:impressed/p:impressed/i:impressing/3:impresses
impression,,"n. 印象, 意念, 盖印, 印记, 印数, 底色, 效果\n[医] 压迹, 印模, 印象, 影响",gk cet4 cet6 ky gre,1846,2537,s:impressions
improve,,"vt. 改良, 提高...的价值, 改善, 利用\nvi. 变得更好, 增加",zk gk cet4 cet6 ky,903,995,d:improved/i:improving/3:improves/p:improved
in,,"prep. 在...期间, 在...之内, 处于...之中, 从事于, 按照, 穿着\nadv. 进入, 朝里, 在里面, 在屋里\na. 在里面的, 在朝的\nn. 执政者, 交情",zk gk ielts,6,6,
inch,,"n. 英寸, 身高, 小岛\nvi. 慢慢前进, 慢慢移动\nvt. 使缓慢地移动",zk gk cet4 cet6 ky gre,2158,8178,s:inches/p:inched/3:inches/i:inching/d:inched
incident,,"n. 事件, 事变, 小事\na. 附带的, 易于发生的, 外来的, 入射的",gk cet4 cet6 ky toefl,1785,1980,s:incidents
include,,"vt. 包括, 把...算入, 包住\n[计] DOS内部命令:在CONFIG.SYS文件的一个配置块中包含另一配置块的内容",zk gk cet4 cet6 ky,246,292,3:includes/d:included/p:included/i:including
income,,"n. 收入, 收益, 流入\n[经] 收益",gk cet4 cet6 ky,744,1138,s:incomes
increase,,"n. 增加, 增进, 利益\nvt. 增加, 加大\nvi. 增加, 繁殖",zk gk cet4 cet6 ky,523,660,d:increased/i:increasing/s:increases/3:increases/p:increased
incredible,,a. 难以置信的,cet6 ky toefl ielts,4939,3026,
indeed,,"adv. 的确, 实在, 真正地, 甚至",gk cet4 cet6 ky,535,848,
independence,,"n. 独立, 自立, 自主\n[医] 自主性, 独立性",gk cet4 cet6 ky ielts,2010,2291,
independent,,"n. 独立自主者, 无党派者\na. 独立的, 有主见的, 不须依赖的, 不受约束的",gk cet4 cet6 ky toefl,1013,1265,s:independents
india,,n. 印度,zk gk cet4 cet6,1929,0,
indian,,"n. 印度人, 印第安人, 印第安语\na. 印度的, 印度群岛的, 印第安语的",zk gk cet4 cet6 ielts,15712,1436,s:indians
indicate,,"vt. 显示, 象征, 指示, 指出\n[医] 指示",gk cet4 cet6 ky toefl gre,812,785,3:indicates/d:indicated/p:indicated/i:indicating
indifferent,,"a. 漠不关心的, 无重要性的, 中立的\n[医] 中性的, 无作用的, 无亲和力的, 淡漠的",cet4 cet6 ky toefl ielts gre,7546,8368,
individual,,"n. 人, 个人, 个体\na. 个别的, 个人的, 独特的",cet4 cet6 ky ielts gre,738,762,s:individuals
industry,,"n. 勤劳, 工业, 企业, 产业, 有组织的劳动\n[经] 工业, 实业",zk gk cet4 cet6 ky ielts,383,551,s:industries
infection,,"n. 传染, 影响, 传染病\n[医] 传染, 感染",ky toefl ielts gre,2510,2692,s:infections
infer,,"vt. 推论出, 推断\nvi. 作推论",cet4 cet6 ky toefl gre,7194,9219,d:inferred/i:inferring/3:infers/p:inferred
influence,,"n. 影响力, 权力, 势力\nvt. 影响, 改变",zk gk cet4 cet6 ky ielts,1061,1392,d:influenced/s:influences/i:influencing/3:influences/p:influenced
influential,,"a. 有影响的, 有势力的",cet4 cet6 ky toefl,3871,4289,
inform,,"vt. 通知, 使了解, 使充满\nvi. 提供资料, 告发",gk cet4 cet6 ky,1726,2177,d:informed/p:informed/i:informing/3:informs
information,,"n. 消息, 知识, 通知, 情报, 信息, 问讯处, 起诉\n[计] 信息",zk gk ielts,223,314,
initial,,"n. 字首, 首字母\na. 开始的, 最初的, 字首的\nvt. 用姓名的首字母签名",gk cet4 cet6 ky toefl ielts gre,1525,1943,s:initials/p:initialled/d:initialled/i:initialling/3:initials
initiative,,"n. 主动行动, 首创精神, 主动权\na. 自发的, 起始的",cet4 cet6 ky ielts gre,1688,2138,s:initiatives
injure,,"vt. 伤害, 损害, 使受冤屈\n[医] 损伤",gk cet4 cet6 ky toefl,3032,3721,d:injured/p:injured/i:injuring/3:injures
injury,,"n. 伤害, 侮辱\n[医] 伤, 损伤",gk cet4 cet6 ky toefl ielts,1334,1553,s:injuries
inn,,"n. 旅馆, 客栈\nvi. 住旅馆",gk cet4 cet6 ky,3852,6591,s:inns
inner,,"a. 内部的, 内心的\nn. 内部",cet4 cet6 ky toefl,2014,2449,
innocent,,"a. 无罪的, 不懂事的, 无知的\nn. 天真的人, 笨蛋",gk cet4 cet6 ky toefl ielts,3421,2775,s:innocents
innovation,,"n. 改革, 创新\n[法] 创新, 改革, 刷新",cet6 ky toefl ielts gre,3151,3657,s:innovations
input,,"n. 输入, 输入电路\nvt. 输入\n[计] 输入",cet4 cet6 ky,2275,4120,s:inputs/d:input/0:input/1:d/i:inputting/p:input/3:inputs
inquire,,"v. 询问, 问明, 查究",cet4 cet6 ielts,8760,6687,p:inquired/i:inquiring/d:inquired/3:inquires
insect,,"n. 昆虫, 卑鄙的人\n[医] 昆虫",gk cet4 cet6 ky ielts,3450,3405,s:insects
insert,,"n. 插入物\nvt. 插入, 把(人造卫星)射入(轨道), 添写\nvi. 附着\n[计] 插入",gk cet4 cet6 ky toefl ielts gre,3796,4301,d:inserted/i:inserting/p:inserted/s:inserts/3:inserts
inside,,"n. 内部, 内脏, 内幕\na. 内部的, 秘密的, 户内的\nadv. 在里面\nprep. 在...之内",zk gk cet4 cet6 ky,1301,964,s:insides
insight,,"n. 察看, 洞察力, 见识\n[医] 自知力, 洞察, 顿悟",cet4 cet6 ky toefl ielts,3302,2840,s:insights
insist,,"v. 坚持, 坚决主张, 强调",zk gk cet4 cet6 ky toefl,1411,1359,p:insisted/3:insists/i:insisting/d:insisted
inspect,,"vt. 检查, 检阅, 检验\nvi. 检查",gk cet4 cet6 ky toefl,4286,5031,d:inspected/i:inspecting/p:inspected/3:inspects
inspection,,"n. 检验, 检查, 视察\n[医] 检查, 视察, 监督, 望诊",cet4 cet6 toefl ielts gre,3194,3588,s:inspections
inspire,,"vt. 使感动, 激发, 启示, 吸入, 鼓舞, 产生, 使生灵感\nvi. 吸入, 赋予灵感",gk cet4 cet6 ky toefl ielts,3204,2299,d:inspired/p:inspired/3:inspires/i:inspiring
instance,,"n. 建议, 情况, 例子, 场合\nvt. 引以为例, 举例说明",cet4 cet6 ky,2441,2957,s:instances/d:instanced/i:instancing/p:instanced/3:instances
instant,,"n. 立即, 瞬间\na. 紧急的, 立即的, 即时的",gk cet4 cet6 ky toefl,4938,4453,s:instants
instead,,"adv. 作为替代, 反而",zk gk,1274,994,
institute,,"n. 学会, 学院, 协会\nvt. 创立, 开始, 制定, 任命",gk cet4 cet6 ky toefl ielts gre,1630,7980,s:institutes/d:instituted/p:instituted/i:instituting/3:institutes
institution,,"n. 机构, 惯例, 制度\n[医] 机关, 机构, 设施",gk cet4 cet6 ky toefl ielts gre,880,987,s:institutions
instruct,,"vt. 教, 教育, 命令, 通知\n[法] 托办, 指导, 指示",gk cet4 cet6 ky toefl,3820,4243,d:instructed/p:instructed/i:instructing/3:instructs
instruction,,"n. 指令, 教导, 命令\n[计] 指令",zk gk cet4 cet6 ky toefl ielts,1594,1563,s:instructions
instrument,,"n. 工具, 手段, 仪器\n[化] 仪器",gk cet4 cet6 ky toefl ielts,1709,1611,s:instruments
insurance,,"n. 保险, 保险业, 保险费\n[医] 保险",gk cet4 cet6 ky ielts,1347,1197,s:insurances
integrate,,"vt. 综合, 使完整, 使成整体\nvi. 成一体\na. 完整的, 完全的",cet4 cet6 ky toefl ielts gre,3349,3431,d:integrated/i:integrating/3:integrates/p:integrated
integrity,,"n. 正直, 廉正, 完整\n[计] 完整性",cet6 ky toefl ielts gre,4364,3464,
intelligence,,"n. 智力, 情报, 信息\n[医] 智力",gk cet4 cet6 ky toefl ielts,2444,1417,s:intelligences
intelligent,,"a. 聪明的, 智能的, 了解的",cet4 cet6 ky toefl ielts,3621,3709,
intend,,"vt. 计划, 打算, 意思是\n[法] 想要, 打算, 意旨",gk cet4 cet6 ky,916,1536,d:intended/p:intended/3:intends/i:intending
intense,,"a. 非常的, 强烈的, 紧张的, 热情的\n[医] 强的",cet4 cet6 ky toefl ielts,3202,2295,
intention,,"n. 意图, 目的, 含义\n[医] 愈合, 意向",zk gk cet4 cet6 ky toefl,1523,2517,s:intentions
interaction,,"n. 交互作用, 交感\n[计] 交互作用",cet4 cet6 toefl gre,2517,2075,s:interactions
interest,,"n. 兴趣, 嗜好, 利息, 利益, 爱好, 趣味, 势力\nvt. 使感兴趣, 与...有关系",zk gk cet4 cet6 ky toefl ielts,231,416,s:interests/3:interests/p:interested/d:interested/i:interesting
interesting,,a. 有趣的,zk gk,1032,1072,i:interesting/0:interesting/1:i
internal,,"a. 内在的, 国内的\n[医] 内的, 内部的",cet4 cet6 ky toefl ielts,1418,1728,s:internals
international,,a. 国际的\nn. 国别设定\n[计] 国别设定,zk gk cet4 cet6 ky ielts,435,500,s:internationals
internet,,"[计] 因特网, 国际互连网, 网际网络, 互连网络, 广域网",zk gk cet4 ky ielts,31055,1467,
interpret,,"vt. 解释, 演出, 翻译, 理解\nvi. 翻译, 解释",cet4 cet6 ky toefl ielts,2094,2755,d:interpreted/i:interpreting/p:interpreted/3:interprets
interrupt,,"vt. 中断, 妨碍, 插嘴\nvi. 打断\nn. 中断\n[计] 中断",gk cet4 cet6 ky toefl gre,3386,3407,p:interrupted/d:interrupted/i:interrupting/3:interrupts/s:interrupts
interval,,"n. 间隔, 距离, 间歇, 间隙\n[计] 时间间隔",gk cet4 cet6 ky toefl ielts,2689,4646,s:intervals
intervention,,"n. 插入, 介入, 调停\n[经] 干预",cet6 toefl ielts,2405,1926,s:interventions
interview,,"n. 面谈, 访问, 接见, 面试\nvt. 接见, 对...进行面谈(试)",zk gk cet4 cet6 ky ielts,1421,944,s:interviews/d:interviewed/p:interviewed/i:interviewing/3:interviews
into,,"prep. 进入...之内, 朝..., 深入...之中, 成为...状况",zk gk,57,65,
intricate,,"a. 复杂的, 错综的, 缠结的, 难懂的",cet6 ky toefl ielts gre,8539,7255,i:intricating
introduce,,"vt. 介绍, 引入, 采用, 输入\n[法] 引进, 输入, 介绍",zk gk cet4 cet6 ky,698,1225,d:introduced/i:introducing/p:introduced/3:introduces
introduction,,"n. 介绍, 传入, 采用, 初步",zk gk cet4 cet6 ky ielts,1379,2904,s:introductions
invent,,"vt. 发明, 创作, 虚构\n[机] 发明",zk gk cet4 cet6 ky,3639,3398,d:invented/p:invented/i:inventing/3:invents
invention,,"n. 发明, 创作能力, 虚构的故事\n[经] 发明",zk gk cet4 cet6 ky,4752,4773,s:inventions
investigate,,"v. 调查, 审查",cet4 cet6 ky toefl ielts gre,1708,1802,d:investigated/i:investigating/p:investigated/3:investigates
investment,,"n. 投资\n[医] 包埋料, 围模料, 包埋法, 围模法",cet4 cet6 ky ielts,816,1040,s:investments
invitation,,"n. 邀请, 请柬, 引诱\n[经] 邀请, 招待, 吸引",gk cet4 cet6 ky,3177,4072,s:invitations
invite,,"vt. 邀请, 请求, 引起, 招致\nn. 邀请",zk gk cet4 cet6 ky,1502,1601,d:invited/p:invited/3:invites/i:inviting
involve,,"vt. 包括, 使陷于, 潜心于, 包围\n[医] 累及, 牵涉, 包含",cet4 cet6 ky toefl ielts,419,656,d:involved/i:involving/3:involves/p:involved
ireland,,n. 爱尔兰,gk,1040,0,
irish,,"n. 爱尔兰人, 爱尔兰语\na. 爱尔兰的",gk,1592,2930,
iron,,"n. 铁, 熨斗, 铁器, 坚强, 烙铁, 镣铐\nvt. 烫平, 熨, 用铁包\nvi. 烫平",zk gk cet4 cet6 ky,1877,2280,s:irons/d:ironed/i:ironing/p:ironed/3:irons
island,,"n. 岛, 岛屿, 孤立地区, 安全岛\nvt. 使成岛状, 孤立",zk gk cet4 cet6 ky ielts,982,1512,s:islands
issue,,"n. 发行, 问题, 后果, 流出, 出口, 争端\nvi. 发行, 流出, 造成...结果, 传下\nvt. 使流出, 放出, 发行, 发布, 发给",cet4 cet6 ky toefl ielts gre,341,248,s:issues/d:issued/p:issued/i:issuing/3:issues
it,,"pron. 它\n[计] 信息论, 输入终端, 智能终端, 内捕获",zk gk,9,10,
italy,,n. 意大利,gk ielts,1810,0,
item,,"n. 项目, 条款, 一则, 项\n[计] 项",cet4 ky ielts,950,1031,s:items
its,,pron. 它的,zk gk,58,78,
itself,,"pron. 它本身, 它自己",zk gk,396,556,
jacket,,"n. 夹克, 外套, 护套\nvt. 给...穿夹克, 给...装护套",zk gk cet4 cet6 ky ielts,2400,2267,s:jackets/i:jacketing/p:jacketed/3:jackets/d:jacketed
jam,,"n. 果酱, 拥塞之物, 堵塞, 困境\nvt. 挤进, 使塞满, 混杂, 压碎, 使堵塞\nvi. 堵塞, 轧住, 拥挤",gk cet4 cet6 ky ielts,5571,5470,d:jammed/s:jams/i:jamming/p:jammed/3:jams
january,,n. 一月,zk gk ielts,984,0,
japan,,n. 日本\n[化] 天然漆; 大漆; 漆器,zk gk,1471,0,i:japanning/p:japanned/3:japans/d:japanned
japanese,,"n. 日本人, 日语\na. 日本的, 日语的",zk gk ielts,1820,1718,
jar,,"n. 广口瓶, 震动, 刺耳声\nvi. 震惊, 冲突, 发刺耳声, 不一致\nvt. 震动, 刺激",gk cet4 cet6 ky toefl gre,5688,4262,s:jars/p:jarred/i:jarring/d:jarred/3:jars
jaw,,"n. 颚, 颌\nv. 闲谈, 教训, 唠叨",gk cet4 cet6 ky toefl,3999,4087,s:jaws/p:jawed/i:jawing/3:jaws/d:jawed
jazz,,"n. 爵士乐, 喧闹\na. 爵士乐的, 喧吵的\nvi. 演奏爵士乐, 跳爵士舞, 游荡\nvt. 奏爵士乐, 使活泼",gk cet4 ky gre,5759,3848,i:jazzing/p:jazzed/3:jazzes/d:jazzed
jeans,,"n. 工装裤, 牛仔裤",zk gk cet4 ky ielts,4826,3421,s:jeans/0:jeans/1:s
jet,,"n. 喷射流, 喷嘴, 煤玉\nv. 射出, 迸出, 喷射\na. 黑而发亮的, 墨黑的",gk cet4 cet6 ky,3846,3144,s:jets/i:jetting/p:jetted/d:jetted/3:jets
jewelry,,"n. 珠宝, 珠宝类",gk ky toefl ielts,0,4187,
job,,"n. 工作, 零活, 职业, 事情\nvi. 做零工, 打杂, 做股票经纪, 假公济私\nvt. 代客买卖, 批发, 承包, 欺骗\n[计] 作业",zk gk ielts,272,243,s:jobs/i:jobbing/p:jobbed/3:jobs/d:jobbed
jog,,"n. 轻推, 轻撞, 慢跑\nv. 轻推, (使)蹒跚行进, (使)慢跑",gk cet6 ky toefl ielts gre,8826,8335,p:jogged/i:jogging/s:jogs/d:jogged/3:jogs
join,,"vi. 参加, 结合, 加入\nvt. 连接, 结合, 参加, 加入\nn. 连接, 结合, 接合点\n[计] 连接; 汇合指令",zk gk toefl,578,505,p:joined/d:joined/i:joining/3:joins/s:joins
joint,,"n. 连接处, 接合, 关节\na. 共同的, 联合的, 连接的, 合办的\nvt. 连接, 接合, 使有接头\nvi. 贴合, 长节",cet4 cet6 ky,1489,2218,s:joints/d:jointed/i:jointing/p:jointed/3:joints
joke,,"n. 笑话, 玩笑, 笑柄\nv. 开玩笑, 取笑, 作弄",zk gk cet4 ky,2533,2246,s:jokes/i:joking/p:joked/3:jokes/d:joked
journal,,"n. 日记, 杂志, 日报\n[化] 轴颈",cet4 cet6 ky toefl ielts,2500,2780,s:journals
journalist,,"n. 新闻记者, 从事新闻杂志业的人",gk cet4 cet6 ky toefl ielts,2607,2099,s:journalists
journey,,"n. 旅程, 旅行, 行程\nvi. 旅行\nvt. 游历",gk cet4 cet6 ky,1662,2409,s:journeys/p:journeyed/i:journeying/d:journeyed/3:journeys
joy,,"n. 欢喜, 乐事, 高兴\nvt. 使快乐, 令人高兴\nvi. 欢喜",zk gk cet4 ky,2881,2816,s:joys/i:joying/p:joyed/3:joys/d:joyed
judge,,"n. 法官, 裁判员, 审判官, 鉴定人\nvt. 审理, 鉴定, 判断, 判决, 裁定\nvi. 下判断, 作评价",gk cet4 cet6 ky,1362,1115,s:judges/d:judged/i:judging/p:judged/3:judges
judgement,,"n. 审判, 判决, 判断\n[经] 判定, 审定, 鉴定",gk cet4 cet6 ky toefl,2486,14669,s:judgements
juice,,"n. 汁, 活力, 体液\nvt. 挤出汁来, 加汁",zk gk toefl ielts,3724,2310,s:juices
july,,n. 七月,zk gk ielts,847,0,
jump,,"n. 跳跃, 跳动, 暴涨, 惊跳\nvt. 跳跃, 跃过, 突升, 使跳跃\nvi. 跳跃, 跳, 跳动, 暴涨\n[计] 转移, 跳转",zk gk,1784,1346,p:jumped/i:jumping/d:jumped/3:jumps/s:jumps
june,,n. 六月,zk gk ielts,691,0,
jungle,,"n. 丛林, 杂乱的一堆, 弱肉强食的地方",gk cet4 cet6 ky toefl ielts,5317,4507,s:jungles
junior,,"n. 年少者, 地位较低者, 大学三年级学生\na. 年少的, 下级的, 后进的",gk cet4 cet6 ky ielts,2820,2451,s:juniors
just,,"a. 正直的, 合理的, 正确的, 应得的\nadv. 刚刚, 正好, 仅仅",zk gk,72,66,
justice,,"n. 正义, 公平, 公正, 正确, 司法, 审判",gk cet4 cet6 ky toefl,1287,1481,s:justices
justify,,"vt. 替...辩护, 证明\nvi. 证明合法\n[计] 段落重排, 两端对齐",cet4 cet6 ky toefl ielts gre,1959,2834,d:justified/3:justifies/i:justifying/p:justified
kangaroo,,n. 袋鼠\n[医] 袋鼠(澳洲产),gk ielts gre,15573,15706,s:kangaroos
keep,,"n. 生计, 维持, 保持\nvt. 保持, 保存, 遵守, 看守, 整理, 维持, 履行, 经营, 拘留, 记帐\nvi. 保持, 继续不断",zk gk ielts,171,156,p:kept/d:kept/i:keeping/3:keeps
keeper,,"n. 监护人, 管理人, 看守人\n[机] 保管人, 看守人, 保持片",gk cet4 cet6,4146,7388,s:keepers
kettle,,"n. 茶壶, 罐\n[化] 釜体釜; 锅",gk cet4 cet6 ky toefl,5784,10726,s:kettles/p:kettled
key,,"n. 钥匙, 键, 解答, 关键, 要害, 基调, 线索, 答案, 暗礁\nvt. 调音, 锁上, 提供线索\nvi. 使用钥匙\n[计] 键, 密钥",zk gk ielts,1267,1093,s:keys/d:keyed/i:keying/p:keyed/3:keys
keyboard,,n. 键盘\n[计] 键盘,zk gk cet4 cet6 ky toefl,5374,5541,s:keyboards/i:keyboarding/d:keyboarded
kick,,"n. 踢, 反冲, 后座力, 凹底\nvi. 踢, 反抗, 反冲\nvt. 踢, 反冲",zk gk cet4 cet6 ky,2403,1815,p:kicked/i:kicking/d:kicked/s:kicks/3:kicks
kid,,"n. 小山羊, 小山羊肉, 小孩, 欺骗\na. 小山羊皮制的\nv. 哄骗, 嘲弄",zk gk cet4 ky,1572,312,s:kids/i:kidding/p:kidded/3:kids/d:kidded
kill,,"n. 杀, 杀戮, 小河\nvt. 杀, 破坏, 消灭, 使终止, 抵消, 否决\nvi. 杀死\n[计] 删除",zk gk cet4 ky,635,425,d:killed/i:killing/p:killed/3:kills
kilometer,,"n. 千米, 公里\n[医] 千米, 公里",cet4,44199,0,s:kilometers
kind,,"n. 种类, 性质, 方式\na. 亲切的, 仁慈的, 和蔼的",zk gk,337,250,s:kinds/r:kinder/t:kindest
kindergarten,,n. 幼稚园,gk ky ielts,20561,6121,s:kindergartens
king,,"n. 国王, 君主\nvt. 使...成为君主\nvi. 君临, 统治",zk gk cet4 ky ielts,612,2080,s:kings
kingdom,,"n. 王国, 领域\n[医] 界(动物,植物,矿物)",gk cet4 cet6 ky toefl,2070,4487,s:kingdoms
kiss,,n. 吻\nvt. 吻\nvi. 接吻,zk gk cet4 ky,2408,2302,p:kissed/i:kissing/s:kisses/d:kissed/3:kisses
kit,,"n. 装备, 工具箱, 成套工具\n[计] 成套部件; 成套零件",cet6 ky ielts,3278,4018,s:kits/d:kitted/i:kitting/p:kitted/3:kits
kitchen,,"n. 厨房, 全套炊具\n[医] 厨房",zk gk toefl ielts,1124,1051,s:kitchens
kite,,"n. 风筝, 筝帆, 空头支票, 骗子\nvi. 象风筝一样飞, 轻快地移动, 使用空头支票\nvt. 使上升, 骗钱",zk gk cet4 cet6 ky,5870,9509,s:kites/i:kiting/p:kited/3:kites/d:kited
knee,,"n. 膝, 膝盖\nvt. 膝行, 用膝盖碰",zk gk cet4 cet6 ky,1979,1488,s:knees/i:kneeing
knife,,"n. 小刀, 匕首\nvt. 切割, 伤害, 切, 戳\nvi. 劈开, 穿过",zk gk ielts,2471,2240,s:knives/d:knifed/i:knifing/p:knifed/3:knifes
knock,,"n. 敲, 敲打, 敲门\nv. 敲击, 互撞, 攻击",zk gk,1958,2087,p:knocked/d:knocked/i:knocking/s:knocks/3:knocks
know,,"v. 知道, 了解, 认识, 确信",zk gk,49,47,p:knew/d:known/3:knows/i:knowing
knowledge,,"n. 知识, 学问, 认识, 知道",zk gk cet4 cet6 ky ielts,689,839,s:knowledges
lab,,"n. 实验室, 研究室\n[医] 凝乳酶",zk gk cet4 cet6 ky ielts,4848,2089,s:labs
label,,"n. 标签, 称号, 商标, 标志\nvt. 贴标签于, 标注\n[计] 标志; 标注; DOS外部命令:用于建立改变或删除磁盘卷标号",cet4 cet6 ky toefl,2764,2619,s:labels/d:labelled/i:labelling/p:labelled/3:labels
labor,,"n. 劳动, 努力, 工作, 劳工, 分娩\nvi. 劳动, 努力, 苦干\nvt. 详细分析, 使厌烦",ky,17075,1123,s:labors/i:laboring/p:labored/3:labors/d:labored
lack,,"n. 缺乏, 无, 不足\nvt. 缺乏, 短少, 不足, 需要\nvi. 缺乏",gk cet4 ky ielts,1103,1229,i:lacking/p:lacked/3:lacks/d:lacked
ladder,,"n. 梯, 梯状物, 发迹的途径\nvi. 袜子抽丝, 成名",gk cet4 cet6 ky,4136,4505,s:ladders/d:laddered/p:laddered/i:laddering/3:ladders
lady,,"n. 淑女, 夫人, 女士, 贵妇",zk gk cet4 ky,774,1517,s:ladies
lake,,"n. 湖, 池, 色淀\nv. (使)血球溶解",zk gk ielts,1812,1950,s:lakes
lamb,,"n. 小羊, 羔羊\nv. 产羊羔",zk gk cet4 cet6 ky ielts,4170,5590,s:lambs/i:lambing/p:lambed/3:lambs/d:lambed
lamp,,n. 灯\nvt. 照亮\n[计] 逻辑模拟分析系统,zk gk cet4 cet6 ky toefl ielts,3340,3936,s:lamps
land,,"n. 陆地, 地面, 地界, 地产, 国土, 土地\nvi. 登陆, 登岸, 到达\nvt. 使上岸, 使登陆, 使到达\n[计] 连接盘; 焊盘",zk gk toefl ielts,472,566,s:lands/p:landed/d:landed/i:landing/3:lands
landscape,,"n. 风景, 山水, 风景画\nvi. 从事景观美化\nvt. 美化...景观\n[计] 横向",cet6 toefl ielts,2264,1827,s:landscapes/d:landscaped/i:landscaping/p:landscaped/3:landscapes
language,,"n. 语言, 文字, 措辞\n[计] 语言",zk gk ielts,436,722,s:languages
lantern,,"n. 灯笼, 提灯, 航标灯\nvt. 装上提灯",gk cet4 cet6 ky,10101,8338,s:lanterns
lap,,"n. 膝盖, 舔, 一圈, 下摆, 衣兜, 山坳\nvi. 重叠, 围住, 轻拍, 舔\nvt. 包围, 抱...在膝上, 使重叠, 舔, 拍打, 泼溅\n[计] 链接访问程序",gk cet4 cet6 ky ielts gre,4140,3359,s:laps/d:lapped/i:lapping/p:lapped/3:laps
laptop,,[计] 膝上型的,ky,25826,5866,s:laptops
large,,"a. 大的, 大量的, 宽大的, 广博的\nadv. 大大地, 夸大地",zk gk,181,220,r:larger/t:largest
laser,,n. 激光\n[计] 激光器,gk cet4 cet6 ky toefl ielts,4841,3896,s:lasers/p:lasered/d:lasered/i:lasering
last,,"a. 最后的, 末尾的, 最近的\nvi. 持续, 支持, 维持\nvt. 使维持, 够...用\nadv. 最后, 后来\nn. 最后, 末尾, 鞋楦头",gk,119,130,p:lasted/3:lasts/i:lasting/d:lasted
late,,"a. 迟的, 晚的, 已故的\nadv. 很晚, 很迟, 晚",zk gk,298,437,r:later/t:latest
lately,,"adv. 近来, 最近",gk cet4 cet6 ky toefl,6088,4028,r:latelier
later,,"adv. 以后, 随后",gk cet4 cet6 ky,279,295,0:late/1:r
latter,,"a. 后者的, 较后的, 近来的",gk cet4 cet6 ky toefl,1251,2725,
laugh,,"n. 笑, 笑声\nvi. 笑, 大笑\nvt. 以笑表示",zk gk,1021,861,p:laughed/i:laughing/3:laughs/d:laughed/s:laughs
laughter,,"n. 笑, 笑声\n[医] 笑, 大笑",gk cet4 cet6 ky,3321,3397,
launch,,"n. 下水, 汽艇, 发射\nvt. 使下水, 发射, 发动\nvi. 起飞, 下水, 投入, 开始",cet4 cet6 ky toefl ielts,1427,1743,d:launched/p:launched/i:launching/3:launches/s:launches
law,,"n. 法律, 法则, 定律, 法律的制约, 法学, 司法界, 诉讼\nv. 起诉",zk gk cet4 cet6 ky ielts,278,287,s:laws
lawyer,,n. 律师\n[经] 律师,gk cet4 cet6 ky ielts,1962,816,s:lawyers
lay,,"vt. 放置, 产, 铺设, 布置, 提出, 平息\nvi. 下蛋, 打赌\nn. 位置, 层, 隐藏处\na. 世俗的, 外行的\nlie的过去式",zk gk cet4 cet6 ky toefl ielts,958,803,0:lie/1:p/d:laid/p:laid/i:laying/3:lays
lazy,,"a. 懒惰的, 怠惰的, 缓慢的\nvi. 懒散",zk gk cet4 ky,6453,6238,t:laziest/r:lazier
lead,,"n. 铅, 铅条, 领导, 超前量, 领引, 榜样, 主角, 导线\nvt. 引导, 带领, 领导, 指挥, 致使, 加铅于, 用铅包\nvi. 领导, 带头, 导致, 用测深锤测深, 被铅覆盖\na. 带头的, 最重要的",zk gk cet4 ky toefl,263,318,p:led/d:led/i:leading/3:leads/s:leads/0:lead/1:d
leader,,"n. 领导者, 社论, 指挥, 领袖, 领唱者, 前导字符\n[计] 前导字符",zk gk cet4 cet6,604,463,s:leaders
leadership,,"n. 领导能力, 领导阶层",cet4 cet6 ky toefl,1873,1304,s:leaderships
leading,,"n. 领导, 指挥, 神示, 铅板\na. 领导的, 主要的, 在前的",gk cet4 cet6 ky toefl,1551,2188,0:lead/1:i/i:leading
leaf,,"n. 叶, 树叶, 花瓣, 页\nvi. 生叶, 翻书页\nvt. 在...上长叶, 翻...的页",zk gk cet4 cet6 ky,1823,1559,s:leaves/i:leafing/p:leafed/3:leafs/d:leafed
league,,"n. 同盟, 联盟, 盟约\nv. 组联盟, (使)加盟",gk toefl,1181,1951,s:leagues/i:leaguing/p:leagued/3:leagues/d:leagued
leak,,"n. 漏洞, 漏处, 漏出, 泄漏\nvi. 漏, 泄漏\nvt. 使渗漏",gk cet4 cet6 ky toefl ielts gre,5948,5165,d:leaked/s:leaks/i:leaking/p:leaked/3:leaks
learn,,vt. 学习；认识到；得知,zk gk ielts,520,304,d:learned/i:learning/p:learned/3:learns
least,,"n. 最少, 最小, 最小限度\na. 最少的, 最小的\nadv. 最小, 最少",zk gk cet4 cet6 ky ielts,2012,302,
leather,,"n. 皮革, 皮制品, 马镫的皮带\nvt. 覆以皮革, 鞭苔, 抽打\na. 皮革的, 皮制的",gk cet4 cet6 ky toefl,2976,2943,s:leathers/i:leathering/p:leathered/3:leathers/d:leathered
leave,,"n. 许可, 告别, 请假, 休假\nvt. 离开, 剩下, 遗忘, 委托, 丢弃\nvi. 出发, 离开, 生叶",zk gk ielts,127,150,d:left/p:left/i:leaving/3:leaves/s:leaves
lecture,,"n. 演讲, 谴责, 讲稿\nvt. 演讲, 训诫, 说教\nvi. 讲演",gk cet4 cet6 ky ielts,2588,3526,s:lectures/i:lecturing/p:lectured/d:lectured/3:lectures
left,,"a. 左边的, 左倾的, 左侧的, 左派的\nadv. 在左面\nn. 左, 左面, 左派\nleave的过去式和过去分词",zk gk,1045,771,0:leave/1:dp/d:left/p:left
leg,,"n. 腿, 假腿, 路程\nvi. 走, 跑",zk gk,851,856,s:legs
legal,,"a. 法律的, 法定的, 合法的\n[经] 法定权利; 法律(上)的, 合法的",gk cet4 cet6 ky toefl ielts,764,883,
leisure,,"n. 空闲, 闲暇, 悠闲\na. 空闲的, 有闲的",cet4 cet6 ky toefl ielts,2752,6269,p:leisured
lemon,,"n. 柠檬, 柠檬树, 柠檬色\n[医] 柠檬",gk cet4 ky ielts,4583,3179,s:lemons
lend,,"vt. 借, 贷款给, 增添, 提供, 出租\nvi. 贷款",zk gk,2740,3548,p:lent/3:lends/d:lent/i:lending
length,,"n. 长度, 长, 期间, 一段\n[计] 记录长度; 块长; 字长",gk cet4 cet6 ky ielts,1174,1855,s:lengths
less,,"n. 较少, 较小\na. 少的, 小的\nadv. 较少, 较小, 较差\n[计] 最低成本估算与调度法",gk cet4 ky,379,477,
lesson,,"n. 课, 课业, 教训",zk gk,1953,1325,s:lessons
let,,"vt. 让, 假设, 出租, 排放, 妨碍\nvi. 出租, 被承包\nn. 出租屋, 障碍",zk gk ielts,320,159,i:letting/d:let/0:let/1:dp/p:let/3:lets
letter,,"n. 信, 字母, 证书, 字面意义, 铅字, 学问, 出租人\nvt. 写字母于, 在...上刻字母, 用字母标明\nvi. 写印刷体字\n[计] 字母",zk gk ielts,454,628,s:letters/p:lettered/i:lettering/3:letters/d:lettered
level,,"n. 水平, 水准, 平地\na. 同高的, 平坦的, 齐平的, 水平的\nvt. 弄平, 夷平, 使同等, 瞄准, 对准\nvi. 变平, 拉平\n[计] 级别",zk gk cet4 cet6 ky ielts,241,338,s:levels/d:levelled/p:levelled/i:levelling/3:levels
liberation,,"n. 释放, 解放\n[化] 发出; 释放; 放出",gk cet4 cet6,3880,6230,
liberty,,"n. 自由, 特权, 许可, 冒失\n[法] 自由, 自由权, 自由区域",gk cet4 cet6 ky toefl gre,3629,3835,s:liberties
librarian,,"n. 图书馆员, 图书管理员\n[计] 程序库管理程序; 程序库生成程序",gk cet4 cet6 ky toefl,4647,7502,s:librarians
library,,"n. 图书馆, 藏书, 库\n[计] 库",zk gk ielts,967,2129,s:libraries
license,,"n. 执照, 许可证, 特许\nvt. 许可, 特许",zk gk cet4 cet6 ky gre,6660,2872,d:licensed/i:licensing/s:licenses/3:licenses/p:licensed
lid,,"n. 盖子, 限制, 眼睑\nvt. 给...盖盖子",gk cet4 cet6 ky,4537,4658,s:lids/p:lidded
lie,,"n. 谎言, 假象, 位置\nvi. 躺着, 说谎, 位于, 展现, 存在, 停泊\nvt. 谎骗",zk gk,483,751,p:lay/i:lying/3:lies/s:lies/d:lain
life,,"n. 生活, 生命, 人生, 世事, 生物, 寿命, 一生, 生命力, 灵魂, 无期徒刑\n[医] 生活, 生存, 生命, 寿命",zk gk,128,114,s:lives
lifetime,,"n. 一生, 终生\na. 一生的, 终生的",gk cet4 cet6 ky,3623,2767,s:lifetimes
lift,,"n. 举起, 帮助, 昂扬, 电梯\nvt. 升高, 提高, 鼓舞, 清偿, 空运, 举起, 剽窃\nvi. 升起, 消散, 耸立",zk gk cet4 ky toefl ielts,1345,1343,p:lifted/d:lifted/i:lifting/s:lifts/3:lifts
light,,"n. 光, 光亮, 灯, 日光, 发光体, 光源, 杰出人物, 火花, 眼光\na. 轻的, 少量的, 轻微的, 轻快的, 轻浮的, 明亮的, 淡色的, 容易的\nvt. 点燃, 照亮\nvi. 点着, 变亮, 突降, 偶然碰到\nadv. 轻地",zk gk ielts,529,464,s:lights/p:lit/d:lit/r:lighter/i:lighting/t:lightest/3:lights
lightning,,n. 闪电\nvi. 闪电\na. 闪电的,gk cet4 cet6 ky,6393,4562,s:lightnings
like,,"a. 相似的, 同样的\nvt. 喜欢, 愿意, 想\nvi. 喜欢, 希望\nn. 爱好, 同样的人(或物)\nprep. 象, 如同\nadv. 可能",zk gk,88,74,p:liked/3:likes/d:liked/s:likes/i:liking
likely,,"a. 有可能的, 合适的, 前途有望的\nadv. 或许, 可能",gk cet4 cet6 ky,422,624,t:likeliest
limit,,"n. 界限, 边界, 限度, 极限, 限制\nvt. 限制, 限定",gk cet4 cet6 ky,1439,1348,s:limits/d:limited/3:limits/i:limiting/p:limited
limited,,"a. 有限制的, 有限的, 有限责任的\nn. 特别快车",cet4 cet6 ky gre,1481,1982,0:limit/1:dp/d:limited/p:limited
line,,"n. 列, 线, 绳, 电线, 线路, 路线, 航线, 作业线, 界线, 战线, 外形, 排, 家系\nvt. 排成一行, 顺...排列, 划线于, 加衬里, 使有线条, 使起皱纹\nvi. 排队\n[计] 线路",zk gk cet4 cet6 ky ielts,277,276,s:lines/d:lined/i:lining/p:lined/3:lines
link,,"n. 环, 连结物, 链接, 火把\nvt. 连结, 联合, 挽住\nvi. 连接起来\n[计] 连接, 链路",gk cet4 cet6 ky ielts,1277,1730,d:linked/s:links/i:linking/3:links/p:linked
lion,,"n. 狮子, 狮子(星)座, 国际狮子会会员",zk gk cet4 cet6 ky,3397,4305,s:lions
lip,,"n. 唇, 口缘, 唇状构造\nvt. 以嘴唇碰, 轻轻说出\na. 口头上的\n[计] 大型互连网信息包",gk cet4 cet6 ky toefl,1452,1582,s:lips/d:lipped
liquid,,"n. 液体, 流体, 流音\na. 液体的, 透明的, 明亮的, 流动的, 易变的",gk cet4 cet6 ky toefl gre,4339,4360,s:liquids
list,,"n. 目录, 名单, 明细表, 布条, 条纹, 列表, 序列, 数据清单\nvt. 列出, 列于表上, 记入名单内, 装布条\nvi. 列于表上\n[计] 列表, 序列, 数据清单",zk gk cet4 cet6 ky ielts gre,716,761,s:lists/d:listed/p:listed/3:lists/i:listing
listen,,"vi. 听, 倾听, 听从\nn. 听, 倾听",zk gk,850,609,p:listened/i:listening/d:listened/3:listens
literally,,"adv. 逐字地, 按照字面上地, 不夸张地",cet6 ky toefl ielts,3512,2469,
literary,,"a. 文学的, 文艺的, 精通文学的\n[法] 文学的, 从事文学的, 从事写作的",gk cet4 cet6 ky toefl,2512,2700,
literature,,"n. 文学, 文艺, 著作\n[经] 广告, 商品介绍等文学",gk cet4 cet6 ky ielts,1766,1549,s:literatures
litter,,"n. 垃圾, 杂乱, 轿, 担架\nvt. 乱丢, 铺草, 弄乱\nvi. 产仔, 乱丢垃圾",zk gk cet6 ky toefl ielts gre,6500,8093,d:littered/s:litters/p:littered/i:littering/3:litters
little,,"n. 一点点, 少许, 一会儿, 短时间\na. 小的, 很少的, 幼小的, 琐碎的, 短暂的, 矮小的\nadv. 很少, 稍微, 完全不",zk gk,291,256,
live,,"a. 活的, 生动的, 精力充沛的, 实况转播的\nvi. 活, 生存, 居住\nvt. 过着, 度过, 经历\nadv. 实况地",zk gk ielts,267,210,p:lived/i:living/3:lives/d:lived/s:lives
lively,,"a. 活泼的, 鲜明的, 生动的",zk gk cet4 cet6 ky toefl,4135,5775,r:livelier/t:liveliest
living,,"n. 生活, 生计, 生存\na. 活的, 逼真的, 现存的",gk cet4 cet6 ky,1950,1329,0:live/1:i/i:living/s:livings
load,,"n. 负荷, 担子, 重担, 装载量, 负载, 工作量, 加载\nvt. 装载, 装填, 使担负\nvi. 装货, 上客, 装料\n[计] 加载, 装入程序",gk cet4 cet6 ky toefl,2212,2901,s:loads/d:loaded/i:loading/p:loaded/3:loads
loan,,"n. 贷款, 借出\nv. 借, 供应货款, 借给",cet4 cet6 ky toefl ielts,1468,1699,s:loans/d:loaned/p:loaned/i:loaning/3:loans
local,,"a. 地方性的, 当地的, 局部的, 乡土的, 本地的\nn. 当地居民, 本地新闻, 局部\n[计] 本地的; 局部",gk cet4 cet6 ky ielts,191,423,s:locals
location,,"n. 位置, 场所, 特定区域\n[计] 位置",cet4 cet6 ky toefl ielts,1705,1433,s:locations
lock,,"n. 锁, 刹车, 水闸, 一缕头发\nvt. 锁, 锁上, 拘禁, 隐藏, (用锁等)拴住, 刹住\nvi. 锁住, (齿轮等)啮合, (船)过闸",zk gk cet4 ky ielts,2332,2221,d:locked/s:locks/p:locked/i:locking/3:locks
log,,"n. 记录, 圆木, 日志, 计程仪\nvt. 伐木, 切, 航行\nvi. 伐木\n[计] 日志",cet4 cet6 ky toefl ielts gre,4322,3423,s:logs/d:logged/i:logging/p:logged/3:logs
logical,,"a. 合乎逻辑的, 合理的\n[法] 逻辑的, 符合逻辑的",cet4 cet6 ky toefl,3188,4569,s:logicals
london,,n. 伦敦,zk gk ielts,248,0,
lonely,,"a. 孤单的, 孤寂的, 荒凉的",zk gk cet4 cet6 ky,3842,4002,t:loneliest/r:lonelier
long,,"a. 长的, 长久的, 冗长的, 做多头的\nvi. 渴望, 热望, 极想\nadv. 长久, 始终\nn. 长时间, 长信号, 长整型\n[计] 长, 长整型",zk gk toefl,217,254,r:longer/t:longest/p:longed/i:longing/d:longed/3:longs
look,,"n. 一看, 神色, 样子, 面容\nvi. 看, 注意, 朝着, 显得\nvt. 打量, 看上去与...一样, 以眼色(或脸色)显示, 期待",zk gk,82,85,p:looked/i:looking/3:looks/d:looked/s:looks
loose,,"n. 发射, 放任, 放纵\na. 宽松的, 松的, 宽的, 不牢固的, 散漫的, 自由的, 不精确的\nvt. 释放, 放枪, 开船\nvi. 变松, 开火\nadv. 松散地",gk cet4 cet6 ky toefl,2925,2851,p:loosed/i:loosing/d:loosed/3:looses
lorry,,"n. 卡车, 货车\n[化] 载重汽车",gk cet4 cet6 ky,3524,24926,s:lorries
lose,,"vt. 遗失, 损失, 丢失, 使失去, 错过, 浪费, 迷失, 使迷路, 输去, 使沉溺于\nvi. 受损失, 失败",zk gk cet4 cet6 ky,329,283,d:lost/p:lost/i:losing/3:loses
loss,,"n. 损失, 遗失, 失败, 输, 错过, 伤亡\n[化] 损失; 损耗",gk cet4 cet6 ky ielts,649,788,s:losses
lot,,"n. 运气, 签, 抽签, 份额, 许多, 一堆\nvt. 划分\nvi. 抽签, 抓阄",zk gk gre,374,238,i:lotting/p:lotted/3:lots/d:lotted
loud,,"a. 大声的, 不断的, 喧吵的\nadv. 高声地, 大声地",zk gk cet4 ky,3207,3094,r:louder/t:loudest
lounge,,"n. 闲逛, 休闲室, 长沙发\nvi. 闲混, (懒洋洋地)躺\nvt. 闲混",gk cet6 ky ielts gre,4410,5990,s:lounges/i:lounging/p:lounged/d:lounged/3:lounges
love,,"n. 爱, 恋爱, 爱情, 爱好, 性爱\nvt. 爱, 爱好, 爱慕\nvi. 爱",zk gk,670,390,p:loved/3:loves/d:loved/i:loving/s:loves
lovely,,"a. 可爱的, 有趣的",zk gk,1496,3284,t:loveliest/r:lovelier/s:lovelies
low,,"n. 低点, 低价, 低, 牛叫声\na. 低的, 消沉的, 低等的, 浅的, 卑贱的\nadv. 低下地, 谦卑地, 低\nvi. 牛叫",zk gk gre,318,360,r:lower/t:lowest/s:lows/d:lowed/i:lowing/p:lowed/3:lows
lower,,"a. 低的, 下级的, 下层的\nvi. 降低, 跌落, 减弱\nvt. 放下, 降下, 减弱, 贬低",cet4 ky,2932,2052,0:low/1:r/p:lowered/i:lowering/d:lowered/3:lowers
luck,,"n. 运气, 幸运, 好运, 侥幸\nvi. 靠好运成功",zk gk cet4 ky ielts,2598,2384,
lucky,,"a. 幸运的, 吉祥的, 好运的, 侥幸的",zk gk cet4 ky,2137,2126,r:luckier/t:luckiest
lunar,,"a. 阴历的, 月的, 微亮的(指光)\n[医] 月的, 银的",cet4 cet6 ky toefl ielts gre,12849,6871,
lunch,,n. 午餐,zk gk ielts,1615,1586,s:lunches/p:lunched/i:lunching/d:lunched/3:lunches
lung,,"n. 肺, 肺脏, 空地\n[医] 肺",gk cet4 cet6 ky toefl,3808,3247,s:lungs/i:lunging
luxury,,"n. 奢侈, 豪华\na. 奢侈的, 豪华的",cet4 cet6 ky toefl ielts gre,5235,5575,s:luxuries
machine,,"n. 机器, 机械装置, 机构, 自动售货机, 机械般工作的人\nvt. 以机器制造",zk gk ielts,761,1022,s:machines/d:machined/i:machining/p:machined/3:machines
mad,,"a. 疯狂的, 发疯的, 生气的, 愚蠢的, 狂欢的\nn. 狂怒",zk gk cet4 cet6 ky,2592,2572,r:madder/t:maddest/s:mads
madam,,"n. 女士, 夫人",zk cet4,6683,16977,s:madams
magazine,,"n. 杂志, 仓库, 弹盒, 胶卷盒\n[计] 卡片箱, 介质装卸程序",zk gk cet4 cet6 ky ielts,1479,1001,s:magazines
magic,,"n. 魔术, 魔法\na. 魔术的, 有魔力的, 不可思议的",zk gk cet4 cet6 ky toefl ielts,3949,3411,s:magics
mail,,"n. 邮件, 邮政, 邮递, 盔甲\nvt. 邮寄, 给...穿盔甲\n[计] 邮件",zk gk ielts,2485,2508,d:mailed/s:mails/i:mailing/p:mailed/3:mails
main,,"n. 主要部分, 干线, 体力, 力量, 主群组\na. 主要的, 重要的, 全力的\n[计] 主群组",zk gk cet4 cet6 ky ielts,376,888,
maintain,,"vt. 维持, 维修, 保持, 坚持, 供养, 主张\n[化] 维修",cet4 cet6 ky toefl ielts,825,922,d:maintained/i:maintaining/p:maintained/3:maintains
major,,"n. 主修课, 成年人, 陆军少校\na. 主要的, 较多的, 大部分的, 成年的, 严重的\nvi. 主修\n[计] 主要, 主要刻度",gk cet4 cet6 ky toefl ielts,392,444,s:majors/i:majoring/p:majored/3:majors/d:majored
majority,,"n. 多数, 大半\n[计] 多数逻辑",gk cet4 cet6 ky toefl ielts,989,1085,s:majorities
make,,"vt. 制造, 安排, 创造, 构成, 使得, 产生, 造成, 整理, 布置, 引起, 到达, 进行\nvi. 开始, 前进, 增大, 被制造, 被处理\nn. 制造, 构造, 性情",zk gk ielts,43,45,d:made/p:made/i:making/3:makes
male,,"n. 男人, 雄性动物\na. 男性的, 雄性的, 有力的",gk cet4 ky ielts,1126,1530,s:males
man,,"n. 男人, 人类, 人\nvt. 为...配备人手, 操纵, 使振奋\n[计] 城域网, 手册",zk gk,91,94,s:men/d:manned/i:manning/p:manned/3:mans
manage,,"vi. 处理\nvt. 管理, 控制, 维持, 达成, 经营, 运用",zk gk cet4 cet6 ky,752,945,d:managed/p:managed/3:manages/i:managing
manager,,"n. 经理, 管理员, 管理器\n[计] 管理器",zk gk ielts,508,877,s:managers
mankind,,"n. 人类, 男性",gk cet4 cet6 ky,6480,7282,
manner,,"n. 样子, 礼貌, 风格\n[法] 方式, 方法, 样式",gk cet4 cet6 ky,1366,1818,s:manners
many,,"n. 多数, 多数人\na. 许多的\npron. 许多",zk gk,98,99,
map,,"n. 地图, 天体图, 映像\nvt. 映射, 绘制...地图, 计划\n[计] 实用程序, 映射, 制造自动化协议",zk gk toefl ielts,1681,1542,s:maps/d:mapped/i:mapping/p:mapped/3:maps
marathon,,"n. 马拉松, 耐力的考验",gk cet6,7224,6448,s:marathons
marble,,"n. 大理石, 石弹, 雕刻品\na. 大理石的, 冷酷无情的, 有大理石花纹的",gk cet4 cet6 ky toefl ielts gre,4199,4819,s:marbles/i:marbling/p:marbled/3:marbles/d:marbled
march,,"n. 三月, 进行, 行军, 步伐, 长途跋涉, 进行曲, 边界\nvi. 进军, 前进, 交界\nvt. 使行军, 使行进",zk gk toefl ielts,695,3483,p:marched/s:marches/i:marching/d:marched/3:marches
mark,,"n. 标志, 分数, 马克, 痕迹, 斑点, 靶子, 刻度, 记号, 符号, 戳记, 标准, 起跑线\nvt. 做标记于, 留意, 打分数, 表明, 标志, 记录\nvi. 作记号, 记得分\n[计] 标志; 标记; 传号",zk gk cet4 ky,1255,1683,s:marks/d:marked/i:marking/3:marks/p:marked
market,,"n. 市场, 交易, 集市, 推销地区, 行情, 市面, 销路\nvt. 在市场上交易, 使上市, 销售\nvi. 在市场上买卖",zk gk ielts,253,402,s:markets/d:marketed/p:marketed/i:marketing/3:markets
marriage,,"n. 婚姻, 结婚, 婚礼, 合并\n[医] 婚姻, 结婚",zk gk cet4 cet6 ky,1154,1011,s:marriages
married,,"a. 已婚的, 婚姻的\n[法] 结了婚的, 有配偶的, 夫妇的",gk cet4 cet6 ky,1742,1610,0:marry/1:pd/d:married/p:married
marry,,"vt. 与...结婚, 娶, 嫁\nvi. 结婚",zk gk cet4 ky,1217,1333,p:married/d:married/i:marrying/3:marries
mass,,"n. 块, 大多数, 质量, 大量, 群众, 弥撒\na. 群众的, 大规模的, 整个的\nvt. 使集合, 集中\nvi. 聚集",gk cet4 cet6 ky toefl ielts,1857,1989,s:masses/i:massing/d:massed/p:massed/3:masses
massive,,"a. 大而重的, 宽大的, 宏伟的\n[医] 大块的, 整块的, 大量的",cet4 cet6 ky toefl ielts gre,2037,1996,
master,,"n. 主人, 硕士, 大师, 母机\na. 主人的, 主要的\nvt. 征服, 控制, 精通",zk gk cet4 cet6 ky ielts,1224,1883,s:masters/d:mastered/i:mastering/p:mastered/3:masters
match,,"n. 比赛, 火柴, 对手\nvt. 使相配, 使比赛, 与...竞争\nvi. 结婚, 相配\n[计] 比较",zk gk toefl ielts,1097,1972,s:matches/d:matched/3:matches/i:matching/p:matched
material,,"n. 材料, 物资, 素材, 布料, 资料\na. 物质的, 肉体的, 重要的",gk cet4 cet6 ky ielts,499,641,s:materials
math,,n. 数学,zk,36820,2983,
matter,,"n. 事件, 物质, 原因, 素材, 实体, 重要\nvi. 有关系",gk,370,528,s:matters/3:matters/p:mattered/d:mattered/i:
mature,,"a. 成熟的, 到期的, 充分考虑的\nvt. 使成熟\nvi. 成熟, 到期",gk cet4 cet6 ky toefl ielts gre,4122,5133,3:matures/d:matured/i:maturing/p:matured/r:maturer
maximum,,"n. 极点, 最大量, 极大\na. 最高的, 最大的, 最大极限的\n[计] 最大值",gk cet4 cet6 ky toefl ielts,2427,3603,s:maxima
may,,"n. 五月\naux. 愿能, 可以, 愿意",zk gk ielts,83,119,
maybe,,"adv. 也许, 大概\nn. 可能性",zk gk,955,383,
me,,pron. 我,zk gk,15312,61,s:mes
meal,,"n. 一餐, 膳食, 粗粉\nvi. 进餐",zk gk ielts,1415,1710,s:meals
mean,,"a. 低劣的, 卑贱的, 简陋的, 吝啬的, 惭愧的, 平均的, 中间的, 普通的\nvt. 意谓, 想要, 意欲, 预定\nvi. 用意, 有意义\nn. 平均数, 中间, 中庸",zk gk toefl ielts gre,121,154,3:means/p:meant/d:meant/i:meaning
meaning,,"n. 意义, 含义, 目的, 意图\na. 意味深长的",zk gk,1226,1608,0:mean/1:i/s:meanings/i:meaning
means,,"n. 方法, 手段, 工具, 财产, 收入\n[经] 方法, 手段, 工具; 意谓",gk cet4 cet6 ky toefl ielts,1033,0,0:mean/1:3
meanwhile,,"n. 其时, 其间\nadv. 同时, 于此时",gk cet4 cet6 ky,1886,1847,
measure,,"n. 尺寸, 量度器, 量度标准, 测量, 量具, 程度, 范围, 限度, 分寸, 措施, 方法\nvt. 测量, 测度, 估量, 权衡, 调节, 拿(自己或自己的力量等)作较量\nvi. 度量",gk cet4 cet6 ky ielts,889,941,s:measures/d:measured/i:measuring/p:measured/3:measures
meat,,"n. 肉, 餐, 食物\n[经] 肉类",zk gk ielts,2283,1788,s:meats
mechanic,,"n. 机械工, 技工\na. 手工的",cet4 cet6 ky,4979,4260,s:mechanics
medal,,"n. 奖牌, 勋章\nvt. 授勋予",gk cet4 cet6 ky ielts gre,4212,3451,s:medals
media,,n. 媒体\n[计] 媒质,gk cet4 cet6 toefl ielts,0,757,
medical,,"n. 医生, 体格检查\na. 医学的, 内科的, 药的",zk gk cet4 cet6 ky ielts,1068,646,s:medicals
medicine,,"n. 药, 医学, 内科\nvt. 给...用药",zk gk toefl ielts,2476,1473,s:medicines
medium,,"n. 媒体, 方法, 媒介\na. 半生熟的, 中间的\n[计] 媒体, 中",gk cet4 cet6 ky toefl ielts gre,951,3241,s:mediums
meet,,"n. 会, 集会\na. 适宜的, 合适的\nvt. 遇见, 引见, 认识, 满足, 对付\nvi. 相遇, 接触",zk gk gre,259,288,p:met/d:met/i:meeting/3:meets
meeting,,"n. 会议, 会面\n[法] 会议, 会谈, 集会",zk gk ielts,457,772,0:meet/1:i/s:meetings/i:meeting
member,,"n. 成员, 会员\n[医] │肢, 肢体",zk gk,182,285,s:members
membership,,"n. 会员的资格, 全体会员, 会员数目\n[法] 会员资格, 成员资格, 会籍",cet6 ky ielts,1771,3085,s:memberships
memorial,,"n. 纪念物, 请愿书\na. 记念的, 记忆的",gk cet4 cet6 ky toefl gre,3986,4564,s:memorials
memory,,"n. 记忆, 记忆力, 回忆, 纪念, 存储\nn. 内存\n[计] 存储器, 内存, 查看内存实用程序",zk gk cet4 cet6 ky toefl,979,891,s:memories
mental,,"a. 心智的, 精神病的, 心理的, 颏的\nn. 精神病患者",gk cet4 cet6 ky toefl ielts,1620,1584,
mentally,,"adv. 心理上, 精神上, 智力上\n[法] 精神上, 智力上",gk,3531,4365,
mention,,"n. 提到, 言及, 陈述\nvt. 提到, 提及",zk gk toefl,902,971,d:mentioned/p:mentioned/i:mentioning/3:mentions/s:mentions
menu,,"n. 菜单, (功能)选择单\n[计] 菜单",zk gk toefl,3553,3086,s:menus
merchant,,"n. 商人, 店主\na. 商业的, 商人的",gk cet4 cet6 ky toefl,2755,4126,s:merchants/i:merchanting
mercy,,"n. 仁慈, 宽恕, 慈悲, 怜悯, 幸运\n[法] 权宜处置权, 决定权, 宽恕",gk cet4 cet6 ky ielts,4991,5244,s:mercies
merely,,adv. 只,gk cet4 cet6 ky,1273,1988,
merry,,"a. 快乐的, 愉快的, 嬉戏作乐的",gk cet4 cet6 ky,7649,7420,r:merrier/t:merriest
mess,,"n. 食堂, 伙食, 用膳, 一份食品, 混乱, 乱七八糟, 困境\nvt. 将...弄糟, 妨碍, 使紊乱, 使就餐\nvi. 陷入困境, 搞乱, 用膳",gk cet4 cet6 ky ielts,3437,3381,i:messing/d:messed/p:messed/s:messes/3:messes
message,,"n. 消息, 通讯, 讯息, 教训, 预言, 广告词\nvt. 通知\nvi. 通报, 报告, 报信\n[计] 报文; 消息; 信息",zk gk cet4 cet6 ky,1120,807,s:messages/i:messaging/p:messaged/3:messages/d:messaged
metal,,"n. 金属, 金属制品, 合金, 本质, 质料\na. 金属制的\nvt. 以金属覆盖",zk gk cet4 cet6 ky ielts,1668,1574,s:metals/i:metaling/p:metaled/3:metals/d:metaled
meter,,"n. 米, 公尺, 仪表, 计量器\nvt. 以仪表计量",,7042,3024,s:meters/d:metered/3:meters/i:metering/p:metered
method,,"n. 方法, 办法, 条理, 秩序\n[医] [方]法",zk gk cet4 cet6 ky ielts,561,998,s:methods
mexican,,"n. 墨西哥人, 墨西哥语\na. 墨西哥的",gk,7301,2248,s:mexicans
mexico,,n. 墨西哥,gk,4177,0,
microscope,,n. 显微镜\n[化] 显微镜,gk cet4 cet6 ky toefl gre,7274,8309,s:microscopes/i:microscoping
middle,,"n. 中央, 中间, 腰部\na. 中央的, 中庸的, 中间的",zk gk,1360,988,s:middles/i:middling/p:middled/3:middles/d:middled
midnight,,"n. 午夜, 子夜, 半夜\na. 午夜的, 半夜的",gk cet4 cet6 ielts,3635,3461,s:midnights
might,,"n. 力量, 权力\naux. 可能, 也许",zk gk cet4 ky ielts,138,175,
mild,,"a. 温和的, 温柔的, 淡味的, 适度的, 轻微的, (肥皂等)软性的\n[医] 轻的, 缓和的",gk cet4 cet6 ky toefl,3774,3819,r:milder/t:mildest/s:milds
mile,,"n. 英里, 很大距离\n[机] 英里, 哩",zk gk cet4 cet6 ky,772,0,s:miles
military,,"n. 军队\na. 军事的, 军人的, 适于战争的",cet4 cet6 ky toefl,922,474,
milk,,"n. 奶, 乳状物\nvt. 挤乳, 榨取\nvi. 产乳",zk gk ielts gre,1881,2033,d:milked/i:milking/s:milks/p:milked/3:milks
millimetre,,n. 毫米\n[机] 公厘,cet4 cet6,9848,0,s:millimetres
million,,"n. 百万, 无数\nnum. 百万",gk ielts,336,222,
mind,,"n. 思想, 愿望, 智力, 记忆, 心理, 情绪, 理智, 主意, 心意\nvi. 介意, 注意, 留心\nvt. 注意, 留意, 专心于, 照看, 介意",zk gk ielts,385,469,s:minds/d:minded/i:minding/p:minded/3:minds
mine,,"n. 矿, 矿藏, 地雷\nvt. 挖掘, 开采, 在...布雷, 破坏\nvi. 开矿, 埋设地雷\npron. 我的",gk toefl ielts,1972,2236,s:mines/i:mining/d:mined/p:mined/3:mines
mineral,,"n. 矿物, 无机物, 苏打水\na. 矿物的, 似矿物的",gk toefl,3212,4583,s:minerals
minimum,,"a. 最小的, 最低的\nn. 最小值\n[计] 最小值",gk cet4 cet6 ky toefl ielts,2715,3633,s:minima
minister,,"n. 部长, 牧师, 公使\nvi. 服侍, 救助, 主持宗教仪式",gk cet4 cet6 ky ielts,294,1910,s:ministers/i:ministering/p:ministered/3:ministers/d:ministered
ministry,,"n. 部, 内阁, 服务\n[经] 部",gk cet4 cet6 ky toefl,1717,4242,s:ministries
minor,,"n. 未成年人, 副修科目\na. 较小的, 二流的, 未成年的\nvi. 副修\n[计] 次要",cet4 cet6 ky,1912,2610,s:minors
minority,,"n. 少数, 未成年, 少数民族\na. 少数的, 属于少数派的",gk cet4 cet6 ky toefl ielts,2106,1633,s:minorities
minute,,"n. 分, 分钟, 片刻, 备忘录, 笔记\nvt. 记录, 摘录, 测定时间\na. 微小的, 详细的",zk gk toefl ielts,348,308,s:minutes/3:minutes
mirror,,"n. 镜子, 写真, 典范\nvt. 反映, 映出",zk gk cet4 cet6 ky,2086,1853,s:mirrors/d:mirrored/p:mirrored/3:mirrors/i:mirroring
miss,,"n. 失误, 避免, 失败, 小姐\nvt. 未得到, 未达到, 未听到, 未觉察, 逃脱, 遗漏, 错过, 思念\nvi. 失败, 击不中",zk gk,919,833,d:missed/p:missed/i:missing/3:misses/s:misses
missile,,"n. 发射物, 导弹, 飞弹, 火箭\na. 可发射的",gk cet4 cet6 ky ielts gre,3749,2367,s:missiles
missing,,"a. 不见的, 缺少的\n[法] 行踪不明的, 失踪的, 遗失的",cet4 cet6 ky,4261,3499,0:miss/1:i/i:missing
mission,,"n. 任务, 代表团, 使命, 传教团\nvt. 派遣, 向...传教",cet4 cet6 ky toefl ielts,2599,1095,s:missions
mist,,"n. 雾, 迷蒙, 朦胧不清\nvt. 使模糊, 使蒙上雾\nvi. 变模糊, 下雾",gk cet4 cet6 ky ielts,4784,5967,s:mists/p:misted/i:misting/d:misted/3:mists
mistake,,"n. 错误, 误会\nvi. 犯错, 误认\nvt. 误解, 弄错\n[计] 错误",zk gk,1751,1430,s:mistakes/d:mistaken/i:mistaking/p:mistook/3:mistakes
mix,,"n. 混合物, 混乱, 糊涂\nvt. 使混合, 弄混, 使结合, 混淆\nvi. 相混合, 交往, 参与",gk cet4 ky,2156,1759,d:mixed/p:mixed/i:mixing/s:mixes/3:mixes
mixture,,"n. 混合, 混淆, 混合物\n[化] 混合物",gk cet4 cet6 ky ielts,2426,2413,s:mixtures
mm,,毫米\n[计] 毫米,gk,266,15832,
mobile,,"a. 移动的, 易变的, 机动的\nn. 活动物体",gk cet4 cet6 ky toefl ielts gre,4468,4686,s:mobiles
mode,,"n. 模态, 调式, 样式, 文体, 状态, 方式, 风尚\n[计] 方式; DOS外部命令:设定各种设备命令",cet4 cet6 ky toefl ielts gre,2219,2793,s:modes
model,,"n. 模型, 模范, 模特儿\na. 模范的, 作模型用的\nvi. 做模型, 做模特儿\nvt. 使模仿, 塑造\n[计] 模型",zk gk cet4 ky ielts,551,504,s:models/d:modelled/i:modelling/p:modelled/3:models
modern,,"n. 现代人, 有思想的人\na. 现代的, 时髦的",zk gk ielts,762,1046,s:moderns
modest,,"a. 谦逊的, 羞怯的, 端庄的, 适度的\n[经] 适当的",gk cet4 cet6 ky toefl ielts gre,3176,3101,
moment,,"n. 片刻, 瞬间, 重要, 阶段, 力矩\n[医] 片刻, 瞬间, 时机, 因素, 矩",zk gk toefl gre,361,369,s:moments
monday,,n. 星期一,zk gk ielts,1679,0,s:mondays
money,,"n. 金钱, 一笔款, 财富, 货币, 金额\n[经] 货币, 金钱, 财产",zk gk ielts,233,232,s:moneys
monitor,,"n. 监督器, 级长, 监听员, 班长, 监视器, 告诫物\nv. 监视, 监听, 监督\n[计] 监视器, 监视程序; 监视",zk gk cet4 cet6 ky toefl ielts,2431,2349,d:monitored/i:monitoring/s:monitors/3:monitors/p:monitored
monkey,,"n. 猴子, 猿, 打桩锤\nvi. 淘气, 胡闹\nvt. 嘲弄",zk gk cet4 ky,5405,4558,s:monkeys/i:monkeying/p:monkeyed/3:monkeys/d:monkeyed
month,,n. 月\n[经] 月,zk gk ielts,214,236,s:months
monthly,,"n. 月刊\na. 每月的, 每月一次的",cet4 ky,3652,3520,s:monthlies
monument,,"n. 纪念碑, 纪念物, 石碑",gk cet4 cet6 ky toefl,4736,4066,s:monuments
mood,,"n. 心情, 气氛, 生气, 基调\n[医] 心境",cet4 cet6 ky toefl ielts,2324,2344,s:moods
moon,,"n. 月亮, 月球, 月光\nvi. 闲荡\nvt. 虚度",zk gk,2646,2450,s:moons/i:mooning/p:mooned/3:moons/d:mooned
moral,,"n. 道德, 品行, 寓意\na. 道德的, 品性端正的, 精神上的",gk cet4 cet6 ky toefl,1787,1459,s:morals
more,,"n. 更多\na. 多的, 程度较大的, 更大的\nadv. 多, 更多, 进一步\n[计] DOS外部命令:显示满屏后自动暂停, 并显示:""--More--"", 按任意键继续",zk,74,81,
moreover,,"adv. 而且, 此外",cet4 cet6 ky ielts,2111,2282,
morning,,"n. 早晨, 早上, 初期",zk gk,445,357,s:mornings
moscow,,n. 莫斯科,gk,2724,0,
mosquito,,n. 蚊子\n[医] 蚊,gk cet4 cet6 ky ielts gre,12347,5667,s:mosquitos
most,,"n. 最多, 最大\na. 大多数的, 几乎全部的, 最多的\nadv. 最, 最多, 极其",zk gk ielts,153,144,
mostly,,"adv. 大概, 大部分, 主要\n[经] 大部份",cet4 cet6 ky toefl,2234,1324,
mother,,"n. 母亲, 修女院长\nvt. 产生, 照看, 收养",zk gk ielts,306,229,s:mothers/i:mothering/p:mothered/3:mothers/d:mothered
motion,,"n. 移动, 手势, 动作, 意向, 请求, 提议\nv. 打手势",cet4 cet6 ky toefl ielts,1767,1822,s:motions/p:motioned/i:motioning/3:motions/d:motioned
motivate,,"vt. 给与动机, 刺激, 提高...的学习欲望, 促动\n[经] 促动, 激发, 激励",cet4 cet6 ky toefl ielts,5069,3534,d:motivated/3:motivates/i:motivating/p:motivated
motivation,,"n. 动机, 刺激, 推动\n[医] 促动, 推动, 诱导",gk toefl ielts,3870,3126,s:motivations
motive,,"n. 动机, 目的, 主题, 基调\na. 运动的, 成为动机的",cet4 cet6 ky toefl,3406,3578,s:motives
motor,,"n. 马达, 发动机, 原动力, 汽车\na. 马达的, 发动机的, 汽车的, 发动的\nvt. 推动, 以汽车载运\nvi. 乘汽车, 驾车",gk cet4 cet6 ky,1895,3138,s:motors/p:motored/3:motors/i:motoring/d:motored
mount,,"n. 乘骑用马, 框, 衬纸, 山\nvi. 乘马, 爬上, 增长\nvt. 爬上, 使上马, 装上, 装裱, 安放, 制作...的标本, 设置, 上演\n[计] 安装",cet4 cet6 ky ielts,2596,2987,d:mounted/i:mounting/p:mounted/s:mounts/3:mounts
mountain,,"n. 山, 山脉, 大堆",zk gk ielts,1402,1240,s:mountains
mouse,,"n. 老鼠, 胆小羞怯的人, 鼠标\nvi. 捕鼠, 窥探\nvt. 探出\n[计] 鼠标",zk gk cet4 cet6 ky,2845,3305,s:mice/i:mousing/p:moused/3:mouses/d:moused
mouth,,"n. 嘴, 口, 口腔, 口状物\nvi. 装腔作势说话, 做鬼脸\nvt. 说出, 做作地说",zk gk toefl,1011,1060,s:mouths/p:mouthed/i:mouthing/d:mouthed/3:mouths
move,,"n. 移动, 迁居, 步骤\nvt. 移动, 开动, 感动, 搬(家)\nvi. 移动, 离开, 运行, 迁移, 摇动, 搬家, 交往, 进展, 脱手\n[计] 移动; 传送; DOS外部命令:移动文件, 它可将文件移动到指定的地方",zk gk,220,207,i:moving/p:moved/d:moved/3:moves/s:moves
movement,,"n. 运动, 动作, 运转, 移动, 倾向, 变化, 活动, 乐章\n[医] 运动",gk cet4 cet6 ky gre,564,707,s:movements
movie,,n. 电影,zk gk cet4 ky ielts,2856,576,s:movies
mr,,"先生\n[计] 存储器回收程序, 多重请求",,123,191,
mrs,,太太,,434,932,
ms,,"美国微软公司\n[计] 主存储器, 制造系统, 毫秒, 微软公司",,3849,1145,
much,,"n. 大量, 许多, 重要的事\na. 很多的, 重要的\nadv. 多, 甚, 几乎",zk gk,164,146,
mud,,"n. 泥, 诽谤\nvt. 弄脏",gk cet4 cet6 ky toefl,3520,3610,s:muds/i:mudding/p:mudded/3:muds/d:mudded
multiple,,"n. 倍数, 并联\na. 多样的, 许多的, 多功能的",cet4 cet6 ky toefl gre,3293,1948,s:multiples
murder,,"n. 谋杀\nvt. 谋杀, 损毁, 破坏\nvi. 犯杀人罪",zk gk cet4 cet6 ky,1560,1381,d:murdered/s:murders/p:murdered/i:murdering/3:murders
muscle,,"n. 肌肉, 臂力\n[医] 肌",cet4 cet6 ky gre,2314,1713,s:muscles/p:muscled/i:muscling/d:muscled/3:muscles
museum,,n. 博物馆,zk gk cet4 cet6 ky ielts,1209,1723,s:museums
mushroom,,"n. 蘑菇形物, 蘑菇, 暴发户\nvi. 迅速生长, 迅速增加, 采蘑菇\na. 蘑菇形的, 迅速生长的",gk cet4 cet6 ky toefl ielts gre,6009,4256,s:mushrooms/p:mushroomed/d:mushroomed/i:mushrooming/3:mushrooms
music,,"n. 音乐, 乐曲",zk gk ielts,667,392,s:musics
musical,,"n. 音乐片, 音乐舞台剧\na. 音乐的, 声音美妙的, 喜爱音乐的",gk cet4 cet6 ky ielts,2771,2097,s:musicals
musician,,"n. 音乐家, 乐师, 作曲家",gk cet4 cet6 ky,3697,2936,s:musicians
must,,"n. 必须, 未发酵葡萄汁, 绝对必要的事物\naux. 必须",zk,111,223,
my,,pron. 我的\n[医] 迈尔(热容单位),zk gk,61,44,
myself,,"pron. 我自己, 我亲自, 我独自",zk gk,804,662,
nail,,"n. 钉子, 指甲\nvt. 用钉钉牢, 使固定, 截住, 揭露",gk cet4 cet6 ky toefl,3556,3556,s:nails/d:nailed/i:nailing/p:nailed/3:nails
name,,"n. 名字, 名称, 姓名, 名义, 名誉, 文件名\nvt. 命名, 称呼, 任命, 提名, 列举\na. 姓名的, 据以取名的\n[计] 名称, 文件名, 姓名",zk gk,271,298,s:names/d:named/p:named/i:naming/3:names
narrow,,"n. 狭窄部分, 隘路\na. 狭窄的, 仔细的, 有限的, 勉强的, 狭隘的, 手紧的\nvi. 变窄\nvt. 使变狭窄",gk cet4 cet6 ky toefl,1725,2007,r:narrower/p:narrowed/d:narrowed/i:narrowing/3:narrows/t:narrowest
nation,,"n. 国家, 民族\n[法] 民族, 国家",gk cet4 cet6 ky,1177,412,s:nations
national,,"a. 国家的, 国立的, 全国性的, 民族的\n[经] 全国性的, 国家的, 国民的",zk gk cet4 cet6 ky ielts,232,231,s:nationals
nationality,,"n. 国籍, 国家, 民族性\n[法] 国家, 民族, 国民",gk cet4 cet6 ky toefl ielts,5673,7751,s:nationalities
native,,"n. 本地人, 土产, 当地人\na. 本国的, 与生俱来的, 自然的",gk cet4 cet6 ky ielts,3140,1403,s:natives
natural,,"n. 白痴\na. 自然的, 自然界的, 本能的, 天然的, 物质的, 正常的, 原始的, 自然数的",zk gk cet4 cet6 ky toefl ielts,709,715,
nature,,"n. 自然, 大自然, 本性, 性格, 性质\n[医] 自然, 大自然; 本性, 性能",zk gk cet4 cet6 ky ielts,553,696,s:natures
navy,,"n. 海军, 海军人员, 海军军力, 烟蒂",gk cet4 cet6 ky,3375,5950,s:navies
near,,"a. 近的, 近亲的, 近似的\nadv. 接近, 亲近\nprep. 靠近, 近似于\nv. 接近, 走近",zk gk,726,706,t:nearest/r:nearer/i:nearing/p:neared/3:nears/d:neared
nearby,,"a. 附近的, 近旁的\nadv. 在附近, 近旁地\nprep. 在...附近",gk cet4 cet6 ky,3327,2423,
nearly,,"adv. 几乎, 密切地",zk gk toefl,865,599,
neat,,"a. 整洁的, 巧妙的, 匀称的, 简洁的\nn. 牛",gk cet4 cet6 ky toefl ielts,3823,4683,r:neater/t:neatest
necessary,,a. 必要的；必然的；必需的,zk gk,555,982,s:necessaries
neck,,"n. 脖子, 衣领, 颈\nvi. 拥抱, 拥吻, 收缩\nvt. 割颈",zk gk cet4 cet6 ky toefl ielts,1569,1521,s:necks/i:necking/p:necked/3:necks/d:necked
need,,"n. 需要, 必须, 缺乏\nvt. 需要, 必需\nvi. 贫困, 有必要\naux. 需要",zk gk,132,132,s:needs/3:needs/d:needed/p:needed/i:needing
needle,,"n. 针, 尖\nvt. 用针缝\nvi. 缝纫\n[计] 探针",gk cet4 cet6 ky gre,3238,3804,s:needles/i:needling/p:needled/3:needles/d:needled
negative,,"n. 否定, 否定语, 负数, 底片\na. 否定的, 消极的, 负的, 阴性的\nn. 负数, 负值\n[计] 负数, 负值",cet4 cet6 ky toefl ielts,2015,1470,s:negatives/d:negatived/p:negatived/i:negativing/3:negatives
negotiate,,"vi. 商议, 谈判, 交涉\nvt. 谈妥, 转让, 处理",gk cet6 ky toefl gre,2586,2541,i:negotiating/d:negotiated/p:negotiated/3:negotiates
neighbor,,"n. 邻居\nvt. 邻接\nvi. 毗邻而居, 友好\na. 邻近的",ky toefl,0,1424,s:neighbors/i:neighboring/p:neighbored/3:neighbors/d:neighbored
neighborhood,,"n. 附近, 邻近",cet4 ky,49659,1134,s:neighborhoods
neither,,"adv. 皆不, 两个都不\na. (两者)都不的\npron. 两者都不\nconj. 既非, 既不",zk gk,1721,1790,
nephew,,"n. 侄子, 外甥",gk cet4 cet6 ky,6440,6362,s:nephews
nervous,,"a. 神经紧张的, 不安的, 神经的\n[医] 神经的; 神经质的, 神经过敏的",zk gk cet4 cet6 ky toefl ielts,2632,2393,
nest,,"n. 巢, 窝, 休息所, 隐匿处\nvi. 筑巢, 找鸟巢\nvt. 为...设窝, 使套叠\n[计] 嵌套",gk cet4 cet6 ky,3867,4131,s:nests/i:nesting/d:nested/3:nests/p:nested
net,,"n. 网, 网状物, 罗网, 净利, 净价\na. 净的, 最终的\nvt. 用网捕, 撒网, 净赚, 得到\nvi. 编网\n[计] 网络, 网络分析程序",gk cet4 cet6 ky toefl,2189,2884,s:nets/p:netted/d:netted/i:netting/3:nets
network,,"n. 网络, 广播网, 网状物\n[计] 网络",gk cet4 cet6 ky ielts,1102,882,s:networks/i:networking/d:networked/p:networked/3:networks
never,,"adv. 从不, 决不, 不曾\n[法] 永不, 决不, 从来没有",zk gk,157,138,
nevertheless,,"adv. 然而, 虽然如此\nconj. 然而",cet4 cet6 ky ielts,1337,2582,
new,,"a. 新的, 陌生的, 最近的, 不熟悉的\n[法] 新发现的, 新的, 重新开始的",zk gk,81,88,r:newer/t:newest
news,,"n. 新闻, 消息, 报导\n[法] 新闻, 消息, 新闻报导",zk gk,692,574,
newspaper,,n. 报纸,zk gk ielts,1164,1064,s:newspapers
next,,"n. 下一个\na. 下一个的, 其次的, 贴近的\nadv. 然后, 下次, 次于\n[计] 近邻干扰",zk gk,199,217,
nice,,"a. 美好的, 和蔼的, 正派的, 做得好的, 精密的, 细微的, 挑剔的, 谨慎的",zk gk gre,750,897,r:nicer/t:nicest
niece,,"n. 侄女, 甥女",gk cet4 cet6 ky,7967,7475,s:nieces
night,,"n. 夜, 夜晚, 晚上, 黑暗, 夜晚的工作\n[法] 夜, 黑夜, 黑暗",zk gk ielts,216,209,s:nights
nine,,"num. 九, 九个",zk gk,737,1154,
nineteen,,"num. 十九, 十九个",zk gk cet4 ky,1907,7818,
ninety,,"num. 九十, 九十个",zk gk,1948,8279,
ninth,,"num. 第九, 九分之一",zk gk,5636,5059,
no,,"n. 不, 拒绝, 否决票\na. 没有, 不是, 绝非\nadv. 不",zk gk,68,93,
noble,,"n. 贵族\na. 高贵的, 高尚的, 贵族的, 辉煌的",gk cet4 cet6 ky ielts,4808,5553,s:nobles
nobody,,"n. 小人物, 无名小卒\npron. 无人, 没有人",zk gk,1529,1151,s:nobodies
nod,,"n. 点头, 打盹, 晃动\nvi. 点头, 打盹\nvt. 点头表示, 点(头)",zk gk cet4 cet6 ky toefl,1573,1557,p:nodded/i:nodding/3:nods/s:nods/d:nodded
noise,,"n. 噪音, 杂音, 响声, 喧闹\nvt. 谣传\nvi. 喧闹\n[计] 噪声",zk gk ielts,1667,2012,s:noises/i:noising/p:noised/3:noises/d:noised
noisy,,"a. 嘈杂的, 喧闹的\n[机] 噪声的, 嘈杂的",gk cet4 cet6 ky toefl ielts,5244,6565,r:noisier/t:noisiest
nonchalant,,"a. 不关心的, 冷淡的, 无动于衷的",gre,24264,20830,
none,,"adv. 一点也不, 毫不\npron. 没有人, 无一物, 并无一个\na. 没有的",zk gk,1182,1086,
noodle,,"n. 面条, 笨蛋",zk gk ky,21573,7939,s:noodles/3:noodles/i:noodling/p:noodled
noon,,"n. 正午, 中午, 全盛期",zk gk,6907,3820,s:noons
nor,,"conj. 也不, 也没有\n[计] 或非",zk gk,810,1062,
normal,,"n. 常态, 标准, 正常, 普通\na. 正常的, 正规的, 标准的, 师范的, 正态的\n[计] 标准, 普通",zk gk cet4 cet6 ky toefl ielts,811,1217,s:normals
north,,"n. 北方, 北\na. 北的, 北方的\nadv. 向北方, 在北方",zk gk,1746,578,
northeast,,"n. 东北\na. 东北的, 向东北的, 来自东北的\nadv. 向东北, 来自东北",gk cet4 cet6 ky,16006,4122,
northern,,"n. 北方人\na. 北方的, 向北的, 自北方来的",zk gk cet4 cet6 ky,1445,1556,
northwest,,"n. 西北, 西北方\na. 西北的, 在西北的, 来自西北的\nadv. 向西北",gk cet4 cet6 ky,14975,3403,
nose,,"n. 鼻子, 突出部分, 嗅觉\nvt. 嗅到, 探出, 用鼻子触\nvi. 闻, 嗅, 探听, 告密",zk gk,1887,1735,s:noses/i:nosing/p:nosed/d:nosed/3:noses
not,,"adv. 不, 非, 未\n[计] 非",zk gk,13,28,
note,,"n. 笔记, 记录, 注解, 票据, 符号, 显要, 注重, 便笺, 照会\nvt. 记录, 注解, 注意",zk gk toefl,799,703,s:notes/d:noted/p:noted/i:noting/3:notes
notebook,,"n. 笔记本, 手册, 期票簿",zk gk cet4 cet6 ky ielts,5410,4427,s:notebooks
nothing,,"n. 无, 不关紧要之事, 零\nadv. 毫不, 决不\ninterj. 什么也没有, 无",zk gk ielts,258,315,
notice,,"n. 注意, 布告, 通知, 预告, 短评\nvt. 注意, 通知, 评论, 提及, 关注\nvi. 注意",zk gk cet4 cet6 ky toefl ielts,1034,1044,p:noticed/d:noticed/i:noticing/s:notices/3:notices
novel,,"n. 小说, 长篇故事\na. 新奇的, 异常的",gk cet4 cet6 ky toefl ielts,2109,1647,s:novels
novelist,,n. 小说家,gk,6213,6348,s:novelists
november,,n. 十一月,zk gk ielts,1059,0,
now,,"adv. 现在, 刚才, 目前\nn. 现在\na. 现在的\nconj. 由于",zk gk,67,72,
nowadays,,"n. 现在, 现时, 当今\nadv. 时下, 现今",gk cet4 cet6 ky toefl,4094,6788,
nowhere,,"adv. 无处, 到处都无",gk cet4 cet6 ky ielts,3107,2924,
nuclear,,"a. 核子的, 原子能的, 核的, 中心的\n[医] 核的",gk cet4 cet6 ky toefl,1221,1176,
number,,"n. 数, 数字, 数目, 号码\nvt. 数, 计算, 共计\nvi. 计算, 报数\n[计] 数字",zk gk,143,204,s:numbers/d:numbered/p:numbered/i:numbering/0:numb/1:r/3:numbs
nurse,,"n. 护士, 保姆, 奶妈\nvt. 看护, 照顾, 培养\nvi. 喂奶, 看护病人",zk gk toefl ielts,1650,1875,s:nurses/i:nursing/p:nursed/d:nursed/3:nurses
nursery,,"n. 托儿所, 苗圃, 温床\n[医] 婴儿室, 托儿所",gk cet4 cet6 ky ielts,3383,5632,s:nurseries
nut,,"n. 坚果, 核心, 螺帽\n[计] Novell NetWare服务器实用程序",gk cet4 cet6 ky,4276,3188,s:nuts/i:nutting/3:nuts/p:nutted/d:nutted
nutrition,,"n. 营养, 营养学\n[医] 营养, 营养品",gk cet6 ky toefl ielts gre,8940,5563,
o'clock,,"n. ...点钟, 钟头",,0,4064,
object,,"n. 物体, 目标, 目的, 对象, 宾语, 客体\nvi. 反对, 抱反感\nvt. 提出...来反对\n[计] 对象",zk gk cet4 cet6 ky ielts,1028,1153,s:objects/p:objected/d:objected/i:objecting/3:objects
objective,,"n. 目的, 目标, 宗旨, 宾格, 实物\na. 客观的, 如实的, 无偏见的, 宾格的",cet4 cet6 ky toefl ielts gre,1322,2406,s:objectives
obscure,,"a. 模糊的, 昏暗的, 难解的, 晦涩的, 偏僻的, 微贱的, 无名的\nvt. 使变暗, 隐藏, 使变模糊, 使难解",cet4 cet6 ky toefl ielts gre,5564,5853,d:obscured/3:obscures/i:obscuring/p:obscured/r:obscurer
observe,,"vt. 觉察到, 遵守, 注意到, 庆祝\nvi. 注意, 评论",gk cet4 cet6 ky toefl ielts,1288,1294,d:observed/p:observed/i:observing/3:observes
obtain,,"vt. 获得, 达到\nvi. 流行, 得到公认",gk cet4 cet6 ky toefl,793,1595,d:obtained/i:obtaining/p:obtained/3:obtains
obvious,,"a. 明显的, 明白的, 显然的, 平淡无奇的",gk cet4 cet6 ky toefl ielts gre,1173,1689,
obviously,,"adv. 显而易见地, 明显地",cet4 cet6,908,1278,
occasion,,"n. 场合, 时机, 机会, 诱因, 理由\nvt. 惹起, 引起",cet4 cet6 ky toefl ielts,1090,2262,s:occasions/d:occasioned/i:occasioning/p:occasioned/3:occasions
occupation,,"n. 职业, 占有, 占有期, 占领, 占领军\n[经] 占有, 占用, 职业",gk cet4 cet6 ky toefl ielts gre,2591,3334,s:occupations
occupy,,"vt. 占领, 占(时间、空间等), 住进, 担任, 使从事, 使全神贯注\n[法] 占领, 占据, 占有",cet4 cet6 ky toefl ielts,1991,2710,d:occupied/3:occupies/p:occupied/i:occupying
occur,,"vi. 发生, 被想到, 存在",gk cet4 cet6 ky toefl ielts,634,756,3:occurs/p:occurred/d:occurred/i:occurring
ocean,,"n. 海洋, 广阔, 许多, 一大片\n[法] 海洋, 海",zk gk cet4 ky ielts,3015,1842,s:oceans
october,,n. 十月,zk gk ielts,940,0,
odd,,"a. 奇数的, 古怪的, 剩余的, 零散的, 各种各样的, 少量的\nn. 奇特的事物, 怪人\n[计] 奇数, 奇校验, 光数据数字转换器",cet4 cet6 ky toefl ielts,2002,2738,
of,,"prep. 的, 属于",zk gk,3,4,
off,,"a. 关着的, 不再生效的, 处于...境况的, 休假的, 空闲的\nadv. 走开, ...掉, ...下, 休息, 出发, 隔断\nprep. 离开, 脱落, 不在从事......, 在...之外\nvi. 离开, 滚开\nvt. 杀死\nn. 关闭状态\n[计] 关闭, 清屏命令",zk gk,174,205,i:offing/p:offed/3:offs/d:offed
offer,,"n. 给予(物), 出价, 提议, 意图, 报价\nvt. 提供, 出价, 奉献, 试图, 使出现, 演出\nvi. 出现, 献祭, 提议, 求婚",zk gk cet4 cet6 ky toefl ielts,307,373,d:offered/3:offers/i:offering/p:offered/s:offers
office,,"n. 办公室, 部, 公职, 职责\n[化] 办公室",zk gk ielts,303,341,s:offices
officer,,"n. 军官, 主管, 官员, 公务员\nvt. 指挥",zk gk cet4 cet6 ky ielts,556,671,s:officers/i:officering/p:officered/3:officers/d:officered
official,,"n. 官员, 公务员, 职员\na. 公务的, 官方的, 正式的",gk cet4 cet6 ky toefl,1199,526,s:officials
often,,"adv. 时常, 常常",zk gk,230,274,
oh,,interj. (表示惊讶、恐怖、赞叹)哦,gk,120,411,
oil,,"n. 油, 石油, 油画颜料\nvt. 涂油于, 使融化成油状, 加油于\nvi. 加燃油, 融化",zk gk cet4 ky ielts,906,546,s:oils/p:oiled/i:oiling/d:oiled/3:oils
ok,,"a. 好, 不错, 可以\nadv. 好, 不错, 可以\nn. 批准, 认可\n[计] 确定",zk gk,3743,830,
old,,"n. 以前, 往昔\na. 老的, 旧的, 古老的, 年长的, 老练的",zk gk,126,152,r:older/t:oldest/s:olds
olympics,,n. 奥林匹克运动会,,0,3768,0:olympic/1:s
on,,prep. 在...之上\nadv. ...上去\na. 正起作用的\n[计] 打开,zk gk ielts,17,17,
once,,"adv. 一次, 曾经, 一旦\nconj. 一旦, 一经\nn. 一次\na. 从前的",zk gk ielts,548,300,
one,,"n. 一(个)\npron. 一, 任何人\nnum. 一, 一个\na. 一致的, 完整的",zk gk ielts,46,51,s:ones
onion,,n. 洋葱\nvt. 因洋葱使掉泪,gk cet4 cet6 ky,5108,2567,s:onions
online,,[计] 联机,ielts,9396,2257,
only,,"a. 唯一的, 仅有的, 最佳的\nadv. 只有, 仅仅, 只能\nconj. 但是, 不过",zk gk,70,101,
onto,,prep. 在...之上,gk cet4 ky,1535,926,s:ontos
open,,"n. 公开, 户外, 空旷\na. 开着的, 开放的, 开阔的, 营业着的, 公开的, 悬而未决的\nvt. 打开, 公开, 开放\nvi. 展开, 开始, 展现\n[计] 打开指令; 打开语句",zk gk,403,355,p:opened/d:opened/i:opening/3:opens
opening,,"n. 开始, 口子, 穴, 揭幕\na. 开始的",gk cet4 cet6 ky ielts,1730,1940,0:open/1:i/i:opening/s:openings
opera,,n. 歌剧,gk cet4 cet6 ky toefl,2984,3851,s:operas
operate,,"v. 操作, 运转, 动手术, 活动",gk cet4 cet6 ky toefl,970,1309,i:operating/d:operated/3:operates/p:operated
operation,,"n. 操作, 动作, 手术, 运算, 作用, 业务\n[计] 运算",zk gk cet4 cet6 ky,619,826,s:operations
operator,,"n. 操作员, 行家, 经纪人, 算子, 运算符\n[计] 运算符",gk cet4 cet6 ky toefl,2700,3210,s:operators
opinion,,"n. 意见, 评价, 主张\n[经] 意见",gk cet4 cet6 ky toefl ielts,1067,1124,s:opinions
opponent,,"n. 对手, 敌手, 反对者\na. 敌对的, 反对的, 对面的",cet4 cet6 ky toefl ielts gre,2663,2181,s:opponents
opportunity,,"n. 机会, 时机",cet4 cet6 ky toefl ielts,618,625,s:opportunities
oppose,,"vt. 反对, 以...对抗, 抗争\nvi. 反对",gk cet4 cet6 ky toefl ielts gre,2559,1945,d:opposed/p:opposed/i:opposing/3:opposes
opposite,,"a. 相对的, 相反的, 对面的\nprep. 对面\nn. 对立面",gk cet4 cet6 ky toefl ielts,2574,2222,s:opposites
optimistic,,"a. 乐观的, 乐观主义的, 乐天的",gk cet4 cet6 ky toefl,4963,4141,
option,,"n. 选择权, 挑选, 选项\n[计] 选项",cet4 cet6 ky toefl ielts,1086,1102,s:options
or,,"conj. 或, 或者\n[计] 或",zk gk,29,32,
oral,,"n. 口试\na. 口头的, 口述的, 口部的",gk cet4 cet6 ky toefl ielts,3468,3875,s:orals
orange,,"n. 柑橘, 桔子, 橘色\na. 橘色的",zk gk,3959,3145,s:oranges
orbit,,"n. 轨道, 常轨, 眼眶\nvt. 绕...轨道而行\nvi. 进入轨道, 盘旋",gk cet4 cet6 ky toefl ielts,6177,4178,s:orbits/i:orbiting/p:orbited/3:orbits/d:orbited
order,,"n. 次序, 规则, 命令\nvi. 命令, 定货\nvt. 整理, 命令, 定购\nn. 顺序, 阶数\n[计] 顺序, 阶数",zk gk ielts,368,684,s:orders/d:ordered/p:ordered/i:ordering/3:orders
ordinary,,"a. 平常的, 普通的, 平凡的\nn. 平常的人(或事)",gk cet4 cet6 ky ielts,1387,2268,s:ordinaries
organ,,"n. 风琴, 器官, 元件, 机构, 机关\n[电] 风琴",gk cet4 cet6 ky ielts,3101,3394,s:organs
organic,,"a. 器官的, 有机的, 组织的, 根本的\n[医] 器官的, 有生命的, 有机的, 器质的",cet4 cet6 ky toefl ielts,3457,3070,s:organics
organisation,,"n. 组织, 团体, 体制, 编制",,751,0,s:organisations
organization,,"n. 组织, 结构, 团体, 体制\n[医] 组织, 机构, 机化(血栓或坏死组织)",gk cet4 cet6 ky ielts,1079,595,s:organizations
origin,,"n. 起源, 起因, 出身, 开端\n[计] 原点; 起始地址; 信件来源的相关数据",gk cet4 cet6 ky toefl ielts,1898,2547,s:origins
original,,"a. 最初的, 原始的, 有创意的\nn. 原物, 原作",cet4 cet6 ky toefl ielts gre,918,1135,s:originals
other,,"a. 其他的, 另外的, 从前的\npron. 其他的, 他人, 另外一个",zk gk,69,75,s:others
otherwise,,"adv. 否则, 不同地, 别的方式",gk cet4 cet6 ky ielts,1133,1527,
ought,,"aux. 应该, 大概\nn. 责任",gk cet4 cet6 ky,1546,1755,
our,,pron. 我们的,zk gk,93,79,
ours,,pron. 我们的,zk gk,3947,4099,
ourselves,,pron. 我们自己,zk gk,1994,1766,
out,,"a. 外面的, 熄灭的, 结束的\nadv. 在外, 熄灭, 出现\nprep. 出自, 离去, 向",zk gk,62,64,i:outing/p:outed/3:outs/d:outed
outcome,,"n. 结果, 出口",gk cet4 cet6 ky toefl ielts,1957,1747,s:outcomes
outer,,"a. 外部的, 外面的, 在外的, 远离中心的\n[机] 外部的, 外面的, 外侧的",gk cet4 cet6 ky,3097,3698,s:outers
outgoing,,"n. 外出, 开支, 流出\na. 喜欢外出的, 即将离职的, 乐于助人的",gk toefl gre,7704,9020,s:outgoings/i:outgoing/0:outgoing/1:i
outline,,"n. 大纲, 轮廓, 概要\nvt. 描画轮廓, 描述要点\nn. 大纲, 分级, 轮廓\n[计] 大纲, 分级, 轮廓",gk cet4 cet6 ky toefl ielts gre,2838,4429,d:outlined/s:outlines/p:outlined/i:outlining/3:outlines
output,,"n. 输出, 产品, 产量\n[计] 输出",gk cet4 cet6 ky toefl ielts,1540,4085,s:outputs/d:output/0:output/1:d/3:outputs/i:outputting
outside,,"n. 外面, 外表, 外界\na. 外面的, 外表的, 外界的\nadv. 外面, 外表, 外界",zk gk,857,809,
outstanding,,"a. 杰出的, 突出的, 未偿付的, 未决定的\n[经] 未解决的, 未偿付",gk cet4 cet6 ky toefl,2714,4000,
over,,"adv. 结束, 越过, 从头到尾\nprep. 在...之上, 遍于...之上, 越过\na. 上面的\nvt. 越过",zk gk,110,124,s:overs
overall,,"a. 全部的, 全体的, 从头至尾的, 一切在内的\nadv. 从头到尾, 总的说来\nn. 罩衫, 工作服",cet4 cet6 ky toefl ielts,1565,1941,s:overalls
overcome,,"vt. 战胜, 克服, 胜过\nvi. 得胜",gk cet4 cet6 ky toefl ielts,2462,2707,d:overcome/0:overcome/1:d/i:overcoming/p:overcame/3:overcomes
overlook,,"vt. 俯瞰, 远眺, 没注意到\nn. 眺望, 俯瞰到的景色",gk cet4 cet6 ky toefl ielts gre,3391,3139,i:overlooking/d:overlooked/3:overlooks/p:overlooked
overseas,,"a. 海外的, 国外的\nadv. 在海外, 在国外",cet4 cet6 ky ielts,2990,4955,
owe,,"vt. 亏欠, 负...债, 归功于, 怀有, 应给予, 感恩\nvi. 欠钱",gk cet4 cet6 ky ielts,2323,2979,i:owing/p:owed/3:owes/d:owed
own,,"n. 自己的\na. 自己的, 嫡亲的, 同胞的\nvt. 拥有, 支配, 自认, 承认, 顺从于\nvi. 承认, 供认",zk gk,118,148,d:owned/3:owns/p:owned/i:owning
owner,,"n. 拥有者, 物主, 所有人\n[经] 所有者, 物主, 业主",zk gk cet4 cet6 ky,1153,1021,s:owners
ownership,,"n. 所有权, 物主身份\n[经] 所有权, 所有制",gk cet4 cet6 ky ielts,2672,3585,s:ownerships
oxygen,,n. 氧\n[化] 氧O-2,gk cet4 ky toefl,3719,3839,s:oxygens
p.m.,,"下午, 午后",cet4,0,0,
pace,,"n. 速度, 步调, 步法\nvi. 踱步, 缓慢走\nvt. 用步测, 踱步于",gk cet4 cet6 ky toefl ielts,2461,2533,s:paces/i:pacing/p:paced/3:paces/d:paced
pacific,,"n. 太平洋\na. 太平洋的, 太平洋沿岸的, 爱好和平的, 安静的, 平息的",zk gk cet4 cet6 ielts,2913,26607,
pack,,"n. 包裹, 一伙, 一副, 背包, 包装\nvt. 包装, 捆扎, 塞满, 压紧, 挑选\nvi. 包装货物, 挤, 群集, 被包装\n[计] 压缩",gk cet4 ky toefl gre,2523,2273,d:packed/s:packs/p:packed/i:packing/3:packs
package,,"n. 包裹, 套装软件, 包, 包装用物, 程序包\nvt. 包装, 打包\na. 一揽子的\n[计] 包, 软件包, 包装",zk gk cet4 cet6 ky toefl ielts,1336,1685,s:packages/d:packaged/i:packaging/p:packaged/3:packages
packet,,"n. 小包, 一批信件, 大量, 信息包\nvt. 打包, 装进小包\n[计] 分组, 分组报文, 数据分组",gk cet4 cet6 ky,3805,6240,s:packets
page,,"n. 页, 记录, 事件, 专栏, 男侍\nvt. 标明...的页数, 翻...的书页, 分页排版, 呼叫, 侍候\nvi. 翻书页, 侍侯\n[计] 页; 页面",zk gk,658,708,s:pages/i:paging/p:paged/3:pages/d:paged
pain,,"n. 痛苦, 疼痛, 辛苦\nvt. 使痛苦, 痛苦\nvi. 作痛, 疼",gk cet4 cet6 ky,1184,937,s:pains/p:pained/i:paining/3:pains/d:pained
painful,,"a. 痛苦的, 困难的, 令人烦恼的\n[医] 疼痛的",gk cet4 cet6 ky,3638,3034,
paint,,"n. 油漆, 颜料, 绘画作品, 涂漆\nvt. 油漆, 绘, 画, 描绘, 装饰, 点缀\nvi. 绘画, 涂漆",zk gk cet4 ky,2040,1555,d:painted/p:painted/i:painting/s:paints/3:paints
painter,,"n. 画家, 油漆匠\n[机] 油漆匠, 喷漆匠",gk cet4 ky,3579,3322,s:painters
painting,,"n. 画, 绘画, 油漆\n[化] 涂漆",gk cet4 cet6 ky toefl ielts,1348,1056,s:paintings/i:painting/0:painting/1:i
pair,,"n. 一双, 一对, 一副\nv. (使)成对",zk gk ielts,1213,1485,s:pairs/d:paired/p:paired/i:pairing/3:pairs
palace,,"n. 宫, 宫殿, 华丽大厦",zk gk ielts,1935,4678,s:palaces
pale,,"n. 栅栏, 界线, 范围\na. 苍白的, 暗淡的, 无力的\nvi. 变苍白, 变暗, 失色\nvt. 使变苍白, 使失色, 用栅栏围",zk gk cet4 cet6 ky toefl,2315,2935,r:paler/p:paled/t:palest/3:pales/i:paling/d:paled/s:pales
pan,,"n. 平锅, 浅盘, 盆地, 硬土层, 拍摄全景\nv. 上下左右移动, 摇镜头, 淘洗, 淘金",gk cet4 cet6 ky gre,4319,2479,s:pans/d:panned/i:panning/p:panned/3:pans
pancake,,"n. 薄烤饼, 薄煎饼, 烙饼",zk gk,15188,7331,s:pancakes/d:pancaked
panda,,"n. 大熊猫, 小熊猫",zk gk cet4 ky,15519,14691,s:pandas
panel,,"n. 嵌板, 仪表板, 专题讨论小组, 全体陪审员\nvt. 嵌镶板",cet4 cet6 ky toefl ielts gre,1859,1607,s:panels/d:panelled/i:panelling/p:panelled/3:panels
panic,,"n. 恐慌, 惊慌\na. 惊慌的, 没有理由的, 恐慌的\nvt. 使惊慌, 使狂热\nvi. 惊慌",gk cet6 ky toefl ielts gre,3777,4310,i:panicking/s:panics/3:panics/p:panicked/d:panicked
paper,,"n. 纸, 文件, 文章, 报纸, 证券, 证件\nvt. 用纸糊, 贴壁纸于, 用纸包装\nvi. 贴壁纸\na. 纸做的, 纸上的",zk gk ielts,395,519,s:papers/d:papered/i:papering/p:papered/3:papers
paragraph,,"n. 段落, 短评\nvt. 将...分段, 分段落\nvi. 写短讯\n[计] 段落",gk cet4 cet6 ky,2495,5897,s:paragraphs/i:paragraphing/p:paragraphed/3:paragraphs/d:paragraphed
parallel,,"n. 平行, 对比, 相匹敌之物\na. 平行的, 相似的\nvt. 与...平行, 与...相似, 相比, 使平行\n[计] 并联; 并行",gk cet4 cet6 ky toefl ielts gre,3869,5840,s:parallels/3:parallels/i:paralleling/p:parallelled/d:parallelled
parcel,,"n. 包裹, 部分, 片\nvt. 分配, 打包\na. 部分的\nadv. 局部地",gk cet4 cet6 ky ielts,4933,7729,s:parcels/d:parcelled/i:parcelling/3:parcels/p:parcelled
pardon,,"n. 原谅, 赦免\nvt. 宽恕, 原谅",zk gk,4052,7831,d:pardoned/s:pardons/p:pardoned/i:pardoning/3:pardons
parent,,"n. 父母, 父母亲, 根源\n[法] 父亲, 母亲, 根源",zk gk ielts,494,327,s:parents
paris,,n. 巴黎\n[医] 重楼属,gk,1548,0,
park,,"n. 公园, 停车处\nvt. 停车, 置于\nvi. 停车",zk gk ielts,853,3467,s:parks/d:parked/p:parked/i:parking/3:parks
parking,,n. 停车\na. 停车的,gk ielts,4375,2322,0:park/1:i/i:parking
part,,"n. 部分, 局部, 零件, 要素, 等分, 职责, 角色, 部位\nvt. 分开, 分离, 断绝, 区别, 分配\nvi. 分开, 断裂, 分手\na. 部分的, 局部的\nadv. 部分地, 有些",zk gk cet4 ky ielts,140,178,s:parts/d:parted/p:parted/i:parting/3:parts
participate,,"vi. 参加, 分享, 参与, 带有\nvt. 分享, 分担",gk cet4 cet6 ky toefl ielts,2783,1482,i:participating/p:participated/d:participated/3:participates
particular,,"n. 一项(或条、点), 个别项目, 详细说明\na. 特别的, 独有的, 挑剔的, 详尽的",gk cet4 cet6 ky gre,431,948,
partly,,"adv. 部分地, 在一定程度上",gk cet4 cet6 ky,1638,2824,
partner,,"n. 合伙人, 股东, 伙伴, 伴侣\nvt. 与...合伙, 组成一对\nvi. 做伙伴, 当助手",gk cet4 cet6 ky,1144,1048,s:partners/i:partnering/d:partnered/p:partnered/3:partners
party,,"n. 宴会, 党, 政党, 团体, 当事人, 聚会\nv. 举办聚会",zk gk toefl ielts,166,351,s:parties/i:partying/p:partied/3:parties/d:partied
pass,,"n. 经过, 要隘, 途径, 通行, 护照, 及格\nvt. 经过, 越过, 通过, 批准, 度过, 传递, 忽略\nvi. 经过, 变化, 流通, 及格, 宣判, 终止, 消逝, 被忽略, 不叫牌, 传递\n[计] 遍",zk gk ielts,480,441,d:passed/p:passed/i:passing/3:passes/s:passes
passage,,"n. 通道, 通过, 移居, 航行, 一段, 走廊\nvi. 通过, 经过, 航行, 横渡, 争吵\nvt. (使)马以斜横步前进, 使传代",zk gk toefl ielts,1783,2210,s:passages
passenger,,"n. 乘客, 旅客\n[经] 乘客, 旅客",zk gk cet4 cet6 ky,2001,2080,s:passengers
passion,,"n. 激情, 酷爱, 热爱, 强烈感情, 耶稣受难(故事)",cet4 cet6 ky toefl ielts,2957,2283,s:passions
passive,,"a. 消极的, 被动的, 冷漠的, 顺从的, 无源的\n[医] 被动的",gk cet4 cet6 ky toefl ielts gre,4512,5680,s:passives
passport,,"n. 护照, 手段, 通行证\n[法] 通行证, 护照",zk gk ielts,5283,6239,s:passports
past,,"n. 过去, 昔时, 往事, 早年经历, 过去时\na. 过去的, 结束的, 卸任的, 过去时的\nprep. 越过, 晚于, 超越, 超出...的可能性(能力、范围等)\npass的过去分词",zk gk,1116,680,
patent,,"n. 专利权, 许可证, 执照, 专利品, 素质\na. 专利的, 特许的, 显著的, 新奇的\nvt. 取得...的专利权, 请准专利",gk cet6 ky toefl ielts gre,4835,4405,s:patents/d:patented/p:patented/i:patenting/3:patents
path,,"n. 路径, 小路, 道路, 途径, 路线, 轨道\n[计] 路径; DOS内部命令:设定DOS读取程序的路径",zk gk cet4 cet6 ky toefl,1266,1336,s:paths
patience,,"n. 耐性, 忍耐",gk cet4 cet6 ky toefl,4928,4177,
patient,,"n. 病人, 承受者\na. 忍耐的, 容忍的, 有耐性的, 坚忍的",zk gk cet4 cet6 ky,384,572,s:patients
pattern,,"n. 模范, 典型, 式样, 样品, 图案, 格调, 模式\nvt. 模仿, 仿造, 以图案装饰\nvi. 形成图案\n[计] 模式, 图案",gk cet4 cet6 ky ielts,676,1017,s:patterns/i:patterning/p:patterned/3:patterns/d:patterned
pause,,"n. 暂停, 中止, 停顿, 间歇, 踌躇, 休止符\nvi. 暂停, 中止, 停顿, 踌躇\n[计] DOS内部命令:暂时停止批处理文件的执行",gk cet4 cet6 ky,2566,2777,p:paused/i:pausing/s:pauses/3:pauses/d:paused
pay,,"n. 薪资, 付款, 补偿\nvt. 支付, 付清, 补偿, 偿还, 对...有利, 为...涂防水物\nvi. 付款, 付出代价, 偿还, 得到报应, 获得好处",zk gk ielts,227,286,d:paid/i:paying/p:paid/3:pays
peace,,"n. 和平, 和约, 治安, 和睦, 安宁, 静寂\nvi. 安静下来, 不作声",zk gk cet4 ky,1123,933,
peaceful,,"a. 平静的, 和平的, 和平时期的, 爱好和平的, 喜爱安静的\n[法] 和平的, 爱好和平的, 和平时期的",gk cet4 cet6 ky,3937,3655,
peak,,"n. 山峰, 巅, 山顶, 顶点, 尖峰, 帽舌\na. 最高的, 最大值的\nvi. 到达最高点, 消瘦, 变憔悴, 逐渐缩小\nvt. 使竖起, 使达到最高点",cet4 cet6 ky toefl gre,2312,2364,s:peaks/p:peaked/d:peaked/i:peaking/3:peaks
pear,,"n. 梨子, 梨树, 梨木\n[机] 梨木",zk gk cet4 cet6 ky,8976,6857,s:pears
peasant,,"n. 农夫, 乡下人",gk cet4 cet6 ky,2564,4680,s:peasants
pen,,"n. 钢笔, 笔, 笔调, 笔杆子, 作家, 围栏, 栅栏, 禽畜\nvt. 写, 关入栏中, 囚禁\nvi. 动笔, 写作",zk gk gre,3020,3583,s:pens/p:penned/d:penned/i:penning/3:pens
pencil,,"n. 铅笔, 色笔, 眉笔, 画笔, 光线束\nvt. 用铅笔写或涂, 草拟",zk gk,4530,4410,s:pencils/d:pencilled/p:pencilled/i:pencilling/3:pencils
penny,,"n. 便士, 一分, 小钱, 点滴\n[经] 便士",zk gk cet4 cet6 ky ielts,4306,0,s:pennies
pension,,"n. 养老金, 退休金, 津贴, 年金, 抚恤金, 膳宿学校, 膳宿费\nvt. 发给退休金, 用津贴拉拢",gk cet4 cet6 ky ielts gre,1490,3785,s:pensions/d:pensioned/i:pensioning/p:pensioned/3:pensions
people,,"n. 人, 人民, 民族, 平民\nvt. 使住满人, 居住于",zk gk,75,62,s:peoples/i:peopling/p:peopled/3:peoples/d:peopled
pepper,,"n. 胡椒粉, 胡椒, 辣椒\n[化] 胡椒; 辣椒; 花椒",gk cet4 cet6 ky,5443,1923,s:peppers/d:peppered/p:peppered/i:peppering/3:peppers
per,,"prep. 每一, 通过, 经, 按照\n[经] 每, 按照",gk ielts,743,669,s:pers
perceive,,"vt. 感觉, 认知, 理解, 意识到",cet4 cet6 ky toefl ielts,2776,2165,d:perceived/p:perceived/3:perceives/i:perceiving
percent,,"n. 百分比, 百分数, 部分\n[机] 百分率",zk gk cet4 cet6 ky ielts,2802,0,
percentage,,"n. 百分比, 比率, 部分, 可能性\n[计] 百分比",gk cet4 cet6 ky toefl ielts,2610,1787,s:percentages
perfect,,"n. 完成时\na. 完美的, 完好的, 理想的, 熟练的, 精确的, 完成式的\nvt. 使完美, 修改, 使精通, 改善, 使熟练",zk gk toefl ielts,1685,1160,d:perfected/i:perfecting/p:perfected/3:perfects
perform,,"vt. 进行, 履行, 完成, 执行, 表演\nvi. 行动, 工作, 执行, 演出",gk cet4 cet6 ky toefl,1138,953,d:performed/i:performing/p:performed/3:performs
performance,,"n. 施行, 工作情况, 成绩, 行为, 表现, 演出\n[电] 绩效, 性能",gk cet4 cet6 ky toefl ielts,688,675,s:performances
performer,,"n. 表演者, 执行者, 完成者\n[法] 执行者, 履行者, 实行者",gk toefl,5369,3962,s:performers
perhaps,,"adv. 也许, 大概",zk gk cet4 cet6 ky,249,435,
period,,"n. 时期, 节段, 节, 句点, 学时, 周期\na. 当时特有的, 过去某段时期的\ninterj. 就是这话, 就是这么回事",zk gk cet4 cet6 ky toefl ielts,324,617,s:periods
permanent,,"a. 永久的, 不变的, 固定的, 持久的\nn. 烫发\n[计] 永久的",gk cet4 cet6 ky toefl ielts gre,1993,2464,
permission,,"n. 许可, 允许\n[计] 许可, 认可",gk cet4 cet6 ky toefl,2468,3233,s:permissions
permit,,"n. 许可证, 许可, 执照, 通行证\nvt. 允许, 容许, 可能, 使放手做\nvi. 容许, 给以机会, 提供可能",gk cet4 cet6 ky toefl ielts,2022,2109,d:permitted/3:permits/i:permitting/p:permitted/s:permits
persevere,,"vi. 坚持, 孜孜不倦, 不屈不挠, (辩论中)固执己见",cet6 ky toefl ielts,13755,13798,p:persevered/d:persevered/3:perseveres/i:persevering
persist,,"vi. 坚持, 固执, 持续, 坚称\n[经] 持续",cet4 cet6 ky toefl ielts,3785,4351,p:persisted/3:persists/d:persisted/i:persisting
person,,"n. 人, 人身, 人称\n[法] 人, 法人, 人身",zk gk ielts,308,345,s:persons
personal,,"a. 私人的, 涉及隐私的, 有人性的, 人称的, 亲自的, 身体的\n[医] 人的; 个人的, 自身的",zk gk cet4 cet6 ky ielts,574,580,
personality,,"n. 个性, 人格, (团体、地方、国家)特有特性, 名人\n[医] 人格; 个性",cet4 cet6 ky toefl ielts,2326,2076,s:personalities
personally,,"adv. 亲自地, 个别地, 当面, 就本人而言, 针对个人地",gk,2866,2633,
personnel,,"n. 人员, 人事部门, 人事科(处)\n[经] 人事, 全体人员, 职工",gk cet4 cet6 ky toefl ielts gre,2556,2425,s:personnel/0:personnel/1:s
persuade,,"vt. 劝, 使相信, 恳求, 敦促, 说服\nvi. 劝服, 被说服",gk cet4 cet6 ky toefl,1776,3265,d:persuaded/p:persuaded/i:persuading/3:persuades
pessimistic,,"a. 悲观的, 厌世的, 悲观主义的",cet4 cet6 ky,9581,9792,
pet,,"n. 宠物, 受宠爱的人, 宠坏的孩子, 不悦, 生气\na. 宠爱的, 表示亲昵的, 养着观赏的, 特别珍爱的, 格外的\nvt. 宠爱, 溺爱, 抚摸\nvi. 拥抱, 爱抚, 生气, 发脾气",zk gk cet4 cet6 ky toefl ielts,3686,3278,s:pets/i:petting/p:petted/d:petted/3:pets
petrol,,"n. 汽油\n[经] 汽油, 挥发油, 石油",gk cet4 cet6 ky ielts,3100,22027,s:petrols
phase,,"n. 时期, 局面, 方面, 位相, 相, 阶段\nvt. 使调整相位, 使定相, 使一致, 逐步执行, 实行\n[计] 阶段",cet4 cet6 ky toefl ielts,1682,2244,s:phases/d:phased/i:phasing/p:phased/3:phases
phenomenon,,"n. 现象, 迹象, 表现, 奇迹, 奇才\n[化] 现象",gk cet4 cet6 ky toefl ielts,2392,2466,s:phenomena
philosophy,,"n. 哲学, 人生观, 哲学思想, 哲理, 基本原理, 见解, 达观, 沉着",cet4 cet6 ky toefl,2351,2252,s:philosophies
phone,,"n. 电话, 受话器, 耳机\nvt. 打电话给\nvi. 打电话",zk cet4 ky ielts,1346,557,p:phoned/s:phones/i:phoning/d:phoned/3:phones
photo,,"n. 相片, 照片, 逼真的描绘\nv. 照相\na. 照相的, 摄影用的, 详细记录的, 逼真的, 酷似的",zk,3394,1328,s:photos
photograph,,"n. 相片, 照片, 逼真的描绘\nv. 照相, 摄影",zk gk cet4 cet6 toefl ielts,1611,1481,s:photographs/d:photographed/p:photographed/i:photographing/3:photographs
photographer,,"n. 摄影师, 摄影者",gk,3984,3098,s:photographers
phrase,,"n. 惯用语, 词组, 成语, 措词, 乐句\nvt. 用短语表达, 把(乐曲)分成短句\n[计] 短语",gk cet4 cet6 ky toefl,2081,2589,s:phrases/d:phrased/p:phrased/i:phrasing/3:phrases
physical,,"a. 身体的, 物质的, 自然的, 物理学的, 好色的\nn. 体格检查",gk cet4 cet6 ky ielts,1047,802,
physician,,"n. 医师, 内科医师, 解除痛苦者\n[医] 主治医师",gk cet4 cet6 ky toefl ielts,6142,2041,s:physicians
physics,,"n. 物理学, 物理过程, 物理现象\n[化] 物理; 物理学",zk gk cet4 cet6 ky,3720,3417,
piano,,n. 钢琴,zk gk ielts gre,3449,3299,s:pianos
pick,,"n. 精选, 选择, 掘, 精华, 牙签, 鹤嘴锄\nv. 摘, 掘, 凿, 挖, 挑选\n[计] 拾取",zk gk ielts,664,517,p:picked/i:picking/d:picked/3:picks/s:picks
picnic,,"n. 野餐, 远足, 愉快的经历\nvi. 去野餐, 远足",zk gk cet4 ky ielts,6512,5619,d:picnicked/0:picnic/i:picnicking/3:picnic/1:3/p:picnicked/s:picnics
picture,,"n. 图画, 照片, 景色, 美丽如画的人(或物), 化身, 生动的描述, 想像, 形象思维\nvt. 画, 拍摄, 用图说明, 描写, 想像\n[计] 图象; 形象; 字形",zk gk ielts,626,562,s:pictures/d:pictured/p:pictured/i:picturing/3:pictures
pie,,"n. 馅饼, 财富, 总额, 贪污受贿, 杂乱, 喜鹊\n[计] 饼图",zk gk cet4 ky ielts,4186,3323,s:pies
piece,,"n. 块, 片, 篇, 碎片, 部分, 部件, 标准量\nvt. 修补, 修理, 拼合, 接线头\nvi. 吃零食",zk gk,677,565,s:pieces/i:piecing/d:pieced/p:pieced/3:pieces
pig,,"n. 猪, 猪肉, 贪婪的人, 猪一样的人\nv. 生小猪, 象猪般地生活",zk gk cet4 ky,3014,3488,s:pigs/i:pigging/p:pigged/3:pigs/d:pigged
pile,,"n. 堆, 大堆, 大厦, 建筑群, 电池, 大量, 桥桩, 软毛, 痔疮\nvi. 堆起, 堆积, 积累, 挤, 猛烈攻击\nvt. 堆于, 累积, 堆叠, 打桩于, 用桩支撑",gk cet4 cet6 ky toefl,3229,3003,s:piles/d:piled/i:piling/p:piled/3:piles
pill,,"n. 药丸, 弹丸, 屈辱, 胡说\nv. 做成药丸, 形成丸状, 服药丸, 挫败, 抢劫",gk cet4 cet6 ky toefl,4969,3425,s:pills
pillow,,"n. 枕头, 靠垫, 枕状岩\nvt. 作...的枕头, 垫, 枕于\nvi. 靠在枕上",gk cet4 cet6 ky toefl ielts,5447,4017,s:pillows/p:pillowed/i:pillowing/d:pillowed/3:pillows
pilot,,"n. 飞行员, 领航员, 航船者, 导向器, 驾驶仪, 向导, 领导人\nvt. 领航, 驾驶, 引导, 试用\na. 引导的, 控制的, 试点的\n[计] 引导",zk gk cet4 cet6 ky toefl ielts gre,2085,1772,s:pilots/i:piloting/p:piloted/3:pilots/d:piloted
pin,,"n. 大头针, 针, 别针, 栓, 销子, 图钉, 插头, 管脚, 品(液量单位)\nvt. 将...用针别住, 钉住, 压住, 牵制, 使不能动, 归罪于\na. 针的, 销子的, 闩的",gk cet4 cet6 ky ielts,4542,4347,s:pins/d:pinned/i:pinning/p:pinned/3:pins
pine,,"n. 松树, 松木\nvi. 消瘦, 憔悴, 痛苦, 怀念, 渴望\n[计] 邮件程序",gk cet4 cet6 ky toefl ielts gre,5081,3158,s:pines/i:pining/p:pined/d:pined/3:pines
pink,,"n. 粉红色, 石竹花, 化身, 典范, 头面人物, 极度\na. 粉红的, 石竹科的, 比较激进的, 脸色发红的, 精致的, 有点下流的\nvt. 刺, 扎, 刺痛, 射伤, 使面红耳赤, 使变粉红色\nvi. 变粉红色",zk cet4 cet6 ky ielts,2698,2488,s:pinks/r:pinker/i:pinking/p:pinked/3:pinks/d:pinked
pint,,"n. 品脱(干量或液量的单位)\n[医] 量磅, 品脱",gk cet4 cet6 ky,3977,0,s:pints
pioneer,,"n. 先锋, 拓荒者, 创始人\nvt. 提倡, 开辟, 开创, 倡导\nvi. 作先驱, 开路\na. 最早的, 开拓的, 先驱的, 有开拓者特点的",zk gk toefl,5645,4472,s:pioneers/d:pioneered/p:pioneered/i:pioneering/3:pioneers
pipe,,"n. 管, 导管, 输送管, 管状器官, 声带, 尖细的声音, 烟斗, 笛, 管乐器\nvt. 以管输送, 吹哨子, 吹奏, 尖声唱\nvi. 吹笛, 尖叫, 吹长哨发令\n[计] 管道",gk cet4 cet6 ky,2438,2980,s:pipes/d:piped/p:piped/i:piping/3:pipes
pity,,"n. 遗憾, 同情, 怜悯, 憾事, 可惜\nvt. 同情, 怜悯\nvi. 觉得可怜, 有同情心",zk gk,3803,6927,p:pitied/d:pitied/i:pitying/3:pities/s:pities
place,,"n. 地方, 地点, 位置, 住所, 座位, 地位, 处境, 特权, 空间, 余地, 职务, 位\nvt. 放置, 寄予, 认出, 评定, 任命\nvi. 名次列前",zk gk ielts,162,181,s:places/d:placed/i:placing/p:placed/3:places
plain,,"n. 平原, 草原, 朴实无华的东西, 无格式\na. 简单的, 明白的, 平常的, 不好看的, 朴素的, 清晰的, 普通的, 平坦的, 十足的\nadv. 清楚地, 显然地\n[计] 无格式",zk gk cet4 cet6 ky toefl gre,2762,3549,s:plains/r:plainer/t:plainest/i:plaining/p:plained/3:plains/d:plained
plan,,"n. 计划, 方案, 策略, 方法, 进度表, 程序表, 平面图, 设计图, 轮廓, 示意图\nvt. 计划, 设计, 意欲\nvi. 订计划",zk gk ielts,442,413,s:plans/i:planning/d:planned/3:plans/p:planned
plane,,"n. 平面, 扁平物, 机翼, 飞机, 水准, 地位\na. 平的, 平面的\nvt. 将...刨平, 刨平, 掠过水面\nvi. 翱翔, 乘飞机旅行, 刨掉",zk gk gre,2000,1150,s:planes/i:planing/p:planed/d:planed/3:planes
planet,,"n. 行星, 命运星辰, 杰出的人, 重大影响的事",zk gk cet4 cet6 ky toefl gre,3115,1592,s:planets
plant,,"n. 植物, 作物, 工厂, 树枝, 生长, 设施, 成套设备\nvt. 种植, 栽培, 播种, 培养, 安置, 殖民于, 使位于\nvi. 种植",zk gk ielts,690,623,s:plants/d:planted/i:planting/p:planted/3:plants
plastic,,"n. 塑料, 可塑体, 可塑性物质\na. 塑料的, 塑造的, 有可塑性的, 造型的, 易受影响的, 有创造力的",zk gk cet4 cet6 ky toefl ielts,1999,1523,s:plastics
plate,,"n. 碟, 盘子, 盆中物, 金属板, 图版, 金银餐具, 印版, 金属牌(照)\nvt. 镀金, 电镀, 用金属板固定, 给...装钢板, 为...制印版",zk gk toefl,1494,1525,s:plates/d:plated/i:plating/p:plated/3:plates
platform,,"n. 站台, 月台, 讲台, 论坛, 平台\n[计] 平台",gk cet4 cet6 ky toefl ielts,2491,2806,s:platforms
play,,"n. 游戏, 游玩, 玩笑, 运动, 比赛, 赌博, 跳动, 表演, 剧本\nv. 玩, 游戏, 假装, 开玩笑, 比赛, 扮演, 演奏, 演戏, 传摇曳, (使)跳动\n[计] 播放",zk gk,224,200,i:playing/p:played/d:played/3:plays/s:plays
player,,"n. 竞赛者, 上场队员, 游戏者, 演员\n[经] 交易者",gk cet4 cet6 ielts,732,513,s:players
playground,,"n. 运动场, 操场, 度假胜地, 活动场所",zk gk cet4 cet6 ky ielts,6458,5793,s:playgrounds
pleasant,,"a. 愉快的, 可爱的, 活泼的, 亲切的",zk gk cet4 cet6 ky ielts,2880,3772,r:pleasanter/t:pleasantest
please,,"adv. 请\nvt. 使高兴, 合...的心意, 取悦\nvi. 使人满意, 讨好, 愿意, 敬请",zk gk,758,1167,p:pleased/3:pleases/d:pleased/i:pleasing
pleased,,"a. 高兴的, 喜欢的, 满足的",gk,1916,3448,0:please/1:pd/d:pleased/p:pleased
pleasure,,"n. 快乐, 愉快, 令人高兴的事, 娱乐, 希望\nv. (使)高兴",zk gk toefl ielts,1613,1882,s:pleasures/i:pleasuring
plenty,,"n. 充分, 很多, 丰富\na. 很多的, 足够的, 丰富的",zk gk cet4 cet6 ky,1977,2044,
plot,,"n. 小块土地, 地区图, 图, 阴谋, 情节\nvt. 划分, 绘图, 密谋\nvi. 密谋, 策划\n[计] 绘制",gk cet4 cet6 ky toefl ielts gre,3096,2967,s:plots/i:plotting/d:plotted/p:plotted/3:plots
plug,,"n. 塞子, 栓, 插头\nvt. 插入, 塞住, 接插头\nvi. 被塞住",gk cet4 cet6 ky ielts,5970,5586,d:plugged/s:plugs/i:plugging/3:plugs/p:plugged
plus,,"prep. 加上, 加, 外加\na. 正的, 附加的\nn. 正号, 加号, 附加额, 正数, 增益\n[计] 正差",gk cet4 ky ielts,1357,2066,s:pluses
pocket,,"n. 口袋, 钱袋, 钱, 容器\nvt. 装...在口袋里, 隐藏, 抑制, 私吞, 搁置, 击...入袋\na. 袖珍的, 小型的, 压缩的, 金钱上的",zk gk cet4 cet6 ky ielts,1786,1620,s:pockets/i:pocketing/p:pocketed/3:pockets/d:pocketed
poem,,"n. 诗, 诗般美的事物",zk gk cet4 cet6 ky,2181,2494,s:poems
poet,,n. 诗人,gk cet4 cet6 ky toefl,2613,2923,s:poets
poetry,,"n. 诗, 韵文, 诗歌艺术",cet4 cet6 ky,2772,2959,
point,,"n. 点, 小数点, 标点, 地点, 要点, 特点, 尖端, 分数, 得分, 穴位\nvt. 弄尖, 强调, 指出, 加标点于, 瞄准\nvi. 指, 指向, 表明",zk gk cet4 cet6 ky ielts,176,211,s:points/p:pointed/i:pointing/3:points/d:pointed
poison,,"n. 毒药, 毒, 毒物, 有毒害的事物\nvt. 毒害, 毒杀, 使中毒\nvi. 放毒, 下毒",gk cet4 cet6 ky toefl,5601,5542,s:poisons/d:poisoned/i:poisoning/p:poisoned/3:poisons
polar,,"a. 两极的, 极地的, 正好相反的, 极性的\nn. 极线, 极面",cet6 ky toefl ielts gre,7165,6795,s:polars
pole,,"n. 波兰人, 极点, 磁极, 电极, 杆, 竿, 相反的极端\nvt. 用竿支撑\nvi. 撑篙",gk cet4 cet6 ky toefl ielts,2946,2789,s:poles/i:poling/p:poled/d:poled/3:poles
police,,"n. 警察, 警察当局, 治安\nvt. 维持治安, 管辖",zk gk cet4 ky ielts,328,468,s:police/0:police/1:s/i:policing/d:policed/p:policed/3:polices
policeman,,n. 警察\n[化] 淀帚,zk gk,2490,4754,s:policemen
policewoman,,n. 女警察\n[法] 女警察,,16690,26303,s:policewomen
policy,,"n. 政策, 方针, 策略, 保险单\n[医] 凭单, 保险单",zk gk cet4 cet6 ky ielts,250,388,s:policies
polish,,"a. 波兰的\nn. 波兰人, 上光剂, 光泽, 优雅\nvt. 擦亮, 擦去, 使完美\nvi. 擦亮, 变得光亮",gk cet4 cet6 ky toefl ielts gre,4344,5749,d:polished/i:polishing/p:polished/s:polishes/3:polishes
polite,,"a. 有礼貌的, 文雅的, 客气的, 有教养的",zk gk,4976,5492,t:politest/r:politer
political,,"a. 政治的, 政治上的, 政党的, 从事政治的\n[法] 政治的, 政治上的, 党派政治的",gk cet4 cet6 ky ielts,292,277,
politician,,"n. 政客, 政治家, 从事党派政治的人\n[法] 政客, 政治家",gk cet4 cet6 ky,2049,1783,s:politicians
politics,,"n. 政治, 政治学, 政见, 政治活动\n[法] 政治, 政治学, 政纲",gk cet4 cet6 ky toefl,1285,951,
pollute,,"vt. 污染, 弄脏, 玷污\n[化] 污染",gk cet4 cet6 ky toefl,8769,9208,i:polluting/d:polluted/3:pollutes/p:polluted
pollution,,"n. 污染, 玷污\n[化] 污染",gk cet4 cet6 ky toefl ielts,2147,2913,s:pollutions
pond,,n. 池塘\nv. 筑成池塘,zk gk cet4 cet6 ky,3344,3626,s:ponds
pool,,"n. 池, 水塘, 石油层, 联营\nvt. 合伙经营, 共享, 采掘, 汇聚成\nvi. 汇合成塘, 淤积, 联营",zk gk cet4 cet6 ky,1678,1565,s:pools/i:pooling/d:pooled/p:pooled/3:pools
poor,,"a. 贫穷的, 贫乏的, 不幸的, 可怜的, 拙劣的, 卑鄙的\n[经] 低劣的, 不良的",zk gk,598,713,r:poorer/t:poorest
popular,,"a. 通俗的, 流行的, 受欢迎的, 大众的, 人民的, 普及的\n[经] 大众的, 通俗的, 普及的",zk gk cet4 cet6 ky toefl ielts,938,924,s:populars
population,,"n. 人口, 人口数\n[化] 群体; 总体",zk gk cet4 cet6 ky ielts,683,642,s:populations
pork,,n. 猪肉\n[医] 猪肉,zk gk,7722,4267,i:porking
port,,"n. 港口, 埠, 舱门, 避风港, 左舷, 炮眼, 姿势, 意义\nvt. 左转舵, 持(枪)\nvi. 左转舵\n[计] 端口, 移植",gk cet4 cet6 ky ielts,2165,2717,s:ports/d:ported/i:porting/p:ported/3:ports
pose,,"n. 姿势, 姿态, 装模作样, 伪装\nvi. 摆姿势, 装模作样, 假装\nvt. 使摆好姿势, 提出, 造成",cet4 cet6 ky toefl ielts gre,2739,2230,d:posed/3:poses/p:posed/i:posing/s:poses
position,,"n. 位置, 地位, 身分, 形势, 姿势, 立场, 职位, 状态, 阵地\nvt. 安置, 决定...的位置\n[计] 位置",zk gk cet4 cet6 ky ielts,345,512,s:positions/d:positioned/i:positioning/3:positions/p:positioned
positive,,"a. 肯定的, 积极的, 有把握的\n[医] 正的, 阳性的",cet4 cet6 ky toefl ielts,1198,1049,s:positives
possess,,"vt. 持有, 占有, 拥有, 克制, 支配, 迷住\n[法] 持有, 占有, 具有",gk cet4 cet6 ky toefl,2129,2842,p:possessed/d:possessed/3:possesses/i:possessing
possession,,"n. 拥有, 占有, 所有, 财产, 领土, 领地, 自制, 着迷\n[经] 占有, 持有",gk cet4 cet6 ky toefl ielts,2337,3593,s:possessions
possibility,,"n. 可能性, 可能的事\n[法] 可能性, 可能发生的事, 不确定权",gk cet4 cet6 ky,1030,1195,s:possibilities
possible,,"a. 可能的, 潜在的, 合适的\nn. 可能性, 可能的事物",zk gk,256,459,
post,,"n. 柱, 杆, 准星, 邮件, 邮政, 标竿, 职位, 岗位, 哨所, 兵营\nvt. 张帖, 邮递, 公布, 登入帐, 使熟悉, 布置\nvi. 快速行进\nadv. 急速地\n[计] 记入; 登记, 上电自检",zk gk toefl ielts,895,2148,s:posts/d:posted/p:posted/i:posting/3:posts
postcard,,n. 明信片,zk gk ky toefl,5965,6924,s:postcards
poster,,"n. 海报, 招贴, 驿马",gk cet6 ky toefl ielts gre,3930,3834,s:posters
postman,,"n. 邮递员\n[法] 邮递员, 理财法庭的高级律师",zk gk cet4 cet6 ky,11573,20141,s:postmen
postpone,,"vt. 延迟, 使延期, 缓办, 搁延\nvi. 延缓, 延缓发作",gk cet4 cet6 ky toefl ielts gre,5320,6545,d:postponed/p:postponed/3:postpones/i:postponing
pot,,"n. 盆, 罐, 壶, 坩埚, 奖杯\nvt. 装入盆中, 在锅中煮, 随手射击\nvi. 随手射击",gk cet4 cet6 ky toefl,2782,2235,s:pots/i:potting/d:potted/p:potted/3:pots
potato,,n. 马铃薯,zk gk,3013,2253,s:potatoes
potential,,"n. 潜在性, 可能性, 潜力, 潜能, 势, 位\na. 有潜力的, 可能的, 潜在的",gk cet4 cet6 ky toefl ielts gre,1438,1260,s:potentials
pound,,"n. 磅, 英镑, 重击, 鱼塘, 拘留所, 兽栏\nvt. 强烈打击, 捣烂, 监禁, 关入栏内\nvi. 连续重击, 苦干",zk gk cet4 cet6 ky toefl,546,1306,s:pounds/p:pounded/i:pounding/d:pounded/3:pounds
pour,,"n. 流出, 倾泻, 骤雨\nvt. 倒, 灌, 注, 倾泻, 诉说, 倾吐\nvi. 倾泻, 蜂涌而来, 下大雨",gk cet4 cet6 ky ielts,2331,1898,p:poured/i:pouring/d:poured/3:pours
powder,,"n. 粉, 粉末, 火药\nvt. 搽粉于, 搽粉, 撒粉, 使成粉末\nvi. 搽粉, 变成粉末",gk cet4 cet6 ky toefl,4272,3260,s:powders/i:powdering/d:powdered/p:powdered/3:powders
power,,"n. 力, 体力, 力量, 势力, 动力, 权力, 强国, 乘方, 强度, 幂, 功率\nvt. 使...有力量, 供以动力, 激励\n[计] 乘幂; DOS外部命令:能控制许多电池电源计算机上的电源管理特性",gk cet4 ky ielts,225,271,s:powers/d:powered/p:powered/3:powers/i:powering
powerful,,"a. 有力的, 有权力的, 强大的\n[机] 强力的",gk cet4 cet6 ky,1326,1159,
practical,,"a. 实际的, 现实的, 实用性的\n[法] 事实上的, 实际上的, 接近...的",gk cet4 cet6 ky toefl ielts,1259,2281,s:practicals
practice,,"n. 实践, 练习, 实行, 惯例, 习惯, 开业\nv. 实践, 实行, 练习, 实习, 业务",zk gk ielts,453,564,s:practices/3:practices/i:practicing/p:practiced/d:practiced
praise,,"n. 赞美, 称赞, 崇拜\nvt. 称赞, 赞美\nvi. 赞扬, 表扬",zk gk cet4 cet6 ky toefl,4285,3719,d:praised/p:praised/i:praising/s:praises/3:praises
pray,,"v. 祈祷, 恳求, 请",gk cet4 cet6 ky,3042,2399,i:praying/p:prayed/d:prayed/3:prays
prayer,,"n. 祈祷, 恳求, 祷辞, 祈祷者",gk cet4 cet6 ky,2644,2098,s:prayers
precious,,"a. 宝贵的, 珍贵的, 过于精致的, 珍爱的",gk cet4 cet6 ky toefl ielts,4109,3989,
precise,,"a. 精确的, 严谨的, 明确的\n[机] 精密的, 正确的",gk cet4 cet6 ky toefl ielts gre,2761,3826,
precisely,,"adv. 精确地, 明确地, 刻板地, 拘泥地, 正好, 恰恰, 对, 正是如此, 确实如此, 不错",,2424,2579,
predict,,"v. 预知, 预言, 预报",gk cet4 cet6 ky toefl,2288,1613,d:predicted/p:predicted/i:predicting/3:predicts
prefer,,"vt. 宁可, 较喜欢, 提出\n[法] 给予优先权, 优先偿还, 提出",gk cet4 cet6 ky,1386,1716,p:preferred/d:preferred/i:preferring/3:prefers
preference,,"n. 偏爱, 优先, 喜爱物\n[计] 首选项",gk cet4 cet6 ky toefl ielts,2642,3022,s:preferences
pregnant,,"a. 怀孕的, 充满的, 思想丰富的, 成果丰硕的\n[医] 妊娠的, 有孕的",gk cet6 ky toefl ielts gre,3276,2629,
prejudice,,"n. 偏见, 成见, 侵害\nvt. 使存偏见, 使有成见, 侵害",gk cet4 cet6 ky toefl ielts gre,4112,5235,s:prejudices/d:prejudiced/i:prejudicing/p:prejudiced/3:prejudices
premier,,"n. 总理, 首相\na. 首位的, 最初的",gk cet4 cet6 ky,4066,7616,s:premiers/d:premiered/p:premiered/i:premiering/3:premiers
preparation,,"n. 准备, 预备, 预习\n[化] 制剂",gk cet4 cet6 ky,2091,2513,s:preparations
prepare,,"vt. 准备, 筹备, 使在思想上有准备, 制造, 调制\nvi. 预备",zk gk cet4 cet6 ky ielts,893,774,d:prepared/i:preparing/p:prepared/3:prepares
prescription,,"n. 处方, 命令, 指定\n[医] 处方, 药方",gk cet6 ky toefl ielts gre,5595,3311,s:prescriptions
present,,"n. 现在, 礼品, 瞄准\na. 现在的, 出席的\nvt. 介绍, 引见, 赠送, 提出, 呈现, 上演\nvi. 举枪瞄准",zk gk ielts,678,817,d:presented/p:presented/3:presents/i:presenting/s:presents
presentation,,"n. 赠与, 描述, 介绍\n[计] 简报",gk cet6 ielts gre,2313,2898,s:presentations
preserve,,"vt. 保护, 保持, 保存, 维持, 腌, 禁猎\nvi. 加工食品, 禁猎\nn. 加工成的食品, 禁猎地, 保护区, 防护物",gk cet4 cet6 ky toefl ielts,2287,2209,d:preserved/i:preserving/3:preserves/p:preserved/s:preserves
president,,"n. 总统, 总裁, 董事长, (学院)院长, (大学)校长, 主管人, 主持人\n[经] 总经理, 董事长, 总裁",zk gk cet4 cet6 ky,589,303,s:presidents
press,,"n. 压, 揿, 按, 人群, 印刷机, 压力, 出版社, 记者, 报刊, 新闻舆论, 紧迫\nvt. 压, 压榨, 紧抱, 逼迫, 推进, 强迫征募, 催逼\nvi. 压, 重压, 催促, 拥挤, 奋力前进, 受压",gk cet4 cet6 ky gre,961,1178,p:pressed/d:pressed/i:pressing/s:presses/3:presses
pressure,,"n. 压, 榨, 按, 强制, 压力, 压迫, 压强\nvt. 迫使, 使增压, 密封",gk cet4 cet6 ky toefl ielts,687,765,s:pressures/d:pressured/p:pressured/i:pressuring/3:pressures
pretend,,"v. 假装, 伪称, 自命, 自称",gk cet4 cet6 ky toefl gre,2885,2905,i:pretending/p:pretended/3:pretends/d:pretended
pretty,,"a. 漂亮的, 优美的, 机灵的, 狡猾的, 恰当的\nadv. 相当, 颇",zk gk cet4 cet6 ky,1782,797,t:prettiest/r:prettier
prevent,,"v. 预防, 防止, 阻止, 妨碍",zk gk cet4 cet6 ky toefl,937,1083,i:preventing/d:prevented/3:prevents/p:prevented
previous,,"a. 早先的, 前面的, 过急的\n[法] 以前的, 生前的, 前述的",cet4 cet6 ky toefl ielts gre,824,1276,
price,,"n. 价格, 代价, 价值\nvt. 定...的价格",zk gk ielts,338,475,s:prices/d:priced/i:pricing/p:priced/3:prices
pride,,"n. 骄傲, 自尊心, 自豪, 精华, 勇气\nvt. 以...自豪",zk gk cet4 cet6 ky toefl,2878,2801,3:prides/p:prided/d:prided/s:prides/i:priding
primary,,"n. 最主要者, 原色\na. 主要的, 初期的, 根本的, 原始的, 首要的, 基本的\n[计] 初等量; 主要的; 一次的",zk gk cet4 cet6 ky toefl ielts,1172,1504,s:primaries
primitive,,"n. 原始人, 早期艺术家\na. 原始的, 上古的\n[计] 图元; 原语; 基元",gk cet4 cet6 ky toefl ielts,4019,5798,s:primitives
principle,,"n. 原则, 原理, 主义\n[化] 原理",gk cet4 cet6 ky gre,722,1341,s:principles
print,,"n. 打印, 版, 印刷物, 痕迹, 印刷业, 印刷字体, 图片, 印花布, 印章\nv. 打印, 印刷, 铭记, 留印记于, 用印刷体写\n[计] DOS外部命令:在打印机上打印文件, 可一边打印文件一边执行其他工作",zk gk cet4 ky,2432,2207,d:printed/s:prints/i:printing/p:printed/3:prints
printer,,"n. 印刷工, 打印机\n[计] 打印机",gk cet6,3066,5875,s:printers
prior,,"a. 更重要的, 较早的, 在先的\nn. 小隐修院院长, 大隐修院副院长",cet4 cet6 ky toefl ielts,5045,2856,s:priors
priority,,"n. 优先权, 优先\n[计] 优先级",cet4 cet6 ky toefl ielts gre,1729,2112,s:priorities
prison,,"n. 监狱, 监禁, 拘留所\nvt. 监禁",zk gk cet4 cet6 ky toefl,1307,1282,s:prisons
prisoner,,"n. 囚犯, 犯人, 战俘\n[法] 犯人, 囚犯, 扣押犯",zk gk cet4 cet6 ky,1932,2419,s:prisoners
private,,"a. 私人的, 秘密的, 私立的, 隐蔽的\nn. 士兵, 隐士, 阴部\n[计] 私人的",zk gk cet4 cet6 ky toefl ielts,581,672,s:privates
privilege,,"n. 特权, 特别恩典, 基本权利, 特免\nvt. 给与...特权, 特免",gk cet4 cet6 ky toefl ielts gre,3017,3612,s:privileges/i:privileging/d:privileged/p:privileged/3:privileges
prize,,"n. 奖赏, 奖金, 奖品, 战利品, 捕获\na. 得奖的\nvt. 珍视, 估价, 捕获, 撬, 撬动",zk gk cet4 cet6 ky,2125,3686,s:prizes/d:prized/p:prized/3:prizes/i:prizing
probably,,"adv. 大概, 或许",zk gk cet4 cet6,333,398,
problem,,"n. 问题, 难题\na. 成问题的, 难处理的",zk gk,154,171,s:problems
procedure,,"n. 程序, 过程, 手续\n[计] 规程; 过程",gk cet4 cet6 ky toefl ielts,897,1369,s:procedures
proceed,,"vi. 继续进行, 进行, 开始, 发出, 起诉\n[法] 所得, 收入, 收益",cet4 cet6 ky toefl ielts,2089,2697,s:proceeds/p:proceeded/i:proceeding/3:proceeds/d:proceeded
process,,"n. 程序, 进行, 过程\nvt. 加工, 使...接受处理, 对...处置, 对...起诉\na. 经加工的, 有特殊光效的\n[计] 进程",gk cet4 cet6 ky toefl ielts,343,391,s:processes/d:processed/i:processing/p:processed/3:processes
produce,,"n. 生产品, 物产, 后代\nvt. 产生, 生产, 提出, 出示\nvi. 生产, 制造",zk gk cet4 cet6 ky toefl gre,296,542,d:produced/p:produced/i:producing/3:produces
product,,"n. 产品, 结果, 乘积\n[化] 生产物",gk cet4 cet6 ky ielts,451,569,s:products
production,,"n. 制造, 生产, 产物\n[医] 产生, 生成",gk cet4 cet6 ky ielts,610,959,s:productions
profession,,"n. 职业, 表白, 声明\n[化] 工种; 职业",gk cet4 cet6 ky toefl ielts,2211,2886,s:professions
professional,,"n. 专业人才\na. 专业的, 职业的",cet4 cet6 ky toefl ielts,947,1094,s:professionals
professor,,n. 教授,gk cet4 cet6 ky ielts,1711,825,s:professors
profile,,"n. 侧面, 轮廓, 传略\nvt. 描绘...轮廓, 写...的传略\n[计] 提问档; 剖面图法; 剖面法",cet6 ky toefl ielts gre,2812,2676,s:profiles/3:profiles/i:profiling/d:profiled/p:profiled
profit,,"n. 利润, 赢利, 利益\nvi. 有益, 获利, 赚钱\nvt. 有益于",gk cet4 cet6 ky toefl ielts,884,1704,s:profits/i:profiting/p:profited/d:profited/3:profits
program,,"n. 节目, 节目单, 程序, 纲要, 大纲, 计划\nvt. 规划, 拟...计划\nvi. 安排节目, 编程序\n[计] 程序",cet4 cet6 ielts,1660,194,s:programs/i:programming/p:programmed/3:programs/d:programmed
progress,,"n. 进步, 发展, 前进\nvi. 进步, 进行",zk gk cet4 cet6 ky toefl,1265,1508,i:progressing/d:progressed/3:progresses/p:progressed
prohibit,,"vt. 禁止, 阻止\n[经] 禁止",gk cet4 cet6 ky toefl ielts,5809,3990,d:prohibited/i:prohibiting/3:prohibits/p:prohibited
project,,"n. 计划, 设计, 事业\nvt. 计划, 设计, 投掷, 发射, 使凸出, 放映\nvi. 凸出",gk cet4 cet6 ky toefl ielts,509,534,s:projects/d:projected/i:projecting/3:projects/p:projected
promise,,"n. 诺言, 约定的事情, 有指望\nvt. 允诺, 约定, 预示\nvi. 允诺, 有前途, 有指望",zk gk cet4 cet6 ky toefl ielts,1478,1438,p:promised/d:promised/s:promises/3:promises/i:promising
promote,,"vt. 促进, 晋升, 创办, 推销\n[经] 促进, 推广, 推销",gk cet4 cet6 ky toefl ielts gre,1433,1328,d:promoted/i:promoting/3:promotes/p:promoted
pronounce,,"v. 发音, 宣告, 断言",zk gk cet4 cet6 ky,4948,5332,p:pronounced/d:pronounced/i:pronouncing/3:pronounces
pronunciation,,"n. 发音, 读法",zk gk cet4 cet6 ky,8187,15375,s:pronunciations
proof,,"n. 证据, 证明, 试验, 检验, 考验\na. 不能透入的, 证明用的, 防...的, 耐...的\nvt. 检验, 试验, 校对, 使不被穿透\n[计] 审稿",cet4 cet6 ky toefl,2743,2865,s:proofs/d:proofed/i:proofing/p:proofed/3:proofs
proper,,"a. 适当的, 固有的, 高尚的, 专属的\nadv. 完全地, 彻底地",zk gk cet4 cet6 ky toefl,1458,2058,
properly,,"adv. 适当地, 相当地",gk cet4 cet6,1634,2880,
property,,"n. 财产, 所有权, 性质, 属性\n[计] 属性",cet4 cet6 ky toefl ielts,597,993,s:properties
proposal,,"n. 提议, 计划, 求婚\n[经] 提案, 申请, 投标",cet4 cet6 ky toefl gre,899,1625,s:proposals
prospect,,"n. 景色, 展望\nvt. 勘探, 勘察\nvi. 勘探, 有前途",cet4 cet6 ky toefl ielts gre,1724,2323,s:prospects/i:prospecting/p:prospected/3:prospects/d:prospected
protect,,"vt. 防卫, 保护, 警戒\n[法] 庇护, 保护, 警戒",zk gk cet4 cet6 ky,1151,749,d:protected/i:protecting/3:protects/p:protected
protection,,"n. 保护, 防卫, 贸易保护制度\n[计] 保护",gk cet4 cet6 toefl,1220,1315,s:protections
protein,,n. 蛋白质\na. 蛋白质的,cet4 cet6 ky toefl ielts,2193,2523,s:proteins
protest,,"n. 抗议, 反对, 抗议书, 断言\nv. 反对, 抗议, 断言",cet4 cet6 ky toefl ielts gre,2229,2835,s:protests/p:protested/i:protesting/d:protested/3:protests
proud,,"a. 骄傲的, 自大的, 自豪的, 辉煌的, 壮丽的",zk gk cet4 cet6 ky,2579,1983,t:proudest/r:prouder
prove,,"vt. 证明, 查验, 检验, 勘探, 显示\nvi. 证明是",zk gk cet4 cet6 ky,671,866,d:proved/p:proved/i:proving/3:proves
provide,,"vt. 提供, 供应, 规定, 预备\nvi. 作准备, 抚养, 规定",zk gk cet4 cet6 ky toefl,172,262,d:provided/3:provides/i:providing/p:provided
province,,"n. 省, 地方, 职权, 领域\n[法] 省, 地方, 领域",gk cet4 cet6 ky toefl,2565,3228,s:provinces
psychology,,"n. 心理学, 心理状态\n[医] 心理学",gk cet6 ky toefl ielts gre,2980,2972,s:psychologies
pub,,"n. 酒馆, 客栈",gk ky,1817,7430,s:pubs
public,,"n. 公众, 民众\na. 公众的, 公共的, 公立的, 公用的",zk gk cet4 cet6 ky ielts,319,333,
publicly,,"adv. 公然地, 以公众名义",gk,4133,3027,
publish,,"vt. 出版, 发行, 公开, 发表, 宣传, 公布\nvi. 出版, 发行",gk cet4 cet6 ky,828,1116,d:published/p:published/i:publishing/3:publishes
pudding,,n. 布丁,cet4 cet6,5387,8518,s:puddings
pull,,"vt. 拉, 拖, 拔, 牵, 撕开, 吸引\nvi. 拉, 拖, 拔, 有吸引力\nn. 拉, 拖, 拔, 拉力, 牵引力, 划船, 吸引",zk gk toefl ielts,718,471,p:pulled/i:pulling/d:pulled/3:pulls/s:pulls
pulse,,"n. 脉冲, 脉搏, 情绪, 意向, 拍子, 豆类\nvi. 跳动, 脉跳\nvt. 使跳动, 用脉冲调制\n[计] 脉冲",gk cet4 cet6 ky toefl gre,4379,4331,s:pulses/p:pulsed/i:pulsing/d:pulsed/3:pulses
pump,,"n. 抽水机, 打气筒, 泵, 抽吸\nvt. 用唧筒抽水, 打气, 盘问, 倾注, 使疲惫\nvi. 抽水, 上下(或往复)运动",gk cet4 cet6 ky toefl ielts,4317,3444,s:pumps/d:pumped/i:pumping/p:pumped/3:pumps
punish,,"vt. 处罚, 惩罚, 严厉对待\nvi. 惩罚",zk gk cet4 cet6 ky,4686,3862,d:punished/i:punishing/p:punished/3:punishes
punishment,,"n. 处罚, 刑罚, 惩罚\n[法] 罚, 处罚, 刑罚",gk cet4 cet6,3031,3110,s:punishments
pupil,,"n. 学生, 门生, 未成年人, 瞳孔\n[医] 瞳孔",zk gk toefl ielts,952,5057,s:pupils
purchase,,"n. 购买, 购买品, 紧握, 绞辘\nvt. 购买, 赢得, 努力取得, 用滑轮起(锚等)",gk cet4 cet6 ky toefl gre,2257,2149,d:purchased/s:purchases/p:purchased/i:purchasing/3:purchases
pure,,"a. 纯的, 纯净的, 纯洁的, 清白的, 完美的, 无瑕的, 抽象的\n[医] 的, 纯净的",gk cet4 cet6 ky toefl ielts,2387,2416,t:purest/r:purer
purple,,"n. 紫色, 帝位\na. 紫色的, 帝王的, 华而不实的\nv. (使)成紫色",zk gk cet4 cet6 ky toefl,5326,3894,s:purples/d:purpled/i:purpling/p:purpled/3:purples/r:purpler/t:purplest
purpose,,"n. 目的, 意向, 决心, 用途, 效果, 论题\nvt. 意欲, 企图, 计划",zk gk cet4 cet6 ky ielts,655,1014,s:purposes/i:purposing/p:purposed/3:purposes/d:purposed
purse,,"n. 钱包, 小钱袋, 金钱, 募捐款, 囊状物\nv. 缩拢, 皱起",zk gk cet4 cet6 ky ielts gre,6387,4358,p:pursed/s:purses/d:pursed/i:pursing/3:purses
pursue,,"vt. 追赶, 追踪, 追随, 追求, 实行, 继续, 从事\nvi. 追赶, 继续",cet4 cet6 ky toefl gre,1976,1785,d:pursued/i:pursuing/p:pursued/3:pursues
push,,"n. 推, 推动, 奋斗, 攻击, 进取心\nvt. 推, 推动, 使伸出, 推行, 逼迫, 增加\nvi. 推, 推进, 增加, 努力争取",zk gk,926,695,p:pushed/i:pushing/d:pushed/3:pushes
put,,"vt. 放, 摆, 安置, 移动, 发射, 投掷, 写上, 表达, 使从事, 使受到, 驱使, 赋予\nvi. 出发, 航行, 发芽\nn. 掷, 股票出售权, 笨蛋\na. 固定不动的\n[计] 发送文件",zk gk ielts,116,151,d:put/0:put/1:dp/p:put/i:putting/3:puts
puzzle,,"n. 难题, 迷惑\nvt. 使困惑, 使为难\nvi. 迷惑, 苦思",gk cet4 cet6 ky toefl ielts,6964,4255,s:puzzles/i:puzzling/p:puzzled/d:puzzled/3:puzzles
qualification,,"n. 资格, 条件, 限制\n[计] 限定",gk cet6 ky toefl ielts,2396,6828,s:qualifications
qualify,,"vi. 取得资格, 有资格\nvt. 使有资格, 使合格, 限定, 限制, 准予",cet4 cet6 ky toefl ielts,2685,3049,d:qualified/p:qualified/3:qualifies/i:qualifying
quality,,"n. 品质, 特性, 才能, 质量\na. 优质的\n[计] 品质",gk cet4 cet6 ky toefl ielts,536,764,s:qualities
quantity,,"n. 量, 数量, 总量\n[计] 数量; 量",gk cet4 cet6 ky toefl,2082,4057,s:quantities
quarter,,"n. 四分之一, 一刻钟, 季度, 地区\nvt. 四等分, 肢解\nvi. 驻扎, 住宿",zk gk toefl ielts,1085,1401,s:quarters/d:quartered/i:quartering/p:quartered/3:quarters
queen,,"n. 王后, 女王\nvt. 立为女王\nvi. 做女王",zk gk cet4 cet6 ky,1223,43081,s:queens/i:queening/p:queened/3:queens/d:queened
question,,"n. 问题, 询问\nv. 询问, 审问, 怀疑\n[计] 询问",zk gk,221,197,s:questions/d:questioned/p:questioned/i:questioning/3:questions
questionnaire,,"n. 调查表, 问卷\n[经] 调查表",gk cet6 ky toefl ielts,4043,3606,s:questionnaires
quick,,"a. 快的, 迅速的, 敏捷的, 灵敏的, 急速的\nadv. 快\nn. 新长出的肉, 要害, 核心, 感觉敏锐部位",zk gk,1431,1303,r:quicker/t:quickest
quiet,,"n. 安静, 闲适, 平静\na. 安静的, 静止的, 寂静的, 朴素的, 从容的, 暗中的\nvi. 平静下来\nvt. 使平静, 使平息, 使安心, 安慰",zk gk,1437,1435,r:quieter/t:quietest/p:quieted/i:quieting/3:quiets/d:quieted
quit,,"vi. 离开, 辞职, 停止\nvt. 离开, 放弃, 使解除, 停止\nn. 离开\n[计] 结束, 退出",gk cet4 cet6 ky ielts,5298,2522,p:quit/0:quit/1:pd/i:quitting/d:quit/3:quits
quite,,"adv. 相当, 完全, 十分",zk gk,206,561,
quote,,"n. 引用\nvt. 引述, 举证, 报(价)\nvi. 引用",cet4 cet6 ky gre,2039,2255,d:quoted/p:quoted/i:quoting/3:quotes/s:quotes
rabbit,,n. 兔子\nvi. 猎兔\nvt. 让...见鬼去,zk gk cet4 cet6 ky,3037,4373,s:rabbits/i:rabbiting/p:rabbited/3:rabbits/d:rabbited
race,,"n. 种族, 人种, 赛跑, 比赛, 急流, 人类, 同道, 姜根\nvi. 赛跑, 竞赛, 疾走\nvt. 与...赛跑, 使疾走, 使猛转\n[计] 竞争; 追赶; 欧州高级通信研究开发计划",zk gk cet4 cet6 ky toefl,1107,716,s:races/i:racing/p:raced/d:raced/3:races
racial,,"a. 人种的, 种族的\n[医] 种族的",gk cet4 cet6 ky,4592,2243,
radiation,,n. 辐射\n[化] 放射,gk cet4 cet6 ky toefl,3892,3652,s:radiations
radio,,"n. 无线电, 收音机, 无线电报, 无线电广播, 无线电台\nv. 用无线电发送",zk gk ielts,1093,904,s:radios/i:radioing/p:radioed/3:radios/d:radioed
radium,,n. 镭\n[化] 镭Ra,gk cet4 cet6,45531,30174,
rail,,"n. 横杆, 围栏, 栏杆, 铁轨, 扶手, 秧鸡\nvt. 以横木围栏, 给...铺铁轨\nvi. 责骂, 抱怨",gk cet4 cet6 ky toefl ielts gre,1961,3373,s:rails/p:railed/d:railed/i:railing/3:rails
railway,,"n. 铁路, 轨道\n[经] 铁路",zk gk ielts,1099,8369,s:railways
rain,,"n. 雨, 下雨, 雨天\nvi. 下雨\nvt. 使大量落下",zk gk,1491,1550,i:raining/3:rains/s:rains/p:rained/d:rained
rainbow,,n. 彩虹\na. 五彩缤纷的,gk cet4 cet6 ky toefl,5699,7427,s:rainbows
rainy,,"a. 下雨的, 多雨的",zk gk cet4 cet6,13732,7477,t:rainiest
raise,,"n. 上升, 高地, 增高\nvt. 升起, 举起, 唤起, 提高, 使出现, 使复活, 提出, 筹集, 饲养",zk gk toefl,510,433,d:raised/p:raised/i:raising/3:raises
random,,"n. 随意, 随机\na. 任意的, 随便的, 胡乱的, 随机的\nadv. 胡乱地",gk cet6 ky toefl ielts gre,3811,3619,
range,,"n. 排, 行, 山脉, 范围, 行列, 射程\nvt. 排列, 归类于, 使并列, 放牧\nvi. 平行, 延伸, 漫游\n[计] 量程; 范围; 域; 距离",gk cet4 cet6 ky toefl ielts,484,972,i:ranging/s:ranges/p:ranged/3:ranges/d:ranged
rank,,"n. 等级, 排, 横列, 队伍, 阶级\na. 茂密丛生的, 恶臭的, 十足的, 粗俗的\nvt. 排列, 归类于, 把...分等\nvi. 列为, 列队\nn. 秩\n[计] 秩",gk cet4 cet6 ky toefl ielts,2464,2647,s:ranks/d:ranked/3:ranks/i:ranking/p:ranked
rapid,,"a. 迅速的, 飞快的, 急促的, 陡的\nn. 急流",zk gk cet4 cet6 ky ielts,2402,3029,s:rapids
rare,,"a. 稀罕的, 罕有的, 珍奇的, 稀薄的, 半熟的, 非常好的\nadv. 非常",gk cet4 cet6 ky toefl ielts,1831,1872,r:rarer/t:rarest/i:raring
rat,,"n. 鼠, 卑鄙的人, 破坏者, 变节者\nvi. 捕鼠, 变节\nvt. 弄蓬松",zk gk cet4 cet6 ky toefl ielts,3139,3558,s:rats/i:ratting/d:ratted/p:ratted/3:rats
rate,,"n. 比率, 率, 速度, 价格, 费用, 等级\nvt. 估价, 认为, 鉴定等级, 责骂\nvi. 被评价, 责骂",gk cet4 cet6 ky ielts,297,457,s:rates/d:rated/p:rated/i:rating/3:rates
rather,,"adv. 宁可, 稍微, 相当",zk gk cet4 cet6 ky,460,860,
rating,,"n. 等级, 额定功率, 责骂\n[经] 等级评定",cet6,4005,1819,0:rate/1:i/s:ratings/i:rating
raw,,"n. 擦伤处, 半成品\na. 生的, 未加工的, 生疏的, 不成熟的, 阴冷的, 刺痛的, 擦掉皮的\nvt. 擦伤\n[计] 写后读",gk cet4 cet6 ky toefl ielts,2999,2783,t:rawest
ray,,"n. 光线, 射线, 闪烁, 光辉\nvi. 射出光线, 浮现, 放射光线\nvt. 放射, 显出",gk cet4 cet6 ky toefl,3865,4432,s:rays/i:raying/p:rayed/3:rays/d:rayed
reach,,"n. 伸出, 延伸, 区域, 范围, 流域, 岬\nvt. 到达, 达到, 伸出, 延伸, 影响\nvi. 达到, 延伸, 伸出手, 传到",zk gk cet4 cet6 ky,404,422,p:reached/d:reached/i:reaching/3:reaches/s:reaches
react,,"vi. 起反应, 起作用, 反攻\n[医] 应答, 发生反应",gk cet4 cet6 ky toefl,2923,2666,p:reacted/i:reacting/d:reacted/3:reacts
reaction,,"n. 反应, 反作用, 反动\n[医] 反应",cet4 cet6,1269,1409,s:reactions
read,,"v. 读, 阅读, 理解\na. 有学问的\nn. 读取, 阅读\n[计] 读取",zk gk,322,337,d:read/0:read/1:dp/i:reading/p:read/3:reads
reading,,"n. 阅读, 知识, 读物\na. 阅读的",gk cet4 cet6 ky ielts,1701,1581,0:read/1:i/i:reading/s:readings
ready,,"n. 预备好的状态, 现款\na. 准备好的, 备用的, 可以使用的\nadv. 预先, 迅速\nvt. 使准备好",zk gk toefl gre,976,758,s:readies/i:readying/r:readier/d:readied/p:readied/3:readies
real,,"a. 真的, 真实的, 实际的, 实在的, 不动(产)的, 实数的\nn. 实数, 现实\nadv. 真正地",zk gk cet4 cet6 ky,425,305,
realise,,"vt. 实现, 认识到, 体会到, 了解, 认清, 使显得逼真, 变卖财产为现钱",zk gk ky,1018,0,p:realised/d:realised/i:realising/3:realises
realistic,,"a. 现实的, 逼真的, 现实主义的, 实在论的",cet6 ky,3620,3993,
reality,,"n. 实在, 事实, 实体, 逼真\n[法] 现实, 实在存在的事物, 实在性",gk cet4 cet6 ky,1299,1032,s:realities
really,,"adv. 实际上, 真实地, 实在",zk,179,143,
reason,,"n. 理由, 原因, 理智, 道理, 前提, 理性\nvt. 说服, 推论, 辩论\nvi. 推论, 劝说, 思考",zk gk toefl ielts,310,359,s:reasons/p:reasoned/i:reasoning/3:reasons/d:reasoned
reasonable,,"a. 合理的, 明理的, 适当的\n[法] 合理的, 公道的, 正当的",gk cet4 cet6 ky ielts,1549,2510,
rebuild,,"vt. 改建, 重建, 改造\nvi. 重建",gk toefl,4709,3790,d:rebuilt/i:rebuilding/p:rebuilt/3:rebuilds/s:rebuilds
recall,,"n. 回忆, 召回, 撤消\nvt. 回想, 回忆, 召回, 撤消, 使恢复\n[计] 检索",cet4 cet6 ky toefl ielts gre,1637,1129,p:recalled/3:recalls/d:recalled/i:recalling
receipt,,"n. 收据, 收入, 收到\nvt. 开...的收据",gk ielts gre,3633,6517,s:receipts/i:receipting/p:receipted/3:receipts/d:receipted
receive,,"vt. 收到, 接到, 得到, 接待, 迎接, 承受\nvi. 收到, 会客\n[计] 接收",zk gk,372,497,d:received/p:received/i:receiving/3:receives
receiver,,"n. 接收器；接受者；收信机；收款员, 接待者",gk cet4 cet6 toefl,3543,3401,s:receivers
recent,,"a. 最近的, 近代的, 最新的\n[经] 最近的, 新进的",zk gk cet4 cet6 ky toefl,630,567,
recently,,adv. 最近,cet4 cet6 toefl,822,699,
reception,,"n. 接待, 接受, 招待会\n[医] 接受, 感受",gk cet4 cet6 ky toefl ielts,2928,3944,s:receptions
receptionist,,n. 接待员,gk toefl ielts,8900,10281,s:receptionists
recipe,,"n. 食谱, 处方, 秘诀\n[医] 取(处方头语), 处方",gk cet6 ky toefl ielts gre,3661,2509,s:recipes
recite,,"v. 背诵, 朗读, 叙述",zk gk cet4 cet6 ky ielts,8563,6397,i:reciting/p:recited/d:recited/3:recites
recognise,,"vt. 认识, 辩认, 认出, 承认, 认可, 清楚地认识到, 自认, 公认, 赏识, 准许某人发言",gk,1077,0,d:recognised/p:recognised/i:recognising/3:recognises
recognition,,"n. 赞誉, 认得, 识别, 承认, 认可, 认识\n[电] 认识",cet4 cet6 ky toefl,1628,2441,s:recognitions
recommend,,"vt. 推荐, 介绍, 劝告, 使受欢迎, 托付\n[经] 建议, 推荐",gk cet4 cet6 ky toefl,1578,1688,d:recommended/p:recommended/3:recommends/i:recommending
record,,"n. 记录, 履历, 档案, 审判记录, 最高纪录, 唱片\nvt. 记录, 记载, 标明, 将...录音\nvi. 记录, 录音, 可被录音\na. 创纪录的\n[计] 录制, 记录",zk gk cet4 cet6 ky ielts,507,516,s:records/d:recorded/p:recorded/i:recording/3:records
recording,,"a. 记录的, 记录用的\nn. 录音",toefl ielts,2437,3319,0:record/1:i/s:recordings/i:recording
recover,,"vt. 重新获得, 恢复, 复原, 拯救\nvi. 痊愈, 复原, 胜诉\n[计] 恢复",gk cet4 cet6 ky toefl ielts,1804,2131,d:recovered/i:recovering/p:recovered/3:recovers
recreation,,"n. 娱乐, 消遣, 休息, 再创造\n[医] 娱乐, 休养",gk cet4 cet6 ky toefl ielts,5707,5867,s:recreations
recycle,,"vt. 使再循环, 重新利用, 再制\nn. 再循环",gk cet6 ky toefl ielts,7344,5806,i:recycling/d:recycled/3:recycles/p:recycled
red,,"a. 红的, 红色的, 红肿的, 流血的\nn. 红色, 红颜料, 赤字\n[计] 简化, 减少",zk gk,796,598,s:reds/r:redder
reduce,,"vt. 减少, 分解, 降低, 使衰退, 把...分解, 把...归纳\nvi. 减少, 减肥, 缩小\n[计] 缩小",gk cet4 cet6 ky toefl,567,701,d:reduced/i:reducing/3:reduces/p:reduced
refer,,"vt. 提交, 归诸于, 把...提交, 使求助于\nvi. 提到, 涉及, 查阅, 查询, 咨询",gk cet4 cet6 ky toefl,728,1156,d:referred/3:refers/i:referring/p:referred
reference,,"n. 参考, 索引, 参照\nvt. 给...加上参考资料\nvt. 引用\nvi. 引用\n[计] 引用",gk cet4 cet6 ky ielts,1016,1904,s:references/p:referenced/d:referenced/i:referencing/3:references
reflect,,"vt. 反射, 反映, 招致, 深思\nvi. 被反射, 映出, 深思, 考虑, 指责",gk cet4 cet6 ky gre,885,1004,3:reflects/d:reflected/i:reflecting/p:reflected
reform,,"n. 改革, 改正, 改造\nvt. 改革, 改过, 革新, 重整\nvi. 革新, 改过",gk cet4 cet6 ky toefl ielts,1211,1112,s:reforms/d:reformed/i:reforming/p:reformed/3:reforms
refresh,,"vt. 使清新, 使恢复, 使生气蓬勃\nvi. 提起精神, 恢复精神, 吃点心, 喝饮料\nvt. 刷新, 重新整理\nvi. 刷新, 重新整理\n[计] 刷新, 重新整理",gk cet4 cet6 ky toefl gre,11300,12356,p:refreshed/d:refreshed/i:refreshing/3:refreshes/s:refreshes
refrigerator,,"n. 电冰箱, 冷藏库\n[计] 冷冻机; 致冷器",gk cet4 cet6 toefl,9857,4133,s:refrigerators
refusal,,"n. 拒绝, 推却, 优先决定权\n[法] 拒绝, 谢绝, 取舍权",gk cet4 cet6 ky ielts,3562,5933,s:refusals
refuse,,"vt. 拒绝, 谢绝\nvi. 拒绝\nn. 废物\na. 扔掉的, 无用的",zk gk cet4 cet6 ky toefl,936,1247,p:refused/d:refused/i:refusing/3:refuses
regard,,"n. 关心, 注意, 尊敬, 关系, 问候\nvt. 视为, 注意, 考虑, 和...有关, 看待\nvi. 注视, 注意",zk gk cet4 cet6 ky toefl,945,2084,d:regarded/3:regards/p:regarded/i:regarding
regardless,,"a. 不管, 不注意, 不顾",gk cet4 cet6 ky toefl ielts,4283,2899,
region,,"n. 区域, 地带, 地区, 领域, 范围, 区\n[计] 区, 区域",cet4 cet6 ky ielts,713,793,s:regions
register,,"n. 寄存器, 记录, 登记簿, 注册\nvt. 记录, 注册, 提示, 表达, 把...挂号\nvi. 登记, 注册, 挂号\n[计] 寄存器",gk cet4 cet6 ky toefl ielts,2430,3173,d:registered/s:registers/p:registered/i:registering/3:registers
regret,,"n. 遗憾, 后悔, 悔恨, 抱歉, 歉意\nvt. 为...感到遗憾, 后悔, 惋惜, 懊悔, 抱歉\nvi. 感到抱歉",zk gk cet4 cet6 ky,3773,4595,p:regretted/s:regrets/i:regretting/d:regretted/3:regrets
regular,,"a. 规则的, 常例的, 有秩序的, 整齐的, 等边的, 定期的, 经常的, 合格的, 常备军的\nn. 正规军, 正式队员\nadv. 经常地\nn. 正常体\n[计] 正常体",gk cet4 cet6 ky toefl ielts,1276,1370,s:regulars
regulation,,"n. 规则, 管理, 调整\n[计] 调整; 规章; 规则; 调节",gk cet4 cet6 ky toefl ielts,1400,1675,s:regulations
reject,,"n. 被拒之人, 被弃之物, 不合格品, 次品\nvt. 拒绝, 抵制, 否决, 驳回, 丢弃, 呕出",gk cet4 cet6 ky toefl,1485,2029,d:rejected/p:rejected/i:rejecting/3:rejects/s:rejects
relate,,"vt. 讲, 叙述, 使互相关联\nvi. 有关, 符合, 相处得好",gk cet4 cet6 ky gre,747,1080,i:relating/d:related/3:relates/p:related
relation,,"n. 关系, 联系, 叙述, 故事, 家属, 亲戚\n[计] 关系",zk gk cet4 cet6 ky,719,1118,s:relations
relationship,,"n. 关系, 关联\n[医] 关系",gk cet4 cet6 ky ielts,532,486,s:relationships
relative,,"n. 亲戚, 关系词\na. 有关系的, 相对的, 比较的",gk cet4 cet6 ky,2255,2428,s:relatives
relax,,"vi. 放松, 松懈, 松弛, 变从容, 休息, 休养\nvt. 使松弛, 缓和, 使松懈, 使休息",zk gk cet4 cet6 ky toefl,2535,2861,p:relaxed/i:relaxing/d:relaxed/3:relaxes
relay,,"n. 驿马, 替班, 中继, 接力\nvt. 分程传递, 转播, 使接替\nvi. 接力传送, 转播",gk cet6 ky toefl ielts,11282,8326,d:relayed/i:relaying/p:relayed/s:relays/3:relays
release,,"n. 释放, 发泄, 豁免, 发行, 释放证书\nvt. 释放, 解除, 放松, 豁免, 免除, 发布, 放弃, 让与\nn. 发布\n[计] 版本, 发布",cet4 cet6 ky toefl ielts gre,1232,1120,d:released/i:releasing/p:released/s:releases/3:releases
relevant,,"a. 有关联的, 有关系的, 适当的, 相应的\n[法] 有关的, 相关的",gk cet4 cet6 ky toefl ielts,1241,2814,
reliable,,"a. 可靠的, 可信赖的\n[法] 可靠的, 可信赖的, 确实的",gk cet4 cet6 ky toefl ielts,3271,3504,
relief,,"n. 减轻, 解除, 救济, 安慰, 调剂, 浮雕, 换班, (地势的)起伏\n[医] 缓减, 减轻, 浮雕(绘画中)",gk cet4 cet6 ky toefl ielts,1391,1812,s:reliefs
religion,,"n. 宗教, 信仰\n[法] 宗教, 宗教信仰, 信仰",gk cet4 cet6 ky toefl ielts gre,1819,1383,s:religions
religious,,"a. 宗教性的, 虔诚的, 宗教上的, 严谨的\nn. 修道士, 出家人",gk cet4 cet6 ky toefl,1444,884,
rely,,"vi. 信赖, 依赖, 信任",gk cet4 cet6 ky toefl ielts,1734,1857,i:relying/3:relies/d:relied/p:relied
remain,,"vi. 保持, 逗留, 剩余\n[法] 停留, 居住, 继续",zk gk cet4 cet6 ky,344,426,3:remains/p:remained/d:remained/i:remaining/s:remains
remark,,"n. 评论, 注意\nvt. 评论, 注意\nvi. 评论, 谈论\n[计] 注释",gk cet4 cet6 ky toefl ielts,2581,3389,s:remarks/p:remarked/d:remarked/3:remarks/i:remarking
remarkable,,"a. 不平常的, 值得注意的, 显著的",cet4 cet6 ky toefl ielts,2423,2708,
remember,,"vt. 记得, 回忆起, 记住, 铭记, 纪念\nvi. 记得",zk gk,346,379,p:remembered/d:remembered/i:remembering/3:remembers
remind,,"vt. 提醒, 使想起",gk cet4 cet6 ky toefl ielts,1700,1458,p:reminded/d:reminded/3:reminds/i:reminding
remote,,"a. 遥远的, 偏僻的, 疏远的, 微少的\n[计] 远程, 远程访问实用程序",gk cet4 cet6 ky toefl,2684,2778,r:remoter/t:remotest
remove,,"vt. 移动, 调动, 除去, 迁移, 开除, 移交\nvi. 迁移, 移动, 搬家\nn. 班级, 升级, 移动, 搬家, 间距\n[计] 删除",gk cet4 cet6 ky toefl gre,866,876,d:removed/i:removing/p:removed/3:removes
rent,,"n. 租金, 房租, 出租物, 裂缝, 破裂处, 分裂\nvt. 租用, 租出\nvi. 出租\na. 分裂的, 破裂的\nrend的过去式和过去分词",gk cet4 cet6 ky toefl ielts gre,2386,3433,s:rents/i:renting/d:rented/p:rented/3:rents/0:rent/1:d
repair,,"n. 修理, 补救, 修复\nvt. 修理, 修补, 补救, 恢复, 补偿\nvi. 修理, 修补, 补救, 恢复, 去, 常去, 集合",zk gk cet4 cet6 ky toefl ielts,2940,3874,s:repairs/i:repairing/d:repaired/p:repaired/3:repairs
repeat,,"n. 重复, 反复\nvt. 重做, 重复, 复述, 使再现, 复制\nvi. 重复\n[计] 重复",zk gk cet4 cet6 ky toefl,1398,1602,p:repeated/d:repeated/i:repeating/3:repeats/s:repeats
replace,,"vt. 代替, 替换, 放回, 归还\n[计] 替换; DOS外部命令:取代或更新文件",gk cet4 cet6 ky toefl,894,1182,d:replaced/i:replacing/p:replaced/3:replaces
reply,,"n. 答复, 回答, 答辩\nvi. 答复, 回答, 回击, 反响, 答辩\nvt. 回答\n[计] 答复",zk gk cet4 cet6 ky,1286,2219,p:replied/s:replies/3:replies/i:replying/d:replied
report,,"n. 报告, 报道, 传说, 案情报告, 爆炸声, 成绩单\nvt. 报告, 汇报, 转述, 报道, 揭发, 使报到\nvi. 报告, 写报道, 报到\n[计] 报告",zk gk ielts,276,450,d:reported/s:reports/p:reported/3:reports/i:reporting
reporter,,"n. 记者, 报告者\n[化] 指示器",gk cet4 cet6 ky,3671,1286,s:reporters
represent,,"vt. 表现, 表示, 描绘, 讲述, 代表, 象征, 回忆, 再赠送, 再上演\nvi. 提出异议",gk cet4 cet6 ky toefl ielts,645,687,d:represented/3:represents/i:representing/p:represented
representative,,"n. 代表, 众议员, 典型\na. 描写的, 表现的, 代理的, 代表的, 代议制的, 典型的",gk cet4 cet6 ky toefl ielts,1470,1976,s:representatives
republic,,"n. 共和国, 共和政体, 团体, 界",gk cet4 cet6 ky toefl,1632,3709,s:republics
reputation,,"n. 名誉, 名声, 声望\n[法] 名声, 名誉, 公认证据",gk cet4 cet6 ky toefl ielts gre,2235,2411,s:reputations
request,,"n. 请求, 需要, 申请书\nvt. 请求, 要求, 邀请\n[计] 请求",gk cet4 cet6 ky toefl ielts gre,1821,2116,s:requests/d:requested/i:requesting/p:requested/3:requests
require,,"vt. 需要, 命令, 要求\n[法] 需要, 要求, 命令",zk gk cet4 cet6 ky,321,446,d:required/3:requires/i:requiring/p:required
requirement,,"n. 需求, 必要条件, 要求\n[化] 要求; 合同要求",gk cet4 cet6 ky toefl ielts,1078,1885,s:requirements
rescue,,"n. 援救, 解救, 营救\nvt. 援救, 救出, 营救",gk cet4 cet6 ky toefl ielts gre,3918,3815,d:rescued/p:rescued/i:rescuing/3:rescues/s:rescues
research,,"n. 研究, 调查, 考察\nvi. 研究, 调查",zk gk cet4 cet6 ky ielts,357,362,i:researching/d:researched/s:researches/p:researched/3:researches
resemble,,"vt. 相似, 类似",gk cet4 cet6 ky toefl ielts,3822,3058,3:resembles/i:resembling/p:resembled/d:resembled
reservation,,"n. 保留, 预定, 保留品, 保留地\n[经] 预定, 预约, 权益保留",gk cet4 cet6 ky ielts,4139,3046,s:reservations
reserve,,"n. 储备品, 贮量, 后备军, 自然保护区, 保留, 拘谨, 节制, 储备金\nvt. 保留, 保存, 预订, 延期, 推迟",gk cet4 cet6 ky toefl ielts gre,2475,3740,s:reserves/d:reserved/p:reserved/3:reserves/i:reserving
resident,,"n. 居民, 常驻程序, 居住者, 留鸟\na. 居留的, 定居的",cet4 cet6 ky toefl gre,2053,1254,s:residents
resign,,"vt. 辞职, 放弃, 使顺从\nvi. 辞职, 屈从",gk cet4 cet6 ky ielts,2549,3390,p:resigned/d:resigned/i:resigning/3:resigns
resilient,,"a. 弹回的, 有弹力的\n[医] 回弹的, 回能的",gre,13884,10634,
resist,,"v. 抵抗, 耐得住, 抵制, 反抗\nn. 防染材料",gk cet4 cet6 ky toefl,2415,2470,d:resisted/p:resisted/i:resisting/3:resists
resistance,,"n. 抵抗力, 反抗, 耐力, 阻力, 电阻\n[化] 抵抗; 抗性; 阻力; 抗药性; 电阻",cet4 cet6 ky toefl ielts,2311,2226,s:resistances
resolution,,"n. 解析, 决心, 坚定, 决定, 决议, 消除, 解答, 分解\nn. 图形分辨率\n[计] 图形分辨率",cet4 cet6 ky toefl ielts,2064,1968,s:resolutions
resolve,,"vi. 决定, 分解, 决心\nvt. 使分解, 解析, 解决, 消除, 决心\nn. 决定之事, 决心, 坚决",cet4 cet6 ky toefl ielts,2174,2242,d:resolved/i:resolving/p:resolved/3:resolves
resource,,"n. 资源, 财力, 办法, 策略, 急智, 消遣\n[计] 资源",cet4 cet6 ky toefl ielts,786,769,s:resources/d:resourced/i:resourcing/p:resourced
respect,,"n. 尊敬, 尊重, 问候\nvt. 尊敬, 注意, 遵守",gk cet4 cet6 ky toefl,1476,1554,s:respects/d:respected/p:respected/3:respects/i:respecting
respective,,"a. 分别的, 各自的",cet4 cet6 ky toefl,5015,5883,
respond,,"vt. 以...回答\nvi. 回答, 响应, 回报, 有反应, 承担责任",gk cet4 cet6 ky toefl,1313,920,i:responding/p:responded/d:responded/3:responds
response,,"n. 反应, 回答, 响应\n[计] 应答",cet4 cet6 ky ielts gre,798,725,s:responses
responsibility,,"n. 责任, 职责, 负担, 可靠性\n[化] 职责",gk cet4 cet6 ky toefl ielts,830,1067,s:responsibilities
responsible,,"a. 有责任的, 负责的, 责任重大的\n[法] 应负责任的, 有责任的, 能履行责任的",cet4 cet6 ky toefl,1054,1365,
rest,,"n. 休息, 睡眠, 安息, 稍息, 静止, 支架, 休息处, 其余者, 剩余部分\nvi. 休息, 睡, 长眠, 安心, 静止, 停止, 安置, 依赖\nvt. 使休息, 使支撑, 把...寄托于",zk gk,703,673,i:resting/p:rested/3:rests/s:rests/d:rested
restaurant,,"n. 餐馆, 饭店",zk gk ielts,1816,1114,s:restaurants
restore,,"vt. 回复, 恢复, 归还, 修补, 修复\nvt. 还原\nvi. 还原\n[计] 还原; DOS外部命令:从备份盘中取回文件",cet4 cet6 ky toefl ielts gre,2217,2543,d:restored/i:restoring/p:restored/3:restores
restrict,,"vt. 限制, 限定, 约束\n[医] 限制",gk cet4 cet6 ky toefl,2207,3539,d:restricted/i:restricting/3:restricts/p:restricted
restriction,,"n. 限制, 限定, 约束\n[计] 限定",gk cet4 cet6 toefl,2226,3127,s:restrictions
result,,"n. 结果, 成绩, 答案\nvi. 产生, 结果, 致使\n[计] 结果",zk gk cet4 cet6 ky ielts,264,354,s:results/p:resulted/i:resulting/d:resulted/3:results
retire,,"n. 隐居\nvi. 引退, 退役, 退休, 退去, 撤退, 退却\nvt. 使...撤退, 辞退",gk cet4 cet6 ky toefl,2374,2301,p:retired/d:retired/i:retiring/3:retires
return,,"n. 回来, 返回, 来回票, 归还, 报答, 利润率, 报告书\na. 返回的, 回程的, 报答的, 反向的, 重现的, 复原的\nvi. 返回, 归还, 回来\nvt. 归还, 还, 回报, 产生, 反射, 报告, 申报, 退回\n[计] 返回",zk gk ielts,428,472,p:returned/d:returned/i:returning/s:returns/3:returns
reveal,,"vt. 露出, 显示, 透露, 揭露, 泄露, (神)启示\nn. 窗侧, 门侧",cet4 cet6 ky toefl,968,927,d:revealed/p:revealed/3:reveals/i:revealing
review,,"n. 检讨, 复习, 回顾, 检阅, 评论\nvt. 温习, 检讨, 评论, 再检察, 复审\nvi. 复习功课, 写评论",zk gk cet4 cet6 ky toefl ielts,1128,1384,d:reviewed/s:reviews/i:reviewing/p:reviewed/3:reviews
revise,,"n. 校订, 修正, 改样\nvt. 校订, 修正, 校正",cet4 cet6 ky toefl ielts gre,4941,5829,d:revised/i:revising/p:revised/3:revises
revision,,"n. 校订, 修正, 修订本, 修订版\n[计] 修订版",gk cet6 toefl ielts,4579,5994,s:revisions
revolution,,"n. 革命, 大变革, 旋转, 转数, 循环\n[化] 回转",gk cet4 cet6 ky toefl,1858,2753,s:revolutions
reward,,"n. 报酬, 酬谢, 赏金\nvt. 奖赏, 酬谢, 给...应有报应",gk cet4 cet6 ky toefl ielts gre,2819,3392,s:rewards/d:rewarded/i:rewarding/p:rewarded/3:rewards
rhyme,,"n. 韵, 押韵, 韵文\nvi. 押韵\nvt. 使押韵, 用韵诗表达",gk gre,8663,10200,s:rhymes/3:rhymes/i:rhyming/p:rhymed/d:rhymed
rice,,"n. 米, 米饭, 稻\nvt. 将...压成米粒状",zk gk ielts,4143,2740,s:rices/i:ricing/p:riced/3:rices/d:riced
rich,,"a. 富裕的, 富饶的, 浓厚的, 贵重的",zk gk,1229,1075,r:richer/t:richest
rid,,"vt. 免除, 以...清除, 使获自由, 使摆脱\n[法] 免除, 清除, 摆脱",gk cet4 cet6 ky toefl,2872,3041,d:rid/0:rid/1:dp/i:ridding/p:rid/3:rids
riddle,,"n. 谜, 谜语, 粗筛\nvt. 解谜, 给...出谜, 筛, 寻根究底地检验, 充满于\nvi. 出谜",zk gk cet4 cet6 ky toefl gre,13883,11712,d:riddled/s:riddles/p:riddled/i:riddling/3:riddles
ride,,"n. 骑马, 乘坐, 乘车, 搭便车\nvt. 骑, 乘坐, 压迫, 控制\nvi. 骑马, 乘车, 漂游",zk gk,1796,1283,i:riding/p:rode/d:ridden/s:rides/3:rides
ridiculous,,"a. 荒谬的, 可笑的",gk cet4 cet6 ky toefl ielts,3632,4043,
right,,"n. 权利, 右边, 正义, 右派, 公正\na. 正确的, 对的, 恰当的, 正常的, 正直的, 正面的, 右方的\nadv. 正确地, 以有利结果, 一直, 直接, 向右\nvt. 扶直, 整理, 纠正, 伸冤, 使昭雪\nvi. 恢复平衡\n[计] 右, 权利",zk gk,244,193,s:rights/i:righting/p:righted/3:rights/d:righted
rigid,,"a. 坚硬的, 刚性的, 严格的, 精密的, 刻板的",gk cet4 cet6 ky toefl ielts gre,4475,5469,
ring,,"n. 环, 环形物, 拳击场, 戒指, 角逐, 小集团, 铃声, 钟声, 声调\nvt. 包围, 套住, 按铃, 敲钟\nvi. 成环形, 响, 鸣, 按铃, 敲钟, 回响",zk gk toefl,1305,1678,p:rang/s:rings/i:ringing/d:rung/3:rings
ripe,,"a. 成熟的, 熟练的, 成年的\n[医] 成熟的",gk cet4 cet6 ky toefl,7544,6068,t:ripest/r:riper
rise,,"n. 上升, 增加, 上涨, 高地, 升高, 出现\nvi. 升起, 起身, 起立, 上升, 上涨, 增长, 高耸, 起义, 浮现\nvt. 使飞起",zk gk cet4 cet6 ky,644,727,p:rose/i:rising/d:risen/s:rises/3:rises
risk,,"n. 冒险, 危险, 保险额\nvt. 冒...的危险, 冒险干",zk gk cet4 cet6 ky toefl,781,650,s:risks/i:risking/p:risked/3:risks/d:risked
river,,"n. 河, 江\n[法] 河流, 江河, 内河",zk gk,876,1327,s:rivers
road,,"n. 路, 道路, 公路, 途径, 方法\n[法] 公路, 道路, 行车道",zk gk ielts,284,489,s:roads
roast,,"n. 烤肉, 烘烤, 嘲笑\na. 烘烤的, 烤过的\nvt. 烤, 炙, 烘焙, 嘲笑\nvi. 烤, 炙, 烘焙",gk cet4 cet6 ky toefl ielts,12050,7679,i:roasting/d:roasted/p:roasted/s:roasts/3:roasts/r:roaster
robot,,"n. 机械人, 自动机械, 机械般工作的人\n[计] 机器人; 自动机",zk gk cet4 cet6 ky,6669,4523,s:robots
rock,,"n. 岩石, 岩礁, 石头, 基石, 暗礁, 摇动, 摇滚乐\nvt. 摇摆, 摇动, 使摇晃, 使动摇\nvi. 摇, 摇动",zk gk cet4 cet6 ky ielts,1070,869,s:rocks/i:rocking/p:rocked/d:rocked/3:rocks
rocket,,"n. 火箭, 烟火\nvi. 急升, 猛涨, 飞驰\nvt. 用火箭运载",gk cet4 cet6 ky,6074,4094,s:rockets/d:rocketed/p:rocketed/3:rockets/i:rocketing
role,,"n. 角色, 职责, 任务\n[医] 作用, 功用",zk gk cet4 cet6 ky toefl ielts,468,451,s:roles
roll,,"n. 卷, 滚动, 名单, 案卷, 压路机\nvi. 滚, 滚动, 飘流, 起伏, 卷, 绕\nvt. 使滚动, 卷, 绕",gk cet4 cet6 ky toefl ielts,1856,1249,p:rolled/s:rolls/i:rolling/d:rolled/3:rolls
romantic,,"a. 浪漫的, 风流的, 传奇性的, 夸大的, 空想的, 浪漫派的",cet4 cet6 ky,3436,3135,s:romantics
roof,,"n. 屋顶, 室顶\nvt. 给...盖屋顶, 遮蔽",gk cet4 cet6 ky toefl,1879,2135,s:roofs/d:roofed/i:roofing/p:roofed/3:roofs
room,,"n. 房间, 空位, 场所\nvi. 住宿, 居住\nvt. 留宿",zk gk ielts,240,227,s:rooms/i:rooming/p:roomed/3:rooms/d:roomed
root,,"n. 根, 根本, 根源, 基础, 底部\nvt. 使扎根, 使固定, 根除, 肃清, 搜出, 用鼻拱\nvi. 生根, 固定, 源于, 用鼻拱土, 寻找, 捧场, 支持",gk cet4 cet6 ky,1992,1734,s:roots/d:rooted/i:rooting/p:rooted/3:roots
rope,,"n. 绳, 索, 粗绳, 绞索, 决窍\nvt. 捆, 缚, 绑, 圈起, 以绳将...系住\nvi. 拧成绳状",zk gk cet4 cet6 ky toefl,3336,3309,s:ropes/d:roped/i:roping/p:roped/3:ropes
rose,,"n. 玫瑰, 蔷薇, 玫瑰色\na. 玫瑰色的, 玫瑰花的\nvt. 使成玫瑰色\nrise的过去式",zk gk cet4 cet6 ky,2179,23633,0:rise/1:pd/s:roses
rough,,"n. 粗糙的东西, 毛坯, 未加工品, 梗概, 草图, 暴徒, 艰难\na. 粗糙的, 粗暴的, 蓬乱的, 草率的, 大致的, 简陋的, 暴风雨的, 艰难的\nvt. 使粗糙, 使不平, 使蓬乱, 粗制, 草拟, 粗暴对待, 对...动粗\nvi. 变粗糙\nadv. 粗糙地, 粗暴地",gk cet4 cet6 ky toefl ielts,2422,2627,r:rougher/t:roughest/d:roughed/s:roughs/i:roughing/p:roughed/3:roughs
round,,"n. 圆, 圆形物, 巡回, 循环, 一轮, 一回合, 一局, 范围, 轮唱\na. 圆的, 球形的, 丰满的, 肥胖的, 完全的, 大概的, 完美的, 圆润的\nprep. 围着, 附近, 绕过, 在...周围\nadv. 围绕着, 在周围, 迂回地, 挨个, 朝反方向\nvt. 弄圆, 使成圆形, 绕行, 完成, 围捕, 把...四舍五入\nvi. 变圆, 发胖, 环行, 拐弯, 进展",zk gk,730,2372,s:rounds/p:rounded/d:rounded/i:rounding/3:rounds/r:rounder
route,,"n. 路径, 途径, 路线\nvt. 确定路线, 按规定路线发送\n[计] 传递, 路由设定程序",cet4 cet6 ky ielts,1246,1946,s:routes/i:routing/p:routed/3:routes/d:routed
routine,,"n. 常规, 日常工作, 惯例, 例行公事\na. 日常的, 常规的\n[计] 例程",gk cet4 cet6 ky toefl ielts,2421,2585,s:routines
row,,"n. 排, 行, 街道, 划船, 吵闹\nvt. 使成排, 划, 划船, 参加(赛船), 痛骂\nvi. 划船, 划动, 争吵\n[计] 行",zk gk cet4 cet6 ky toefl,1406,1843,s:rows/p:rowed/d:rowed/i:rowing/3:rows
royal,,"n. 王室, 皇族\na. 王室的, 皇家的, 盛大的, 庄严的",gk cet4 cet6 ky ielts,682,4306,s:royals
rubber,,"n. 橡皮, 橡胶, 做摩擦动作的人, 按摩师, 决胜盘\nvt. 用橡胶制造, 涂橡胶于",zk gk cet4 cet6 ky ielts,5262,4791,s:rubbers/i:rubbering/p:rubbered/3:rubbers/d:rubbered
rubbish,,"n. 废物, 垃圾, 胡说",zk gk cet4 cet6 ky toefl ielts,3206,14955,p:rubbished/d:rubbished/i:rubbishing/3:rubbishes
rude,,"a. 粗鲁无礼的, 粗陋的, 粗暴的, 原始的, 未开化的, 大略的, 崎岖不平的, 狂暴的",gk cet4 cet6 ky,5635,6718,r:ruder/t:rudest
rugby,,"n. 橄榄球, 橄榄球赛",gk,2794,15490,
ruin,,"n. 毁灭, 推翻, 废墟\nvi. 毁灭, 衰败, 破坏, 破产, 堕落\nvt. 使毁灭, 毁坏, 使破产",gk cet4 cet6 ky toefl,5346,4197,s:ruins/3:ruins/i:ruining/p:ruined/d:ruined
rule,,"n. 规则, 统治, 控制, 支配, 规律, 标准, 章程, 破折号, 铅线\nvt. 规定, 统治, 管理, 控制, 支配, 裁决\nvi. 统治, 管辖, 裁定\n[计] 规则, 水线",zk gk cet4 cet6 ky toefl ielts,539,633,s:rules/d:ruled/p:ruled/3:rules/i:ruling
ruler,,"n. 统治者, 管理者, 尺, 直尺\nn. 划线板\n[计] 标尺",zk gk cet4 cet6 ky,4145,5552,s:rulers
run,,"n. 跑, 赛跑, 奔跑, 奔跑的路程, 趋向, 流出, 运转时间, 连续\nvi. 跑, 奔跑, 跑步, 赛跑, 竞赛, 行驶, 运转, 进行, 蔓延\nvt. 使跑, 参赛, 追究, 驾驶, 开动, 管理, 经营, 使流出, 运行\na. 熔化的, 融化的, 浇铸的\nrun的过去式和过去分词\n[计] 运行",zk gk,208,202,p:ran/i:running/d:run/0:run/1:d/3:runs/s:runs
runner,,"n. 跑步者, 赛跑者, 送信人, 走私船, 操作者, 滑槽\n[化] 碾碎机; 压碎机",gk cet4 cet6,4368,4214,s:runners
running,,"n. 赛跑, 流出, 运转\na. 流动的, 跑着的, 连续的",gk,3269,3252,0:run/1:i/i:running/s:runnings
rural,,"a. 乡下的, 田园的, 乡村风味的\n[法] 农村的, 乡村的, 有关农业的",cet4 cet6 ky toefl ielts gre,1519,2006,
rush,,"n. 匆促, 冲进, 急流, 灯心草\nvi. 冲, 奔, 闯, 赶紧, 匆促行事, 涌现\nvt. 使冲, 匆忙地做, 突袭, 飞跃, 用灯心草做\na. 紧急的",zk gk cet4 cet6 ky toefl,2531,1956,i:rushing/p:rushed/d:rushed/s:rushes/3:rushes
russia,,"n. 俄国, 俄罗斯\n[法] 俄罗斯, 苏联",zk gk ielts,2103,0,
russian,,"n. 俄国人, 俄语\na. 俄国的, 俄语的",zk gk,1791,1562,s:russians
sacred,,"a. 神圣的, 献给上帝的, 庄严的, 祭祀的\n[法] 神圣的, 不可侵犯的",gk cet4 cet6 ky toefl ielts gre,4692,3338,
sacrifice,,"n. 牺牲, 供奉, 祭品\nvt. 牺牲, 祭祀, 贱卖\nvi. 献祭",gk cet4 cet6 ky ielts gre,5282,4068,s:sacrifices/d:sacrificed/i:sacrificing/p:sacrificed/3:sacrifices
sad,,"a. 忧愁的, 悲哀的",zk gk,2373,2145,t:saddest/r:sadder
safe,,"n. 保险箱, 冷藏室\na. 安全的, 可靠的, 平安的, 稳健的, 有把握的",zk gk cet4 cet6 ky ielts gre,1244,1058,r:safer/t:safest/s:safes
safety,,"n. 安全, 保险, 平安, 保安设备\nvt. 保护, 防护",zk gk cet4 cet6 ky ielts,1165,1132,
sail,,"n. 帆, 篷, 帆船, 航程, 帆状物\nvi. 航行, 启航, 张帆而行\nvt. 航行于, 驾船",zk gk cet4 cet6 ky toefl,2876,4124,i:sailing/p:sailed/s:sails/d:sailed/3:sails
salad,,n. 色拉,zk gk cet4 cet6 ky ielts,4643,2773,s:salads
salary,,n. 薪水\nvt. 给...加薪,gk cet4 cet6 ky ielts,2751,2455,s:salaries
sale,,"n. 出售, 卖, 拍卖, 销售额, 廉价出售\n[经] 卖, 出售; 销售(货)",zk gk cet4 cet6 ky toefl ielts,1143,2234,
salesman,,"n. 售货员, 推销员\n[经] 售货员, 店员, 推销员",gk cet4 cet6 ky,6889,5573,s:salesmen
saleswoman,,"n. 女售货员, 女店员",gk,41106,20767,s:saleswomen
salt,,"n. 盐, 风趣, 刺激\na. 含盐的, 咸的, 风趣的, 辛辣的\nvt. 加盐于, 用盐腌",zk gk cet4 cet6 ky,2536,1571,s:salts/d:salted/i:salting/p:salted/3:salts
salty,,"a. 有盐分的, 咸味浓的, 海洋的, 辛辣的, 有经验的",gk,15246,9377,r:saltier
same,,"a. 相同的, 同样的\npron. 相同的人(或事物)\nadv. 同样地",zk gk,137,161,
sample,,"n. 样品, 范例, 样本\nvt. 抽样, 尝试\n[计] 示例, 字样",cet4 cet6 ky toefl ielts,1349,1311,s:samples/d:sampled/i:sampling/p:sampled/3:samples
sand,,"n. 沙, 沙子, 沙滩, 光阴, 生涯\nvt. 撒沙, 以沙掩盖",zk gk cet4 cet6 ky,2470,2205,s:sands/i:sanding/d:sanded/p:sanded/3:sands
sandwich,,"n. 三明治, 夹心面包, 夹层板\nvt. 插入, 夹入, 把...制成三明治",zk gk cet4 cet6 ky ielts,3670,3529,s:sandwiches/d:sandwiched/i:sandwiching/p:sandwiched/3:sandwiches
satellite,,"n. 人造卫星\n[医] 伴行静脉, 陪静脉, 陪病部, 随体, 卫星",gk cet4 cet6 ky toefl ielts,3325,2632,s:satellites
satisfaction,,"n. 满足, 满意, 快事, 赔偿, 赎罪, 报仇的机会\n[经] 偿还, 赎回",gk cet4 cet6 ky toefl ielts,2683,2779,s:satisfactions
satisfy,,"vt. 使满意, 满足, 符合, 使确信, 赔偿\nvi. 令人满意, 替人赎罪",zk gk cet4 cet6 ky toefl,2775,3001,3:satisfies/d:satisfied/i:satisfying/p:satisfied
saturday,,n. 星期六,zk gk ielts,1159,0,s:saturdays
sauce,,"n. 酱油, 调味汁, 酱\nvt. 给...调味, 使增加趣味",gk cet4 cet6 ky ielts,4226,2289,s:sauces/d:sauced/i:saucing/p:sauced/3:sauces
saucer,,"n. 茶碟, 茶托\n[医] 碟",gk cet4 cet6 ky toefl,9123,10769,s:saucers
sausage,,"n. 香肠, 腊肠",zk gk cet4 cet6 ky,5664,6199,s:sausages
save,,"n. 救球\nvt. 解救, 挽救, 储蓄, 保存, 节省, 保留\nvi. 挽救, 节省, 救球\nprep. 除...之外\n[计] 保存",zk gk cet4 cet6 ky toefl,848,735,d:saved/p:saved/i:saving/3:saves/s:saves
saving,,"n. 存款, 挽救, 节约\na. 搭救的, 节约的, 保留的, 补偿的\nprep. 除...之外",cet4 cet6 ky ielts,2163,2193,0:save/1:i/s:savings/i:saving
say,,"vt. 说, 讲, 念, 说明, 指明\nvi. 说, 讲\nn. 意见, 发言权",zk gk ielts,32,19,p:said/3:says/d:said/i:saying
saying,,"n. 叙述, 话, 说, 言论",gk,7543,5887,0:say/1:i/i:saying/s:sayings
scan,,"n. 审视, 浏览, 扫描, 细查\nvt. 细看, 浏览, 扫描, 详细调查, 标出格律\nvi. 押韵, 扫描\n[计] 网络软件目录, 编码与分析系统",gk cet4 cet6 ky toefl ielts gre,5003,4031,i:scanning/p:scanned/d:scanned/s:scans/3:scans
scare,,"n. 惊吓, 恐慌\nvt. 惊吓, 使恐慌\nvi. 受惊",gk cet4 cet6 ky toefl gre,7593,3807,p:scared/d:scared/3:scares/i:scaring/s:scares
scarf,,"n. 围巾, 头巾, 领带, 领巾, 嵌接\nvt. 用围巾围, 嵌接",zk gk cet4 cet6 ky gre,6554,6140,s:scarves/d:scarfed/p:scarfed/i:scarfing/3:scarfs
scene,,"n. 场, 情景, 镜头, 发生地点, 道具, 布景, 景色\n[化] 现场",gk cet4 cet6 ky toefl,1112,738,s:scenes
schedule,,"n. 时间表, 一览表, 计划表, 议事日程\nvt. 预定, 编制目录, 制...表, 安排",gk cet4 cet6 ky toefl ielts,2702,2144,d:scheduled/s:schedules/i:scheduling/p:scheduled/3:schedules
scholar,,"n. 学者, 奖学金获得者, 有文化者, 学习者",gk cet4 cet6 ky toefl,3858,2101,s:scholars
scholarship,,"n. 学问, 学术成就, 奖学金",gk cet4 cet6 ky toefl ielts,5365,3044,s:scholarships
school,,"n. 学校, 鱼群, 门派, 学派\nvt. 教育, 训练, 培养\nvi. 成群地游",zk gk ielts gre,165,125,s:schools/i:schooling/d:schooled/p:schooled/3:schools
science,,"n. 科学, 学科, 学问, 自然科学\n[医] 科学",zk gk ielts,794,889,s:sciences
scientific,,"a. 科学的, 系统的, 符合科学规律的\n[计] 科学记数法",gk cet4 cet6 ky ielts,1601,1605,
scientist,,n. 科学家\n[医] 科学家,zk gk cet4 cet6 ky,1684,1057,s:scientists
scissors,,pl. 剪刀\n[医] 剪,gk cet4 cet6 ky toefl ielts,8705,8906,s:scissors/0:scissors/1:s
score,,"n. 得分, 抓痕, 二十个, 刻痕, 帐目, 乐谱, 起跑线, 终点线, 大量\nvt. 刻划, 划线, 获得, 评价, 把...记下\nvi. 刻痕, 记分, 得分\n[计] 得分",zk gk cet4 cet6 ky toefl ielts gre,1818,1070,p:scored/s:scores/d:scored/i:scoring/3:scores
scotland,,n. 苏格兰,gk ielts,767,0,
scottish,,"a. 苏格兰的, 苏格兰人的",gk,1020,7798,s:scottish/0:scottish/1:s
scream,,"n. 尖叫声\nvi. 尖叫, 大笑, 尖啸, 令人震惊\nvt. 尖叫着说, 大叫大嚷着要求",gk cet4 cet6 ky,2779,2118,i:screaming/p:screamed/s:screams/d:screamed/3:screams
screen,,"n. 幕, 银幕, 屏风, 掩蔽物, 屏蔽, 筛子\nvt. 掩蔽, 放映, 拍摄, 掩护, 筛, 甄别\nvi. 拍电影\n[计] 筛选; 屏幕",zk gk cet4 cet6 ky toefl,1648,1252,s:screens/d:screened/i:screening/p:screened/3:screens
sculpture,,"n. 雕刻, 雕塑\nvt. 雕刻, 雕塑\nvi. 当雕刻师",gk cet6 ky toefl ielts,3734,3427,s:sculptures/d:sculptured/i:sculpturing/p:sculptured/3:sculptures
sea,,"n. 海, 海洋, 海浪, 大量\n[法] 海, 海洋",zk gk,721,989,s:seas
seal,,"n. 印章, 封条, 海豹, 海豹皮, 火漆, 封蜡, 玺, 保证, 批准, 象征, 标志\nvt. 封闭, 盖印, 盖章\nvi. 猎海豹",gk cet4 cet6 ky toefl ielts,4259,4021,s:seals/d:sealed/p:sealed/i:sealing/3:seals
search,,"n. 搜寻, 查究\nv. 搜寻, 搜查, 探求, 调查, 搜索\n[计] 搜索, 路径检索程序",zk gk cet4 cet6 ky toefl,1690,1500,i:searching/p:searched/s:searches/d:searched/3:searches
season,,"n. 季节, 时节, 当令期, 时期\nvt. 给...调味, 使成熟, 使老练, 缓和\nvi. 变干燥",zk gk toefl ielts,833,506,s:seasons/i:seasoning/p:seasoned/3:seasons/d:seasoned
seat,,"n. 座, 座位, 位子, 席位, 所在地\nvt. 使坐下, 使就座, 为...设座于, 使就职\nvi. 安装在底座上",zk gk ielts,912,894,s:seats/d:seated/p:seated/i:seating/3:seats
second,,"n. 秒, 瞬间, 第二名, 支持者, 助手\na. 第二的, 其次的, 次要的, 附加的, 辅助的\nnum. 第二\nvt. 当...助手, 支持",zk gk ielts,242,381,s:seconds/d:seconded/p:seconded/i:seconding/3:seconds
secondary,,"a. 中级的, 中等的, 次要的, 第二的, 从属的, 辅助的\n[化] 仲(指CH-3...CH(CH-3)-型支链烃基或指二元胺及R-2CHOH型的醇); 第二",cet4 cet6 ky toefl ielts,2098,3455,s:secondaries
secret,,"n. 秘密, 机密, 秘诀, 秘方\na. 秘密的, 极机密的, 隐蔽的, 暗中的, 神秘的, 偏僻的",zk gk cet4 cet6 ky toefl,2375,1868,s:secrets
secretary,,"n. 秘书, 书记, 大臣\n[经] 秘书",zk gk ielts,613,2009,s:secretaries
section,,"n. 区段, 部分, 区域, 节, 截面, 处, 科, 区, 扇区\nvt. 把...分段, 把...切片\nvi. 被切成片\n[计] 扇区",gk cet4 cet6 ky toefl ielts,409,818,s:sections/d:sectioned/i:sectioning/p:sectioned/3:sections
secure,,"a. 无虑的, 安心的, 安全的, 可靠的, 保险的\nvt. 固定, 获得, 保证, 使安全, 掩护, 招致\nvi. 停止操作, 船抛锚",gk cet4 cet6 ky toefl gre,1654,2489,d:secured/i:securing/p:secured/3:secures
security,,"n. 安全, 安全性, 防护物, 保安, 可靠性, 担保人, 抵押品, 保证金\n[计] 安全性, 保密性, 安全检查程序",gk cet4 cet6 ky toefl,632,661,s:securities
see,,"vt. 看见, 查看, 参观, 游览, 理解, 知道, 同意\nvi. 看, 观看, 注意, 知道, 考虑\nn. 主教的职位",zk gk,47,67,d:seen/p:saw/i:seeing/3:sees
seed,,"n. 种子, 籽, 萌芽, 子孙, 精液\nvt. 在...播种, 催...发育, 脱...籽\nvi. 结实, 播种",gk cet4 cet6 ky,2590,1919,s:seeds/p:seeded/d:seeded/i:seeding/3:seeds
seek,,"vt. 寻求, 寻找, 探索, 追求, 搜索, 请求\nvi. 寻找, 搜索\n[计] 查找",gk cet4 cet6 ky,591,668,i:seeking/d:sought/p:sought/3:seeks
seem,,"vi. 象是, 似乎",zk gk,134,165,3:seems/p:seemed/d:seemed/i:seeming
seize,,"vt. 抓住, 逮捕, 俘获, 没收, 扣押, 掌握\nvi. 突然抓住, 利用",gk cet4 cet6 ky toefl,2974,3230,d:seized/p:seized/i:seizing/3:seizes
seldom,,"a. 不常的, 稀少的\nadv. 很少, 不常",zk gk cet4 cet6 ky toefl,4326,4878,
select,,"a. 挑选出来的, 极好的\nv. 选择, 挑选\nn. 被挑选者, 精萃\n[计] 选定",gk cet4 cet6 ky toefl,1614,1733,d:selected/i:selecting/3:selects/p:selected
self,,"n. 自己, 自我, 本性, 本质, 私心, 本人\nvt. 使近亲繁殖, 使自花授精\nvi. 自花授精\na. 同一的",gk cet4 cet6 ky,2286,2162,s:selves
sell,,"vt. 卖, 背叛, 销售, 出卖\nvi. 卖, 销售\nn. 卖, 推销术, 失望",zk gk,461,443,d:sold/i:selling/p:sold/3:sells
send,,"vt. 发送, 使进入, 寄, 派遣, 发射, 使陷于\nvi. 寄信, 派人, 播送\nn. (船的)上升运动\n[计] 发送",zk gk,366,404,d:sent/p:sent/i:sending/3:sends
senior,,"n. 年长者, 资深者, 毕业班学生\na. 年长的, 高级的, 资深的",gk cet4 cet6 ky ielts,1203,1090,s:seniors
sense,,"n. 感应, 感觉, 感官, 意识, 观念, 情理, 知觉, 理智\nvt. 感觉, 觉察, 检测\n[计] 阅读; 检测",zk gk cet4 cet6 ky ielts,417,407,s:senses/p:sensed/i:sensing/d:sensed/3:senses
sensitive,,"a. 敏感的, 易感的, 灵敏的, 感光的\n[机] 敏感的, 灵敏的, 感度高的",gk cet4 cet6 ky toefl ielts gre,2372,2506,s:sensitives
sentence,,"n. 句子, 命题, 宣判\nvt. 宣判, 判决\n[计] 句子",zk gk cet4 cet6 ky toefl,1168,2036,s:sentences/d:sentenced/p:sentenced/i:sentencing/3:sentences
separate,,"n. 独立件, 抽印本\na. 分开的, 各别的, 单独的, 分隔的\nvi. 分开, 隔开, 分居\nvt. 使分离, 使分开, 区分, 使分居",zk gk cet4 cet6 ky gre,1256,1892,d:separated/i:separating/3:separates/p:separated/s:separates
separately,,"adv. [表]分开, 不相连, 分隔, 分离, 不同, 单独, 独立, 各自, 各别, 脱离肉体, 灵魂\n[计] 分离地",gk cet4 cet6 toefl,3772,5463,
separation,,"n. 分离, 分居, 缺口, 退职\n[化] 分离",gk cet4 cet6,3669,3704,s:separations
september,,n. 九月,zk gk ielts,964,0,
series,,"n. 串联, 序列, 连续, 系列, 丛书, 套, 级数, 组\n[计] 系列",cet4 cet6 ky ielts,699,718,
serious,,"a. 严肃的, 认真的, 重要的, 严重的\n[电] 严重的",zk gk cet4 cet6 ky toefl ielts,807,755,
servant,,"n. 仆人, 有用物, 公务员, 雇员\n[法] 受雇人, 服务者, 公务员",zk gk cet4 cet6 ky,1878,3938,s:servants
serve,,"vt. 可作...用, 服务, 经历, 招待, 供应, 送交, 对待\nvi. 服务, 服役, 侍应, 适合, 有用, 开球\nn. 发球, 轮到发球",zk gk,625,401,d:served/i:serving/p:served/3:serves/s:serves
service,,"n. 服务, 贡献, 雇佣, 公职, 服役, 功劳, 仪式, 送达, 行政部门\nvt. 保养, 维修\na. 武装部队的, 服务性的, 仆人的, 耐用的\n[计] 服务, 业务",zk gk ielts,160,263,s:services/d:serviced/i:servicing/p:serviced/3:services
session,,"n. 期间, 开庭期, 会议, 学期\n[计] 会话, 对话, 会晤, 通用任务程序",gk cet4 cet6 ky toefl ielts,1443,1544,s:sessions
set,,"n. 日落, 同伙, 组合, 集合, 装置\nvt. 放, 安置, 放置, 设定, 使凝结, 点燃, 确定, 点缀, 使就位, 树立, 分配, 调整\nvi. 日落, 凝固, 定型, 搁住, 结果, 适合\na. 决心的, 规定的, 故意的, 持久的, 固定的, 老套的, 准备好的\n[计] 设置; DOS内部命令:改变或显示分配给环境变量的值",zk gk ielts,213,294,d:set/0:set/1:dp/p:set/i:setting/s:sets/3:sets
setting,,"n. 环境, 背景, 布景, 镶嵌, 调整, 沉落, 一副餐具\n[计] 设置",cet4 cet6 ky toefl ielts,2197,1742,0:set/1:i/s:settings/i:setting
settle,,"n. 有背长椅\nvt. 决定, 整理, 安放, 使定居, 使平静, 支付, 安排, 解决, 结算\nvi. 停留, 下陷, 沉淀, 澄清, 安下心来, 结清, 定居, 安家",gk cet4 cet6 ky ielts gre,1295,1316,d:settled/p:settled/i:settling/3:settles
settlement,,"n. 安顿, 解决, 处理, 结算, 殖民, 殖民地, 沉降\n[医] 居住区; 沉渣",gk cet4 cet6 ky ielts,1600,2167,s:settlements
seven,,"num. 七, 七个",zk gk,575,734,
seventeen,,"num. 十七, 十七个",zk gk cet4 cet6,3783,6318,
seventh,,"num. 第七, 七分之一",zk gk,4271,4110,
seventy,,"num. 七十, 七十个",zk gk cet4 cet6,2261,7889,
several,,"a. 几个的, 一些的, 各自的\npron. 几个",zk gk ielts,389,310,
severe,,"a. 严格的, 尖锐的, 严肃的, 严重的, 严厉的, 朴素的\n[法] 严厉的, 苛刻的, 严重的",gk cet4 cet6 ky toefl ielts gre,1923,2330,t:severest/r:severer
sew,,"vt. 缝纫, 缝合, 缝\nvi. 缝纫",gk cet4 cet6 ky toefl,6446,6478,d:sewn/i:sewing/p:sewed/3:sews
sex,,"n. 性别, 性欲\nvt. 区别...的性别, 引起...的性欲",gk cet4 cet6 ky ielts,1105,814,s:sexes/i:sexing/p:sexed/3:sexes/d:sexed
shade,,"n. 荫, 阴暗, 遮光物, 灯罩, 帘, 浓淡, 微量, 底纹\nvi. 渐变\nvt. 使阴暗, 使渐变, 遮蔽, 微减\n[计] 底纹",gk cet4 cet6 ky toefl,3205,2984,s:shades/i:shading/d:shaded/p:shaded/3:shades
shadow,,"n. 阴影, 荫, 影子, 影像, 阴暗, 幽灵, 少许, 隐蔽处, 庇护\nvt. 遮蔽, 使朦胧, 预示, 尾随\nvi. 渐变, 变阴暗\n[计] 阴影",gk cet4 cet6 ky,2006,1668,d:shadowed/i:shadowing/p:shadowed/s:shadows/3:shadows
shake,,"n. 摇动, 震动\nvt. 摇动, 动摇, 使震动, 挥舞\nvi. 震动, 发抖, 动摇",zk gk cet4 cet6 ky toefl,1076,942,p:shook/i:shaking/d:shaken/3:shakes/s:shakes
shall,,aux. 将,zk gk,474,2197,
shallow,,"n. 水浅的地方, 浅滩\na. 浅的, 肤浅的\nv. (使)变浅",gk cet4 cet6 ky toefl ielts,4269,4123,s:shallows/r:shallower/t:shallowest/p:shallowed/i:shallowing/3:shallows/d:shallowed
shame,,"n. 羞耻, 羞愧, 耻辱\nvt. 使羞愧, 侮辱",zk gk cet4 cet6 ky,3668,3767,d:shamed/3:shames/p:shamed/i:shaming/s:shames
shape,,"n. 形状, 形态, 外形, 形式, 身材\nvt. 定形, 使成形, 塑造, 计划, 使符合\nvi. 成形, 形成, 成长\n[计] 形状",zk gk cet4 cet6 ky,1200,1267,s:shapes/d:shaped/i:shaping/p:shaped/3:shapes
share,,"n. 部分, 参与, 一份, 参股, 份额\nvt. 均分, 分担, 分享, 分配, 共有\nvi. 分享\n[计] 共享; DOS外部命令:在网络或多工系统中提供文件共享\n文件锁定及检测磁盘更动和对超过32MB硬盘分区的支持",zk gk cet4 cet6 ky,620,711,s:shares/d:shared/i:sharing/p:shared/3:shares
shark,,"n. 鲨鱼, 骗子\nv. 诈骗",gk cet6 ky,7971,4438,s:sharks/i:sharking/p:sharked/3:sharks/d:sharked
sharp,,"n. 半升音调, 利刃, 骗子\na. 锋利的, 明显的, 敏锐的, 急剧的, 尖刻的, 严厉的, 刺耳的, 精明的\nadv. 锐利地, 急速地",gk cet4 cet6 ky toefl ielts,2035,2049,s:sharps
shave,,"n. 修面, 刮胡子, 幸免, 剃刀\nvt. 修面, 剃, 修剪, 掠过\nvi. 刮脸, 勉强通过",gk cet4 cet6 ky ielts,7191,5779,d:shaved/i:shaving/p:shaved/3:shaves/s:shaves
she,,pron. 她,zk gk,21,31,
sheep,,"n. 羊, 胆小者",zk gk ielts,2697,4210,s:sheeps
sheet,,"n. 床单, 张, 纸张, 印刷品, 裹尸布, 薄片\nvt. 盖上被单, 遍布\nvi. 大片落下\na. 片状的, 成薄片的\n[计] 工作表",gk cet4 cet6 ky toefl ielts,1430,1753,s:sheets/d:sheeted/p:sheeted/i:sheeting/3:sheets
shelf,,"n. 架子, 搁板\n[化] 架子",zk gk cet4 cet6 ky toefl ielts,2930,2947,s:shelves
shelter,,"n. 庇护所, 避难所, 庇护, 隐蔽处, 掩蔽\nvt. 庇护, 保护, 隐匿\nvi. 躲避",gk cet4 cet6 ky toefl ielts gre,4083,2874,s:shelters/i:sheltering/d:sheltered/p:sheltered/3:shelters
shift,,"n. 变化, 移动, 轮班, 手段, 应急办法, 移位\nvt. 替换, 转移, 改变, 推卸, 变速\nvi. 转换, 移动, 转变, 推托, 变速\n[计] DOS内部命令:该命令可将批处理参数向左移动一个位置",cet4 cet6 ky toefl ielts,2322,1680,s:shifts/d:shifted/p:shifted/i:shifting/3:shifts
shine,,"n. 光泽, 阳光\nvt. 使发光\nvi. 照耀, 发光, 发亮",zk gk toefl,3329,3385,p:shone/i:shining/3:shines/d:shone
ship,,"n. 船, 舰\nvt. 以船运送, 装船, 运送\nvi. 上船, 乘船",zk gk ielts,1356,1219,s:ships/d:shipped/i:shipping/p:shipped/3:ships
shirt,,"n. 衬衫, 内衣, 汗衫",zk gk,2401,1771,s:shirts
shock,,"n. 震动, 冲突, 震惊, 冲击, 突击, 禾束堆, 休克, 长毛狗\nvt. 使震动, 使休克, 使受电击, 震惊得\nvi. 震动, 吓人\na. 蓬乱浓密的",gk cet4 cet6 ky toefl ielts,1998,2298,p:shocked/s:shocks/d:shocked/3:shocks/i:shocking
shoe,,"n. 鞋, 靴, 外胎\nvt. 给...穿鞋, 为马钉蹄铁",zk gk,1885,1423,s:shoes/d:shod/i:shoeing/p:shod/3:shoes
shoot,,"n. 射击, 狩猎, 芽, 射伤, 发射, 发芽, 急流, 推力, 摄影, 急送, 滑运道, 浪费\nvt. 射击, 射中, 损毁, 拍摄, 喷出, 投射, 挥出, 飞速行进, 挥霍, 给...注射\nvi. 射出, 射击, 发出, 拍电影, 射门, 发芽",gk cet4 cet6 ky gre,1257,732,d:shot/p:shot/i:shooting/s:shoots/3:shoots
shooting,,"n. 发射, 猎场, 射击",gk,4728,2822,0:shoot/1:i/i:shooting/s:shootings
shop,,"n. 商店, 工厂, 车间\nvi. 购物, 到处寻找\nvt. 选购",zk gk ielts,648,1338,s:shops/i:shopping/p:shopped/3:shops/d:shopped
shopping,,"n. 买东西, 购物\n[经] 购物, 买东西",gk cet4 cet6 ielts,2763,2713,0:shop/1:i/i:shopping
shore,,"n. 海岸, 海滨, 斜撑柱\nvt. 把...送上岸, 支撑, 支持",gk cet4 cet6 ky toefl,3519,3244,s:shores/i:shoring/d:shored/p:shored/3:shores
short,,"a. 短的, 近的, 矮的, 短期的, 简短的, 少量的\nadv. 简短地, 突然\nn. 扼要, 短片, 缺乏\nvt. 故意少给, 使短路",zk gk ielts,500,627,r:shorter/t:shortest/i:shorting/p:shorted/3:shorts/d:shorted
shortage,,"n. 不足, 缺乏\n[化] 缺额",cet4 cet6 ky toefl ielts,3405,4027,s:shortages
shortly,,"adv. 不久, 简短, 唐突地",gk cet4 cet6 ky,2278,2853,
shorts,,"n. 短裤, (美)男人的短衬裤\n[经] 空头户, 空头, 短期债券",zk gk,6534,4868,s:shorts/0:shorts/1:s
shot,,"n. 发射, 炮弹, 射击, 射手, 投篮, 射门, 子弹, 射程, 拍摄, 注射\nvt. 装弹, 使成颗粒状\na. 杂色的, 交织着的, 渗透的, 点焊的, 破旧的\nshoot的过去式和过去分词",gk cet4 cet6 ky toefl,1836,1053,0:shoot/1:dp/s:shots
should,,"aux. 应该, 将要",zk gk,85,121,
shoulder,,"n. 肩, 肩膀, 衣肩\nvt. 肩负, 负担, 担任\nvi. 用肩推挤",zk gk cet4 cet6 ky gre,1149,986,s:shoulders/p:shouldered/i:shouldering/d:shouldered/3:shoulders
shout,,"n. 呼喊, 喊声\nvi. 呼喊, 喊叫, 嚷\nvt. 高喊",zk gk,1591,2154,p:shouted/i:shouting/s:shouts/3:shouts/d:shouted
show,,"n. 显示, 表现, 展览, 卖弄, 炫耀, 外观, 演出, 洋相\nvt. 表示, 显示, 展现, 陈列, 演出, 表明, 指出, 带领\nvi. 露面, 显现, 演出\n[计] 显示",zk gk,147,177,d:shown/p:showed/3:shows/i:showing/s:shows
shower,,"n. 阵雨, 淋浴, 一阵, 展出者, 显示者\nvi. 淋浴, 下阵雨\nvt. 淋湿, 倾注",zk gk cet4 cet6 ky toefl ielts,3712,3204,s:showers/d:showered/p:showered/i:showering/3:showers
shrink,,"n. 收缩, 萎缩, 回避\nvi. 收缩, 退缩, 萎缩, 缩小, 回避\nvt. 使收缩, 使缩小",gk cet4 cet6 ky toefl ielts gre,5528,4474,p:shrank/d:shrunk/i:shrinking/3:shrinks/s:shrinks
shut,,"n. 关闭\nvt. 关上, 闭起, 幽禁, 合拢, 轧住\nvi. 关上, 停止营业",zk gk cet4 cet6 ky toefl,1788,1541,d:shut/0:shut/1:dp/p:shut/i:shutting/3:shuts
shy,,"n. 惊跳, 惊避\na. 胆怯的, 畏缩的, 迟疑的, 羞怯的\nvi. 惊退, 乱投, 乱掷, 厌恶, 避开\nvt. 乱投, 乱掷",zk cet4 cet6 ky toefl,5301,4407,p:shied/d:shied/i:shying/3:shies/r:shyer/t:shyest
sick,,"n. 病人\na. 不舒服, 有病的, 恶心的, 厌恶的, 渴望的, 病态的\nvt. 呕吐, 追击, 使(狗)去攻击",zk gk toefl ielts,2044,1746,r:sicker/t:sickest/i:/p:/3:sicks/d:
side,,"n. 旁边, 侧, 方面, 胁, 侧边, 血统\na. 旁的, 侧的, 次要的\nvt. 同意, 支持\nvi. 支持, 赞助",zk gk ielts,212,249,s:sides/p:sided/d:sided/i:siding/3:sides
sigh,,"n. 叹息\nvi. 叹息, 渴望\nvt. 叹息着说",gk cet4 cet6 ky toefl ielts,3085,3349,p:sighed/3:sighs/i:sighing/s:sighs/d:sighed
sight,,"n. 景观, 视力, 眼界, 阅读, 见解, 意见\nvt. 看见, 瞄准\nvi. 瞄准, 观看\na. 即席的, 见票即付的",zk gk cet4 cet6 ky toefl ielts,1298,1629,s:sights/d:sighted/p:sighted/i:sighting/3:sights
sign,,"n. 符号, 招牌, 征兆, 正负号, 手势\nvt. 签名, 打手势表达\nvi. 签名\n[计] 正负号; 符号; 符号字符",gk cet4 cet6 ky ielts,935,759,s:signs/d:signed/p:signed/i:signing/3:signs
signal,,"n. 信号, 暗号, 近因, 导火线\nvt. 向...作信号, 标志, 用信号通知\nvi. 发信号\na. 作为信号的, 显著的\n[计] 信号",gk cet4 cet6 ky ielts gre,1960,2078,s:signals/p:signalled/d:signalled/i:signalling/3:signals
signature,,"n. 签字, 识别标志, 调号\n[计] 签名附件",gk cet4 cet6 ky toefl ielts gre,4275,3773,s:signatures
significance,,"n. 重要性, 意义, 意味\n[计] 有效; 有效性",gk cet4 cet6 ky toefl,1922,2937,s:significances
significant,,"a. 重要的, 有效的, 有含义的, 暗示的, 值得注意的",cet4 cet6 ky toefl ielts gre,841,719,
silence,,"n. 沉默, 无声, 静寂, 湮没, 无声息\nvt. 使缄默\ninterj. 安静",zk gk cet4 cet6 ky toefl ielts,1653,1820,d:silenced/p:silenced/i:silencing/s:silences/3:silences
silent,,"a. 沉默的, 安静的, 无声的, 静止的\n[医] 静止的, 无症状的",zk gk cet4 cet6 ky ielts,2297,2160,
silk,,"n. 丝, 绸, 绸锻类, 丝织品\na. 丝的, 丝织的",zk gk,3130,3969,s:silks
silly,,"a. 愚蠢的, 糊涂的",zk gk cet4 cet6 ky toefl,2789,4009,t:silliest/r:sillier
silver,,"n. 银, 银币, 银器\na. 银的, 银制的, 银器的\nvt. 镀银\nvi. 变银白色",zk gk cet4 cet6 ky toefl ielts,2244,2439,i:silvering/p:silvered/s:silvers/d:silvered/3:silvers
similar,,"a. 相似的, 类似的\nn. 相似的东西",zk gk ielts,543,720,
simple,,"a. 简单的, 普通的, 朴素的, 单纯的, 绝对的, 初级的, 原始的, 迟钝的\nn. 出身低微者, 傻子",zk gk ielts,624,763,t:simplest/r:simpler
simply,,"adv. 简单地, 只是, 简直, 简朴地, 坦白地",gk,568,583,
since,,"prep. 自...以后, 自...以来\nadv. 自那时以后\nconj. 既然, 自...以后, 自...以来",zk gk,305,260,
sincerely,,adv. 真诚地,gk,5343,10201,
sing,,"vi. 唱, 唱歌, 演唱, 鸣, 啼\nvt. 唱, 歌颂\nn. 嗖嗖声",zk gk,1509,1013,i:singing/p:sang/d:sung/3:sings
singer,,n. 歌手,gk cet4 cet6,3552,2823,s:singers
single,,"a. 单身的, 单程的, 单一的, 个别的, 孤独的, 专一的\nn. 一个, 单打, 单程票\nvt. 选出\nvi. 击出一垒打\n[计] 单精度型",zk gk ielts,569,632,s:singles/d:singled/p:singled/i:singling/3:singles
sink,,"n. 藏垢的场所, 沟渠, 污水槽\nvi. 下沉, 沉没, 下陷, 减弱, 衰退, 消沉, 堕落, 渗透\nvt. 使低落, 使下沉, 陷于, 投入(资金等), 挖掘",gk cet4 cet6 ky toefl ielts,2585,2809,p:sank/d:sunk/i:sinking/s:sinks/3:sinks
sir,,"n. 先生, 阁下",zk gk,534,2108,s:sirs
sister,,"n. 姐妹, 姐, 妹, 护士, 修女\nvt. 姐妹般对待",zk gk,1049,823,s:sisters
sit,,"vi. 坐, 就座, 坐落\nvt. 使就座, 骑\nn. 坐, 衣服合身",zk gk,302,268,p:sat/i:sitting/3:sits/d:sat
site,,"n. 位置, 场所, 地点\nvt. 给...择址",cet4 cet6 ky toefl ielts,646,532,s:sites/d:sited/i:siting/p:sited/3:sites
situation,,"n. 情形, 境遇, 位置\n[医] 情境, 处境",zk gk cet4 cet6 ky,503,548,s:situations
six,,"num. 六, 六个",zk gk,293,424,
sixteen,,"num. 十六, 十六个",zk gk,2889,5324,
sixth,,"num. 第六, 六分之一",zk gk,3007,3527,
sixty,,"num. 六十, 六十个",zk gk cet4 cet6,1655,5642,
size,,"n. 大小, 尺寸, 规模, 尺码, 能力, 浆料\nvt. 上浆, 依大小排列\nvi. 可比拟\na. 一定大小的, 一定尺寸的",zk gk ielts,697,752,s:sizes/d:sized/i:sizing/p:sized/3:sizes
skate,,"n. 溜冰, 冰鞋\nvi. 滑冰, 滑过",zk gk cet4 cet6 ky,12027,5756,i:skating/s:skates/p:skated/3:skates/d:skated
skateboard,,n. 溜冰板,gk,26998,16938,s:skateboards/i:skateboarding/3:skateboards
ski,,n. 滑雪橇\nvi. 滑雪,gk cet4 cet6 ky,6258,3032,s:skis/i:skiing/3:skis/p:skied/d:ski'd
skill,,"n. 技术, 技巧, 技能, 熟练, 熟练工人\n[化] 技能",zk gk cet4 cet6 ky ielts,801,821,s:skills
skilled,,"a. 熟练的\n[经] 熟练的, 有技能的",gk cet4 cet6 ky,3807,4903,
skin,,"n. 皮肤, 皮\nvt. 剥皮, 在...植皮\nvi. 长皮, 愈合, 蜕皮",gk cet4 cet6 ky ielts,1289,1019,s:skins/p:skinned/i:skinning/d:skinned/3:skins
skip,,"n. 跳跃, 跳读\nvi. 跳越, 跳读, 跳绳, 遗漏, 跳级\nvt. 跳过, 遗漏\n[计] 跳过",gk cet6 ky toefl ielts,6911,4519,p:skipped/i:skipping/s:skips/d:skipped/3:skips
skirt,,"n. 裙子, 下摆, 边缘, 郊区\nvt. 位于...边缘, 绕过, 回避\nvi. 位于边缘",zk gk ielts gre,3590,3637,s:skirts/p:skirted/i:skirting/3:skirts/d:skirted
sky,,"n. 天空, 天色, 天堂\nvt. 击向空中, 挂在高处\nvi. 高涨",zk gk,1674,1147,s:skies/p:skied/d:skied/i:skying/3:skies
slave,,"n. 奴隶, 从动装置, 卑鄙的人\nvi. 拼命工作\n[计] 从设备",gk cet4 cet6 ky toefl,3948,2727,s:slaves/i:slaving/d:slaved/p:slaved/3:slaves
slavery,,"n. 奴隶的身分, 奴隶状态, 奴隶制度\n[法] 奴隶制度, 奴役, 苦役",gk cet4 cet6,8927,4574,
sleep,,"n. 睡眠, 静止, 昏迷, 麻木, 长眠, 冬眠\nvi. 睡觉, 睡眠, 静止\nvt. 睡",zk gk ielts,1408,1172,p:slept/i:sleeping/d:slept/3:sleeps
sleepy,,"a. 困乏的, 欲睡的",zk gk cet4 cet6 ielts,9704,7429,r:sleepier/s:sleepies
sleeve,,"n. 袖子, 套管\nvt. 缝上袖子",gk cet4 cet6 ky,4169,4567,s:sleeves/p:sleeved/i:sleeving/d:sleeved
slice,,"n. 薄的切片, 一部分, 菜刀\nvt. 切成薄片, 切下\nvi. 切\n[计] 片",gk cet4 cet6 ky toefl ielts gre,4346,3333,s:slices/i:slicing/p:sliced/d:sliced/3:slices
slide,,"n. 滑, 滑道, 山崩, 雪崩, 幻灯片\nvt. 使滑动, 偷偷放入\nvi. 滑动, 滑落, 不知不觉陷入, 偷偷地走",gk cet4 cet6 ky toefl ielts,2704,2174,p:slid/s:slides/i:sliding/3:slides/d:slid
slight,,"n. 轻蔑, 怠慢\na. 轻微的, 纤细的, 脆弱的, 苗条的\nvt. 轻视, 忽略, 怠慢",gk cet4 cet6 ky toefl ielts gre,2237,2982,t:slightest/r:slighter/s:slights/d:slighted/p:slighted/i:slighting/3:slights
slightly,,"adv. 些微地, 苗条地",cet4 cet6 toefl,1111,1408,
slim,,"a. 瘦的, 苗条的, 微小的, 稀少的, 微薄的\nvi. 变苗条\nvt. 使苗条",gk cet6 ky toefl ielts,4710,5312,r:slimmer/i:slimming/d:slimmed/p:slimmed/3:slims/t:slimmest
slip,,"n. 滑, 滑行, 事故, 溜, 差错, 滑台, 下降, 插条, 后裔, 板条, 瘦长的年轻人\nvi. 滑动, 滑倒, 失足, 溜走, 滑落, 犯错, 变坏\nvt. 使滑动, 滑过, 摆脱, 闪开, 塞入, 从...取接枝\na. 滑动的, 滑移的, 活络的, 有活结的\n[计] 串行线接口协议",gk cet4 cet6 ky toefl ielts,1814,1786,p:slipped/i:slipping/d:slipped/s:slips/3:slips
slow,,"a. 慢的, 缓慢的, 迟缓的, 迟钝的, 冷漠的, 落后的\nadv. 慢地, 迟缓地\nv. (使)慢下来",zk gk,1661,1761,r:slower/i:slowing/p:slowed/d:slowed/3:slows/t:slowest
small,,"a. 小的, 少的, 小型的, 低微的, 小气的, 细微的\nadv. 些微地\nn. 狭小部分",zk gk,168,203,r:smaller/t:smallest
smart,,"a. 聪明的, 漂亮的, 刺痛的, 剧烈的, 敏捷的, 巧妙的, 伶俐的, 潇洒的\nn. 刺痛, 痛苦\nvi. 刺痛",zk gk cet4 cet6 ky toefl ielts gre,4098,1856,r:smarter/i:smarting/t:smartest/p:smarted/3:smarts/d:smarted
smell,,"n. 味道, 气味, 嗅觉, 嗅, 臭味, 气息\nvt. 闻, 探出, 察觉, 发出...的气味\nvi. 嗅, 散发气味, 发臭",zk gk toefl,2651,2390,s:smells/p:smelled/3:smells/i:smelling/d:smelt
smile,,"n. 微笑, 喜色, 笑容\nvi. 微笑, 觉得好笑\nvt. 微笑着表示",zk gk,892,1068,p:smiled/i:smiling/s:smiles/3:smiles/d:smiled
smog,,n. 烟雾\n[化] 烟雾,gk cet4 cet6 ky toefl,17069,12947,s:smogs/3:smogs
smoke,,"n. 烟, 雾气, 烟熏剂, 抽烟, 烟色\nvi. 吸烟, 冒烟, 弥漫\nvt. 以烟熏, 抽烟而导致...",zk gk toefl ielts,2750,2414,i:smoking/p:smoked/d:smoked/3:smokes/s:smokes
smooth,,"a. 平滑的, 平稳的, 流畅的, 和蔼的, 安祥的, 圆滑的, 调匀的, 无毛的\nvt. 使光滑, 烫平, 使平和, 消除\nvi. 变平滑, 变平静\nn. 一块平地, 平滑部分",zk gk cet4 cet6 ky toefl ielts gre,2682,2422,i:smoothing/r:smoother/d:smoothed/p:smoothed/3:smooths/t:smoothest
snack,,"n. 小吃, 点心, 快餐\nvi. 吃零食, 吃快餐",gk cet6 ky ielts,7131,5187,s:snacks/i:snacking/3:snacks/d:snacked/p:snacked
snake,,"n. 蛇, 阴险的人\nvi. 曲折行进\nvt. 迂回, 拉, 急抽",zk gk cet4 cet6 ky toefl,5064,3481,s:snakes/p:snaked/i:snaking/3:snakes/d:snaked
sneeze,,n. 喷嚏\nvi. 打喷嚏,gk cet6 ky,15926,12750,i:sneezing/p:sneezed/3:sneezes/s:sneezes/d:sneezed
snow,,"n. 雪, 积雪, 下雪, 雪花形干扰\nvi. 下雪, 似雪般落下\nvt. 使雪白, 用雪覆盖, 使像雪般落下",zk gk,2665,1781,i:snowing/s:snows/p:snowed/d:snowed/3:snows
snowy,,"a. 多雪的, 雪的, 被雪所覆盖着的, 下雪的",zk gk cet4 cet6,14429,9600,s:snowys/t:snowiest
so,,"adv. 如此, 如是, 如...那样\nconj. 所以, 因此\npron. 这样",zk gk,48,55,
soap,,"n. 肥皂, 阿谀\nvt. 以肥皂洗, 阿谀\n[计] 评语",zk gk cet4 cet6 ky toefl,4288,4344,s:soaps/i:soaping/p:soaped/3:soaps/d:soaped
soccer,,n. 英式足球,gk cet4 cet6 ky,4895,3353,
social,,"a. 社会的, 群居的, 社交的\nn. 联欢会",zk gk cet4 cet6 ky ielts,202,319,
socialism,,"n. 社会主义, 社会主义运动",gk cet4 cet6 ky,4039,7238,s:socialisms
socialist,,"n. 社会主义者, 社会党党员\n[法] 社会主义的",gk cet4 cet6,2568,5591,s:socialists
society,,n. 社会；社交界；交往；社团,zk gk cet4 cet6 ky,326,507,s:societies
sock,,"n. 短袜, 鞋垫, 一击\nvt. 重击, 猛投, 给...穿袜\nvi. 打击\nadv. 正着地, 不偏不倚地\na. 非常成功的",gk cet4 cet6 ky gre,5063,4277,s:socks/d:socked/i:socking/p:socked/3:socks
sofa,,n. 沙发,zk gk cet6 ky,5140,4782,s:sofas
soft,,"a. 软的, 温和的, 柔和的, 柔滑的, 温柔的, 软弱的, 坡度小的, 笨的, 纸币的\nn. 柔软的东西, 笨人, 纸币\nadv. 柔软地, 温和地",zk gk cet4 cet6 ky,1436,1374,r:softer/t:softest
software,,n. 软件\n[计] 软设备,gk cet4 cet6 ky,1064,1577,
soil,,"n. 土壤, 土地, 国家, 国土, 温床, 污物, 粪便, 水池\nvt. 弄脏, 污辱\nvi. 变脏",gk cet4 cet6 ky ielts gre,1894,1791,s:soils/d:soiled/p:soiled/i:soiling/3:soils
solar,,"a. 太阳的, 日光的, 源自太阳的\n[医] 太阳的; 腹腔丛的",gk cet4 cet6 ky toefl ielts,4774,2744,
soldier,,"n. 军人, 士兵, 兵蚁\nvi. 从军, 尽职, 偷懒, 磨洋工",zk gk toefl,1731,1003,s:soldiers/p:soldiered/i:soldiering/3:soldiers/d:soldiered
solid,,"n. 固体\na. 坚硬的, 稳固的, 固体的, 实心的, 纯质的, 立体的, 立方的\n[计] 原色",zk gk cet4 cet6 ky,2417,2011,s:solids
solution,,"n. 解决, 解答, 溶液\n[化] 溶液",cet4 cet6 ky toefl ielts,1058,1221,s:solutions
solve,,"vt. 解决, 付给, 溶解\nvt. 求解\nvi. 求解\n[计] 求解",cet4 cet6 ky toefl ielts,2279,1825,d:solved/i:solving/3:solves/p:solved
some,,"pron. 一些, 一部分, 若干\nadv. 大约\na. 一些的, 少许的, 某一的",zk gk,53,60,
somebody,,"n. 了不起的人, 大人物\npron. 有人, 某人",zk gk,1321,1000,
somehow,,adv. 不知何故,cet4 cet6 ky ielts,2005,1649,
someone,,"pron. 有人, 某人",zk gk,537,419,
something,,"pron. 某事, 某物",zk gk,167,142,
sometimes,,"adv. 有时, 时常, 往往",zk gk,478,445,
somewhat,,"n. 某物, 几分\nadv. 多少, 几分",cet4 cet6 ky toefl ielts,1966,1897,
somewhere,,"adv. 到某处, 在某处",zk gk,1359,1588,
son,,"n. 儿子, 女婿, 子孙\n[法] 儿子, 女婿, 养子",zk gk,599,481,s:sons
song,,"n. 歌, 曲, 鸣声, 歌唱, 歌曲, 诗歌",zk gk,1405,851,s:songs
soon,,"adv. 不久, 早, 快, 宁可",zk gk,615,610,
sorrow,,"n. 悲伤, 哀惜, 不幸\nvi. 悲伤, 懊悔, 遗憾",gk cet4 cet6 ky,7116,6304,s:sorrows/p:sorrowed/d:sorrowed/i:sorrowing/3:sorrows
sorry,,"a. 难过的, 悲哀的, 遗憾的",zk gk,870,1205,r:sorrier
sort,,"n. 种类, 方式, 品质, 态度, 举止\nvt. 分类, 排序, 挑选\nvi. 交往, 协调\n[计] 排序; DOS外部命令:从标准输入设备接收数据, 整个数据输入完后\n对它以行为单位进行排序, 然后在标准输出设备上输出",zk gk cet4 cet6 ky toefl ielts,421,835,s:sorts/d:sorted/i:sorting/p:sorted/3:sorts
soul,,"n. 灵魂, 心灵, 精神, 精髓, 人, 化身, 典型, 鬼魂\na. 黑人的",gk cet4 cet6 ky toefl,2291,1604,s:souls
sound,,"n. 声音, 语音, 吵闹, 声调, 听力范围, 探条, 海峡\na. 健全的, 可靠的, 合理的, 健康的, 彻底的, 资金充实的\nadv. 彻底地, 充分地\nvi. 发出声音, 回响, 测深, 试探, 听起来\nvt. 使发声, 宣告, 听诊, 测...深, 试探\n[计] 声音",zk gk ielts,780,702,3:sounds/s:sounds/p:sounded/i:sounding/d:sounded/r:sounder
soup,,"n. 汤, 马力\nvt. 加速, 增加马力",zk gk cet4 cet6 ky toefl,4360,2997,s:soups/p:souped/i:souping/3:soups/d:souped
sour,,"a. 酸的, 酸臭的, 发酵的, 愠怒的, 讨厌的, 拙劣的, 不健全的\nvi. 变酸, 发酵, 厌烦, 变坏\nvt. 使变酸, 使失望\nn. 酸味, 酸饮料",zk gk cet4 cet6 ky toefl ielts,7745,5281,d:soured/p:soured/3:sours/i:souring/r:sourer/t:sourest
source,,"n. 来源, 水源, 根源, 原始资料, 源\n[计] 来源, 源程序",cet4 cet6 ky ielts,633,597,s:sources/d:sourced/i:sourcing/p:sourced/3:sources
south,,"n. 南方, 南\na. 南的, 向南的\nadv. 在南方\nvi. 转向南方",zk gk,601,636,
southern,,"n. 南方人, 男风\na. 向南方的, 来自南方的",zk gk cet4 cet6 ky,1704,1105,
southwest,,"n. 西南, 西南方, 西南地区\na. 西南的, 来自西南方的\nadv. 往西南, 来自西南",gk cet4 cet6 ky,15280,3564,
sow,,"n. 母猪, 懒胖女人\nvt. 播种, 散布, 使密布\nvi. 播种",gk cet4 cet6 ky toefl ielts gre,6893,10366,d:sown/s:sows/i:sowing/p:sowed/3:sows
space,,"n. 位置, 空间, 距离, 太空, 空白, 间隔, (期刊等的)篇幅\nvt. 隔开, 分隔\nvi. 留间隔\n[计] 空白, 空格校验",zk gk cet4 cet6 ky ielts,715,521,s:spaces/d:spaced/i:spacing/p:spaced/3:spaces
spare,,"n. 剩余, 备用品, 备件, 备用零件, 备用轮胎\na. 多余的, 备用的, 空闲的, 节约的, 瘦的\nvi. 节约, 省掉, 宽恕\nvt. 节约, 省用, 剩下, 饶恕, 赦免",zk gk toefl ielts,3617,4585,d:spared/s:spares/p:spared/i:sparing/3:spares
speak,,"vi. 说, 说话, 演说, 发言\nvt. 说, 讲, 说出",zk gk,352,335,p:spoke/i:speaking/d:spoken/3:speaks
speaker,,"n. 说话人, 讲演者, 发言人, 喇叭, 扬声器\n[计] 扬声器",zk gk cet4 cet6 ky ielts,996,2535,s:speakers
special,,"n. 专辑, 专车, 号外, 特别的东西, 负有特别任务的人员\na. 特别的, 专门的, 特殊的, 额外的, 附加的, 特别亲密的",zk gk cet4 cet6 ky ielts,438,520,s:specials
specialist,,"n. 专门医师, 专家\na. 专业的, 专家的",gk cet4 cet6 ky,1808,2546,s:specialists
species,,"n. 种, 类, 外形\n[医] 茶剂; 种",cet4 cet6 ky toefl ielts,1044,1141,
specific,,"n. 特效药, 特性\na. 特殊的, 明确的, 具有特效的, 特定地, 具体地",gk cet4 cet6 ky toefl ielts,882,979,s:specifics
speech,,"n. 演讲, 说话, 谈话, 言语, 引语, 民族语言\n[医] 言语, 语言",zk gk cet4 cet6 ky ielts,1119,1100,s:speeches
speed,,"n. 速率, 速度, 迅速\nvi. 加速, 超速, 快进\nvt. 快速传送, 促进, 使加速\n[计] 中央处理机速度设置程序",zk gk cet4 cet6 ky ielts,1245,1390,s:speeds/i:speeding/p:sped/3:speeds/d:speeded
spell,,"n. 符咒, 魅力, 轮值, 轮班, 工作时间, 一次发作\nvt. 拼写, 拼成, 琢磨, 理解, 招致, 轮换, 迷住\nvi. 轮换, 拼字",zk gk cet4 cet6 ky gre,3382,4299,s:spells/d:spelt/3:spells/i:spelling/p:spelt
spend,,"vt. 花费, 浪费, 度过, 消耗, 消磨\nvi. 花费, 用尽",zk gk,424,342,d:spent/p:spent/i:spending/3:spends
spin,,"n. 旋转, 自旋, 疾驰, 情绪低落\nvt. 纺织, 纺, 使旋转, 编造\nvi. 纺纱, 吐丝, 作茧, 结网, 旋转, 自旋, 疾驰",gk cet4 cet6 ky toefl ielts gre,3841,2644,i:spinning/p:spun/d:spun/3:spins/s:spins
spirit,,"n. 精神, 心灵, 灵魂, 态度, 志气, 人格, 情绪, 心情, 烈酒\nvt. 诱拐, 鼓励, 鼓舞",zk gk cet4 cet6 ky toefl,1189,1180,s:spirits/d:spirited/p:spirited/i:spiriting/3:spirits
spiritual,,"a. 精神上的, 神圣的, 崇高的, 高尚的, 鬼的, 招魂术的\nn. 有关教会的事",gk cet4 cet6 ky toefl ielts gre,3233,2096,s:spirituals
splendid,,"a. 光亮的, 了不起的, 灿烂的, 壮丽的, 显著的, 杰出的",gk cet4 cet6 ky toefl ielts,3954,7708,
split,,"n. 劈开, 裂片, 裂缝, 分裂, 派系, 派别, 柳条\na. 劈开的\nvi. 分离, 分开, 裂开, 被劈开\nvt. 劈开, 切开, 使分裂, 使分离\n[计] 拆分",gk cet4 cet6 ky toefl ielts gre,2573,2910,d:split/0:split/1:dp/i:splitting/p:split/s:splits/3:splits
sponsor,,"n. 保证人, 赞助者, 发起者, 倡议者, 教父\nvt. 发起, 赞助, 倡议",gk cet4 cet6 ky toefl ielts,4150,3453,d:sponsored/s:sponsors/i:sponsoring/p:sponsored/3:sponsors
spoon,,"n. 匙, 调羹, 匙形工具\nvt. 以匙舀起, 调情, 使成匙状",zk gk cet4 cet6 ky toefl,6114,4339,s:spoons/p:spooned/i:spooning/d:spooned/3:spoons
sport,,"n. 运动, 游戏, 娱乐, 消遣, 玩笑\na. 运动的, 户外穿戴的\nvi. 游戏, 参加体育运动, 戏弄, 产生变种\nvt. 炫耀, 使产生变种",zk gk ielts gre,1122,666,s:sports/p:sported/i:sporting/3:sports/d:sported
spot,,"n. 污点, 地点, 斑点, 点, 娱乐场所, 处境, 少量\na. 当场的, 现场的, 现货买卖的, 现金交易的, 抽样的\nvt. 点缀, 玷污, 认出, 准确定...的位, 用灯光照射\nvi. 玷污, (从空中)侦察敌方目标",gk cet4 cet6 ky toefl ielts,1723,1228,s:spots/p:spotted/d:spotted/i:spotting/3:spots
spray,,"n. 水沫, 浪花, 水花, 喷雾, 喷雾器, 小树枝\nvt. 喷雾, 扫射, 喷射\nvi. 喷, 溅开",gk cet4 cet6 ky toefl ielts,5640,4417,d:sprayed/s:sprays/i:spraying/p:sprayed/3:sprays
spread,,"n. 传播, 散布, 伸展\na. 双唇展开的, 伸展的\nvt. 展开, 铺开, 传播, 推广, 伸出, 涂, 敷, 延伸\nvi. 展开, 扩大, 传开, 延伸\n[计] 展开",zk gk cet4 cet6 ky,1575,1371,d:spread/0:spread/1:dp/p:spread/i:spreading/3:spreads/s:spreads
spring,,"n. 春天, 弹簧, 跳跃, 弹性, 活力, 泉, 源泉\na. 春天的\nvi. 跳, 弹跳, 涌出, 生长, 裂开, 高耸\nvt. 使跳起, 使爆炸, 突然提出",zk gk toefl ielts,1503,901,s:springs/p:sprang/d:sprung/i:springing/3:springs
spy,,"n. 间谍, 侦探, 侦察\nvt. 侦察, 找出, 发现\nvi. 做密探, 侦查",gk cet4 cet6 ky,6072,4846,s:spies/i:spying/p:spied/d:spied/3:spies
square,,"n. 正方形, 街区, 广场, 平方, 直角尺\na. 正方形的, 正直的, 公正的, 平方的, 方正的, 结清的\nadv. 成直角地, 对准地\nvi. 一致, 符合, 结清\nvt. 使成方形, 使平方自乘, 调正, 结清, 使一致",zk gk cet4 cet6 ky toefl ielts gre,1802,2747,s:squares/d:squared/i:squaring/p:squared/3:squares
squeeze,,"n. 紧握, 挤, 榨, 榨取, 佣金\nvt. 紧握, 挤, 榨取\nvi. 压榨, 榨",gk cet4 cet6 ky toefl ielts gre,3390,2891,p:squeezed/d:squeezed/i:squeezing/3:squeezes/s:squeezes
stability,,"n. 安定, 稳定性, 坚实, 巩固\n[化] 稳定性",cet4 cet6 ky toefl ielts,3342,2962,s:stabilities
stable,,"n. 马房, 牛棚\na. 稳定的, 安定的, 坚固的, 坚定的\nvt. 赶入马房\nvi. 被关在马厩",gk cet4 cet6 ky toefl,2637,2903,s:stables/p:stabled/d:stabled/i:stabling/3:stables
stadium,,"n. 露天大型运动场\n[医] 期, 病期",gk cet4 cet6 ky ielts,5803,4128,s:stadia
staff,,"n. 全体人员, 工作班子, 棍棒, 杆, 拐杖, 支柱, 权杖\na. 职员的, 雇员的, 参谋的\nvt. 为...配备人员",gk cet4 cet6 ky toefl ielts,423,784,d:staffed/s:staffs/i:staffing/p:staffed/3:staffs
stage,,"n. 阶段, 舞台, 场所, 戏剧, 站, 驿站, 级, 层, 脚手架\nvt. 上演, 表演, 筹划\nvi. 适于上演, 乘驿车旅行",gk cet4 cet6 ky ielts,482,829,s:stages/d:staged/p:staged/i:staging/3:stages
stair,,"n. 梯级, 楼梯, 阶梯",gk cet4 cet6 ky,0,2863,
stamp,,"n. 印, 邮票, 打印器, 戳子, 图章, 印花税票, 标志, 特征, 类型, 跺脚\nvt. 盖章于, 顿足, 贴上邮票, 铭刻, 捣碎, 扑灭\nvi. 捣碎, 跺脚",zk gk toefl gre,3923,5139,s:stamps/p:stamped/d:stamped/i:stamping/3:stamps
stand,,"n. 站立, 站住, 停顿, 讲台, 看台, 立场, 法院证人席\nvi. 站, 立, 坐落, 停滞, 位于, 坚持, 维持原状\nvt. 忍受, 使站立, 抵挡",zk gk toefl ielts,273,281,p:stood/i:standing/3:stands/d:stood/s:stands
standard,,"n. 标准, 规格, 旗, 军旗, 本位\na. 标准的, 合规格的\n[计] 标准",zk gk cet4 cet6 ky toefl ielts,653,806,s:standards
star,,"n. 星, 恒星, 星形物, 运气, 明星\nvt. 以星状物装饰, 用星号标, 使成为明星\nvi. 变成明星",zk gk ielts,1001,538,s:stars/i:starring/p:starred/3:stars/d:starred
stare,,"vi. 注视, 凝视, 瞪视, 显眼\nvt. 盯\nn. 凝视",gk cet4 cet6 ky toefl,1192,1131,p:stared/i:staring/3:stares/d:stared/s:stares
start,,"n. 惊起, 出发, 开端, 起点, 吃惊, 有利条件\nvi. 开始, 出发, 启动, 跳起, 吃惊, 出现, 松动, 脱落, 起价, 参赛\nvt. 使惊起, 开动, 发动, 启动, 开始, 创办, 提议, 使松动, 使脱落, 起用\n[计] 起始",zk gk,205,173,p:started/d:started/3:starts/i:starting/s:starts
starve,,"v. (使)饿死, (使)挨饿",gk cet4 cet6 ky toefl ielts,7555,7450,d:starved/i:starving/p:starved/3:starves
state,,"n. 州, 状态, 情形, 国家, 政府, 领土, 国务, 社会地位\na. 国家的, 正式的, 礼仪用的, 州的\nvt. 说明, 陈述, 规定\n[计] 状态",zk gk cet4 cet6 ky,194,137,s:states/p:stated/d:stated/3:states/i:stating
statement,,"n. 陈述, 指令, 声明\n[计] 程序语句; 语句",gk cet4 cet6 ky ielts,717,921,s:statements
station,,"n. 车站, 站, 局, 驻地, 位置, 身分, 地位\nvt. 安置, 配置, 驻扎\n[计] 站",zk gk ielts,736,841,s:stations/d:stationed/i:stationing/p:stationed/3:stations
statistic,,"n. 统计量\na. 统计的, 统计学的",,14827,9631,
statistics,,"n. 统计学, 统计资料\n[计] 统计信息",gk cet4 cet6 ky toefl ielts,2602,2709,
statue,,vt. 以雕像装饰\nn. 雕像,gk cet4 cet6 ky toefl ielts,4519,3872,s:statues
status,,"n. 状态, 情形, 地位, 要人身份\n[计] 状态",gk cet4 cet6 ky toefl ielts gre,1137,1215,
stay,,"n. 停留, 逗留, 制止, 延缓, 停止, 支柱, 支撑物, 支索\nvt. 制止, 延缓, 坚持, 支持, 支撑, 用支索固定\nvi. 停留, 逗留, 暂停, 坚持, 中止",zk gk,549,409,p:stayed/i:staying/d:stayed/3:stays/s:stays
steady,,"a. 稳定的, 不动摇的, 沉着的, 稳固的, 坚定的, 经常的\nvt. 使稳定, 使坚定\nvi. 变为沉着, 稳固",gk cet4 cet6 ky toefl ielts,2922,2914,p:steadied/i:steadying/d:steadied/r:steadier/3:steadies/t:steadiest
steak,,"n. 牛排, 鱼排, 肉排",gk cet6 ky toefl ielts,7171,4634,s:steaks
steal,,vt. 剽窃；偷偷地做；偷窃；vi. 窃取；偷偷地行动；[棒球]偷垒；n. [口]偷窃；便宜货；偷垒；[篮球]断球,zk gk cet4 cet6 ky toefl,1891,1784,d:stolen/p:stole/i:stealing/3:steals
steam,,"n. 蒸汽, 精力\na. 蒸汽的\nvi. 蒸发, 行驶, 发怒\nvt. 蒸, 煮, 散发",gk cet4 cet6 ky toefl ielts,2756,4139,i:steaming/p:steamed/d:steamed/s:steams/3:steams
steel,,"n. 钢, 钢制品, 钢铁, 坚硬, 坚固\na. 钢的, 钢制的, 钢铁业的, 坚强的\nvt. 使坚强, 钢化, 使冷酷",zk gk cet4 cet6 ky ielts,2282,2152,p:steeled/s:steels/i:steeling/d:steeled/3:steels
steep,,"n. 浸渍, 悬崖\na. 险峻的, 陡峭的, 急剧升降的, 夸大的\nv. 浸, 泡",gk cet4 cet6 ky toefl ielts gre,3793,3973,r:steeper/d:steeped/t:steepest/i:steeping/p:steeped/3:steeps
step,,"n. 步骤, 步, 步幅, 脚步声, 踏级, 步伐, 短距离, 步态, 手段, 等级\nvt. 踏, 以步测量, 跨步, 使成阶梯状\nvi. 跨步, 轻快地走, 跳舞, 踩, 踏上, 行走\n[计] 步骤",zk gk cet4 cet6 ky,720,587,s:steps/p:stepped/i:stepping/d:stepped/3:steps
stick,,"n. 棍, 棒, 刺, 枯枝, 茎, 条状物\nvt. 插进, 刺入, 钉住, 伸出, 粘贴, 停止\nvi. 粘住, 停留, 坚持, 陷住, 伸出",zk gk cet4 cet6 ky toefl ielts,1545,1209,p:stuck/i:sticking/d:stuck/s:sticks/3:sticks
still,,"n. 蒸馏室, 寂静, 剧照\nv. 蒸馏, (使)平静, (使)静止\na. 静止的, 不动的, 静寂的, 不起泡的, 静物摄影的\nadv. 仍然, 更, 静止地\nconj. 然而, 但是",zk gk toefl,112,126,s:stills/i:stilling/p:stilled/3:stills/d:stilled
stimulate,,"vt. 刺激, 激励, 鼓舞\nvi. 起刺激作用",cet4 cet6 ky toefl ielts,3560,4440,d:stimulated/3:stimulates/p:stimulated/i:stimulating
stomach,,"n. 胃, 食欲, 欲望, 肚子\nvt. 吃下, 忍受",zk gk cet4 cet6 ky toefl ielts gre,2661,2503,s:stomachs/i:stomaching/p:stomached/3:stomaches/d:stomached
stone,,"n. 石头, 宝石, 果核, 纪念碑, 结石\nvt. 投扔石子, 铺石头\na. 石的, 石制的, 完全的",zk gk cet4 cet6 ky ielts,888,1220,s:stones/d:stoned/p:stoned/i:stoning/3:stones
stop,,"n. 停止, 车站, 逗留, 填塞, 障碍, (风琴的)音栓\nvi. 停止, 被塞住\nvt. 塞住, 堵塞, 阻止, 击落, 停止, 终止, 断绝",zk gk,359,329,p:stopped/d:stopped/i:stopping/3:stops/s:stops
storage,,"n. 存储器, 储藏, 保管, 库存, 仓库\n[计] 存放处; 存储",gk cet4 cet6 ky toefl ielts,2703,2941,s:storages
store,,"n. 商店, 贮藏, 仓库, 备用品, 存储器\nvt. 储存, 贮藏, 供给\nvi. 贮藏\na. 贮藏的, 现成的\n[计] 存储器操作; 存储",zk gk ielts,1583,700,s:stores/d:stored/p:stored/i:storing/3:stores
storm,,"n. 暴风雨, 骚动, 风波, 风暴, 猛攻\nvi. 起风, 猛冲, 怒吼\nvt. 猛攻",zk gk cet4 cet6 ky toefl,2871,1656,s:storms/p:stormed/i:storming/d:stormed/3:storms
story,,"n. 故事, 小说, 传奇, 描述, 阅历, 经历, 层",zk gk ielts,542,233,s:stories
stove,,"n. 火炉, 窑\nvt. 用火炉烤\nstave的过去式和过去分词",gk cet4 cet6 ky toefl,6609,4388,s:stoves/d:stoved/p:stoved/0:stove/1:p
straight,,"n. 直线, 直\na. 直的, 笔直的, 正直的, 直接的, 连续的, 整齐的\nadv. 直接地, 立即, 不断地",gk toefl,1598,1634,r:straighter/s:straights/t:straightest
straightforward,,"a. 笔直的, 率直的, 明确的, 简单的, 直接的",gk cet6 ky ielts gre,3491,6187,
strait,,"n. 海峡, 困境\na. 困难的, 窘迫的, 狭窄的",gk cet6 toefl ielts gre,8841,12059,s:straits
strange,,"a. 奇怪的, 陌生的, 生疏的, 不熟悉的, 不可思议的, 外行的, 外地的, 异乡的",zk gk,1397,1580,r:stranger/t:strangest
stranger,,"n. 陌生人, 门外汉\n[法] 局外人, 非当事人, 第三者",zk gk cet4 cet6 ky,3225,2691,0:strange/1:r/s:strangers
strategy,,"n. 战略, 策略\n[经] 战略, 策略",cet4 cet6 ky toefl ielts,1127,844,s:strategies
straw,,"n. 稻草, 麦管, 吸管, 一文不值的东西, 草帽\na. 稻草的, 稻草色的, 琐碎的, 无价值的",gk cet4 cet6 ky,4301,4730,s:straws/i:strawing/p:strawed/3:straws/d:strawed
strawberry,,n. 草莓,zk gk cet4 cet6 ky,7842,5437,s:strawberries
stream,,"n. 水流, 小河, 流出, 趋势, 人潮\nvt. 流出, 流动, 展开\nvi. 流, 涌, 飘扬\n[计] 流",zk gk cet4 cet6 ky gre,2467,2231,s:streams/i:streaming/p:streamed/d:streamed/3:streams
street,,"n. 街道, 马路, 街区\na. 街道的",zk gk ielts,380,554,s:streets
strength,,"n. 力量, 实力, 强度, 浓度, 人数, 抵抗力\n[化] 强度",gk cet4 cet6 ky toefl ielts,1194,1275,s:strengths
strengthen,,"vt. 加强, 变坚固\nvi. 变强, 股票上涨",gk cet4 cet6 ky toefl ielts,2706,3074,d:strengthened/i:strengthening/p:strengthened/3:strengthens
stress,,"n. 压力, 紧迫, 强调, 重音, 重点, 应力\nvt. 加压力于, 着重, 重读",gk cet4 cet6 ky toefl ielts,2093,1731,p:stressed/d:stressed/3:stresses/i:stressing/s:stresses
stretch,,"n. 伸展, 张开, 连绵, 一段路, 一段时间\na. 可伸缩的, 弹性的\nvt. 伸展, 张开, 曲解, 使过度伸展\nvi. 伸展, 延伸\n[计] 伸展",cet4 cet6 ky toefl ielts gre,1930,1915,p:stretched/i:stretching/d:stretched/s:stretches/3:stretches
strict,,"a. 严厉的, 绝对的, 详尽的, 严格的, 精确的\n[法] 严格的, 精确的, 绝对的",zk gk cet4 cet6 ky toefl,3091,3553,r:stricter/t:strictest
strike,,"n. 罢工, 打击, 殴打\nvt. 打, 撞击, 冲击, 侵袭, 取消, 结算, 打掉, 罢工, 刺透, 使生根, 遇见\nvi. 打, 打击, 抓, 罢工, 搏动, 触礁, 敲, 响, 穿透, 打动",gk cet4 cet6 ky toefl ielts,1294,1145,p:struck/d:struck/s:strikes/3:strikes/i:striking
string,,"n. 线, 细绳, 一串, 字符串\nvt. 串起, 成串, 收紧, 缚, 扎\nvi. 成一串\n[计] 字符串, 串",gk cet4 cet6 ky toefl ielts,2170,2671,s:strings/d:strung/i:stringing/3:strings/p:strung
strong,,"a. 强壮的, 坚固的, 坚强的, 强烈的, 有力的, 优良的\nadv. 强劲地, 有力地, 猛烈地",zk gk,506,458,r:stronger/t:strongest
structure,,"n. 结构, 构造, 建筑物\nvt. 构成, 组织",cet4 cet6 ky,557,950,s:structures/d:structured/i:structuring/3:structures/p:structured
struggle,,"n. 斗争, 努力, 奋斗\nvi. 努力, 奋斗, 挣扎",gk cet4 cet6 ky toefl,2047,1669,i:struggling/p:struggled/s:struggles/d:struggled/3:struggles
student,,"n. 学生, 研究者, 学者",zk gk ielts,432,157,s:students
studio,,"n. 工作室, 画室, 演播室, 电影制片厂",gk cet6 ky toefl ielts gre,1191,1515,s:studios
study,,"n. 学习, 研究, 学科, 论文, 求学, 书房, 试作\nvt. 学习, 读书, 研究, 考虑, 计划\nvi. 学习, 思索",zk gk ielts,270,240,s:studies/i:studying/d:studied/p:studied/3:studies
stuff,,"n. 原料, 要素, 东西, 材料, 素质, 织品, 废物, 废话\nvt. 装填\nvi. 狼吞虎咽",cet4 cet6 ky ielts,1375,996,d:stuffed/p:stuffed/i:stuffing/s:stuffs/3:stuffs
stupid,,"a. 愚蠢的, 麻木的",zk gk cet4 cet6 ky,2558,2704,
style,,"n. 风格, 时尚, 文体, 风度, 字体, 类型\nvt. 称呼, (根据新款式)设计, 使合潮流\nn. 风格, 样式\n[计] 风格, 样式",gk cet4 cet6 ky ielts,790,968,s:styles/d:styled/p:styled/i:styling/3:styles
subject,,"n. 科目, 主题, 臣民, 主语, 题目, (事物的)经受者, 学科, 受治疗者, 原因, 理由\na. 服从的, 易患...的, 隶属的, 受支配的\nadv. 在...条件下\nvt. 使隶属, 使受到\n[计] 主题, 主体",gk ielts gre,358,670,s:subjects/d:subjected/i:subjecting/p:subjected/3:subjects
subjective,,"a. 主观的, 个人的\n[医] 主观的, 自觉的",gk cet6 ky ielts gre,5186,5947,
submit,,"vt. 使服从, 使受到, 委托, 提交, 认为\nvi. 屈服, 服从",gk cet4 cet6 ky toefl ielts gre,2259,3184,d:submitted/p:submitted/i:submitting/3:submits
subscribe,,"vt. 捐献, 签署\nvi. 赞成, 同意, 捐款, 预订, 认购\n[计] 订阅",gk cet6 ky ielts gre,6864,7979,d:subscribed/i:subscribing/p:subscribed/3:subscribes
subsequent,,"a. 后来的, 接下去的\n[经] 后来的",cet4 cet6 ky toefl ielts gre,2113,3267,
substance,,"n. 物质, 实质, 主旨, 资产, 本质, 牢固\n[化] 物质",cet4 cet6 ky gre,2433,2277,s:substances
substantial,,"n. 重要材料(或事物), 有实际价值的东西\na. 实质上的, 物质的, 有内容的, 结实的",cet4 cet6 ky toefl ielts gre,1536,2544,
substitute,,"n. 代理, 代理人, 代用品, 代替者, 代替物\nvt. 代替\nvi. 替代, 取代, 代用\na. 代替的, 代用的, 代用品的\n[计] 置换; 替代",gk cet4 cet6 ky toefl ielts gre,4548,5613,s:substitutes/d:substituted/i:substituting/p:substituted/3:substitutes
subtle,,"a. 敏锐的, 精细的, 狡猾的, 稀薄的, 灵巧的, 微妙的\n[医] 锐敏的; 精细的",cet6 ky toefl ielts gre,3792,3435,
suburb,,"n. 市郊住宅区, 郊区, 边缘",cet4 cet6 ky toefl ielts,5306,3531,s:suburbs
subway,,"n. 地铁, 地道\nvi. 乘地铁",cet4 cet6 ky toefl,15658,5383,s:subways
succeed,,"vi. 成功, 继承, 继续\nvt. 继承, 接替",zk gk cet4 cet6 ky toefl,1741,2018,d:succeeded/p:succeeded/3:succeeds/i:succeeding
success,,"n. 成功, 成就, 胜利",zk gk cet4 cet6 ky,705,777,s:successes
successful,,"a. 成功的, 一帆风顺的, 顺利的\n[经] 成功的",zk gk cet4 cet6 ky toefl ielts,915,1101,
such,,"a. 如此的, 这样的",zk gk,108,183,
suck,,"vt. 吸, 吮, 吸入, 吮吸, 吸收\nvi. 吸, 吸奶\nn. 吸, 吸入, 吮吸",gk cet4 cet6 ky ielts,4142,3618,i:sucking/d:sucked/p:sucked/3:sucks/s:sucks
sudden,,"n. 突然, 忽然\na. 突然的, 意外的, 快速的",zk gk cet4 cet6 ky,2250,2868,
suffer,,"vt. 遭受, 经历, 忍受\nvi. 受痛苦, 受损害",gk cet4 cet6 ky toefl,821,1099,d:suffered/p:suffered/i:suffering/3:suffers
suffering,,"n. 苦难, 受苦",gk,4466,3933,0:suffer/1:i/i:suffering/s:sufferings
sufficient,,"a. 充分的, 足够的\n[法] 充分的, 足够的",cet4 cet6 ky toefl ielts gre,1582,3099,
sugar,,"n. 糖, 糖块, 甜言蜜语\nvt. 加糖于, 使甜蜜, 粉饰, 美化\nvi. 制成糖",zk gk toefl ielts,2294,1591,s:sugars/i:sugaring/p:sugared/3:sugars/d:sugared
suggest,,"vt. 提议, 建议, 促成, 暗示, 启发, 使人想起\n[法] 建议, 提出, 提议",zk gk toefl,314,430,3:suggests/d:suggested/p:suggested/i:suggesting
suggestion,,"n. 提议, 意见\n[医] 暗示",zk gk ielts,1775,2507,s:suggestions
suit,,"n. 套装, 诉讼, 请求, 起诉, 套, 组\nvt. 适合, 使适应\nvi. 合适, 相称",gk cet4 cet6 ky toefl ielts,2119,1411,d:suited/3:suits/s:suits/p:suited/i:suiting
suitable,,"a. 适当的, 相配的\n[法] 合适的, 适宜的, 适当的",gk cet4 cet6 ky toefl ielts,1541,4756,
suite,,"n. 随员, 套房, (一)组, (一)套, 组曲, 继之而来的事\n[电] 程序组",gk ky toefl ielts,4292,4726,s:suites
sum,,"n. 总数, 总和, 金额, 概要, 顶点\nvt. 总计, 概括\nvi. 合计\n[计] 系统实用程序和维护",cet4 cet6 ky toefl,1671,3843,s:sums/3:sums/d:summed/p:summed/i:summing
summary,,"n. 摘要, 概要\na. 摘要的, 简略的\n[计] 摘要; 概要",gk cet4 cet6 ky ielts gre,2708,4917,s:summaries
summer,,"n. 夏季, 全盛时期\nvi. 避暑, 过夏天\n[计] 加法器",zk gk ielts,858,619,s:summers/i:summering/p:summered/3:summers/d:summered
sun,,"n. 太阳, 日, 日光, 阳光\nvt. 晒\nvi. 晒太阳",zk gk,872,1233,s:suns/i:sunning/p:sunned/3:suns/d:sunned
sunday,,"n. 星期日\na. 星期日的, 业余的\nvi. 度星期日",zk gk ielts,988,0,s:sundays/f:Sundays
sunlight,,"n. 日光\n[医] 日光, 太阳光",gk cet4 cet6 toefl ielts,4796,3895,
sunny,,"a. 阳光充足的, 乐观的, 快乐的, 像太阳的",zk gk,5585,4866,r:sunnier/t:sunniest/s:sunnies
super,,"n. 跑龙套角色, 冗员, 特级品, 特大号, 管理人\na. 上等的, 特大的, 超级的, 极好的, 十分的, 过分的\nadv. 非常",gk cet4 cet6 ky,4154,2651,s:supers
superb,,"a. 极度的, 华丽的, 极好的",gk cet6 ky toefl ielts gre,3385,6911,
superior,,"n. 长者, 占优势的人, 上级\na. 上级的, 出众的, 高傲的",gk cet4 cet6 ky toefl ielts,3513,3410,s:superiors
supermarket,,"n. 超级市场\n[经] 超级市场, 自助售货商店",zk gk ielts,4087,4682,s:supermarkets
supper,,n. 晚餐,zk gk,4153,5514,s:suppers
supply,,"n. 补给, 供给, 供应品\nvt. 补给, 供给, 提供, 补充\nvi. 替代",zk gk cet4 cet6 ky ielts,1048,1494,d:supplied/s:supplies/i:supplying/p:supplied/3:supplies
support,,"n. 支持, 支撑, 援助, 供养, 支撑物\nvt. 支援, 支撑, 帮助, 支持, 忍受, 供养, 证实\n[计] 后援; 支持",gk cet4 cet6 ky ielts,481,524,d:supported/i:supporting/3:supports/p:supported/s:supports
suppose,,"vt. 推想, 假设, 以为, 想像, 假定\nvi. 料想",zk gk cet4 cet6 ky toefl,840,2161,p:supposed/d:supposed/i:supposing/3:supposes
supreme,,"n. 至高, 霸权\na. 至高的, 终极的, 极端的, 最大的",gk cet4 cet6 ky toefl ielts gre,2550,1618,
sure,,"a. 确信, 必然的, 必定的\nadv. 当然, 确实地, 无疑地",zk gk,386,347,t:surest/r:surer
surf,,"n. 海浪, 拍岸浪\nvi. 作冲浪运动",,15008,7750,i:surfing/p:surfed/d:surfed/s:surfs/3:surfs
surface,,"n. 面, 表面, 水面, 外表, 平面\na. 表面的, 外观的, 肤浅的, 水面上的\nvt. 使成平面, 使浮出水面\nvi. 浮出水面, 呈现, 在地面上工作",zk gk toefl ielts,971,1015,s:surfaces/p:surfaced/d:surfaced/i:surfacing/3:surfaces
surgeon,,"n. 外科医生, 军医, 船医\n[医] 外科医师",gk cet4 cet6 ky toefl ielts gre,3940,3413,s:surgeons
surgery,,"n. 外科, 手术, 手术室, 换球术",cet4 cet6 ky toefl ielts,2833,1793,s:surgeries
surprise,,"n. 惊奇, 奇袭, 诧异\nvt. 使惊奇, 撞见, 奇袭",zk gk ielts,1807,1624,p:surprised/s:surprises/d:surprised/3:surprises/i:surprising
surround,,"vt. 包围, 环绕, 围绕\nn. 围绕物",gk cet4 cet6 ky,1987,1599,d:surrounded/i:surrounding/p:surrounded/3:surrounds/s:surrounds
surrounding,,n. 环境\na. 周围的,gk,3969,4398,0:surround/1:i/i:surrounding
survey,,"n. 纵览, 视察, 测量, 俯瞰, 调查\nvt. 审视, 视察, 俯瞰, 通盘考虑\nvi. 测量土地",cet4 cet6 ky toefl ielts,1015,1241,s:surveys/i:surveying/p:surveyed/d:surveyed/3:surveys
survival,,"n. 生存, 残存, 幸存者\na. 赖以生存的",gk cet4 cet6 ky toefl ielts,2584,2656,s:survivals
survive,,"vt. 比...活得长, 生存, 生还, 幸免于\nvi. 活下来, 幸存",gk cet4 cet6 ky toefl gre,1325,1342,p:survived/d:survived/3:survives/i:surviving
suspect,,"n. 被怀疑者, 嫌疑犯\na. 令人怀疑的, 不可信的, 可疑的\nv. 怀疑, 猜想",gk cet4 cet6 ky toefl ielts gre,2155,2100,p:suspected/d:suspected/s:suspects/3:suspects/i:suspecting
suspend,,"vt. 悬, 吊, 使悬浮, 暂停, 中止, 推迟\nvi. 暂停, 中止, 悬浮, 停止偿付债务\n[计] 暂停",cet4 cet6 ky toefl ielts gre,3116,3775,d:suspended/p:suspended/i:suspending/3:suspends
suspension,,"n. 悬挂, 暂停, 中止\n[化] 悬浮; 悬浮体; 悬浮液",gk cet6 ielts,4354,5034,s:suspensions
sustain,,"vt. 承受, 支持, 供养, 继续, 忍受, 蒙受, 证实, 准许\n[电] 持续",cet4 cet6 ky toefl ielts gre,2774,2986,d:sustained/i:sustaining/p:sustained/3:sustains
swallow,,"n. 燕子, 吞咽, 喉\nvt. 咽, 淹没, 吞没, 耗尽, 轻信, 忍受, 抑制\nvi. 吞下, 咽下",gk cet4 cet6 ky toefl ielts gre,3290,3535,p:swallowed/d:swallowed/i:swallowing/s:swallows/3:swallows
swear,,"vt. 发誓, 咒骂, 使宣誓\nvi. 发誓, 诅咒\nn. 诅咒, 誓言",gk cet4 cet6 ky ielts gre,3224,3330,d:sworn/p:swore/i:swearing/3:swears
sweat,,"n. 汗, 汗水, 水珠, 焦急\nvi. 出汗, 渗出, 冒出水气, 结水珠, 烦恼, 懊恼\nvt. 使出汗, 流出, 榨出, 使汗流浃背",gk cet4 cet6 ky toefl,5134,3696,i:sweating/p:sweated/s:sweats/d:sweated/3:sweats
sweater,,"n. 毛衣, 毛线衫, 运动衫, 出汗者\n[化] 发汗器",zk gk cet4 cet6 ky ielts,6680,4789,s:sweaters
sweep,,"n. 扫除, 打扫, 肃清, 视野, 范围, 全胜\nvt. 扫除, 掸去, 猛拉, 扫荡, 肃清, 冲走, 刮起, 环视, 掠过, 扫射\nvi. 扫, 打扫, 袭击, 席卷, 扫视, 掠过",zk gk cet4 cet6 ky toefl ielts,2636,2639,d:swept/p:swept/i:sweeping/3:sweeps/s:sweeps
sweet,,"n. 甜蜜, 糖果, 情人\na. 甜的, 芳香的, 悦耳的, 漂亮的, 和蔼的, 不咸的, 灵活的, 轻快的",zk gk,2378,1567,s:sweets/r:sweeter/t:sweetest
swim,,"n. 游泳, 漂浮, 潮流, 眩晕\nvi. 游泳, 游, 漂浮, 浸, 覆盖, 充溢, 大量拥有, 旋转, 眩晕\nvt. 游过, 使浮起",zk gk,3038,2848,i:swimming/p:swam/3:swims/d:swum/s:swims
swimming,,"n. 游泳, 眩晕",zk gk ielts,3814,4441,0:swim/1:i/i:swimming
swing,,"n. 摇摆, 振幅, 音律, 节奏, 涨落, 秋千, 旋转, 行动自由\nvi. 摇摆, 悬挂, 旋转, 大摇大摆地走, 转向\nvt. 挥舞, 使旋转, 使转向, 悬挂, 吊运\na. 旋转的, 悬挂的, 强节奏爵士音乐的",zk gk cet4 cet6 ky toefl ielts gre,2479,2453,p:swung/i:swinging/s:swings/d:swung/3:swings
switch,,"n. 开关, 电闸, 转换, 软枝, 鞭子, 道岔\nvt. 转变, 切换, 摆动, 转换, 使转轨\nvi. 转换, 变换, 摆动\n[计] 开关; 翻转; 转移",gk cet4 cet6 ky toefl ielts,1952,2604,p:switched/d:switched/i:switching/s:switches/3:switches
switzerland,,n. 瑞士,gk,4335,0,
sword,,"n. 刀, 剑, 战争, 武力, 剑状物",gk cet4 cet6 ky,3675,4105,s:swords
symbol,,"n. 符号, 象征, 代号, 信条\n[计] 符号; 码元",zk gk cet4 cet6 ky toefl,2635,2340,s:symbols
sympathy,,"n. 同情, 赞同, 怜悯, 慰问, 吊唁\n[医] 交感[作用], 同感[作用], 感应, 同情",gk cet4 cet6 ky toefl,3089,4270,s:sympathies
symphony,,"n. 交响乐, 交响曲",gk cet6 ky toefl ielts gre,5817,7665,s:symphonies
symptom,,"n. 症状, 征候, 征兆\n[医] 症状",gk cet6 ky toefl ielts,2342,2249,s:symptoms
system,,"n. 系统, 体系, 制度, 方式, 秩序, 分类原则\n[计] 系统; 体制; 体系",gk cet4 cet6 ky toefl ielts,136,191,s:systems
systematic,,"a. 有系统的, 分类上的, 体系的\n[医] 系统的, 系的, 分类的",gk cet4 cet6 ky toefl ielts,4045,5408,s:systematics
t-shirt,,"n. 圆领汗衫, T恤",zk,0,0,s:t-shirts
table,,"n. 桌子, 餐桌, 工作台, 铭文, 表格, 表, 高原, 平地层\nvt. 搁置, 嵌合, 制表, 把...列入议事日程\n[计] 表格, 模拟运算表",zk gk ielts gre,410,539,s:tables/d:tabled/p:tabled/i:tabling/3:tables
tablet,,"n. 平板, 门牌, 笔记簿, 碑, 匾, 药片\n[化] 片剂",cet4 cet6 ky ielts,4781,7864,s:tablets
tackle,,"n. 工具, 复滑车, 滑车, 装备, 扭倒\nvt. 固定, 处理, 抓住\nvi. 扭倒",cet6 ky toefl ielts gre,2634,4096,i:tackling/d:tackled/p:tackled/3:tackles/s:tackles
tail,,"n. 尾部, 后部, 辫子, 随员, 特务, 燕尾服, 踪迹, 限定继承(权)\na. 在后面的, 从后面而来的, 限定继承的, 尾部的, 后部的\nvt. 为...装尾, 附于其后, 尾随, 使搭牢, 跟踪, 监视\nvi. 跟踪, 船尾搁浅",zk gk cet4 cet6 ky toefl,2604,2985,s:tails/p:tailed/i:tailing/d:tailed/3:tails
tailor,,"n. 裁缝, 成衣匠\nvt. 缝制, 制作, 使适应\nvi. 做裁缝",gk cet4 cet6 ky toefl,8827,7806,d:tailored/p:tailored/s:tailors/3:tailors/i:tailoring
take,,"vt. 拿, 取, 抓, 带领, 获得, 就座, 接受, 吃, 吸引, 采取, 乘, 需要, 花费\nvi. 吃掉对方棋子, 抓住, 起作用, 依法获得财产\nn. 拿, 取, 收成, 奏效",zk gk ielts,51,63,p:took/d:taken/i:taking/3:takes
tale,,"n. 故事, 谎言, 谣言, 陈述, 叙述\n[法] 虚语, 诽语, 谣言",zk gk cet4 cet6 ky toefl,2493,2239,s:tales
talent,,"n. 天才, 才能, 有才干的人, 天资",gk cet4 cet6 ky toefl,2694,2030,s:talents
talk,,"n. 谈话, 交谈, 会谈, 讲话, 演讲, 空谈, 谣言, 方言, 语言\nvi. 讲话, 演讲, 说话, 谈话, 交流, 闲聊, 说闲话\nvt. 讲, 说, 讨论, 谈论\n[计] 对话类, 聊天",zk gk,289,168,i:talking/s:talks/p:talked/d:talked/3:talks
tall,,"a. 高的, 长的, 夸大的\nadv. 夸大地",zk gk,1757,1524,r:taller/t:tallest
tank,,"n. 槽, 箱, 柜, 罐, 池塘, 储水池, 坦克\nvt. 储于箱中",gk cet4 cet6 ky toefl,1897,1874,s:tanks/i:tanking/p:tanked/3:tanks/d:tanked
tap,,"n. 轻打, 水龙头\nvt. 轻打, 轻敲, 敲打出, 选择, 装上嘴子, 使流出, 开发, 分接, 向...乞讨\nvi. 轻叩, 轻拍, 啪塔啪塔地走\n[计] 接头",gk cet4 cet6 ky toefl ielts,3299,2843,p:tapped/i:tapping/s:taps/d:tapped/3:taps
tape,,"n. 带子, 录音带, 磁带, 窄带, 卷尺\nvt. 以带子绑起, 测量, 录音\n[计] 带",zk gk cet4 cet6 ky toefl ielts,1561,1490,s:tapes/i:taping/d:taped/p:taped/3:tapes
target,,"n. 目标, 靶子, 指标\nvt. 对准, 订指标",gk cet4 cet6 ky toefl ielts,1095,1281,s:targets/d:targeted/i:targeting/p:targeted/3:targets
task,,"n. 工作, 任务, 作业, 困难的工作\nvt. 派给...工作, 使辛劳\n[计] 任务",zk gk cet4 cet6 ky,779,1047,s:tasks/d:tasked/i:tasking/p:tasked/3:tasks
taste,,"n. 味道, 品味, 味觉, 感受, 体验, 爱好, 审美, 少量\nvt. 尝, 察觉...的味道, 体会\nvi. 品尝, 察觉味道, 有某种味道",zk gk cet4 cet6 ky toefl,2077,2031,s:tastes/p:tasted/d:tasted/3:tastes/i:tasting
tax,,"n. 税, 税款, 重负, 会费\nvt. 课以税, 使负重荷, 斥责",gk cet4 cet6 ky toefl,545,509,s:taxes/d:taxed/p:taxed/i:taxing/3:taxes
taxi,,n. 出租车\nvi. 乘出租车\nvt. 用出租车送,zk gk ielts,3317,5161,s:taxis/i:taxiing/p:taxied/3:taxies/d:taxied
tea,,"n. 茶, 茶叶\n[医] 茶, 茶剂, 浸剂",zk gk ielts,1140,2164,s:teas
teach,,"vt. 教, 讲授, 教导, 教育\nvi. 教书, 教学, 可以教",zk gk,959,545,d:taught/i:teaching/p:taught/3:teaches
teacher,,"n. 教师, 老师, 导师",zk gk ielts,486,371,s:teachers
team,,"n. 队, 组\nvt. 把马(牛)套在同一辆车上, 把...编成一组\nvi. 驾驶卡车, 协作",zk gk cet4 cet6 ky toefl ielts,427,307,s:teams/d:teamed/p:teamed/i:teaming/3:teams
teapot,,n. 茶壶,gk toefl,12436,12851,s:teapots
tear,,"n. 泪滴, 眼泪, 撕, 扯, 裂缝, 激怒, 飞奔\nvi. 流泪, 撕破, 赶快, 飞奔, 被撕破\nvt. 撕裂, 戳破, 拉掉, 撕掉, 使分裂, 使精神不安, 折磨",gk cet4 cet6 ky toefl ielts gre,1861,1905,s:tears/d:torn/p:tore/i:tearing/3:tears
technical,,"a. 技术上的, 专门的, 工业的, 严格根据法律的\n[化] 技巧",gk cet4 cet6 ky toefl ielts,1394,2064,
technique,,"n. 技巧, 技术, 方法\n[化] 工艺方法; 技巧",gk cet4 cet6 ky ielts,949,1335,s:techniques
technology,,"n. 技术, 工业技术, 术语\n[医] 技术学, 工艺学",zk gk cet4 cet6 ky ielts,756,585,s:technologies
teenager,,n. 十三岁到十九岁的少年,gk cet4 cet6 ky,3812,2440,s:teenagers
telephone,,"n. 电话, 电话机\nv. 打电话",zk gk ielts,1327,1865,p:telephoned/s:telephones/i:telephoning/d:telephoned/3:telephones
telescope,,"n. 望远镜\nvi. 叠缩, 嵌进, 缩短\nvt. 使叠缩, 使缩短",gk cet4 cet6 ky toefl ielts,8217,2759,s:telescopes/p:telescoped/i:telescoping/d:telescoped/3:telescopes
television,,n. 电视\n[电] 电视,zk gk ielts,978,794,s:televisions
tell,,"vt. 告诉, 说, 吩咐, 断定, 知道\nvi. 讲述, 泄密, 告发, 表明",zk gk,107,103,p:told/d:told/i:telling/3:tells
temperature,,"n. 温度, 发烧, 热度\n[化] 温度",zk gk cet4 cet6 ky toefl ielts,1622,1622,s:temperatures
temple,,"n. 圣堂, 庙宇, 教堂, 礼拜堂, 太阳穴, 鬓角\n[医] 颞颥, 颞部",gk cet4 cet6 ky toefl ielts,3448,3616,s:temples
temporary,,"a. 暂时的, 临时的\nn. 临时工, 临时雇员\n[计] 临时",gk cet4 cet6 ky toefl ielts,2302,3150,s:temporaries
ten,,"num. 十, 十个",zk gk,469,838,
tend,,"vi. 走向, 有某种的倾向, 易于, 照顾, 注意\nvt. 照料, 护理",gk cet4 cet6 ky gre,849,1039,3:tends/p:tended/d:tended/i:tending
tendency,,"n. 趋向, 倾向\n[医] 趋向, 趋势",gk cet4 cet6 ky toefl ielts,2377,3040,s:tendencies
tennis,,n. 网球,zk gk ielts,2846,3082,
tension,,"n. 紧张, 不安, 拉紧, 张力, 压力, 电压\nvt. 拉紧, 使紧张",gk cet4 ky toefl ielts gre,2092,2186,s:tensions/d:tensioned
tent,,"n. 帐篷, 帷幕, 住处, 塞条, 塞子\nvi. 住帐蓬, 宿营, 暂时居住\nvt. 用帐篷遮盖, 使住帐篷, 用塞条嵌入",zk gk cet4 cet6 ky,4158,3071,s:tents/p:tented/i:tenting/3:tents/d:tented
tentative,,"n. 试验\na. 试验性的, 暂时的",gk cet6 ky toefl ielts gre,7552,7722,
tenth,,"num. 第十, 十分之一",zk,5237,7565,
term,,"n. 术语, 专有名词, 期限, 学期, 任期, 条件, 价钱, 关系, 地位, 项, 界石\nvt. 称, 呼\n[计] 检索词; 项",zk gk cet4 cet6 ky toefl ielts,316,626,s:terms/d:termed/p:termed/3:terms/i:terming
terminal,,"n. 终端机, 终点, 末端, 极限, 终点站\na. 终点的, 定期的, 致死的, 结尾的, 末端的, 晚期的\n[计] 终端; 终端设备",gk cet4 cet6 ky toefl ielts gre,4011,5777,s:terminals
terrible,,"a. 可怕的, 令人恐惧的, 极坏的",zk gk cet4 cet6 ky toefl,1927,1944,
territory,,"n. 领土, 领地, 版图, 地区, 活动范围\n[经] (推销员等的)推销区域",cet4 cet6 ky toefl ielts,2009,2179,s:territories
terror,,"n. 恐怖, 可怕的人\n[医] 惊吓, 惊悸",gk cet4 cet6 ky toefl ielts,4120,2732,s:terrors
test,,"n. 测试, 试验, 化验, 检验, 考验, 甲壳\nvt. 测试, 试验, 化验\nvi. 接受测验, 进行测试",zk gk cet4 cet6 ky ielts,627,575,s:tests/d:tested/i:testing/p:tested/3:tests
text,,"n. 文本, 正文, 课文, 主题, 圣经文句, 乐谱\n[计] 电文; 文本; 正文",zk gk ielts,1002,1289,s:texts
textbook,,n. 教科书,gk cet4 cet6 ky ielts,6096,4473,s:textbooks
than,,"conj. 比, 除...外\nprep. 比",zk gk,89,73,
thank,,"n. 谢意, 感谢\nvt. 谢谢, 感谢",zk gk,768,498,p:thanked/i:thanking/d:thanked/3:thanks
that,,"a. 那, 那个\nconj. 以致, 因为\npron. 那\nadv. 那么, 那样",zk gk,14,12,
the,,art. 那,zk gk,1,1,
theater,,"n. 戏院, 电影院, 剧场, 全体观众, 戏剧, 戏剧效果, 阶梯式讲堂, 场所",ky toefl,39534,1535,
theft,,"n. 盗窃, 失窃, 盗窃罪, 赃物\n[法] 盗窃行为, 偷窃, 失窃",gk cet6 ky toefl ielts,3545,5367,s:thefts
their,,pron. 他们的,zk gk,36,36,
them,,"pron. 他们, 她们, 它们",zk gk,46212,59,s:thems
theme,,"n. 主题, 话题, 题目",gk cet4 cet6 ky toefl ielts,1703,1655,s:themes
themselves,,"pron. 他们自己, 她们自己, 它们自己",zk gk,394,449,
then,,"adv. 然后, 当时\nconj. 然后, 当时\nn. 那时",zk gk,59,77,
theoretical,,"a. 理论的, 理论上的, 假设的, 推理的\n[计] 理论的",gk cet4 cet6 ky toefl ielts gre,2729,3781,
theory,,"n. 理论, 学说, 原理, 意见, 推测\n[化] 理论",gk cet4 cet6 ky ielts,596,918,s:theories
there,,adv. 在那里,zk gk,37,53,
therefore,,"adv. 因此, 所以",gk cet4 cet6 ky toefl,408,1161,
these,,pron. 这些,zk gk,76,82,
they,,"pron. 他们, 它们",zk gk,18,21,
thick,,"a. 厚的, 粗壮的, 浓的, 迟钝的, 浑浊的, 多雾的, 过分的, 口齿不清的\nadv. 厚地, 密地, 浓浓地\nn. 最浓处, 最厚处, 最密集处\n[计] 暗, 粗线",zk gk cet4 cet6 ky,1806,1721,r:thicker/t:thickest
thief,,"n. 小偷, 贼\n[化] 取样",gk cet4 cet6 ky ielts,3965,5007,s:thieves
thin,,"a. 薄的, 细的, 瘦的, 稀疏的, 稀薄的, 淡的, 弱的, 空洞的\nvt. 使变薄, 使变细, 使稀少, 使淡\nvi. 变薄, 变细, 变少, 变淡\nadv. 薄地, 稀疏地, 微弱地\nn. 细小部分",zk gk toefl,1670,1621,r:thinner/i:thinning/t:thinnest/d:thinned/3:thins/p:thinned
thing,,"n. 事物, 东西, 物, 用品, 事, 事件, 情况, 行为, 特征",zk gk,106,97,s:things
think,,"vt. 想, 考虑, 想起, 想像, 打算, 认为\nvi. 思考, 料想\nn. 想法\na. 思想的",zk gk,64,56,p:thought/d:thought/i:thinking/3:thinks
thinking,,"n. 思考, 思想\na. 思考的, 有理性的",gk ielts,2075,1695,0:think/1:i/i:thinking
third,,"num. 第三, 三分之一\n[机] 第三; 第三的",zk gk ielts,465,584,
thirsty,,"a. 口渴的, 渴望的, 干燥的",zk gk,11904,10308,r:thirstier/t:thirstiest
thirteen,,"num. 十三, 十三个",zk gk,3309,5649,
thirty,,"num. 三十, 三十个",zk gk,1003,2833,
this,,"pron. 这, 本\na. 这, 本\nadv. 这么",zk gk,23,20,
thorough,,"a. 十分的, 彻底的",gk cet4 cet6 ky toefl ielts,5257,5852,
those,,pron. 那些,zk gk,100,102,
though,,"adv. 然而, 可是\nconj. 虽然, 纵然",zk gk,377,245,
thought,,"n. 想法, 思想, 思维, 关心, 挂念\nthink的过去式和过去分词",zk gk cet4 cet6 ky toefl ielts,710,760,0:think/1:pd/s:thoughts
thousand,,"num. 千\na. 成千的, 许多的\nn. 许许多多",zk gk ielts,631,651,
threat,,"n. 恐吓, 恶兆, 威胁\n[经] 威胁",cet4 cet6 ky toefl gre,1363,1066,s:threats
threaten,,"vt. 恐吓, 威胁, 预示...的凶兆\nvi. 威胁, 恫吓, 可能来临",cet4 cet6 ky toefl,1390,1395,d:threatened/i:threatening/p:threatened/3:threatens
three,,"num. 三, 三个",zk gk,104,135,
throat,,"n. 咽喉, 喉咙, 嗓音\nvt. 用喉音说, 开沟于",gk cet4 cet6 ky ielts,2449,2454,s:throats
through,,"adv. 穿越, 从头至尾, 到底, 因为\nprep. 经过, 穿过\na. 对穿的, 直达的, 完结的",zk gk,109,112,
throughout,,"adv. 到处, 贯穿全部地, 自始至终\nprep. 遍及, 在各处\n[计] 吞吐量",gk cet4 cet6 ky ielts,859,983,
throw,,"vt. 投, 掷, 抛, 发射, 摔下, 匆匆穿上(或脱下), 抛弃, 摆脱\nvi. 丢, 掷, 抛\nn. 投掷, 掷骰子, 冒险",zk gk toefl,868,677,d:thrown/p:threw/i:throwing/3:throws/s:throws
thunder,,"n. 雷, 雷声\nvi. 打雷, 轰隆地响, 怒喝\nvt. 大声喊出, 轰隆地发出",gk cet4 cet6 ky toefl ielts,6539,8090,p:thundered/i:thundering/s:thunders/d:thundered/3:thunders
thursday,,n. 星期四,zk gk ielts,2258,0,s:thursdays
thus,,"adv. 如此, 因此, 到如此程度\n[医] 乳香",gk cet4 cet6 ky,479,744,
ticket,,"n. 票, 券, 车票, 标签, 入场券, 证明书\nvt. 加标签于, 为...购票",zk gk toefl ielts,1884,1576,s:tickets/i:ticketing/p:ticketed/3:tickets/d:ticketed
tidy,,"n. 椅子的背罩, 装杂物的容器\na. 整齐的, 有条理的\nvt. 弄整齐, 收拾, 整理\nvi. 整理, 收拾",zk gk cet4 cet6 ky ielts gre,6376,9867,i:tidying/p:tidied/d:tidied/r:tidier/3:tidies/t:tidiest/s:tidies
tie,,"n. 带子, 线, 鞋带, 领带, 领结, 关系, 束缚, 平局, 不分胜负\nvt. 系, 打结, 扎, 约束, 与...成平局\nvi. 结合, 打结, 不分胜负",zk gk cet4 cet6 ky,2118,1501,d:tied/s:ties/p:tied/i:tying/3:ties
tiger,,"n. 老虎, 虎, 凶暴的人",zk gk cet4 cet6 ky,4773,5908,s:tigers
tight,,"a. 紧的, 密封的, 吝啬的, 严厉的\nadv. 紧紧地",gk cet4 cet6 ky toefl,2805,2741,r:tighter/s:tights/t:tightest
till,,"prep. 直到, 在...以前, 迄\nconj. 直到...为止\nvt. 耕种\nn. 放钱的抽屉, 备用现金, 冰碛",zk gk toefl,2835,4897,s:tills/i:tilling/p:tilled/d:tilled/3:tills
time,,"n. 时间, 时侯, 时机, 时期, 期限, 次数, 节拍, 暂停, 规定时间\nvt. 测定...的时间, 记录...的时间, 计时, 定时\na. 时间的, 记时的, 定时的, 定期的, 分期的\n[计] DOS内部命令:用于显示或设定系统的时间",zk gk ielts,50,52,s:times/d:timed/i:timing/p:timed/3:times
timetable,,n. 时间表,gk cet4 cet6 ielts,4536,8819,s:timetables/i:timetabling/d:timetabled/p:timetabled
tin,,"n. 锡, 马口铁, 罐头\nvt. 在...镀锡于\na. 锡制的\n[计] tin阅读程序",gk cet4 cet6 ky toefl,2956,5424,s:tins/i:tinning/d:tinned/p:tinned/3:tins
tiny,,"a. 很少的, 微小的",zk gk cet4 cet6 ky toefl,1666,1313,t:tiniest/r:tinier/s:tinies
tip,,"n. 顶, 尖端, 梢, 末端, 倾斜, 垃圾场, 小费, 轻击, 指点, 秘密消息\nvt. 装顶端, 使倾斜, 使翻倒, 泄露, 告诫, 暗示, 给...小费, 轻击\nvi. 倾斜, 翻倒, 倾覆, 踮脚走, 给小费\n[计] 终端接口处理器, 提示, 技巧",gk cet4 cet6 ky toefl,2631,1928,s:tips/d:tipped/p:tipped/i:tipping/3:tips
tire,,"n. 轮胎, 头饰\nvt. 使疲倦, 使厌烦, 打扮\nvi. 疲劳, 厌倦",gk cet4 cet6 ky toefl gre,11152,2850,p:tired/3:tires/d:tired/i:tiring
tired,,"a. 疲累的, 疲乏的, 厌倦的",zk gk,2210,1959,d:tired/0:tired/1:dp/p:tired
tissue,,"n. 薄的织物, 薄纱, 棉纸, 组织, 一套\n[化] 组织",gk cet4 cet6 ky toefl ielts gre,2784,2688,s:tissues/i:tissuing/p:tissued/3:tissues/d:tissued
title,,"n. 头衔, 名称, 标题, 书名, 扉页, 权利, 资格, 冠军, 字幕\nvt. 授予头衔, 加标题于\n[计] 标题",gk cet4 cet6 ky toefl ielts,855,1323,s:titles/d:titled/i:titling/p:titled/3:titles
to,,"prep. 到, 向, 趋于\nadv. 向前",zk gk,7,7,
toast,,"n. 吐司, 烤面包, 干杯\nvt. 敬酒, 烤, 使暖和\nvi. 烤, 烘",gk cet4 cet6 ky ielts,5754,6163,i:toasting/s:toasts/p:toasted/d:toasted/3:toasts
tobacco,,"n. 烟草, 香烟\n[医] 烟草",gk cet4 cet6 ky toefl,4278,3010,s:tobaccos
today,,"n. 今天, 当今, 现在\nadv. 今天, 当今",zk gk,350,214,s:todays
together,,"adv. 一起, 共同, 彼此",zk gk,288,324,
toilet,,"n. 厕所, 梳妆\nvi. 梳妆, 打扮, 上厕所\nvt. 给...梳妆打扮",zk gk cet4 cet6 ky,3550,3983,s:toilets
tolerate,,"vt. 宽容, 容许, 有耐力",gk cet4 cet6 ky toefl,4959,4319,d:tolerated/p:tolerated/i:tolerating/3:tolerates
tomato,,"n. 番茄, 西红柿",zk gk cet4 cet6 ky toefl,4402,2400,s:tomatoes
tomorrow,,"n. 明天, 未来\nadv. 明天, 未来地",zk gk,1075,1334,s:tomorrows
ton,,n. 吨\n[经] 吨,zk gk cet4 cet6 ky,3936,0,s:tons/i:toning/r:tonner
tone,,"n. 音调, 音质, 语调, 语气, 色调, 气氛, 状况, 思想状态\nvt. 给...定色调, 增强, 使...的声调和谐, 定音调\nvi. 颜色调和\n[计] 双音频",cet4 cet6 ky,1813,1995,s:tones/d:toned/p:toned/3:tones/i:toning
tongue,,"n. 舌, 语言能力, 讲话方式, 语言\nvt. 舔, 斥责, 发...的音\nvi. 使用舌头, 吹管乐器",zk gk cet4 cet6 ky toefl ielts,2831,2871,s:tongues/i:tonguing/p:tongued/3:tongues/d:tongued
tonight,,"n. 今晚, 今夜\nadv. 今晚, 今夜",zk gk,1385,910,
too,,"adv. 也, 非常, 太",zk gk,115,133,
tool,,"n. 工具, 机床, 傀儡\nvt. 用工具加工\nvi. 使用工具",zk gk cet4 cet6 ky,1739,1291,s:tools/i:tooling/p:tooled/3:tools/d:tooled
tooth,,"n. 牙齿, 齿状物, 爱好\nvt. 装以齿, 将...切成齿状\nvi. 啮合",zk gk,1747,1854,s:teeth
top,,"n. 顶部, 顶端, 极点, 上面, 上部, 顶篷, 最高地位, 首位, 陀螺\na. 最高的, 顶上的, 头等的\nvt. 盖, 加以顶, 高达, 超越\nvi. 结束, 达到顶点, 高出\n[计] TOP协议",zk gk cet4 cet6 ky ielts,776,678,s:tops/d:topped/p:topped/i:topping/3:tops
topic,,"n. 主题, 论题, 话题",gk cet4 cet6 ky toefl ielts,2051,1860,s:topics
total,,"a. 全体的, 总的, 全然的\nvt. 计算...的总和, 共计为\nvi. 合计\nn. 总数, 全体, 合计\nadv. 统统",zk gk cet4 cet6 ky ielts,831,1038,i:totalling/p:totalled/s:totals/3:totals/d:totalled
totally,,adv. 完全地,gk,1608,1911,
touch,,"n. 触觉, 碰, 触, 机灵, 轻触, 格调, 少许, 缺点, 弹力\nvt. 接触, 触摸, 触及, 使接触, 达到, 涉及, 影响到, 使轻度受害, 感动\nvi. 触摸, 接近, 涉及, 提到",zk gk cet4 cet6 ky toefl,1372,1166,p:touched/d:touched/i:touching/s:touches/3:touches
tough,,"n. 恶棍\na. 强硬的, 艰苦的, 坚固的, 坚韧的, 粗暴的, 咬不动的",gk cet4 cet6 ky toefl ielts,2160,1012,r:tougher/t:toughest/s:toughs
tour,,"n. 旅游, 观光旅行, 任期\nvi. 旅行, 周游, 巡回\nvt. 周游, 观光, 游历, 使巡回演出",zk gk cet4 cet6 ky ielts,1420,1474,s:tours/i:touring/p:toured/d:toured/3:tours
tourism,,"n. 观光业, 游览\n[经] 旅游业",gk ielts,4425,4721,
tourist,,"n. 观光客, 旅行者\na. 旅游的",zk gk ielts,2425,2394,s:tourists
tournament,,"n. 比赛, 竞赛, 锦标赛, 联赛",gk ky toefl ielts gre,3482,2761,s:tournaments
toward,,"prep. 向, 对于, 为了\na. 即将来临的, 进行中的",zk gk cet4 ky,4712,384,
towel,,"n. 手巾, 毛巾\nv. 擦干身子",zk gk cet4 cet6 ky toefl ielts,4814,3682,s:towels/p:towelled/i:towelling/3:towels/d:towelled
tower,,"n. 塔, 高楼, 堡垒\nvi. 高耸, 翱翔",zk gk cet4 cet6 ky toefl ielts,2131,2412,s:towers/p:towered/i:towering/3:towers/d:towered
town,,"n. 城镇, 市, 镇\n[法] 城镇, 城市, 闹市",zk gk ielts,433,488,s:towns
toy,,"n. 玩具, 小玩艺儿, 小型的东西, 消遣\na. 供玩耍的, 作为玩具的\nvi. 玩弄, 戏弄, 调情",zk gk cet4 cet6 ky gre,3412,2418,s:toys/p:toyed/i:toying/d:toyed/3:toys
track,,"n. 轨迹, 足迹, 径迹, 小道, 轨道, 磁轨, 途径\nvt. 循路而行, 追踪, 通过, 用纤拉\nvi. 追踪, 留下足迹, 沿轨道运行\n[计] 跟踪",gk cet4 cet6 ky toefl ielts gre,1268,1143,s:tracks/d:tracked/p:tracked/i:tracking/3:tracks
trade,,"n. 贸易, 商业, 交易, 生意, 职业, 顾客, 信风\nvi. 进行交易, 做买卖, 经商, 对换, 购物\nvt. 用...进行交换",zk gk cet4 cet6 ky ielts,485,800,s:trades/i:trading/d:traded/p:traded/3:trades
tradition,,"n. 传说, 传统, 交付\n[法] 传统, 惯例, 移交",gk cet4 cet6 ky,1417,1243,s:traditions
traditional,,"a. 传统的, 惯例的\n[经] 传统的, 惯例的",zk gk cet4 cet6 ielts,1006,925,
traffic,,"n. 交通, 通行, 运输, 交通量, 贸易, 交易, 交往, 通信量\nvi. 交易, 做买卖\nvt. 用...作交换\n[计] 通信量, 传输量",zk gk cet4 cet6 ky toefl ielts,1423,1712,i:trafficking/p:trafficked/3:traffics/d:trafficked
train,,"n. 火车, 列车, 行列, 长队, 一连串的后果, 顺序\nvt. 训练, 教育, 对准\nvi. 受训练, 锻炼",zk gk ielts,1186,1516,d:trained/s:trains/i:training/p:trained/3:trains
trainer,,"n. 训练员, 驯马师\n[电] 列车器",gk,3854,4458,s:trainers
training,,"n. 训练, 培养\n[医] 训练",zk gk cet4 cet6 ky ielts,516,796,i:training/0:training/1:i
transform,,"vt. 使转换, 改变, 改造, 使...变形\nvi. 改变, 转化, 变换\n[计] 变换",gk cet4 cet6 ky toefl ielts,2693,2185,d:transformed/i:transforming/p:transformed/3:transforms
translate,,"vt. 翻译, 解释, 转化, 转变为, 调动\nvi. 翻译, 被译\n[计] 转换",zk gk cet4 cet6 ky,3281,2729,d:translated/i:translating/3:translates/p:translated
translation,,"n. 翻译, 译文, 转化, 调任, 平移, 转译\n[计] 转换",gk cet4 cet6 ky toefl,3982,4290,s:translations
transport,,"n. 运输, 运输工具, 激动, 狂喜, 流放犯\nvt. 传送, 运输, 流放\n[计] 传送",gk cet4 cet6 ky ielts gre,1202,4640,d:transported/i:transporting/p:transported/3:transports/s:transports
trap,,"n. 圈套, 陷阱, 诡计, 存水弯\nvi. 设圈套, 设陷阱\nvt. 诱捕, 诱骗, 抓住, 使受限制\n[计] 俘获; 陷井",gk cet4 cet6 ky toefl ielts,3373,3538,d:trapped/s:traps/p:trapped/i:trapping/3:traps
travel,,"n. 旅行, 游历, 行进\nvi. 旅行, 行进, 移动, 被传播\nvt. 旅行, 通过, 使移动",zk gk ielts,1132,1081,i:travelling/p:travelled/d:travelled/s:travels/3:travels
traveler,,"n. 旅行者, 游客, 旅客, 旅行推销员, 活动起重架, 行车, 临时记帐单",gk,0,3795,s:travelers
treasure,,"n. 宝物, 财富\nvt. 珍爱, 重视, 秘藏",zk gk cet4 cet6 ky toefl,4538,4074,s:treasures/d:treasured/p:treasured/3:treasures/i:treasuring
treat,,"n. 宴请, 款待\nvt. 视为, 对待, 论述, 治疗, 款待\nvi. 讨论, 谈判, 作东",gk cet4 cet6 ky toefl,856,960,d:treated/i:treating/p:treated/3:treats/s:treats
treatment,,"n. 治疗, 待遇, 处理\n[医] 疗法, 治疗; 处理",zk gk cet4 cet6 toefl ielts,766,745,s:treatments
tree,,"n. 树, 木料, 树状物\nvt. 把...赶上树\n[计] 树; DOS外部命令:显示指定磁盘驱动器的目录结构",zk gk ielts,680,596,s:trees/i:treeing/p:treed/3:trees/d:treed
tremble,,"n. 战栗, 颤抖\nvi. 战栗, 忧虑, 摇晃",gk cet4 cet6 ky toefl ielts,4432,5233,i:trembling/p:trembled/3:trembles/d:trembled
trend,,"n. 趋势, 倾向, 走向\nvi. 倾向, 转向\n[计] 趋势",gk cet4 cet6 ky toefl ielts gre,1949,1697,s:trends/i:trending/p:trended/3:trends/d:trended
trial,,"n. 审判, 试验, 艰苦, 麻烦事, 考验\na. 审讯的, 试验性的",gk cet4 cet6 ky toefl ielts,1166,898,s:trials/p:trialled
trick,,"n. 诡计, 欺诈, 谋略, 恶作剧, 习惯, 决窍\nvt. 愚弄, 欺骗, 装饰\nvi. 哄骗, 戏弄\na. 有决窍的, 特技的, 欺诈的, 漂亮的, 靠不住的",gk cet4 cet6 ky toefl ielts,3180,3068,s:tricks/d:tricked/p:tricked/3:tricks/i:tricking
trip,,"n. 旅行, 绊倒, 摔倒, 失足, 差错, 旅程\nvt. 使跌倒, 使犯错, 使失败\nvi. 轻快地走, 绊倒, 失误, 犯错, 结巴, 旅行, 远足",zk gk toefl ielts,1664,962,s:trips/i:tripping/p:tripped/3:trips/d:tripped
troop,,"n. 军队, 一群, 一队\nvi. 群集, 结队, 成群而行",gk cet4 cet6 ky toefl,1740,1137,s:troops/p:trooped/i:trooping/3:troops/d:trooped
trouble,,"n. 烦恼, 麻烦, 困难, 动乱, 故障\nvt. 困扰, 麻烦, 使烦恼, 折磨\nvi. 烦恼, 费心",zk gk toefl ielts,1005,981,s:troubles/d:troubled/p:troubled/3:troubles/i:troubling
trousers,,"pl. 裤子, 长裤",zk gk cet4 cet6 ky ielts,2969,7124,s:trousers/0:trousers/1:s
truck,,"n. 卡车, 货车, 对...进行交易, 来往, 实物工资, (供应市场的)蔬菜, 废物, 废话\nvt. 对...进行交易, 交往, 以卡车运输\nvi. 驾驶卡车, 以物易物",zk gk cet4 cet6 ky,3631,1237,s:trucks/i:trucking/d:trucked/p:trucked/3:trucks
true,,"a. 真实的, 正确的, 忠诚的, 可靠的, 纯粹的, 正式的\nn. 真实, 准确\nadv. 真实地, 准确地",zk gk,547,492,r:truer/t:truest/i:truing/p:trued/3:trues/d:trued
truly,,"adv. 真实地, 不假",gk cet4 cet6,2576,1719,
trunk,,"n. 树干, 干线, 躯干, 主干, 象鼻, 箱子\nvt. 把...放入旅行箱内\na. 树干的, 躯干的, 干线的, 箱形的\n[计] 中继线; 母线",gk cet4 cet6 ky toefl ielts gre,4993,3533,s:trunks/i:trunking
trust,,"n. 信任, 信赖, 相信, 受托, 职责, 信心, 托拉斯\na. 信托的, 托拉斯的\nvt. 信赖, 信任, 相信, 盼望, 赊卖给\nvi. 相信, 信赖, 依靠\n[计] 委托, 信任",zk gk cet4 cet6 ky,1160,1841,s:trusts/d:trusted/p:trusted/i:trusting/3:trusts
truth,,"n. 事实, 实情\n[法] 真实, 真相, 事实",zk gk cet4 cet6 ky toefl,1152,850,s:truths
try,,"n. 尝试, 试验, 审理, 审判\nvt. 试, 尝试, 试验, 考验, 审问, 提炼\nvi. 尝试, 试图",zk gk,159,127,i:trying/p:tried/d:tried/3:tries/s:tries
tube,,"n. 管, 软管, 隧道\nvt. 把...装管, 使通过管子\n[计] 管子",gk cet4 cet6 ky toefl ielts,2688,2520,s:tubes/d:tubed/i:tubing/p:tubed/3:tubes
tuesday,,n. 星期二,zk gk ielts,2348,0,s:tuesdays
tune,,"n. 歌曲, 主旋律, 心情, 声调, 和谐, 一致, 语调, 程度\nvt. 为...调音, 调整, 调谐, 使一致\nvi. 协调, 调谐",gk cet4 cet6 ky toefl ielts,3770,3646,s:tunes/d:tuned/i:tuning/p:tuned/3:tunes
turkey,,"n. 火鸡, 无用的家伙, 土耳其",gk cet4 cet6 ky,4180,3292,s:turkeys
turn,,"n. 转弯, 转动, 旋转, 翻转, 一圈, 顺次, 改动, 变化, 性格, 特色, 形状, 转折\nvt. 使旋转, 转弯, 转动, 使转向, 驱赶, 阻挡, 兑换, 改写, 使作对, 绕过, 使流通\nvi. 转动, 转弯, 转向, 翻转, 回转, 改变, 转身, 变成, 变质, 晕眩, 易脱手",zk gk,183,170,p:turned/d:turned/i:turning/3:turns/s:turns
tutor,,"n. 家庭教师, 导师, 助教, 监护人\nvt. 当...的教师, 教, 指导, 约束, 克制\nvi. 当家庭教师, 受家庭教师的指导",gk cet4 cet6 ky toefl ielts gre,3839,9093,s:tutors/i:tutoring/p:tutored/3:tutors/d:tutored
tv,,"电视\n[计] 电视, 转移向量",zk gk ky ielts,1457,730,
twelfth,,"num. 第十二, 十二分之一",zk gk,6150,12592,
twelve,,"num. 十二, 十二个",zk gk,1447,3218,
twentieth,,"num. 第二十, 二十分之一",zk gk,3802,4889,
twenty,,"num. 二十, 二十个",zk gk,605,2086,
twice,,"adv. 两次, 两倍",zk gk,1501,1410,
twin,,"n. 双胞胎中一人, 一对非常相像的人(或物)中的一个\na. 双胞胎的, 成对的, 孪生的\nvi. 生双胞胎, 成对\nvt. 怀(双胞胎), 使成对",gk cet4 cet6 ky,2884,2376,s:twins/d:twinned/i:twinning/3:twins/p:twinned
twist,,"n. 一扭, 扭曲, 曲折, 歪曲, 螺旋状, 新手法\nvt. 拧, 扭, 捻, 编织, 使扭转, 缠绕, 盘绕, 歪曲, 使转动, 使苦恼, 使混乱, 使旋转\nvi. 转向, 弯曲, 缠绕, 扭动, 呈螺旋形",gk cet4 cet6 ky toefl ielts,3673,3759,p:twisted/i:twisting/d:twisted/s:twists/3:twists
two,,"num. 二, 二个",zk gk,60,80,
type,,"n. 类型, 样式, 典型, 榜样, 标志, 符号, 型, 式\nvi. 打字\nvt. 作为代表, 测定类型, 用打字机打\n[计] 类型; 键入; DOS内部命令:在屏幕上显示指定文件的内容",gk cet4 cet6 ky ielts,356,590,s:types/d:typed/i:typing/p:typed/3:types
typhoon,,n. 台风,gk cet4 cet6 ky ielts gre,25972,21835,s:typhoons
typical,,"a. 典型的, 象征性的\n[医] 典型的",gk cet4 cet6 ky toefl ielts,1850,1835,
tyre,,n. 轮胎\nvt. 装轮胎于,gk cet4 cet6 ielts,4491,0,s:tyres
ubiquitous,,"a. 无所不在的, 到处存在的, 普遍存在的",gre,10091,8148,
ugly,,"a. 丑陋的, 邪恶的, 险恶的, 不祥的\nn. 丑陋的人(或物)",zk gk cet4 cet6 ky ielts gre,4485,3262,t:ugliest/r:uglier/s:uglies
uk,,n. 联合王国,,572,0,
ultimately,,"adv. 最后, 最终\n[法] 最后, 终究, 总之",cet4 cet6 ielts,2786,1774,
umbrella,,"n. 伞, 雨伞, 保护伞\na. 伞的, 包罗万象的\nvt. 用伞遮掩",zk gk,5549,5664,s:umbrellas
unable,,"a. 不能的, 不会的\n[法] 无能力的, 无资格的, 没有办法的",gk cet4 cet6,1474,2136,
uncertain,,"a. 不确定的, 无常的, 不确信的, 不可预测的\n[法] 不确定的, 未定的, 不确信的",gk cet4 cet6,3532,4291,
uncle,,"n. 叔父, 伯父, 姨丈",zk gk,2301,3345,s:uncles
uncomfortable,,"a. 不舒服的, 不自在的, 不安的",gk cet4 cet6 ielts,4465,3640,
under,,"prep. 在...之下, 低于\na. 下面的, 从属的\nadv. 在下面",zk gk,158,225,
underground,,"n. 地下, 地铁, 地道, 秘密活动\na. 地下的, 秘密的\nadv. 在地下, 秘密地",zk gk toefl ielts,5281,5341,i:undergrounding
understand,,"vt. 理解, 了解, 领会, 听说, 懂\nvi. 懂得, 认为",zk gk toefl,391,320,d:understood/p:understood/i:understanding/3:understands
understanding,,"n. 理解, 谅解\n[法] 协商, 协议, 谅解",gk cet4 cet6 ky ielts,1260,1298,0:understand/1:i/i:understanding/s:understandings
undertake,,"vt. 试图, 从事, 保证, 承担, 同意, 接受\n[化] 承包; 承担",gk cet4 cet6 ky toefl ielts,1604,4035,d:undertaken/p:undertook/i:undertaking/3:undertakes
unemployment,,"n. 失业, 失业人数\n[经] 失业",gk cet6 ky ielts,1495,3492,
unfair,,"a. 不公平的, 不正直的, 不正当的\n[法] 不正直的, 不公平的, 偏颇的",gk cet4 cet6 toefl ielts,3625,4493,t:unfairest
unfold,,"vt. 展开, 打开, 披露, 开展, 挑明\nvi. 伸展, 开花, 呈现",gk cet6 ky toefl ielts gre,7574,4541,3:unfolds/p:unfolded/i:unfolding/d:unfolded
unfortunately,,"adv. 恐怕, 不幸的是",gk cet4 cet6 ky toefl,1910,2016,
unhappy,,"a. 不快乐的, 不幸的, 不适当的",gk cet4 cet6,3622,4717,t:unhappiest/r:unhappier
uniform,,"n. 制服\na. 统一的, 一律的, 始终如一的",gk cet4 cet6 ky toefl ielts gre,3504,3043,s:uniforms/i:uniforming/p:uniformed/3:uniforms/d:uniformed
union,,"n. 联盟, 联合, 结合, 工会\n[化] 联合; 联管节; 活接头",gk cet4 cet6 ky toefl ielts,467,1658,s:unions
unique,,"a. 独一无二的, 独特的, 稀罕的",gk cet4 cet6 ky toefl ielts gre,2090,1726,
unit,,"n. 单位, 分队, 部队, 单元, 部件, 装置\na. 单位的, 单元的\n[计] 单元常数; 部件",zk gk cet4 cet6 ky,560,966,s:units
unite,,"vi. 联合, 接合, 混合\nvt. 使联合, 统一, 使粘合, 使结合",gk cet4 cet6 ky,3628,4146,d:united/p:united/3:unites/i:uniting
universal,,"a. 全世界的, 普遍的, 宇宙的, 通用的\nn. 一般概念",gk cet4 cet6 ky toefl ielts,2968,2642,s:universals
universe,,"n. 宇宙, 星系, (思想等)范围",gk cet4 cet6 ky toefl,2905,2120,s:universes
university,,n. 大学,zk gk cet4 cet6 ky,530,1106,s:universities
unknown,,"a. 不知道的, 未知的, 陌生的\nn. 未知物, 未知数",gk cet4 cet6,2087,2825,s:unknowns
unless,,conj. 除非\nprep. 除...之外,zk gk cet4 cet6 ky toefl,901,1332,
unlike,,"a. 不像的, 不同的\nprep. 不像, 和...不同",gk cet4 cet6 ky,2194,2468,
until,,"prep. 直到, 在...以前\nconj. 直到...时, 在...以前",zk gk,382,270,
unusual,,"a. 不寻常的, 罕见的, 与众不同的",gk cet4 cet6 ky ielts,2152,2037,
up,,"a. 向上的, 起床的, 涨的\nadv. 向上, 上涨\nprep. 在...上面, 向...的较高处",zk gk,52,50,d:upped/0:up/i:upping/3:up/1:3/p:upped/s:ups
update,,"vt. 更新, 使现代化\nn. 更新\n[计] 更新",cet6 ky ielts,3884,4803,d:updated/i:updating/s:updates/p:updated/3:updates
upon,,"prep. 在...之上, 迫近, 紧接着",zk gk cet4 cet6 ky,405,693,
upper,,"a. 上面的, 较高的, 上级的, 上院的, 穿在外面的, 北部的, 地表的, 后期的\nn. 鞋帮, 上齿",gk cet4 cet6 ky,1743,1955,s:uppers
upset,,"a. 弄翻的, 混乱的, 心烦的\nvt. 弄翻, 颠覆, 推翻, 打乱, 使不适, 使心烦\nvi. 翻倒",gk cet4 cet6 ky toefl ielts,3776,3388,d:upset/0:upset/1:dp/i:upsetting/3:upsets/s:upsets/p:upset
upstairs,,"a. 楼上的\nadv. 在楼上, 向楼上, 处于更高地位\nn. 楼层",zk gk cet4 cet6 ky,3067,4381,
urban,,"a. 都市的, 住在都市的, 习惯于都市的\n[法] 城市的, 都市的, 市区的",gk cet4 cet6 ky toefl,1749,1583,
urge,,"n. 冲动, 推动力, 迫切的要求\nvt. 驱策, 力劝, 竭力主张, 推动\nvi. 强烈要求",gk cet4 cet6 ky toefl,2262,2261,p:urged/i:urging/d:urged/3:urges/s:urges
urgent,,"a. 紧急的, 急迫的, 催逼的\n[经] 紧急的, 急迫的",gk cet4 cet6 ky toefl gre,3268,5330,
us,,pron. 我们\n[经] 美国,zk,614,113,
use,,"n. 使用, 习惯, 使用价值, 用法, 使用权\nvt. 使用, 利用, 运用, 耗费\nvi. 惯常",zk gk,87,92,d:used/i:using/p:used/3:uses/s:uses
used,,"a. 使用过的, 二手的, 习惯的",zk cet4 cet6 ky,641,1828,0:use/1:dp/d:used/p:used
useful,,"a. 有用的, 有益的\n[机] 有用的, 有效的",zk gk cet4 cet6 ky ielts,986,2026,
user,,n. 使用者\n[计] 用户,gk cet4 cet6,806,1813,s:users
usual,,"a. 平常的, 通常的",zk gk cet4 cet6 ky ielts,1473,2360,
usually,,"adv. 通常, 大抵",gk,526,724,
vacation,,"n. 假期, 休假\n[法] 假期, 停审期, 休庭期",zk gk cet4 cet6 ky toefl ielts,9542,2622,s:vacations/i:vacationing/p:vacationed/3:vacations/d:vacationed
vague,,"a. 含糊的, 不清楚的, 茫然的",gk cet4 cet6 ky toefl gre,4265,4885,
valid,,"a. 有确实根据的, 有法律效力的, 正当的, 正确的\n[经] 有效的",gk cet4 cet6 ky toefl,3211,4703,
valley,,"n. 山谷, 溪谷, 流域, 凹地\n[医] 谷",gk cet4 cet6 ky ielts,1795,2793,s:valleys
valuable,,"a. 有价值的, 贵重的, 宝贵的, 可估价的\n[经] 有价值的, 可估价的, 贵重的",gk cet4 cet6 ky,2236,2605,
value,,"n. 价值, 价格, 购买力, 评价, 估价, 计算结果\nvt. 评价, 估价, 重视\n[计] 计算结果",zk gk cet4 cet6 ky ielts,367,499,s:values/d:valued/p:valued/i:valuing/3:values
variation,,"n. 变更, 变化, 变种, 变奏\n[医] 变异, 变易; 变度",cet4 cet6 ky toefl ielts,1764,2927,s:variations
variety,,"n. 多样, 种类, 变种, 杂耍\n[化] 变种",gk cet4 cet6 ky toefl ielts,977,1171,s:varieties
various,,"a. 不同的, 各种的, 多方面的, 许多的, 个别的, 杂色的\n[法] 不同的, 种种的, 各式各样的",gk cet4 cet6 ky toefl ielts,643,859,
vary,,"vt. 改变, 使多样化\nvi. 变化, 有不同, 违反",cet4 cet6 ky toefl ielts,1510,2371,3:varies/d:varied/p:varied/i:varying
vase,,"n. 花瓶, 瓶",gk cet4 cet6 ky,6555,7044,s:vases
vast,,"a. 巨大的, 广大的, 非常的, 大量的",gk cet4 cet6 ky toefl,1936,1965,r:vaster
vegetable,,"n. 蔬菜, 植物, 无精打采之人\na. 蔬菜的, 植物的",zk gk toefl ielts,2818,1934,s:vegetables
vehicle,,"n. 交通工具, 车辆, 传播媒介\n[化] 载体; 运载体; 漆料",zk gk cet4 cet6 ky toefl ielts gre,1319,1293,s:vehicles
venue,,"n. 犯罪地点, 审判地, 发生地点",toefl,4010,5389,s:venues
version,,"n. 一种描述, 版本, 译文\n[计] 版本",gk cet4 cet6 ky toefl ielts,953,1130,s:versions
vertical,,"a. 垂直的, 直立的\n[医] 垂直的, 顶的, 头顶的",gk cet4 cet6 ky toefl ielts gre,3857,4448,s:verticals
very,,"a. 真正的, 恰好的, 十足的, 特有的\nadv. 非常, 完全",zk gk,80,105,
via,,"prep. 经由, 经过, 通过\n[医] 病毒灭活剂",gk cet4 cet6 ky toefl ielts,2004,2576,
victim,,"n. 受害人, 牺牲者, 牺牲品\n[法] 受害人, 被害人, 遭难者",gk cet4 cet6 ky,1371,1063,s:victims
victory,,"n. 胜利, 战胜, 克服",zk gk cet4 cet6 ky toefl,1514,1463,s:victories
video,,"n. 影像, 电视\na. 图像的, 电视的",zk gk cet4 cet6 ky ielts,1271,1109,s:videos/i:videoing
view,,"n. 视野, 风景, 见解, 视力, 观看, 视图, 指望, 意图, 印象\nvt. 看, 考虑, 视察, 查看, 估量\n[计] 视图",gk cet4 cet6 ky ielts,311,485,s:views/d:viewed/p:viewed/i:viewing/3:views
viewer,,"n. 观察者, 看电视者, 视察员, 观察器\n[化] 指示器",gk,4851,2478,s:viewers
village,,"n. 村庄\na. 乡村的, 村庄的",zk gk ielts,735,1245,s:villages
violate,,"vt. 违犯, 亵渎, 违反, 侵犯, 妨碍\n[经] 违犯, 违反",gk cet6 ky toefl ielts gre,7012,2909,d:violated/i:violating/p:violated/3:violates/s:violates
violence,,"n. 猛烈, 暴力, 暴虐, 暴行\n[法] 暴行, 暴力, 暴乱",gk cet4 cet6 ky toefl,1677,1037,
violent,,"a. 暴力的, 猛烈的, 激烈的, 极端的, 凶暴的",gk cet4 cet6 ky toefl ielts,2807,2158,
violin,,n. 小提琴,zk gk cet4 cet6 ky,7097,6665,s:violins
virtual,,"a. 实际上起作用的, 虚的, 实质的, 有效的, 事实上生效的\n[计] 虚拟",cet4 cet6 ky toefl ielts gre,6101,3675,
virtue,,"n. 德行, 美德, 优点, 功效, 效力\n[法] 美德, 贞操, 优点",gk cet4 cet6 ky toefl,2960,3362,s:virtues
virus,,"n. 病毒, 滤过性病毒, 毒害\n[化] 病毒",gk cet4 cet6 ky toefl ielts gre,3589,2701,s:viruses
visible,,"a. 看得见的, 明显的, 显然的\nn. 可见物",cet4 cet6 ky ielts,2760,2304,
vision,,"n. 视觉, 眼光, 视力, 幻想\nvt. 梦见, 想象, 显示",cet4 cet6 ky toefl,1921,1216,s:visions
visit,,"n. 拜访, 访问, 游览, 视察\nvt. 拜访, 访问, 参观, 视察, 降临\nvi. 访问, 参观, 闲谈",zk gk,867,905,p:visited/s:visits/d:visited/i:visiting/3:visits
visitor,,"n. 参观者, 游客, 访客\n[法] 视察人, 检视人, 检查员",zk gk cet4 cet6 ky,1354,1698,s:visitors
visual,,"a. 视觉的\n[医] 视觉的, 视力的, 视觉性记忆优势者",gk cet4 cet6 ky toefl ielts,2511,2156,s:visuals
vital,,"a. 生命的, 重要的, 充满活力的, 生死攸关的, 致命的\n[医] 生命的, 生活的, 生活上必需的, 紧要的",gk cet4 cet6 ky toefl ielts gre,1803,2916,s:vitals
vivid,,"a. 生动的, 鲜明的, 鲜艳的, 活泼的, 逼真的, 清晰的",gk cet4 cet6 ky toefl ielts gre,5560,5539,
vocabulary,,"n. 词汇(量), 词汇表\n[计] 词表",gk cet4 cet6 ky ielts,4802,5564,s:vocabularies
voice,,"n. 声音, 嗓音, 嗓子, 愿望, 发言权, 表达, 喉舌, 语态\nvt. 表达, 吐露, 调音",zk gk cet4 cet6 ky,487,465,s:voices/d:voiced/p:voiced/i:voicing/3:voices
volcano,,n. 火山,gk cet4 cet6 ky toefl ielts,10407,6321,s:volcanos
volleyball,,n. 排球,zk gk cet4 cet6 ky,24975,7896,
volume,,"n. 册, 卷, 体积, 容量, 大量, 许多, 份量, 音量\nvi. 成团卷起\nvt. 把...收集成卷\na. 大量的\n[计] 卷",cet4 cet6 ky toefl ielts,1358,1917,s:volumes
voluntary,,"a. 自动的, 自愿的, 故意的, 志愿的, 自发的\nn. 自愿行动, 志愿者, 自由调",gk cet4 cet6 ky toefl ielts,2263,4701,s:voluntaries
volunteer,,n. 志愿者\na. 志愿的\nv. 自愿,gk cet4 cet6 ky toefl ielts,3012,2284,s:volunteers/p:volunteered/d:volunteered/i:volunteering/3:volunteers
vote,,"n. 投票, 选举, 选票, 表决, 选举权, 得票数\nvi. 投票, 选举\nvt. 投票选举, 投票决定, 公认, 使投票",gk cet4 cet6 ky toefl,1228,1078,s:votes/d:voted/p:voted/i:voting/3:votes
wage,,"n. 工资, 报应, 报偿\nvt. 开展, 进行\nvi. 进行",gk cet4 cet6 ky toefl gre,1404,2586,s:wages/d:waged/i:waging/p:waged/3:wages
waist,,"n. 腰部, 腰\n[医] 腰",gk cet4 cet6 ky toefl,4386,4304,s:waists/p:waisted
wait,,"n. 等待, 等候\nvt. 等候, 期待, 延缓, 伺候, 推迟\nvi. 等, 等候, 耽搁, 伺候用餐\n[计] 等待",zk gk,463,400,i:waiting/p:waited/d:waited/3:waits/s:waits
wake,,"vt. 叫醒, 激发\nvi. 醒来, 醒着, 觉醒, 活跃起来\nn. 守侯, 守夜, 尾迹, 痕迹",zk gk,2178,1764,p:woke/d:woken/i:waking/3:wakes/s:wakes
walk,,"n. 走, 散步, 步行, 行走的路程, 竞走, 散步场所\nvi. 走路, 步行, 处世\nvt. 走过, 遛, 使走, 护送...走",zk gk,458,358,p:walked/i:walking/s:walks/d:walked/3:walks
wall,,"n. 墙, 墙壁, 垣, 内壁, 分界物, 屏障\na. 墙的\nvt. 给...建墙, 禁闭, 用墙围住\n[计] 背景墙",zk gk ielts,577,571,s:walls/d:walled/i:walling/p:walled/3:walls
wallet,,"n. 皮夹\n[法] 皮包, 皮夹, 钱袋",gk cet4 cet6 ky,7130,5587,s:wallets
wander,,"vi. 游荡, 漫步, 徘徊, 迷路, 离题, 蜿蜒\nvt. 在...漫游",gk cet4 cet6 ky toefl ielts,3027,3183,i:wandering/p:wandered/d:wandered/3:wanders
want,,"n. 需要的东西, 缺乏, 贫困, 需要\nvt. 要, 希望, 应该, 缺少\nvi. 生活困苦, 需要, 缺少",zk gk gre,94,83,p:wanted/3:wants/d:wanted/i:wanting
war,,"n. 战争, 战争状态, 战术, 军事, 冲突, 斗争, 竞争\nvi. 进行战争, 作战, 打仗, 战斗\na. 战争的, 战时用的",zk gk cet4 cet6 ky,304,349,s:wars/i:warring/p:warred/3:wars/d:warred
ward,,"n. 病房, 守卫, 保卫, 保护, 监护, 牢房, 行政区, 锁孔内的榫舌\nvt. 使入病房, 守护, 保卫",gk cet6 ky toefl ielts,2949,5065,s:wards/i:warding/d:warded/p:warded/3:wards
warehouse,,"n. 仓库, 货栈, 大商店\nvt. 储入仓库",gk cet6 ky toefl ielts gre,4490,4922,s:warehouses/p:warehoused/i:warehousing/3:warehouses/d:warehoused
warm,,"a. 暖和的, 暖的, 温暖的, 热烈的, 兴奋的, 激烈的, 多情的, 色情的\nvt. 使温暖, 弄热, 使兴奋, 使充满仇恨\nvi. 变暖和, 变温暖, 取暖, 激动, 同情, 爱好\nn. 暖, 保暖物",zk gk ielts,1353,1356,r:warmer/i:warming/d:warmed/p:warmed/t:warmest/3:warms
warmth,,"n. 温暖, 温情, 暖和, 激动, 生气",gk cet4 cet6 ky,3527,4749,
warn,,"vt. 警告, 提醒, 通知\nvi. 发出警告",zk cet4 cet6 ky toefl,1512,1773,p:warned/d:warned/3:warns/i:warning
warning,,"n. 警告, 预告, 预兆, 通知\n[法] 警告, 警戒, 预告; 警告的, 注意的",gk cet6,1911,2102,0:warn/1:i/s:warnings/i:warning
wash,,"n. 洗, 洗涤, 冲洗, 洗的衣服, 冲积物, 洼地\nvt. 洗, 洗涤, 洗清, 用水冲洗, 流过, 弄湿, 粉刷, 镀金属薄层于\nvi. 洗涤, 洗澡, 被冲蚀, 漂浮",zk gk,1853,2143,d:washed/i:washing/p:washed/s:washes/3:washes
washroom,,n. 盥洗室,gk,26000,24741,s:washrooms
waste,,"n. 浪费, 废物, 损耗, 消耗, 荒地, 垃圾, 地面风化物\na. 废弃的, 荒芜的, 多余的\nvt. 浪费, 消耗, 使荒芜\nvi. 浪费, 消耗, 变消瘦",zk gk cet4 cet6 ky ielts gre,1624,1986,i:wasting/d:wasted/s:wastes/p:wasted/3:wastes
watch,,"n. 观察, 手表, 看守, 守护, 监视, 值班人\nvt. 看, 注视, 照顾, 看守, 守护, 监视\nvi. 观看, 注视, 守侯",zk gk toefl,490,323,i:watching/p:watched/d:watched/3:watches/s:watches
water,,"n. 水, 雨水, 海水, 水位, 水面, 流水\nvt. 给...浇水, 供以水, 注入水, 使湿\nvi. 流泪, 流口水, 加水\na. 水的, 水上的, 水生的, 含水的",zk gk ielts,236,226,s:waters/d:watered/i:watering/3:waters/p:watered
watermelon,,n. 西瓜,zk gk,36234,10944,s:watermelons
wave,,"n. 波, 波浪, 波动, 起伏, 高潮, 潮涌, 挥手致意, (气压)突变\nvi. 波动, 飘动, 挥手示意, 起伏\nvt. 使波动, 使飘扬, 挥舞, 使成波浪形",gk cet4 cet6 ky ielts,1586,1398,s:waves/p:waved/i:waving/d:waved/3:waves
way,,"n. 路, 路线, 路途, 方法, 道路, 情形, 规模, 习惯, 行业, 方面\nadv. 远远地, 非常",zk gk toefl,86,84,s:ways
we,,pron. 我们,zk gk,26,24,
weak,,"a. 不牢固的, 弱的, 虚弱的, 软弱的, 无力的, 无权力的, (论据等)不充分的\n[经] 疲软的",zk gk cet4 cet6 ky,1990,2070,r:weaker/t:weakest
weakness,,"n. 虚弱, 薄弱, 弱点\n[经] 欲振乏力",gk cet4 cet6,2867,3487,s:weaknesses
wealth,,"n. 财富, 资源, 财产, 丰富, 富裕, 大量\n[经] 财富",zk gk cet4 cet6 ky ielts,2310,2559,
wealthy,,"a. 富有的, 丰裕的, 充分的",gk cet4 cet6 ky,4114,3015,r:wealthier/t:wealthiest
weapon,,"n. 武器, 兵器\nvt. 武装",cet4 cet6 ky toefl ielts,1559,929,s:weapons
wear,,"n. 穿着, 戴, 使用, 耗损, 服装, 耐久性\nvt. 穿着, 戴, 留(须、发等), 呈现, 磨损, 磨成, 耗损, 使疲乏, 消磨\nvi. 磨损, 变旧, 耐久, 渐变, 渐渐消失",zk gk toefl ielts,673,518,i:wearing/p:wore/d:worn/3:wears
weather,,"n. 天气, 气象, 处境\na. 迎风的\nvt. 使受风吹雨打, 侵蚀, 使风化, 经受住\nvi. 风化, 受侵蚀, 经受风雨",zk gk toefl ielts gre,1610,1614,d:weathered/s:weathers/p:weathered/i:weathering/3:weathers
web,,"n. 网, 蛛丝, 蹼, 织物, 圈套, 卷筒纸\nvi. 结网, 形成网\nvt. 织蜘蛛网于, 使落入圈套",gk cet6 ky ielts,6919,3706,s:webs/i:webbing/p:webbed/3:webs/d:webbed
website,,n. 网站（全球资讯网的主机站）,zk gk ielts,0,4950,
wedding,,"n. 婚礼, 结婚, 结婚周年纪念日, 结合\n[法] 结婚, 婚礼, 结婚纪念日",gk cet4 cet6 ky toefl ielts,2391,2176,s:weddings/i:wedding/0:wedding/1:i
wednesday,,n. 星期三,zk gk ielts,1980,0,s:wednesdays
weed,,"n. 杂草, 野草\nvi. 除草\nvt. 除...的草, 剔除",gk cet4 cet6 ky toefl ielts gre,6003,4545,0:wee/1:dp/s:weeds/i:weeding/d:weeded/p:weeded/3:weeds
week,,"n. 星期, 周",zk gk,180,188,s:weeks
weekday,,"n. 周日, 平日\n[计] 工作日",zk gk cet4 cet6 ky,11361,8312,s:weekdays
weekend,,"n. 周末, 周末休假",zk gk ielts,1317,1193,s:weekends/i:weekending/p:weekended/3:weekends/d:weekended
weekly,,"n. 周刊, 周报\na. 每周的, 一周一次的, 周刊的\nadv. 每周, 一周一次",gk cet4 cet6 ky ielts,3186,3220,s:weeklies
weep,,"n. 哭, 哭泣\nvi. 哭泣, 流泪, 哀悼, 滴落\nvt. 哭着使..., 悲叹, 滴下",gk cet4 cet6 ky toefl,5087,5709,p:wept/i:weeping/d:wept/3:weeps
weigh,,"vt. 称...重量, 衡量, 把...压弯, 考虑, 权衡, 起锚\nvi. 称分量, 有意义, 重压, 起锚\nn. 过秤, 称分量",zk gk cet4 cet6 ky,3088,2504,i:weighing/p:weighed/3:weighs/d:weighed/s:weighs
weight,,"n. 重, 重量, 体重, 砝码, 重大, 影响, 力量\nvt. 加重量于, 压迫, 使加权, 称重量\n[计] 粗细",zk gk ielts,1056,954,s:weights/d:weighted/p:weighted/i:weighting/3:weights
welcome,,"n. 欢迎, 欢迎词\na. 受欢迎的, 可随意的, 可喜的\nvt. 欢迎, 接待\ninterj. 欢迎",zk gk,1647,1545,d:welcomed/p:welcomed/3:welcomes/i:welcoming/s:welcomes
welfare,,"n. 福利, 安宁, 幸福, 福利事业\na. 福利的",gk cet4 cet6 ky toefl ielts,1883,1933,
well,,"n. 井, 泉水, 源泉, 好\nv. 涌出\na. 健康的, 良好的, 适宜的, 恰当的\nadv. 很好地, 适当地, 好意地, 很, 完全\ninterj. 好啦",zk gk toefl,84,100,s:wells/i:welling/p:welled/3:wells/d:welled
west,,"n. 西方, 西部\na. 西方的, 向西的\nadv. 向西, 自西方, 在西方",zk gk ielts,789,665,
western,,"n. 西方人, 西部片, 西部小说\na. 向西方的, 来自西方的, 西方的, 西洋的, 西部的",zk gk ielts,1008,1079,s:westerns
wet,,"n. 湿气, 潮湿, 水分, 雨天\na. 湿的, 潮的, 搞错的, 下雨的, 反对禁酒的\nvi. 变湿\nvt. 使...湿",zk gk,2343,2471,d:wet/0:wet/1:dp/p:wet/r:wetter/i:wetting/t:wettest/s:wets/3:wets
whale,,"n. 鲸\nvi. 捕鲸\nvt. 使惨败, 猛揍",zk gk cet4 cet6 ky toefl,4811,4232,s:whales/i:whaling/p:whaled/3:whales/d:whaled
what,,"pron. 什么\ninterj. 怎么, 多么\na. 什么的\nadv. 到什么程度",zk gk,38,34,
whatever,,pron. 无论什么,zk gk cet4 cet6 ky ielts,759,776,
wheat,,n. 小麦,zk gk cet4 cet6 ky toefl,5619,4479,s:wheats
wheel,,"n. 轮子, 车轮, 轮, 方向盘, 旋转, 机构, 重要人物\nvt. 使旋转, 转动, 使转向\nvi. 旋转, 转弯, 盘旋",zk gk cet4 cet6 ky ielts,2175,1999,s:wheels/p:wheeled/i:wheeling/d:wheeled/3:wheels
when,,"conj. 当...的时候\nadv. 何时, 什么时候\npron. 什么时侯\nn. 时间",zk gk,54,57,
whenever,,"conj. 每当\nadv. 不论何时, 每逢",zk gk cet4 cet6 ky,2572,2314,
where,,adv. 在哪里\npron. 哪里\nn. 地点,zk gk,131,169,
wherever,,adv. 无论哪里,gk cet4 cet6 ky,3201,3710,
whether,,"conj. 是否, 不论\npron. 两个中的哪一个",zk gk,265,321,
which,,"pron. 哪一个, 那一个",zk gk,28,58,
while,,"n. 一会儿, (一段)时间\nconj. 当...的时候, 虽然\nvt. 消磨",zk gk,173,153,
whisper,,"n. 耳语, 密谈, 谣传, 沙沙声\nvi. 耳语, 密谈, 沙沙地响\nvt. 低声说",gk cet4 cet6 ky gre,2623,2446,p:whispered/i:whispering/s:whispers/3:whispers/d:whispered
white,,"n. 白色, 洁白, 眼白, 白种人, 蛋白\na. 白色的, 纯洁的, 白种的, 苍白的, 空白的, 幸运的",zk gk,475,301,s:whites/r:whiter/i:whiting/p:whited/3:whites/d:whited
who,,pron. 谁,zk gk,45,38,
whole,,"n. 全部, 全体, 整体, 完全之体系\na. 所有的, 完整的, 完全的, 纯粹的",zk gk cet4 cet6 ky,452,467,s:wholes
whom,,pron. 谁,zk gk,775,1018,
whose,,pron. 谁的,zk gk,501,527,
why,,"adv. 为什么\nn. 原因, 理由",zk gk,169,158,
wide,,"a. 宽的, 广阔的, 普遍的, 宽阔的, 广泛的, 一般的\nadv. 广阔地, 遍及各处地, 广泛地\nn. 大千世界",zk gk ielts,600,940,r:wider/t:widest
widespread,,"a. 充分伸展的, 广布的, 普及的, 流传广的",gk cet4 cet6 ky toefl,2621,3282,
wife,,"n. 妻子, 太太, 夫人\n[法] 妻子, 已婚妇女",zk gk,531,466,s:wives
wild,,"n. 荒野, 荒地\na. 野性的, 野蛮的, 野生的, 失控的, 任性的, 杂乱的, 轻率的, 狂热的, 疯狂的\nadv. 狂暴地, 失控地",gk cet4 cet6 ky,1698,1292,r:wilder/t:wildest/s:wilds
wildlife,,n. 野生动植物,gk toefl ielts,3597,3859,
will,,"n. 意志, 决心, 意愿, 意向, 干劲, 遗嘱\nvt. 用意志的力量驱使, 决意, 愿意, 立遗嘱\nvi. 下决心, 愿意\naux. 将, 愿意, 必须",zk gk,31,48,i:willing/p:willed/3:wills/d:willed
willing,,"a. 乐意的, 自愿的, 甘愿的",gk cet4 cet6 ky,2233,1274,i:willing/0:willing/1:i
willingness,,"n. 乐意, 心甘情愿, 愿意",gk,5008,4186,
win,,"vt. 赢得, 打胜, 成功\nvi. 获胜, 达到, 影响\nn. 胜利, 赢, 收益",zk gk cet4 cet6 ky,388,361,p:won/d:won/i:winning/3:wins/s:wins
wind,,"n. 风, 气息, 气味, 呼吸, 风声, 趋势, 空谈, 卷绕, 弯曲\nvt. 使通风, 嗅出, 使喘气, 吹号角, 上发条, 缠绕, 包, 绞起, 吊起, 使弯曲, 使迂回\nvi. 嗅出猎物, 吹响号角, 卷曲, 蜿蜒, 迂回, 缠绕",zk gk ielts,1179,1092,s:winds/i:winding/p:wound/d:wound/3:winds
window,,"n. 窗户, 窗子, 窗口\nvt. 给...开窗\n[计] 窗口",zk gk ielts,517,607,s:windows
windy,,"a. 多风的, 风强的, 腹胀的, 吹牛的",zk gk cet6 gre,9747,8867,s:windies/t:windiest/r:windier
wine,,"n. 葡萄酒, 果酒, 暗红色\nv. (请)喝酒",zk gk cet4 cet6 ky,1304,1449,s:wines/p:wined/d:wined/i:wining/3:wines
wing,,"n. 翅膀, 翼, 机翼, 派别\nvt. 给...装上翼, 飞过, 使飞, 空运, 增加...速度\nvi. 飞行",zk gk cet4 cet6 ky ielts,1755,1889,s:wings/i:winging/3:wings/p:winged/d:winged
winner,,"n. 胜利者, 优胜者\n[法] 取胜者",zk gk cet4 cet6,1790,1916,s:winners
winter,,"n. 冬季, 萧条期, 衰退期\na. 冬天的\nvt. 使度过冬天\nvi. 过冬",zk gk,1300,1244,s:winters/i:wintering/p:wintered/3:winters/d:wintered
wipe,,"n. 擦拭, 用力打, 凸轮\nvt. 擦, 揩, 消灭, 涂上, 拭去\nvi. 擦, 打",gk cet4 cet6 ky,3112,2711,p:wiped/i:wiping/d:wiped/3:wipes/s:wipes
wire,,"n. 电线, 电报, 电信, 铁丝网, 金属丝\nvt. 用金属丝捆扎, 拍电报\nvi. 打电报",gk cet4 cet6 ky,2748,2370,s:wires/d:wired/p:wired/i:wiring/3:wires
wisdom,,"n. 智慧, 明智行为, 学识, 名言, 贤人",gk cet4 cet6 ky ielts,4281,2954,s:wisdoms
wise,,"a. 明智的, 慎虑的, 聪明的, 博学的, 狡猾的, 机灵的\nvi. 知道\nvt. 教导, 告诉, 劝导\nn. 方法, 方式\n[计] 教育信息系统",zk gk cet4 cet6 ky ielts,3087,3234,r:wiser/t:wisest/d:wised
wish,,"n. 希望, 愿望, 祝愿, 命令, 请求\nvt. 愿, 想要, 希望, 祝愿\nvi. 希望",zk gk,586,1055,p:wished/i:wishing/3:wishes/s:wishes/d:wished
with,,"prep. 和...在一起, 以, 由于",zk gk,16,16,
withdraw,,"vt. 撤回, 取回, 撤消, 使撤退, 拉开, 移开\nvi. 撤退, 离开",gk cet4 cet6 ky toefl ielts gre,1920,2786,d:withdrawn/p:withdrew/i:withdrawing/3:withdraws
within,,"n. 内部, 里头\nadv. 在内部, 在内心里\nprep. 在...之内",gk cet4 cet6 ky,190,352,
without,,"prep. 没有, 不, 在...之外\nadv. 在外面, 户外\nn. 外面, 外部",zk gk,188,218,
witness,,"n. 证人, 目击者, 证据, 证词\nvt. 目击, 作证, 证明, 表明\nvi. 作证人, 作为证据",gk cet4 cet6 ky toefl ielts gre,2473,1970,s:witnesses/d:witnessed/p:witnessed/i:witnessing/3:witnesses
wolf,,"n. 狼, 残忍贪婪之人, 极度穷困\nvt. 狼吞虎咽, 大吃",zk gk cet4 cet6 ky,5062,4150,s:wolves/p:wolfed/i:wolfing/d:wolfed/3:wolfs
woman,,"n. 女人, 妇女, 女仆\na. 女用的, 女性的, 妇女的\nvt. 贬称...为女人, 使成女人腔",zk gk,130,111,s:women
wonder,,"n. 奇迹, 惊奇, 惊愕\nvt. 惊奇, 想知道\nvi. 惊讶, 怀疑",zk gk cet4 cet6 ky toefl,815,790,p:wondered/i:wondering/s:wonders/3:wonders/d:wondered
wonderful,,"a. 令人惊奇的, 奇妙的, 极好的",zk gk cet4 cet6 ky,1864,1405,
wood,,"n. 木材, 木制品\nvt. 植林于, 给...添加木柴\nvi. 收集木材",zk gk cet4 cet6 ky ielts,1414,1236,s:woods
wooden,,"a. 木制的, 呆笨的, 木然的",gk cet4 cet6 ky,2452,2512,
wool,,"n. 羊毛, 毛织物, 毛线, 绒线\n[医] 羊毛, 绒毛, 棉[花]",cet4 cet6 ky toefl,3791,5569,s:wools
word,,"n. 话, 消息, 词, 诺言, 命令\nvt. 用言辞表达\n[计] 字",zk gk,196,244,s:words/d:worded/i:wording/p:worded/3:words
work,,"n. 工作, 劳动, 职业, 行为, 功, 作品, 成果, 产品, 工程\nvi. 工作, 劳动, 做, 运转, 起作用, 被加工\nvt. 使工作, 使转动, 开动, 使用, 经营, 使逐渐变得, 造成",zk gk,125,117,i:working/3:works/p:worked/d:worked
worker,,"n. 工人, 劳动者\n[经] 工人, 劳工, 劳动者",zk gk ielts,544,573,s:workers
workforce,,"n. 劳动力；工人总数, 职工总数",gk,4217,6617,s:workforces
workplace,,"n. 工作场所, 工厂, 车间",gk,5821,4282,s:workplaces
works,,"n. 工程, 工厂, 工事, 活动部件, 机件, 著作, 作品, 善行, 德行\n[机] 工厂, 工场",gk,1208,1637,0:work/1:3
world,,"n. 世界, 地球, 宇宙, 万物, 世人, 人间, 领域, 世事, 世故, 社会生活, 大量\n[法] 世界, 地球, 世人",zk gk ielts,146,123,s:worlds
worldwide,,a. 全世界的,gk cet4 ky toefl,5136,4457,
worried,,"a. 担心的, 闷闷不乐的",gk,2284,3261,0:worry/1:pd/d:worried/p:worried
worry,,"n. 担心, 烦恼, 忧虑, 苦恼, 撕咬\nvt. 使烦恼, 使焦虑, 使苦恼, 困扰, 折磨, 撕咬\nvi. 烦恼, 担心, 撕咬",zk gk,1537,970,s:worries/p:worried/3:worries/i:worrying/d:worried
worse,,"n. 更坏的事, 更恶劣的事, 败局\na. 更坏的, 更恶劣的\nadv. 更坏地, 更恶劣地",gk cet4 cet6 ky,6841,25899,0:bad/1:r
worst,,"n. 最坏, 最坏的时候\na. 最坏的, 最恶劣的, 最不利的\nadv. 最坏, 最糟",gk cet4 cet6 ky,13770,33505,0:bad/1:t/d:worsted/3:worsts/r:worst/i:/p:
worth,,"n. 价值, 财产\na. 值...的, 值得的",zk gk,975,1353,
worthwhile,,"a. 值得花时间的, 值得做的, 有真实价值的",gk cet4 cet6 ky ielts,4264,6958,
worthy,,"n. 杰出人物\na. 有价值的, 可敬的, 值得的",gk cet4 cet6 ky toefl,4663,5102,s:worthies/r:worthier/t:worthiest
would,,"aux. 将, 愿意",zk gk,34,41,
wound,,"n. 创伤, 伤口, 伤疤, 伤害, 痛苦\nvt. 伤害, 损害, 使受伤\nvi. 打伤, 伤害\nwind的过去式和过去分词",zk gk cet4 cet6 ky,3399,3202,0:wind/1:pd/s:wounds/d:wounded/i:wounding/p:wounded/3:wounds
wrap,,"n. 外套, 围巾, 包裹物, 限制, 约束, 秘密, 换行\nvt. 包装, 卷, 缠绕, 包, 裹, 覆盖, 遮蔽, 隐藏, 掩护\nvi. 缠绕, 穿外衣, 包起来\n[计] 换行",cet4 cet6 ky toefl ielts,3118,2090,d:wrapped/p:wrapped/i:wrapping/s:wraps/3:wraps
wrestle,,"n. 摔跤, 角力, 扭斗\nvi. 摔跤, 搏斗, 斗争, 斟酌\nvt. 与(对手)摔跤",gk cet6 ielts,11240,6407,p:wrestled/i:wrestling/d:wrestled/3:wrestles
wrinkle,,"n. 皱纹, 妙计, 方法, 技巧\nvi. 起皱\nvt. 使起皱纹",gk cet6 ky toefl ielts gre,14095,7819,s:wrinkles/p:wrinkled/i:wrinkling/d:wrinkled/3:wrinkles
wrist,,"n. 手腕, 腕关节\n[医] 腕",gk cet4 cet6 ky toefl gre,4394,3624,s:wrists
write,,"vt. 书写, 著述, 写, 写满, 写信给\nvi. 写, 写字, 写信, 写作, 作曲\n[计] 书写器",zk gk,211,228,p:wrote/d:written/i:writing/3:writes
writer,,"n. 作家, 撰稿者, 抄写员\n[化] 记录器",cet4 cet6 ielts,1314,980,s:writers
writing,,"n. 书写, 著作, 笔迹, 作品\n[医] 书写",gk cet4 cet6 ky ielts,1484,1528,0:write/1:i/i:writing/s:writings
wrong,,"a. 错误的, 不正当的, 失常的\nadv. 错误地",zk gk,672,655,s:wrongs/i:wronging/p:wronged/3:wrongs/d:wronged
x-ray,,"a. X射线的\nvt. 用X光检查, 照X光\nvi. 使用X光",zk cet4 ielts,0,0,s:x-rays/i:x-raying/p:x-rayed/3:x-rays/d:x-rayed
yard,,"n. 码, 庭院, 工场\n[化] 堆置场",zk gk cet4 cet6 ky ielts,1370,1035,s:yards
year,,"n. 年, 年度, 年龄\n[经] 年度",zk gk,56,54,s:years
yell,,"vi. 叫喊, 大叫, (齐声)呐喊欢呼\nvt. 喊叫着说\nn. 叫声, 喊声, 呐喊",gk cet4 cet6 ky toefl,5181,2628,p:yelled/i:yelling/3:yells/s:yells/d:yelled
yellow,,n. 黄色\na. 黄色的,zk gk ielts,2173,1665,s:yellows/r:yellower/i:yellowing/p:yellowed/3:yellows/d:yellowed
yes,,"adv. 是\nn. 是, 同意\nv. 同意",zk gk,144,258,
yesterday,,n. 昨天\nadv. 昨天,zk gk,513,1505,
yet,,"adv. 还, 尚, 仍然, 已经, 然而\nconj. 然而",zk gk,261,275,
yogurt,,n. 酸乳酪\n[医] 酸乳,,17323,7467,s:yogurts
you,,"pron. 你, 你们",zk gk,15,14,
young,,"a. 年轻的, 无经验的, 朝气蓬勃的\nn. 青年们, 幼小动物, 崽",zk gk,228,234,r:younger/t:youngest
your,,"pron. 你的, 你们的",zk gk,66,69,
yours,,"pron. 你的(东西), 你们的(东西)",zk gk,2133,3156,
yourself,,pron. 你自己,zk gk,932,915,
youth,,"n. 年轻, 青年时代, 青年们, 青春\n[法] 青年, 青年时期, 青春时期",gk cet4 cet6 ky ielts,1508,1397,s:youths
zero,,"n. 零, 零点, 零度, 无, 乌有, 最低点\na. 零的, 没有的\nvt. 调零, 对(炮火等)作协调校正\n[计] 零",zk gk ielts,4296,4886,s:zeros/i:zeroing/p:zeroed/3:zeroes/d:zeroed
zone,,"n. 地带, 带, 地区\nvt. 环绕, 使分成地带\nvi. 分成区\n[计] 卡片顶部的三行区; 区; 区域",gk cet4 cet6 ky toefl gre,2336,1763,s:zones/i:zoning/p:zoned/3:zones/d:zoned
zoo,,n. 动物园,zk gk ielts,6119,6286,s:zoos
