word,phonetic,pos,meaning_cn,level,gaokao_frequency,word_family,tags
a,/ə/,adj.,一个；某个,1,high,,description
a.m.,/ˌeɪˈɛm/,adj./adv.,上午；午前,4,low,,action
abandon,/əˈbændən/,n./v.,抛弃；舍弃,2,high,,action
ability,/əˈbɪləˌti/,n.,能力；才能,2,high,disability,description
able,/ˈeɪbəl/,adj.,能够；有能力的,1,high,unable,description
abnormal,/æbˈnɔrməl/,n./adj.,反常的；变态的,4,low,,description
aboard,/əˈbɔrd/,adv./prep.,在船；车,4,low,,action
abolish,/əˈbɑlɪʃ/,v.,废除；废止,4,low,,action
abortion,/əˈbɔrʃən/,n.,人工流产；堕胎,4,low,,description
about,/əˈbaʊt/,prep.,大约；到处,1,high,,description
above,/əˈbəv/,prep.,在；上面,1,high,,description
abroad,/əˈbrɔd/,adj./adv.,到国外,3,medium,,action
absence,/ˈæbsəns/,n.,不在；缺席,3,medium,,description
absent,/ˈæbsənt/,v./adj.,缺席的；不在的,4,low,,action
absolute,/ˈæbsəˌlut/,n./adj.,绝对的；完全的,3,low,absolutely,description
absolutely,/ˌæbsəˈlutli/,adv.,完全地；绝对地,2,medium,absolute,action
absorb,/əbˈzɔrb/,v.,吸收；使全神贯注,2,medium,,action
abstract,/ˈæbˌstrækt/,n./v./adj.,抽象的；摘要,4,low,,action
abuse,/əbˈjus/,n./v.,滥用；虐待,4,low,,action
academic,/ˌækəˈdɛmɪk/,n./adj.,学院的；学术的,3,medium,,description
academy,/əˈkædəmi/,n.,学会；研究院,3,medium,,science
accent,/ˈækˌsɛnt/,n./v.,口音；音调,4,low,,action
accept,/ækˈsɛpt/,v.,接受,1,high,,action
access,/ˈækˌsɛs/,n./v.,使用权；访问,3,medium,,action
accessible,/ækˈsɛsəbəl/,adj.,可到达的；可接受的,3,medium,,description
accident,/ˈæksədənt/,n.,事故；意外的事,2,high,,description
accommodation,/əˌkɑməˈdeɪʃən/,n.,住宿；膳宿,3,low,,description
accompany,/əˈkəmpəni/,v.,陪同；陪伴,3,medium,,action
accomplish,/əˈkɑmplɪʃ/,v.,完成；实现,3,medium,,action
account,/əˈkaʊnt/,n./v.,帐目；描述,2,high,,action
accountant,/əˈkaʊntənt/,n.,会计；会计师,4,low,,description
accuracy,/ˈækjɝəsi/,n.,准确；精确,3,medium,,description
accurate,/ˈækjɝət/,adj.,正确的；精确的,3,low,,description
accuse,/əkˈjuz/,v.,控告；谴责,4,low,,action
ache,/ˈeɪk/,n./v.,痛；疼痛,4,low,,action
achieve,/əˈtʃiv/,v.,达到；取得,2,high,achievement,action
achievement,/əˈtʃivmənt/,n.,成就；成绩,3,medium,achieve,description
acid,/ˈæsəd/,n./adj.,酸的,4,low,,description
acknowledge,/ækˈnɑlɪdʒ/,v.,承认,3,medium,,action
acquire,/əˈkwaɪɝ/,v.,获得；得到,3,low,,action
acquisition,/ˌækwəˈzɪʃən/,n.,获得；得到,4,low,,description
acre,/ˈeɪkɝ/,n.,英亩,3,medium,,description
across,/əˈkrɔs/,prep.,横过；到另一边,1,high,,description
act,/ˈækt/,n./v.,行动；行为,1,high,,action
action,/ˈækʃən/,n./v.,行动,1,high,,action
active,/ˈæktɪv/,n./adj.,积极的；主动的,2,high,,description
activity,/ækˈtɪvəti/,n.,活动,1,high,,description
actor,/ˈæktɝ/,n.,男演员,2,high,,description
actress,/ˈæktrəs/,n.,女演员,4,low,,description
actual,/ˈækʃəl/,adj.,实际的；现实的,2,high,actually,description
actually,/ˈækˌtʃuəli/,adv.,事实上；竟然,1,high,actual,action
acute,/əkˈjut/,adj.,十分严重的；急性的,4,low,,description
ad,/ˈæd/,n.,广告,3,medium,,description
adapt,/əˈdæpt/,v.,使适应；适合,3,low,,action
adaptation,/ˌædəpˈteɪʃən/,n.,适应；改编本,3,medium,,description
add,/ˈæd/,v.,添加；增加,1,high,,action
addict,/ˈæˌdɪkt/,n./v.,使沉溺；使上瘾,4,low,,action
addition,/əˈdɪʃən/,n.,增加；加,2,high,,description
address,/ˈæˌdrɛs/,n./v.,地址；写姓名,2,medium,,action
adequate,/ˈædəˌkweɪt/,adj.,合适的；合乎需要的,4,low,,description
adjust,/əˈdʒəst/,v.,调整；调节,3,low,adjustment,action
adjustment,/əˈdʒəstmənt/,n.,调整；适应,4,low,adjust,description
administration,/ædˌmɪnɪˈstreɪʃən/,n.,管理；行政部门,3,medium,,description
admire,/ædˈmaɪr/,v.,钦佩；羡慕,2,medium,,action
admission,/ædˈmɪʃən/,n.,准入；接纳,2,high,,description
admit,/ədˈmɪt/,v.,承认；准许,2,high,,action
adolescent,/ˌædəˈlɛsənt/,n./adj.,青春期的；青少年,3,medium,,description
adopt,/əˈdɑpt/,v.,采用；收养,3,medium,,action
adorable,/əˈdɔrəbəl/,adj.,可崇拜的；值得敬慕的,4,low,,description
adult,/ˈædəlt/,n./adj.,成年人,2,high,,description
advance,/ədˈvæns/,n./v./adj.,前进；推进,2,high,,action
advantage,/ædˈvæntɪdʒ/,n./v.,优点；好处,2,high,disadvantage,action
adventure,/ædˈvɛntʃɝ/,n./v.,冒险；奇遇,2,high,,action
advertise,/ˈædvɝˌtaɪz/,v.,为；做广告,2,medium,advertisement,action
advertisement,/ˌædvɝˈtaɪzmənt/,n.,广告,3,medium,advertise,description
advice,/ædˈvaɪs/,n.,忠告；劝告,2,high,,description
advise,/ædˈvaɪz/,v.,忠告；劝告,2,high,,action
advocate,/ˈædvəˌkeɪt/,n./v.,提倡；拥护,1,low,,"social,action"
affair,/əˈfɛr/,n.,事；事情,3,medium,,description
affect,/əˈfɛkt/,n./v.,影响,2,medium,,social
affection,/əˈfɛkʃən/,n.,喜爱；钟爱,3,medium,,emotion
afford,/əˈfɔrd/,v.,买得起；足以,2,high,,action
afraid,/əˈfreɪd/,adj.,害怕的；担心的,2,medium,,emotion
africa,/ˈæfɝkə/,n.,非洲,2,high,,description
african,/ˈæfrəkən/,n./adj.,非洲的；非洲人的,3,medium,,description
after,/ˈæftɝ/,prep.,在；之后,1,high,,description
afternoon,/ˌæftɝˈnun/,n.,下午；午后,1,high,,description
afterward,/ˈæftɝwɝd/,adv.,然后；后来,3,medium,,action
again,/əˈɡeɪn/,adv.,再一次；再,1,high,,action
against,/əˈɡeɪnst/,prep.,反对；违背,1,high,,description
age,/ˈeɪdʒ/,n./v.,年龄；时代,1,high,,action
agency,/ˈeɪdʒənsi/,n.,代理机构,2,medium,,description
agenda,/əˈdʒɛndə/,n.,议程表；议事日程,3,low,,description
agent,/ˈeɪdʒənt/,n.,代理人；经济人,3,medium,,economy
aggression,/əˈɡrɛʃən/,n.,侵略,4,low,,description
aggressive,/əˈɡrɛsɪv/,adj.,侵略的；咄咄逼人,3,medium,,description
ago,/əˈɡoʊ/,adv.,以前,1,high,,action
agree,/əˈɡri/,v.,同意；应允,1,high,"disagree,agreement",action
agreement,/əˈɡrimənt/,n.,同意；一致,3,medium,agree,description
agricultural,/ˌæɡrəˈkəltʃɝəl/,adj.,农业的,4,low,,description
agriculture,/ˈæɡrɪˌkəltʃɝ/,n.,农业；农学,3,medium,,description
ahead,/əˈhɛd/,adj./adv.,在前；向前,2,high,,action
aid,/ˈeɪd/,n./v.,援助；辅助器具,2,high,,action
aids,/ˈeɪdz/,n.,艾滋病,4,low,,description
aim,/ˈeɪm/,n./v.,目的；目标,2,high,,action
air,/ˈɛr/,n./v.,空气；大气,1,high,,action
aircraft,/ˈɛrˌkræft/,n.,飞机,3,low,,description
airline,/ˈɛrˌlaɪn/,n.,航线；航线的设备,3,medium,,description
airplane,/ˈɛrˌpleɪn/,n.,飞机,4,low,,description
airport,/ˈɛrˌpɔrt/,n.,航空站；飞机场,3,medium,,description
alarm,/əˈlɑrm/,n./v.,警报；闹钟,3,medium,,action
album,/ˈælbəm/,n.,相册；影集,3,medium,,description
alcohol,/ˈælkəˌhɑl/,n.,含酒精饮料；酒,3,low,,description
alike,/əˈlaɪk/,adj./adv.,很相似地；同样地,2,medium,,action
alive,/əˈlaɪv/,adj.,活着的；存在的,3,medium,,description
all,/ˈɔl/,pron.,所有的；全部的,1,high,,description
alley,/ˈæli/,n.,小巷；胡同,4,low,,description
allocate,/ˈæləˌkeɪt/,v.,拨给；划归,4,low,,action
allow,/əˈlaʊ/,v.,允许；准许,1,high,,action
allowance,/əˈlaʊəns/,n./v.,津贴；补助,3,low,,action
almost,/ˈɔlˌmoʊst/,adv.,几乎；差不多,1,high,,action
alone,/əˈloʊn/,adj./adv.,单独的；孤独的,2,high,,action
along,/əˈlɔŋ/,prep.,向前；和,1,high,,description
alongside,/əˈlɔŋˈsaɪd/,adv./prep.,在；旁边,3,medium,,action
aloud,/əˈlaʊd/,adv.,大声地,3,medium,,action
already,/ɔˈrɛdi/,adv.,已经,1,high,,action
also,/ˈɔlsoʊ/,adv.,也,1,high,,action
alternative,/ɔlˈtɝnətɪv/,n./adj.,选择；替代物,3,low,,description
although,/ˌɔlˈðoʊ/,conj.,虽然；尽管,1,high,,description
altogether,/ˌɔltəˈɡɛðɝ/,adv.,总共,3,medium,,action
always,/ˈɔlˌweɪz/,adv.,总是；一直,1,high,,action
am,/ˈæm/,v.,的人称形式之一,1,high,,action
amateur,/ˈæməˌtɝ/,n.,业余爱好者；业余的,4,low,,description
amazing,/əˈmeɪzɪŋ/,adj.,惊奇；惊叹的,2,medium,,description
ambassador,/æmˈbæsədɝ/,n.,大使,4,low,,description
ambiguous,/æmˈbɪɡjuəs/,adj.,模糊的；歧义的,1,low,,reasoning
ambition,/æmˈbɪʃən/,n.,目标；野心,4,low,,description
ambitious,/æmˈbɪʃəs/,adj.,有野心的；抱负不凡的,3,medium,,description
ambulance,/ˈæmbjələns/,n.,救护车,4,low,,description
america,/əˈmɛrəkə/,n.,美国；美洲,2,high,,description
american,/əˈmɛrəkən/,n./adj.,美国的；美国人的,1,high,,description
among,/əˈməŋ/,prep.,在；中间,1,high,,description
amount,/əˈmaʊnt/,n./v.,金额；数量,1,high,,action
amuse,/əmˈjuz/,v.,快乐；逗乐,3,medium,,emotion
an,/ən/,adj.,一个；某个,1,high,,description
analysis,/əˈnæləsəs/,n.,分析；分析结果,3,low,,reasoning
analyze,/ˈænəˌlaɪz/,v.,分析,2,high,,reasoning
ancestor,/ˈænˌsɛstɝ/,n.,祖宗；祖先,4,low,,description
ancient,/ˈeɪnʃənt/,adj.,古代的；古老的,2,high,,description
and,/ˈænd/,conj.,和；又,1,high,,description
anger,/ˈæŋɡɝ/,n./v.,怒；愤怒,2,high,,emotion
angle,/ˈæŋɡəl/,n./v.,角度,3,low,,action
angry,/ˈæŋɡri/,adj.,生气的；愤怒的,3,medium,,emotion
animal,/ˈænəməl/,n.,动物,1,high,,nature
ankle,/ˈæŋkəl/,n.,踝；踝关节,4,low,,description
anniversary,/ˌænəˈvɝsɝi/,n.,周年纪念日,3,medium,,description
announce,/əˈnaʊns/,v.,宣布；宣告,2,high,announcement,action
announcement,/əˈnaʊnsmənt/,n.,通告；通知,3,medium,announce,description
annoy,/əˈnɔɪ/,v.,烦恼,1,high,,action
annual,/ˈænjuəl/,n./adj.,每年的；年刊,2,high,,description
another,/əˈnəðɝ/,pron.,再一；另一,1,high,,description
answer,/ˈænsɝ/,n./v.,答案；回答,2,high,,action
ant,/ˈænt/,n.,蚂蚁,4,low,,description
anticipate,/ænˈtɪsəˌpeɪt/,v.,预期；占先,4,low,,action
antique,/ænˈtik/,n./adj.,古董,3,medium,,description
anxiety,/æŋˈzaɪəti/,n.,担忧；焦虑,2,high,,emotion
anxious,/ˈæŋkʃəs/,adj.,忧虑的；焦急的,2,medium,,description
any,/ˈɛni/,pron.,哪一个；哪些,1,high,,description
anybody,/ˈɛnibədi/,pron.,任何人；无论谁,3,low,,description
anyhow,/ˈɛniˌhaʊ/,adv.,不管怎样,4,low,,action
anyone,/ˈɛniˌwən/,pron.,任何人；无论谁,1,high,,description
anything,/ˈɛniˌθɪŋ/,pron.,什么事；任何事,1,high,,description
anyway,/ˈɛniˌweɪ/,adv.,不管怎样,4,low,,action
anywhere,/ˈɛniˌwɛr/,adv.,任何地方,3,medium,,action
apart,/əˈpɑrt/,adj./adv.,分离；相距,2,high,apartment,action
apartment,/əˈpɑrtmənt/,n.,房间；公寓,3,medium,apart,description
apologize,/əˈpɑləˌdʒaɪz/,v.,道歉；谢罪,3,medium,,action
apparent,/əˈpɛrənt/,adj.,显然的；外观的,3,low,apparently,description
apparently,/əˈpɛrəntli/,adv.,表面上；清楚地,3,medium,apparent,action
appeal,/əˈpil/,n./v.,恳求；申诉,2,medium,,action
appear,/əˈpɪr/,v.,出现；好像,1,high,disappear,action
appearance,/əˈpɪrəns/,n.,出现；露面,3,medium,,description
appendix,/əˈpɛndɪks/,n.,附录；阑尾,4,low,,description
appetite,/ˈæpəˌtaɪt/,n.,食欲；欲望,3,medium,,description
applaud,/əˈplɔd/,v.,鼓掌；赞许,4,low,,action
apple,/ˈæpəl/,n.,苹果,3,medium,,description
applicant,/ˈæplɪkənt/,n.,申请人,4,low,,description
application,/ˌæpləˈkeɪʃən/,n.,申请,2,medium,,description
apply,/əˈplaɪ/,v.,申请,1,high,,action
appoint,/əˈpɔɪnt/,v.,任命；委任,3,low,appointment,action
appointment,/əˈpɔɪntmənt/,n.,约会,3,low,"disappointment,appoint",description
appreciate,/əˈpriʃiˌeɪt/,v.,欣赏；感激,2,high,,emotion
appreciation,/əˌpriʃiˈeɪʃən/,n.,欣赏；鉴定,3,medium,,description
approach,/əˈproʊtʃ/,n./v.,接近；途径,1,high,,action
appropriate,/əˈproʊpriˌeɪt/,adj.,合适的；恰当的,3,low,,description
approve,/əˈpruv/,v.,赞成；同意,3,medium,,action
approximately,/əˈprɑksəmətli/,adv.,近似；大约,3,medium,,action
april,/ˈeɪprəl/,n.,月,2,high,,description
arab,/ˈærəb/,n./adj.,阿拉伯的；阿拉伯人,3,low,,description
arch,/ˈɑrtʃ/,n./v./adj.,拱；拱门,4,low,,action
architect,/ˈɑrkəˌtɛkt/,n.,建筑师；设计师,3,medium,,description
architecture,/ˈɑrkəˌtɛktʃɝ/,n.,建筑学；建筑设计,2,high,,description
area,/ˈɛriə/,n.,面积；地域,1,high,,description
argue,/ˈɑrɡju/,v.,争辩；争论,3,high,,action
argument,/ˈɑrɡjəmənt/,n.,争论；辩论,3,medium,,description
arise,/ɝˈaɪz/,v.,起来；升起,3,low,,action
arm,/ˈɑrm/,n./v.,手臂；袖子,2,high,,action
army,/ˈɑrmi/,n.,军队,4,low,,description
around,/ɝˈaʊn/,prep.,在周围；在附近,1,high,,description
arrange,/ɝˈeɪndʒ/,v.,安排；布置,2,medium,arrangement,action
arrangement,/ɝˈeɪndʒmənt/,n.,安排；布置,4,low,arrange,description
arrest,/ɝˈɛst/,n./v.,逮捕；拘留,4,low,,action
arrival,/ɝˈaɪvəl/,n.,到来；到达,2,medium,,description
arrive,/ɝˈaɪv/,v.,到达；达到,1,high,,action
arrow,/ˈæroʊ/,n.,箭；箭头,4,low,,description
art,/ˈɑrt/,n.,艺术；美术,1,high,,culture
article,/ˈɑrtəkəl/,n.,文章；东西,2,medium,,description
artificial,/ˌɑrtəˈfɪʃəl/,adj.,人工的；人造的,3,medium,,description
artist,/ˈɑrtəst/,n.,艺术家,1,high,,culture
as,/ˈæz/,adv./prep./conj.,作为；如同,1,high,,action
ash,/ˈæʃ/,n.,灰；灰末,4,low,,description
ashamed,/əˈʃeɪmd/,adj.,惭愧的；害臊的,3,medium,,description
asia,/ˈeɪʒə/,n.,亚洲,2,high,,description
asian,/ˈeɪʒən/,n./adj.,亚洲的；亚洲人,3,medium,,description
aside,/əˈsaɪd/,n./adv.,在旁边,2,high,,action
ask,/ˈæsk/,v.,问；请求,1,high,,action
asleep,/əˈslip/,adj./adv.,睡着的；熟睡,3,medium,,action
aspect,/ˈæsˌpɛkt/,n.,方面；外观,2,high,,description
assess,/əˈsɛs/,v.,评价；评定,3,medium,assessment,action
assessment,/əˈsɛsmənt/,n.,看法；评价,3,low,assess,description
assign,/əˈsaɪn/,v.,分配；指派,4,low,,action
assist,/əˈsɪst/,n./v.,帮助；协助,2,medium,,social
assistance,/əˈsɪstəns/,n.,帮助；援助,2,medium,,social
assistant,/əˈsɪstənt/,n./adj.,助手；助理,3,medium,,description
associate,/əˈsoʊsiˌeɪt/,n./v.,联系；结交,2,high,,action
association,/əˌsoʊsiˈeɪʃən/,n.,协会；社团,3,low,,description
assume,/əˈsum/,v.,假定；假设,3,medium,,reasoning
assumption,/əˈsəmpʃən/,n.,假定；假设,3,low,,reasoning
astonish,/əˈstɑnɪʃ/,v.,使惊讶,2,medium,,action
astronaut,/ˈæstrəˌnɑt/,n.,宇航员,4,low,,description
astronomer,/əˈstrɑnəmɝ/,n.,天文学家,4,low,,culture
at,/ˈæt/,prep.,在,1,high,,description
athlete,/ˈæθˌlit/,n.,运动员,3,low,,description
athletic,/æθˈlɛtɪk/,adj.,健壮的；体育运动的,4,low,,description
atlantic,/ətˈlænɪk/,n./adj.,大西洋的,4,low,,description
atmosphere,/ˈætməsˌfɪr/,n.,大气；气氛,3,medium,,description
atom,/ˈætəm/,n.,原子；微粒,4,low,,description
attach,/əˈtætʃ/,v.,把；固定,2,medium,,action
attack,/əˈtæk/,n./v.,攻击；袭击,2,high,,action
attain,/əˈteɪn/,v.,获得；得到,4,low,,action
attempt,/əˈtɛmpt/,n./v.,企图；试图,2,high,,action
attend,/əˈtɛnd/,v.,看护；照料,2,high,,action
attention,/əˈtɛnʃən/,n.,注意；关心,1,high,,description
attitude,/ˈætəˌtud/,n.,态度；看法,1,high,,emotion
attract,/əˈtrækt/,v.,吸引；引起,1,high,,action
attraction,/əˈtrækʃən/,n.,吸引；爱慕,2,high,,description
attractive,/əˈtræktɪv/,adj.,迷人的；有吸引力的,2,high,,description
audience,/ˈɑdiəns/,n.,观众；听众,2,high,,description
august,/ˈɑɡəst/,n./adj.,月,2,high,,description
aunt,/ˈænt/,n.,伯母；舅母,4,low,,description
australia,/ɔˈstreɪljə/,n.,澳洲；澳大利亚,2,high,,description
australian,/ɔˈstreɪljən/,n./adj.,澳洲的；澳大利亚人的,3,medium,,description
author,/ˈɔθɝ/,n.,作者；作家,1,high,,description
authority,/əˈθɔrəti/,n.,权力；权威,2,medium,,description
automatic,/ˌɔtəˈmætɪk/,n./adj.,自动的；机械的,4,low,,description
autonomous,/ɔˈtɑnəməs/,adj.,自治的；自主的,4,low,,description
autumn,/ˈɔtəm/,n.,秋天；秋季,3,low,,description
available,/əˈveɪləbəl/,adj.,可获得的；有空的,1,high,,description
avenue,/ˈævəˌnu/,n.,大道,3,medium,,description
average,/ˈævɝɪdʒ/,n./v./adj.,平均；普通的,2,medium,,action
avoid,/əˈvɔɪd/,v.,避免；躲开,1,high,,action
awake,/əˈweɪk/,v./adj.,醒着的；唤醒,3,medium,,action
award,/əˈwɔrd/,n./v.,奖金；授予,2,high,,action
aware,/əˈwɛr/,adj.,意识到的；意识到,2,high,,description
away,/əˈweɪ/,adv.,离开；远离,1,high,,action
awesome,/ˈɑsəm/,adj.,令人惊叹；很困难的,4,low,,description
awful,/ˈɑfəl/,adj.,很坏的；极讨厌的,4,low,,description
awkward,/ˈɑkwɝd/,adj.,令人尴尬；使人难堪的,2,medium,,description
baby,/ˈbeɪbi/,n.,婴儿,2,high,,description
back,/ˈbæk/,n./v./adj./adv.,后面的；使后退,1,high,,action
background,/ˈbækˌɡraʊnd/,n.,背景,2,medium,,description
backward,/ˈbækwɝd/,adj./adv.,向后地；相反地,4,low,,action
bacon,/ˈbeɪkən/,n.,咸猪肉；熏猪肉,4,low,,description
bad,/ˈbæd/,n./adj./adv.,坏的；有害的,1,high,,action
badly,/ˈbædli/,adv.,坏；恶劣地,3,medium,,action
badminton,/ˈbædˌmɪntən/,n.,羽毛球,4,low,,description
bag,/ˈbæɡ/,n./v.,书包；提包,2,high,,action
bake,/ˈbeɪk/,n./v.,烤；烘,4,low,,action
bakery,/ˈbeɪkɝi/,n.,面包店,4,low,,description
balance,/ˈbæləns/,n./v.,平衡；天平,2,medium,,action
ball,/ˈbɔl/,n./v.,球；舞会,2,high,,action
ballet,/bæˈleɪ/,n.,芭蕾舞,4,low,,description
balloon,/bəˈlun/,n./v.,气球,4,low,,action
bamboo,/bæmˈbu/,n.,竹,3,medium,,description
ban,/ˈbæn/,n./v.,禁令；禁止,3,low,,action
banana,/bəˈnænə/,n.,香蕉,4,low,,description
band,/ˈbænd/,n./v.,乐队,3,low,,action
bang,/ˈbæŋ/,n./v./adv.,砰,4,low,,action
bank,/ˈbæŋk/,n.,岸；堤,2,high,,description
bar,/ˈbɑr/,n./v.,条；棒,3,medium,,action
barbecue,/ˈbɑrbɪkˌju/,n./v.,烤肉野餐,4,low,,action
bare,/ˈbɛr/,v./adj.,赤裸的；空的,4,low,barely,action
barely,/ˈbɛrli/,adv.,几乎不,4,low,bare,action
bark,/ˈbɑrk/,n./v.,狗叫；狗叫声,3,medium,,action
barrier,/ˈbæriɝ/,n.,屏障；障碍,4,low,,description
base,/ˈbeɪs/,n./v./adj.,根据地；垒,2,high,basement,action
baseball,/ˈbeɪsˈbɔl/,n.,棒球,3,low,,description
basement,/ˈbeɪsmənt/,n.,地下室,4,low,base,description
basic,/ˈbeɪsɪk/,n./adj.,基本的,2,high,,description
basin,/ˈbeɪsən/,n.,水盆；脸盆,4,low,,description
basis,/ˈbeɪsəs/,n.,基础；根据,2,high,,description
basket,/ˈbæskət/,n./v.,篮子,2,medium,,action
basketball,/ˈbæskətˌbɔl/,n.,篮球,3,low,,description
bat,/ˈbæt/,n./v.,球棒；蝙蝠,4,low,,action
bath,/ˈbæθ/,n.,洗澡；浴室,2,high,,description
bathroom,/ˈbæˌθrum/,n.,浴室；盥洗室,2,medium,,description
battery,/ˈbætɝi/,n.,电池,4,low,,description
battle,/ˈbætəl/,n./v.,战斗；战役,2,medium,,action
bay,/ˈbeɪ/,n./v.,湾；海湾,3,medium,,action
bc,/ˌbiˈsi/,n.,公元前,4,low,,description
be,/ˈbi/,v.,是；表示,1,high,,action
beach,/ˈbitʃ/,n.,海滨；海滩,2,high,,description
beam,/ˈbim/,n./v.,平衡木,3,medium,,action
bean,/ˈbin/,n.,豆；豆科植物,3,medium,,nature
bear,/ˈbɛr/,n./v.,承受；负担,2,medium,,action
beard,/ˈbɪrd/,n./v.,胡须,4,low,,action
beast,/ˈbist/,n.,野兽；牲畜,4,low,,description
beat,/ˈbit/,n./v./adj.,敲打；跳动,2,high,,action
beautiful,/ˈbjutəfəl/,adj.,美；美丽,1,high,,description
beauty,/ˈbjuti/,n.,美丽；美人,2,high,,description
because,/bɪˈkɑz/,conj.,因为,1,high,,description
become,/bɪˈkəm/,v.,变成；变得,1,high,,action
bed,/ˈbɛd/,n./v.,床,2,high,,action
bedroom,/ˈbɛˌdrum/,n.,寝室；卧室,2,high,,description
bee,/ˈbi/,n.,蜜蜂,4,low,,description
beef,/ˈbif/,n./v.,牛肉,4,low,,action
beer,/ˈbɪr/,n.,啤酒,3,medium,,description
before,/ˌbiˈfɔr/,conj.,在；之前,1,high,,description
beg,/ˈbɛɡ/,v.,请求；乞求,3,medium,,action
begin,/bɪˈɡɪn/,v.,开始；着手,1,high,,action
beginning,/bɪˈɡɪnɪŋ/,n.,开始；开端,1,high,,description
behalf,/bɪˈhæf/,n.,利益；支持,4,low,,social
behave,/bɪˈheɪv/,v.,守规矩；行为,3,low,,action
behavior,/bɪˈheɪvjɝ/,n.,行为；举止,2,high,,description
behind,/bɪˈhaɪnd/,prep.,在；后面,1,high,,description
being,/ˈbiɪŋ/,n.,物；生物,1,high,,science
belgium,/ˈbɛldʒəm/,n.,比利时,4,low,,description
belief,/bɪˈlif/,n.,信条；信念,2,high,,description
believe,/bɪˈliv/,v.,相信；认为,1,high,,action
bell,/ˈbɛl/,n.,钟；铃,4,low,,description
belly,/ˈbɛli/,n./v.,肚子,4,low,,action
belong,/bɪˈlɔŋ/,v.,属；附属,3,medium,,action
below,/biˈloʊ/,prep.,在；下面,2,medium,,description
belt,/ˈbɛlt/,n.,腰带；地带,3,medium,,description
bench,/ˈbɛntʃ/,n.,长凳；工作台,3,medium,,description
bend,/ˈbɛnd/,n./v.,使弯曲,3,low,,action
beneath,/bɪˈniθ/,prep.,在；下方,3,low,,description
beneficial,/ˌbɛnəˈfɪʃəl/,adj.,有利的；有帮助的,4,low,,social
benefit,/ˈbɛnəfɪt/,n./v.,优势；益处,1,high,,action
beside,/ˌbiˈsaɪd/,prep.,在；旁边,3,medium,,description
besides,/ˌbiˈsaɪdz/,prep.,除；以外,3,low,,description
best,/ˈbɛst/,n./adj./adv.,最好的；最好地,1,high,,action
bet,/ˈbɛt/,n./v.,打赌；赌注,3,low,,action
better,/ˈbɛtɝ/,adj./adv.,好些；更好地,1,high,,action
between,/bitˈwin/,prep.,在之间；在,1,high,,description
beyond,/ˌbiˈɔnd/,prep.,在；的那边,4,high,,description
bicycle,/ˈbaɪsɪkəl/,n.,自行车,2,medium,,description
bid,/ˈbɪd/,n./v.,出价；投标,4,low,,action
big,/ˈbɪɡ/,adj./adv.,大的,1,high,,action
bike,/ˈbaɪk/,n.,自行车；脚踏车,3,medium,,description
bill,/ˈbɪl/,n./v.,账单；法案,2,high,,action
billion,/ˈbɪljən/,num.,十亿；百亿,2,medium,,description
biology,/baɪˈɑlədʒi/,n.,生物,4,low,,science
bird,/ˈbɝd/,n./v.,鸟,2,high,,action
birth,/ˈbɝθ/,n.,出生；诞生,3,medium,,description
birthday,/ˈbɝθˌdeɪ/,n.,生日,2,high,,description
biscuit,/ˈbɪskət/,n.,饼干,4,low,,description
bishop,/ˈbɪʃəp/,n.,主教,4,low,,description
bit,/ˈbɪt/,n./v.,一点；一些,2,medium,,action
bite,/ˈbaɪt/,n./v.,咬；叮,4,low,,action
bitter,/ˈbɪtɝ/,v./adj./adv.,有苦味的；痛苦的,4,low,,action
black,/ˈblæk/,n./adj.,黑色；黑色的,2,medium,,description
blackboard,/ˈblækˌbɔrd/,n.,黑板,4,low,,description
blame,/ˈbleɪm/,n./v.,责备；责怪,2,high,,action
blank,/ˈblæŋk/,n./v./adj.,空格；空白,4,low,,action
blanket,/ˈblæŋkət/,n./v./adj.,毛毯；毯子,3,medium,,action
bleed,/ˈblid/,v.,出血；流血,4,low,,action
bless,/ˈblɛs/,v.,保佑；降福,4,low,,action
blind,/ˈblaɪnd/,n./v./adj./adv.,瞎的,3,medium,,action
block,/ˈblɑk/,n./v.,街区；木块,2,high,,action
blog,/ˈblɔɡ/,n.,博客；部落格,4,low,,description
blood,/ˈbləd/,n./v.,血；血液,3,medium,,action
blouse,/ˈblaʊs/,n.,宽罩衫；短上衣,4,low,,description
blow,/ˈbloʊ/,n./v.,击；打击,3,medium,,action
blue,/ˈblu/,n./v./adj.,蓝色；蓝色的,2,high,,action
board,/ˈbɔrd/,n./v.,木板；甲板,1,high,,action
boat,/ˈboʊt/,n./v.,小船；小舟,3,medium,,action
body,/ˈbɑdi/,n./v.,身体,1,high,,action
boil,/ˈbɔɪl/,n./v.,沸腾；烧开,4,low,,action
bomb,/ˈbɑm/,n./v.,炸弹；轰炸,4,low,,action
bond,/ˈbɑnd/,n./v.,纽带；联系,2,medium,,action
bone,/ˈboʊn/,n./v.,骨头；骨质,3,low,,action
bonus,/ˈboʊnəs/,n.,津贴；奖金,4,low,,description
book,/ˈbʊk/,n./v.,书；本子,1,high,,action
boom,/ˈbum/,n./v.,隆隆声；激增,3,medium,,action
boost,/ˈbust/,n./v.,推进；吹捧,4,low,,action
boot,/ˈbut/,n./v.,长统靴；靴,4,low,,action
booth,/ˈbuθ/,n.,岗；亭或小隔间,4,low,,description
border,/ˈbɔrdɝ/,n./v.,边缘；边境,4,low,,action
bored,/ˈbɔrd/,adj.,厌倦的；烦闷的,4,low,,description
boring,/ˈbɔrɪŋ/,adj.,乏味的；无聊的,3,medium,,description
born,/ˈbɔrn/,adj.,出生的,2,medium,,description
borrow,/ˈbɑˌroʊ/,v.,借用；借,2,high,,action
boss,/ˈbɑs/,n./v.,领班；老板,3,medium,,action
botanical,/bəˈtænɪkəl/,n./adj.,植物学的,4,low,,nature
both,/ˈboʊθ/,pron.,两；双,1,high,,description
bother,/ˈbɑðɝ/,n./v.,烦扰；迷惑,3,low,,action
bottle,/ˈbɑtəl/,n./v.,瓶子,2,high,,action
bottom,/ˈbɑtəm/,n./v./adj.,底部；底,3,low,,action
bounce,/ˈbaʊns/,n./v.,使弹跳；反弹,4,low,,action
bound,/ˈbaʊnd/,n./v./adj.,被束缚的；被绑的,4,low,,action
boundary,/ˈbaʊndɝi/,n.,边界；界限,3,low,,description
bow,/ˈbaʊ/,n./v.,鞠躬；弓形物,4,low,,action
bowl,/ˈboʊl/,n./v.,碗,2,medium,,action
bowling,/ˈboʊlɪŋ/,n.,保龄球,4,low,,description
box,/ˈbɑks/,n./v.,盒子；箱子,2,high,,action
boxing,/ˈbɑksɪŋ/,n.,拳击,4,low,,description
boy,/ˈbɔɪ/,n.,男孩,1,high,,description
brain,/ˈbreɪn/,n./v.,脑,1,high,,action
branch,/ˈbræntʃ/,n./v.,树枝；分枝,2,medium,,action
brand,/ˈbrænd/,n./v.,品牌,2,medium,,action
brave,/ˈbreɪv/,n./v./adj.,勇敢的,3,medium,,character
bread,/ˈbrɛd/,n./v.,面包,3,medium,,action
break,/ˈbreɪk/,n./v.,间隙,1,high,,action
breakfast,/ˈbrɛkfəst/,n.,早餐,2,medium,,description
breast,/ˈbrɛst/,n./v.,乳房；胸脯,4,low,,action
breath,/ˈbrɛθ/,n.,气息；呼吸,2,medium,,description
breathe,/ˈbrið/,v.,呼吸,3,medium,,action
brick,/ˈbrɪk/,n./v./adj.,砖；砖块,3,low,,action
bride,/ˈbraɪd/,n.,新娘,4,low,,description
bridegroom,/ˈbraɪdˌɡrum/,n.,新郎,4,low,,description
bridge,/ˈbrɪdʒ/,n./v.,桥,2,high,,action
brief,/ˈbrif/,n./v./adj.,简洁的,2,medium,,action
bright,/ˈbraɪt/,adj./adv.,明亮的；聪明的,2,high,,action
brilliant,/ˈbrɪljənt/,adj.,巧妙的；使人印象深刻的,2,medium,,description
bring,/ˈbrɪŋ/,v.,带来；产生,1,high,,action
britain,/ˈbrɪtən/,n.,英国；不列颠,1,high,,description
british,/ˈbrɪtɪʃ/,n./adj.,英国的；大不列颠的,2,high,,description
broad,/ˈbrɔd/,n./adj./adv.,宽的；宽大的,3,medium,,action
broadcast,/ˈbrɔdˌkæst/,n./v./adj./adv.,广播节目,3,medium,,action
brochure,/broʊˈʃʊr/,n.,资料手册,4,low,,description
broken,/ˈbroʊkən/,adj.,弄坏了的,3,medium,,description
brother,/ˈbrəðɝ/,n.,兄；弟,2,medium,,description
brown,/ˈbraʊn/,n./v./adj.,褐色；棕色,2,high,,action
brush,/ˈbrəʃ/,n./v.,刷；擦,3,medium,,action
bucket,/ˈbəkət/,n.,铲斗；桶,4,low,,description
budget,/ˈbədʒɪt/,n./v./adj.,预算；制定预算,3,low,,action
buffet,/ˈbəfət/,n./v.,自助餐,4,low,,action
build,/ˈbɪld/,n./v.,建造；构造,1,high,,action
building,/ˈbɪldɪŋ/,n.,建筑物；房屋,1,high,,description
bunch,/ˈbəntʃ/,n.,串；束,3,low,,description
burden,/ˈbɝdən/,n./v.,重担；使负重,3,medium,,action
burn,/ˈbɝn/,n./v.,燃；烧,2,high,,action
burst,/ˈbɝst/,n./v.,突然发生；突然发作,3,medium,,action
bury,/ˈbɛri/,v.,埋；葬,4,low,,action
bus,/ˈbəs/,n.,公共汽车,2,high,,description
bush,/ˈbʊʃ/,n.,灌木丛；矮树丛,3,medium,,description
business,/ˈbɪznəs/,n.,生意；事情,1,high,,description
businessman,/ˈbɪznəsˌmæn/,n.,商人；男企业家,3,medium,,description
busy,/ˈbɪzi/,v./adj.,忙的,1,high,,action
but,/ˈbət/,conj.,但是；可是,1,high,,description
butcher,/ˈbʊtʃɝ/,n./v.,肉店；屠夫屠宰,4,low,,action
butter,/ˈbətɝ/,n./v.,黄油；奶油,4,low,,action
button,/ˈbətən/,n./v.,纽扣；按钮,3,low,,action
buy,/ˈbaɪ/,n./v.,买,1,high,,action
by,/ˈbaɪ/,prep.,被；经,1,high,,description
bye,/ˈbaɪ/,interj.,再见,4,low,,description
cab,/ˈkæb/,n./v.,出租车,4,low,,action
cabbage,/ˈkæbədʒ/,n.,卷心菜；洋白菜,4,low,,description
cafe,/kæˈfeɪ/,n.,咖啡馆；餐馆,3,medium,,description
cafeteria,/ˌkæfəˈtɪriə/,n.,自助餐厅,4,low,,description
cage,/ˈkeɪdʒ/,n./v.,笼；鸟笼,3,medium,,action
cake,/ˈkeɪk/,n./v.,蛋糕；糕点,3,low,,action
calculate,/ˈkælkjəˌleɪt/,v.,计算；核算,3,medium,,action
calendar,/ˈkæləndɝ/,n./v.,日历；日程表,4,low,,action
call,/ˈkɔl/,n./v.,喊；叫,1,high,,action
calligraphy,/kəˈlɪɡrəfi/,n.,笔迹；书法,4,low,,description
calm,/ˈkɑlm/,n./v./adj.,镇静；沉着的,1,high,,action
calorie,/ˈkælɝi/,n.,卡路里,3,medium,,description
camel,/ˈkæməl/,n.,骆驼,4,low,,description
camera,/ˈkæmɝə/,n.,照相机；摄像机,2,medium,,description
camp,/ˈkæmp/,n./v.,营；野营,2,high,,action
campaign,/kæmˈpeɪn/,n./v.,运动；战役,2,medium,,action
campus,/ˈkæmpəs/,n.,校园；大学生活,3,medium,,education
can,/ˈkæn/,n./v.,能；可以,1,high,,action
canada,/ˈkænədə/,n.,加拿大,2,high,,description
canadian,/kəˈneɪdiən/,adj.,加拿大的；加拿大人的,3,medium,,description
canal,/kəˈnæl/,n./v.,运河；水道,3,low,,nature
cancel,/ˈkænsəl/,n./v.,取消,3,medium,,action
cancer,/ˈkænsɝ/,n.,癌,4,low,,description
candidate,/ˈkændədeɪt/,n.,候选人；申请人,3,low,,description
candle,/ˈkændəl/,n./v.,蜡烛,4,low,,action
candy,/ˈkændi/,n./v.,糖果,4,low,,action
canteen,/kænˈtin/,n.,餐厅；食堂,4,low,,description
cap,/ˈkæp/,n./v.,盖子；帽子,3,low,,action
capable,/ˈkeɪpəbəl/,adj.,有能力的；能的,4,low,,description
capacity,/kəˈpæsəti/,n.,容量；能力,3,low,,description
capital,/ˈkæpətəl/,n./adj.,首都；省会,2,medium,,description
capsule,/ˈkæpsəl/,n.,胶囊,4,low,,description
captain,/ˈkæptən/,n./v.,上校；船长,3,low,,action
car,/ˈkɑr/,n.,汽车；小卧车,1,high,,description
carbon,/ˈkɑrbən/,n.,碳,3,medium,,description
card,/ˈkɑrd/,n./v.,卡片；名片,2,high,,action
care,/ˈkɛr/,n./v.,照料；保护,1,high,"careful,careless",action
career,/kɝˈɪr/,n.,事业；生涯,3,low,,description
careful,/ˈkɛrfəl/,adj.,小心；仔细,2,high,care,description
careless,/ˈkɛrləs/,adj.,粗心的；漫不经心的,4,low,care,description
carpet,/ˈkɑrpət/,n./v.,地毯,3,low,,action
carriage,/ˈkærɪdʒ/,n.,四轮马车；客车厢,4,low,,description
carrot,/ˈkærət/,n.,胡萝卜,4,low,,description
carry,/ˈkæri/,n./v.,拿；搬,1,high,,action
cartoon,/kɑrˈtun/,n./v.,动画片；卡通,4,low,,action
carve,/ˈkɑrv/,v.,刻；雕刻,4,low,,action
case,/ˈkeɪs/,n./v.,情况；病例,1,high,,action
cash,/ˈkæʃ/,n./v.,现金；现钞,3,low,,action
cast,/ˈkæst/,n./v.,演员阵容；投掷,4,low,,action
castle,/ˈkæsəl/,n./v.,城堡,3,low,,action
casual,/ˈkæʒəwəl/,n./adj.,漫不经心的；不经意的,3,medium,,description
cat,/ˈkæt/,n./v.,猫,3,medium,,action
catalogue,/ˈkætəˌlɔɡ/,n./v.,目录,3,low,,action
catch,/ˈkætʃ/,n./v.,接住；捉住,1,high,,action
category,/ˈkætəˌɡɔri/,n.,类别；种类,3,medium,,description
cater,/ˈkeɪtɝ/,v.,提供饮食；承办酒席,3,medium,,action
cathedral,/kəˈθidrəl/,n.,大教堂,4,low,,description
catholic,/ˈkæθlɪk/,n./adj.,天主教的,4,low,,description
cattle,/ˈkætəl/,n.,牛；家畜,3,medium,,description
cause,/ˈkɑz/,n./v.,原因；起因,1,high,,action
cave,/ˈkeɪv/,n./v.,洞；穴,4,low,,action
cease,/ˈsis/,n./v.,停止；终了,4,low,,action
ceiling,/ˈsilɪŋ/,n.,天花板；顶棚,3,low,,description
celebrate,/ˈsɛləˌbreɪt/,v.,庆祝,2,high,,action
celebration,/ˌsɛləˈbreɪʃən/,n.,庆祝；庆祝会,3,medium,,description
celebrity,/səˈlɛbrɪti/,n.,名声；名人,4,low,,description
cell,/ˈsɛl/,n.,单元；细胞,4,medium,,description
cent,/ˈsɛnt/,n.,美分,4,low,,description
center,/ˈsɛnɝ/,n./v./adj.,中心；中心点,1,high,,action
centimeter,/ˈsɛntəˌmitɝ/,n.,厘米,4,low,,description
central,/ˈsɛntrəl/,adj.,中心；中心的,2,high,,description
century,/ˈsɛntʃɝi/,n.,世纪；百年,1,high,,description
ceremony,/ˈsɛrəˌmoʊni/,n.,典礼；仪式,3,medium,,description
certain,/ˈsɝtən/,adj.,确定的；某一个的,1,high,"certainly,uncertain",description
certainly,/ˈsɝtənli/,adv.,当然；一定,2,medium,certain,action
certificate,/sɝˈtɪfɪkət/,n./v.,证明；证明书,4,low,,reasoning
chain,/ˈtʃeɪn/,n./v.,链；链条,3,low,,action
chair,/ˈtʃɛr/,n./v.,椅子,2,high,,action
chairman,/ˈtʃɛrmən/,n.,主席；会长,3,low,,description
chairwoman,/ˈtʃɛrˌwʊmən/,n.,女主席；女会长,4,low,,description
chalk,/ˈtʃɑk/,n./v.,粉笔,4,low,,action
challenge,/ˈtʃæləndʒ/,n./v.,挑战；向,1,high,,action
champion,/ˈtʃæmpiən/,n./v./adj.,冠军；优胜者,4,low,,action
chance,/ˈtʃæns/,n./v.,机会；可能性,1,high,,action
change,/ˈtʃeɪndʒ/,n./v.,零钱；找头,1,high,,action
channel,/ˈtʃænəl/,n./v.,频道；通道,3,low,,action
chaos,/ˈkeɪɑs/,n.,混乱；杂乱,4,low,,description
chapter,/ˈtʃæptɝ/,n.,章,4,low,,description
character,/ˈkɛrɪktɝ/,n.,字；字体,2,high,,description
characteristic,/ˌkɛrəktɝˈɪstɪk/,n./adj.,典型的；独特的,2,medium,,description
charge,/ˈtʃɑrdʒ/,n./v.,要求收费；索价,1,high,,action
charity,/ˈtʃɛrɪti/,n.,慈悲；博爱,3,low,,description
chart,/ˈtʃɑrt/,n./v.,图表；航海图,4,low,,action
chat,/ˈtʃæt/,n./v.,聊天；闲谈,2,medium,,action
cheap,/ˈtʃip/,adj./adv.,便宜的；贱,3,medium,,action
cheat,/ˈtʃit/,n./v.,骗取；哄骗,4,low,,action
check,/ˈtʃɛk/,n./v.,检查；批改,1,high,,action
cheek,/ˈtʃik/,n.,面颊；脸蛋,4,low,,description
cheer,/ˈtʃɪr/,n./v.,欢呼；喝彩,2,medium,,action
cheese,/ˈtʃiz/,n.,奶酪,3,medium,,description
chef,/ˈʃɛf/,n.,厨师长；主厨,3,medium,,description
chemical,/ˈkɛməkəl/,n./adj.,化学的；化学品,2,medium,,science
chemist,/ˈkɛmɪst/,n.,药剂师；化学家,4,low,,science
chemistry,/ˈkɛməstri/,n.,化学,4,low,,science
cheque,/ˈtʃɛk/,n.,支票,4,low,,description
chess,/ˈtʃɛs/,n.,棋,4,low,,description
chest,/ˈtʃɛst/,n.,箱子；盒子,3,medium,,description
chew,/ˈtʃu/,n./v.,咀嚼,4,low,,action
chicken,/ˈtʃɪkən/,n.,鸡；鸡肉,2,medium,,description
chief,/ˈtʃif/,n./adj.,主要；首要的,3,medium,,description
child,/ˈtʃaɪld/,n.,孩子；儿童,1,high,,description
childhood,/ˈtʃaɪldˌhʊd/,n.,幼年时代；童年,2,high,,description
china,/ˈtʃaɪnə/,n./adj.,中国,1,high,,description
chinese,/tʃaɪˈniz/,n./adj.,中文；中国话,1,high,,description
chocolate,/ˈtʃɔklət/,n./adj.,巧克力,3,medium,,description
choice,/ˈtʃɔɪs/,n./adj.,选择；抉择,2,high,,description
choke,/ˈtʃoʊk/,n./v.,窒息,4,low,,action
choose,/ˈtʃuz/,v.,选择,1,high,,action
chopsticks,/ˈtʃɑpˌstɪks/,n.,筷子,3,medium,,description
chorus,/ˈkɔrəs/,n./v.,合唱,4,low,,action
christian,/ˈkrɪstʃən/,n./adj.,基督教徒和天主教徒的,4,low,,description
christmas,/ˈkrɪsməs/,n.,圣诞节,3,medium,,description
church,/ˈtʃɝtʃ/,n./v./adj.,教堂；教会,2,high,,action
cigarette,/ˌsɪɡɝˈɛt/,n.,纸烟；香烟,3,low,,description
cinema,/ˈsɪnəmə/,n.,电影院；电影,4,low,,description
circle,/ˈsɝkəl/,n./v.,圆圈；阶层,3,medium,,action
circuit,/ˈsɝkət/,n.,环形路线；巡回赛,4,low,,description
circulate,/ˈsɝkjəˌleɪt/,v.,环流；循环,4,low,,action
circumstance,/ˈsɝkəmˌstæns/,n.,条件；环境,3,medium,,nature
circus,/ˈsɝkəs/,n.,马戏团,3,medium,,description
cite,/ˈsaɪt/,v.,引用；引证,4,low,,action
citizen,/ˈsɪtəzən/,n.,公民；居民,2,high,,description
city,/ˈsɪti/,n.,市；城市,1,high,,description
civil,/ˈsɪvəl/,adj.,国内的；平民的,3,low,,description
civilian,/səˈvɪljən/,n./adj.,平民；平民的,4,low,,description
civilization,/ˌsɪvəlɪˈzeɪʃən/,n.,文明；教化,4,low,,description
claim,/ˈkleɪm/,n./v.,要求；要求权,4,low,,action
clap,/ˈklæp/,n./v.,鼓掌；拍手,4,low,,action
clarify,/ˈklɛrəˌfaɪ/,v.,澄清；阐明,4,low,,action
class,/ˈklæs/,n./v.,班；年级,1,high,,action
classic,/ˈklæsɪk/,n./adj.,一流的；典型的,2,high,,description
classical,/ˈklæsɪkəl/,adj.,传统的；古典的,3,medium,,culture
classify,/ˈklæsəˌfaɪ/,v.,分类；归类,4,low,,action
classmate,/ˈklæsˌmeɪt/,n.,同班同学,2,high,,description
classroom,/ˈklæsˌrum/,n.,教室,2,high,,description
clay,/ˈkleɪ/,n.,黏土；陶土,4,low,,description
clean,/ˈklin/,n./v./adj./adv.,弄干净；擦干净,1,high,,action
clear,/ˈklɪr/,n./v./adj./adv.,清晰的；清除,1,high,clearly,action
clearly,/ˈklɪrli/,adv.,清楚地；无疑地,2,high,clear,action
clerk,/ˈklɝk/,n./v.,书记员；办事员,4,low,,action
clever,/ˈklɛvɝ/,adj.,聪明的；伶俐的,2,high,,description
click,/ˈklɪk/,n./v.,点击；咔哒声,4,low,,action
client,/ˈklaɪənt/,n.,客户；顾客,4,low,,description
climate,/ˈklaɪmət/,n.,气候,3,medium,,nature
climb,/ˈklaɪm/,n./v.,爬；攀登,2,high,,action
clinic,/ˈklɪnɪk/,n.,诊所,4,low,,description
clock,/ˈklɑk/,n./v.,钟,2,high,,action
clone,/ˈkloʊn/,n.,克隆,4,low,,description
close,/ˈkloʊs/,n./v./adj./adv.,关闭；接近,1,high,,action
cloth,/ˈklɔθ/,n.,布,4,low,,description
clothes,/ˈkloʊðz/,n.,衣服；各种衣物,1,high,,description
clothing,/ˈkloʊðɪŋ/,n.,衣服,3,medium,,description
cloud,/ˈklaʊd/,n./v.,云；云状物,3,medium,,action
cloudy,/ˈklaʊdi/,adj.,多云的；阴天的,4,low,,description
club,/ˈkləb/,n./v./adj.,俱乐部；纸牌中的梅花,1,high,,action
clue,/ˈklu/,n./v.,线索；暗示,4,low,,mystery
coach,/ˈkoʊtʃ/,n./v.,教练；马车,2,high,,action
coal,/ˈkoʊl/,n./v.,煤；煤块,4,low,,action
coast,/ˈkoʊst/,n./v.,海岸；海滨,3,low,,action
coat,/ˈkoʊt/,n./v.,外套；外面覆盖,3,low,,action
coffee,/ˈkɑfi/,n.,咖啡,2,high,,description
coin,/ˈkɔɪn/,n./v.,硬币,3,medium,,action
cold,/ˈkoʊld/,n./adj./adv.,冷的；寒的,1,high,,action
collapse,/kəˈlæps/,n./v.,崩溃；倒塌,3,medium,,action
collar,/ˈkɑlɝ/,n./v.,衣领；硬领,4,low,,action
colleague,/ˈkɑliɡ/,n.,同事,2,high,,description
collect,/kəˈlɛkt/,v./adj./adv.,收集；搜集,1,high,,action
collection,/kəˈlɛkʃən/,n.,收藏品；收集物,2,high,,description
college,/ˈkɑlɪdʒ/,n.,学院；专科学校,1,high,,"science,education"
color,/ˈkəlɝ/,n./v.,颜色；面色,2,high,,action
column,/ˈkɑləm/,n.,专栏；圆柱,4,low,,description
combine,/ˈkɑmbaɪn/,n./v.,使联合；使结合,2,high,,action
come,/ˈkəm/,v./interj.,过来；来,1,high,,action
comedy,/ˈkɑmədi/,n.,喜剧,2,medium,,description
comfort,/ˈkəmfɝt/,n./v.,安慰；使舒适,1,high,,action
comfortable,/ˈkəmfɝtəbəl/,n./adj.,舒服的；轻松的,1,high,uncomfortable,description
comic,/ˈkɑmɪk/,n./adj.,连环漫画；喜剧演员,4,low,,description
command,/kəˈmænd/,n./v.,命令,4,low,,action
comment,/ˈkɑmɛnt/,n./v.,评论,2,high,,action
commercial,/kəˈmɝʃəl/,n./adj.,商业的；商用的,2,medium,,economy
commit,/kəˈmɪt/,v.,犯；自杀,4,low,commitment,action
commitment,/kəˈmɪtmənt/,n.,承诺；允诺,3,medium,commit,description
committee,/kəˈmɪti/,n.,委员会,4,low,,description
common,/ˈkɑmən/,adj.,普通；一般,1,high,,description
communicate,/kəmˈjunəˌkeɪt/,v.,交际；传达,2,high,,action
communication,/kəmˌjunəˈkeɪʃən/,n.,交际；交往,1,high,,description
communist,/ˈkɑmjənəst/,n.,共产主义者；共产党的,4,low,,description
community,/kəmˈjunəti/,n.,社区；公众,2,high,,description
companion,/kəmˈpænjən/,n./v.,同伴；同事,3,medium,,action
company,/ˈkəmpəˌni/,n./v.,公司,1,high,,economy
compare,/kəmˈpɛr/,n./v.,比较；对照,1,high,,reasoning
comparison,/kəmˈpɛrəsən/,n.,比较；对照,3,medium,,reasoning
compensate,/ˈkɑmpənˌseɪt/,v.,补偿；弥补,3,medium,,action
compete,/kəmˈpit/,v.,比赛；竞赛,2,high,,action
competence,/ˈkɑmpətɪns/,n.,能力；胜任,4,low,,description
competition,/ˌkɑmpəˈtɪʃən/,n.,比赛；竞赛,3,low,,description
competitor,/kəmˈpɛtətɝ/,n.,竞赛者；比赛者,4,low,,description
complain,/kəmˈpleɪn/,v.,抱怨；抗议,3,low,,action
complete,/kəmˈplit/,v./adj.,完成；结束,1,high,,action
complex,/ˈkɑmplɛks/,n./adj.,复杂的；建筑群,2,high,,description
complicated,/ˈkɑmpləˌkeɪtəd/,adj.,复杂的,4,low,,description
component,/kəmˈpoʊnənt/,n./adj.,组成部分；部件,3,low,,description
compose,/kəmˈpoʊz/,v.,组成；写作,4,low,,education
composition,/ˌkɑmpəˈzɪʃən/,n.,作文；作曲,3,low,,description
comprehension,/ˌkɑmpriˈhɛnʃən/,n.,理解,4,low,,description
comprehensive,/ˌkɑmpriˈhɛnsɪv/,adj.,广泛的；有理解力的,4,low,,description
comprise,/kəmˈpraɪz/,v.,包含；构成,4,low,,action
compromise,/ˈkɑmprəˌmaɪz/,n./v.,妥协；折中,3,medium,,action
compulsory,/kəmˈpəlsɝi/,adj.,强制的；必须做的,4,low,,description
computer,/kəmˈpjutɝ/,n.,电子计算机,2,high,,science
conceal,/kənˈsiːl/,v.,隐藏；掩盖,1,low,,"action,mystery"
concentrate,/ˈkɑnsənˌtreɪt/,n./v.,聚精会神,3,medium,,action
concept,/ˈkɑnsɛpt/,n.,概念,2,medium,,description
concern,/kənˈsɝn/,n./v.,涉及；关心,1,high,,action
concert,/ˈkɑnsɝt/,n./v.,音乐会；演奏会,2,medium,,culture
conclude,/kənˈklud/,v.,完成；结束,4,low,,action
conclusion,/kənˈkluʒən/,n.,结论；结束,3,medium,,reasoning
concrete,/ˈkɑnkrit/,n./v./adj.,混凝土；具体的,4,low,,action
condemn,/kənˈdɛm/,v.,谴责；指责,4,low,,action
condition,/kənˈdɪʃən/,n./v.,条件；状况,1,high,,action
conduct,/ˈkɑndəkt/,n./v.,行为；实施,2,high,,action
conference,/ˈkɑnfɝəns/,n.,会议；讨论,4,low,,description
confidence,/ˈkɑnfədəns/,n.,信心,2,high,,description
confident,/ˈkɑnfədənt/,adj.,自信的,3,medium,,description
confirm,/kənˈfɝm/,v.,证实；证明,2,high,,reasoning
conflict,/ˈkɑnflɪkt/,n./v.,争论；战斗,2,high,,action
confucianism,/kənˈfjuʃəˌnɪzəm/,n.,孔子思想；儒家思想,4,low,,description
confucius,/kənˈfjuʃəs/,n.,孔子,4,low,,description
confuse,/kənˈfjuz/,v.,使迷惑；混淆,4,low,,action
confused,/kənˈfjuzd/,adj.,困惑的；混乱的,2,medium,,description
congratulation,/kənˌɡrætʃəˈleɪʃən/,n.,祝贺；庆贺,4,low,,description
connect,/kəˈnɛkt/,v.,连接；把,2,high,,action
connection,/kəˈnɛkʃən/,n.,连接物；接触,1,high,,description
conscience,/ˈkɑnʃəns/,n.,良心；良知,4,low,,description
consensus,/kənˈsɛnsəs/,n.,一致的意见；共识,4,low,,description
consequence,/ˈkɑnsəkwəns/,n.,结果；重要性,3,medium,,description
conservation,/ˌkɑnsɝˈveɪʃən/,n.,保存；保护,3,medium,,description
consider,/kənˈsɪdɝ/,v.,考虑,1,high,,action
consideration,/kənˌsɪdɝˈeɪʃən/,n.,考虑；关心,3,medium,,description
consist,/kənˈsɪst/,v.,包含；组成,3,low,,action
consistent,/kənˈsɪstənt/,adj.,一致的；始终如一的,4,low,,description
constant,/ˈkɑnstənt/,n./adj.,经常的；不断的,2,medium,,description
constitution,/ˌkɑnstəˈtuʃən/,n.,构成；宪法,4,low,,description
construct,/ˈkɑnstrəkt/,n./v.,构筑；建造,3,medium,,action
construction,/kənˈstrəkʃən/,n.,建造；建设,3,medium,,description
consult,/kənˈsəlt/,v.,咨询；商量,3,medium,,action
consultant,/kənˈsəltənt/,n.,顾问,4,low,,description
consultation,/ˌkɑnsəlˈteɪʃən/,n.,请教；咨询,4,low,,description
consume,/kənˈsum/,v.,消耗；耗费,2,high,,action
consumption,/kənˈsəmpʃən/,n.,消费；消费量,3,medium,,economy
contact,/ˈkɑnˌtækt/,n./v.,联系；交际,2,medium,,action
contain,/kənˈteɪn/,v.,包含；包括,2,medium,,action
container,/kənˈteɪnɝ/,n.,容器,3,medium,,description
contemporary,/kənˈtɛmpɝˌɛri/,n./adj.,同时代的人；同时代的,2,medium,,description
content,/ˈkɑntɛnt/,n./v./adj.,内容；满意的,2,high,,action
contest,/ˈkɑntɛst/,n./v.,竞赛；争论,4,low,,action
context,/ˈkɑntɛkst/,n.,上下文；背景,3,low,,description
continent,/ˈkɑntənənt/,n./adj.,大陆；大洲,3,medium,,description
continue,/kənˈtɪnju/,v.,继续,1,high,,action
contract,/ˈkɑnˌtrækt/,n./v.,合约；婚约,3,low,,action
contradictory,/ˌkɑntrəˈdɪktɝi/,n./adj.,相互矛盾；对立的,4,low,,description
contrary,/ˈkɑntrɛri/,n./adj./adv.,相反相反的,4,low,,action
contrast,/ˈkɑntræst/,n./v.,差别；对比,3,low,,action
contribute,/kənˈtrɪbjut/,v.,贡献,3,medium,,action
contribution,/ˌkɑntrəbˈjuʃən/,n.,贡献,2,high,,description
control,/kənˈtroʊl/,n./v.,控制,1,high,,action
controversial,/ˌkɑntrəˈvɝʃəl/,adj.,引起争论的；有争议的,4,low,,description
convenient,/kənˈvinjənt/,adj.,便利的；方便的,3,medium,,description
conventional,/kənˈvɛnʃənəl/,adj.,依照惯例的；习惯的,4,low,,description
conversation,/ˌkɑnvɝˈseɪʃən/,n.,谈话；交谈,1,high,,description
convey,/kənˈveɪ/,v.,表达；传递,4,low,,action
convince,/kənˈvɪns/,v.,使确信；使信服,3,medium,,action
cook,/ˈkʊk/,n./v.,炊事员；厨师,1,high,,action
cookie,/ˈkʊki/,n.,小甜饼,3,medium,,description
cool,/ˈkul/,n./v./adj.,凉爽的；冷静的,2,high,,action
cooperate,/ˈkwɑpɝˌeɪt/,v.,合作；协力,4,low,,social
copy,/ˈkɑpi/,n./v.,副本；摹仿,2,medium,,action
core,/ˈkɔr/,n./v.,核心；果心,3,low,,action
corn,/ˈkɔrn/,n./v.,玉米；谷物,3,low,,action
corner,/ˈkɔrnɝ/,n./v.,角；角落,3,medium,,action
corporate,/ˈkɔrpɝət/,adj.,社团的；合伙的,4,low,,description
corporation,/ˌkɔrpɝˈeɪʃən/,n.,公司,3,low,,economy
correct,/kɝˈɛkt/,v./adj.,改正；纠正,2,high,,action
correspond,/ˌkɔrəˈspɑnd/,v.,符合；通信,4,low,,action
cost,/ˈkɑst/,n./v.,代价；价值,1,high,,action
costume,/ˈkɑstum/,n.,装束；服装,4,low,,description
cottage,/ˈkɑtədʒ/,n.,小屋；村舍,3,low,,description
cotton,/ˈkɑtən/,n./v.,棉花；棉花的,4,low,,action
cough,/ˈkɑf/,n./v.,咳嗽,4,low,,action
could,/ˈkʊd/,v.,可以；能,1,high,,action
council,/ˈkaʊnsəl/,n.,会议；委员会,3,low,,description
count,/ˈkaʊnt/,n./v.,数；点数,2,high,discount,action
counter,/ˈkaʊntɝ/,n./adj./adv.,柜台；结账处,3,low,,action
country,/ˈkəntri/,n./adj.,国家；农村,1,high,,description
countryside,/ˈkəntriˌsaɪd/,n.,乡下；农村,2,medium,,description
county,/ˈkaʊni/,n.,县；郡,4,medium,,description
couple,/ˈkəpəl/,n./v.,夫妇；一对,2,high,,action
courage,/ˈkɝədʒ/,n.,勇气；胆略,3,medium,discourage,description
course,/ˈkɔrs/,n./v.,过程；经过,1,high,,action
court,/ˈkɔrt/,n./v.,法庭；法院,3,medium,,action
cousin,/ˈkəzən/,n.,堂兄弟；堂姐妹,3,low,,description
cover,/ˈkəvɝ/,n./v.,盖子；罩,1,high,discover,action
coverage,/ˈkəvɝədʒ/,n.,覆盖的范围；保险总额,4,low,,description
cow,/ˈkaʊ/,n./v.,母牛；奶牛,3,low,,action
crash,/ˈkræʃ/,n./v./adj.,碰撞；撞击,2,medium,,action
crayon,/ˈkreɪˌɑn/,n./v.,蜡笔；蜡笔画,4,low,,action
crazy,/ˈkreɪzi/,adj.,疯狂的,2,high,,description
cream,/ˈkrim/,n.,奶油；乳脂,3,medium,,description
create,/kriˈeɪt/,v.,创造；造成,1,high,,action
creative,/kriˈeɪtɪv/,adj.,有创造力的；创作的,2,high,,culture
creature,/ˈkritʃɝ/,n.,生物；动物,2,high,,"nature,science"
credit,/ˈkrɛdət/,n./v.,信用；信赖,2,medium,,action
crew,/ˈkru/,n.,全体船员,3,medium,,description
crime,/ˈkraɪm/,n.,罪；犯罪,3,low,,mystery
criminal,/ˈkrɪmənəl/,n./adj.,罪犯,4,low,,description
crisis,/ˈkraɪsəs/,n.,危机；危险期,4,low,,description
criterion,/kraɪˈtɪriən/,n.,标准；准则,3,low,,description
critical,/ˈkrɪtɪkəl/,adj.,批评的；决定性的,4,low,,description
criticize,/ˈkrɪtɪˌsaɪz/,v.,批评；吹毛求疵,4,low,,action
crop,/ˈkrɑp/,n./v.,庄稼；收成,3,medium,,action
cross,/ˈkrɔs/,n./v./adj.,十字架；十字架形物件,2,high,,action
crowd,/ˈkraʊd/,n./v.,人群；拥挤,1,high,,action
crucial,/ˈkruʃəl/,adj.,决定性的；重要的,4,low,,description
cruel,/ˈkruəl/,adj.,残忍的；残酷的,3,medium,,description
cry,/ˈkraɪ/,n./v.,叫喊；哭声,2,high,,action
cuisine,/kwɪˈzin/,n.,饭菜；佳肴,4,low,,description
culture,/ˈkəltʃɝ/,n./v.,文化,1,high,,culture
cup,/ˈkəp/,n./v.,茶杯,2,high,,action
cupboard,/ˈkəbɝd/,n.,碗柜；橱柜,4,low,,description
cure,/ˈkjʊr/,n./v.,治疗；医好,2,high,,action
curious,/ˈkjʊriəs/,adj.,好奇的；奇异的,2,high,,description
currency,/ˈkɝənsi/,n.,货币；现金,3,low,,economy
current,/ˈkɑrənt/,n./adj.,涌流；趋势,4,low,,description
curriculum,/kɝˈɪkjələm/,n.,全部课程,4,low,,education
curtain,/ˈkɝtən/,n./v.,窗帘,2,medium,,action
custom,/ˈkəstəm/,n./adj.,习惯；习俗,3,low,,culture
customer,/ˈkəstəmɝ/,n.,顾客；主顾,1,high,,description
cut,/ˈkət/,n./v./adj.,切口；割伤,1,high,,action
cute,/ˈkjut/,adj.,可爱的；聪明的,4,low,,description
cycle,/ˈsaɪkəl/,n./v.,骑自行车,3,medium,,action
daily,/ˈdeɪli/,n./adj./adv.,每日的；日常的,2,high,,action
dam,/ˈdæm/,n./v.,水坝；堰堤,4,low,,action
damage,/ˈdæmədʒ/,n./v.,毁坏；损害,1,high,,action
damp,/ˈdæmp/,n./v./adj.,潮湿,4,low,,action
dance,/ˈdæns/,n./v.,凉爽的；冷静的,2,high,,action
danger,/ˈdeɪndʒɝ/,n.,危险,2,high,,description
dangerous,/ˈdeɪndʒɝəs/,adj.,危险的,3,medium,,description
dare,/ˈdɛr/,n./v.,敢于；敢,3,medium,,action
dark,/ˈdɑrk/,n./adj.,黑暗；暗处,2,high,darkness,description
darkness,/ˈdɑrknəs/,n.,黑暗；阴暗,4,low,dark,description
data,/ˈdætə/,n.,资料；数据,1,high,,science
database,/ˈdætəˌbeɪs/,n.,资料库；数据库,4,low,,science
date,/ˈdeɪt/,n./v.,日期；约会,2,high,,action
daughter,/ˈdɔtɝ/,n./adj.,女儿,2,high,,description
dawn,/ˈdɔn/,n./v.,黎明；拂晓,4,low,,action
day,/ˈdeɪ/,n.,天；日,1,high,,description
dead,/ˈdɛd/,n./adj./adv.,死的；无生命的,3,medium,,action
deadline,/ˈdɛdˌlaɪn/,n.,最后期限；截止日期,3,medium,,description
deaf,/ˈdɛf/,adj.,聋的,3,medium,,description
deal,/ˈdil/,n./v.,数额；交易,1,high,,action
dear,/ˈdɪr/,n./adj./adv./interj.,哎呀；唷,2,medium,,action
death,/ˈdɛθ/,n.,死,2,medium,,description
debate,/dəˈbeɪt/,n./v.,讨论；辩论,3,medium,,action
debt,/ˈdɛt/,n.,债务；欠款,3,medium,,description
decade,/ˈdɛkeɪd/,n.,十年期,2,high,,description
december,/dɪˈsɛmbɝ/,n.,月,2,high,,description
decent,/ˈdisənt/,adj.,有分寸的；得体的,4,low,,description
decide,/ˌdɪˈsaɪd/,v.,决定；下决心,1,high,,action
decision,/dɪˈsɪʒən/,n.,决定；决心,1,high,,description
declare,/dɪˈklɛr/,v.,声明；断言,2,medium,,action
decline,/dɪˈklaɪn/,n./v.,减少；下降,2,medium,,action
decorate,/ˈdɛkɝˌeɪt/,v.,装饰；修饰,2,medium,,action
decoration,/ˌdɛkɝˈeɪʃən/,n.,装饰；修饰,3,medium,,description
decrease,/ˈdiˌkris/,n./v.,减少；减小,4,low,,action
deduce,/dɪˈduːs/,v.,推断；推论,1,low,,reasoning
deep,/ˈdip/,n./adj./adv.,深；深厚,1,high,deeply,action
deeply,/ˈdipli/,adv.,深深地,2,medium,deep,action
deer,/ˈdɪr/,n.,鹿,3,low,,description
defeat,/dɪˈfit/,n./v.,击败；失败,3,medium,,action
defence,/dɪˈfɛns/,n.,防御；防务,4,low,,description
defend,/dɪˈfɛnd/,v.,防守；保卫,4,low,,action
definitely,/ˈdɛfənətli/,adv.,明确无疑地；清楚地,4,low,,action
definition,/ˌdɛfəˈnɪʃən/,n.,定义；精确度,4,low,,description
degree,/dɪˈɡri/,n.,程度；度数,2,high,,description
delay,/dɪˈleɪ/,n./v.,拖延；延误,2,high,,action
delete,/dɪˈlit/,v.,删去,4,low,,action
deliberately,/dɪˈlɪbɝətli/,adv.,故意；蓄意,3,low,,action
delicate,/ˈdɛləkət/,adj.,易损的；易碎的,4,low,,description
delicious,/dɪˈlɪʃəs/,adj.,美味的；可口的,2,high,,description
delight,/dɪˈlaɪt/,n./v.,乐趣；使人高兴的事,2,medium,,action
delighted,/dɪˈlaɪtəd/,adj.,高兴的；快乐的,2,medium,,emotion
deliver,/dɪˈlɪvɝ/,v.,投递,2,high,,action
demand,/dɪˈmænd/,n./v.,需要,4,high,,action
demonstrate,/ˈdɛmənˌstreɪt/,v.,示范；证明,4,low,,reasoning
dentist,/ˈdɛnɪst/,n.,牙科医生,4,low,,description
deny,/dɪˈnaɪ/,v.,否认；拒绝,4,low,,action
department,/dɪˈpɑrtmənt/,n.,部门；司,2,high,,description
departure,/dɪˈpɑrtʃɝ/,n.,离开；启程,4,low,,description
depend,/dɪˈpɛnd/,v.,依靠；依赖,2,high,,action
deposit,/dəˈpɑzɪt/,n./v.,订金；押金,3,medium,,action
depress,/dɪˈprɛs/,v.,使沮丧；压低,4,low,,action
depth,/ˈdɛpθ/,n.,深；深度,3,medium,,description
describe,/dɪsˈkraɪb/,v.,描写；叙述,1,high,,action
description,/dɪsˈkrɪpʃən/,n.,描述；描写,2,medium,,description
desert,/ˈdɛzɝt/,n./v./adj.,沙漠,3,low,,action
deserve,/dɪˈzɝv/,v.,应得；应受,3,medium,,action
design,/dɪˈzaɪn/,n./v.,设计；策划图案,1,high,,action
desire,/dɪˈzaɪɝ/,n./v.,要求；期望,2,high,,action
desk,/ˈdɛsk/,n.,书桌；写字台,2,high,,description
desperate,/ˈdɛspɝɪt/,adj.,不顾一切的；危急的,4,low,,description
despite,/dɪˈspaɪt/,prep.,轻视；憎恨,3,low,,description
dessert,/dɪˈzɝt/,n.,甜点,4,low,,description
destination,/ˌdɛstəˈneɪʃən/,n.,目的地；终点,3,medium,,description
destroy,/dɪˈstrɔɪ/,v.,破坏；毁坏,3,medium,,action
detail,/ˈditeɪl/,n./v.,细节；详情,4,low,,action
detect,/dɪˈtɛkt/,v.,发现；察觉,3,medium,,action
detective,/dɪˈtɛktɪv/,n./adj.,侦探,4,low,,description
determination,/dɪˌtɝməˈneɪʃən/,n.,决心,4,low,,description
determine,/dəˈtɝmən/,v.,决定；决心,2,high,,action
develop,/dɪˈvɛləp/,v.,发展；使发达,1,high,development,action
development,/dɪˈvɛləpmənt/,n.,发展；发达,1,high,develop,description
device,/dɪˈvaɪs/,n.,装置；设计,2,medium,,description
devote,/dɪˈvoʊt/,v.,把；奉献,4,low,,action
diagram,/ˈdaɪəˌɡræm/,n.,图表；图样,4,low,,description
dialogue,/ˈdaɪəˌlɔɡ/,n./v.,对话,3,medium,,action
diamond,/ˈdaɪmənd/,n.,钻石；金刚石,4,low,,description
diary,/ˈdaɪɝi/,n.,日记；日记簿,3,medium,,description
dictionary,/ˈdɪkʃəˌnɛri/,n.,词典；字典,4,low,,description
die,/ˈdaɪ/,n./v.,死,3,medium,,action
diet,/ˈdaɪət/,n./v.,饮食,2,high,,action
differ,/ˈdɪfɝ/,v.,相异；有区别,3,medium,,action
difference,/ˈdɪfɝəns/,n.,不同,1,high,,description
different,/ˈdɪfɝənt/,adj.,不同的；有差异的,1,high,,description
difficult,/ˈdɪfəkəlt/,adj.,难的；不易相处的,1,high,,description
difficulty,/ˈdɪfəkəlti/,n.,困难；费力,1,high,,description
dig,/ˈdɪɡ/,n./v.,挖；翻土,3,medium,,action
digest,/ˈdaɪdʒɛst/,n./v.,消化；理解,3,medium,,action
digital,/ˈdɪdʒətəl/,n./adj.,数字的；数码的,3,medium,,description
dignity,/ˈdɪɡnəti/,n.,庄重；庄严,4,low,,description
dilemma,/dɪˈlɛmə/,n.,窘境；困境,4,low,,description
dimension,/dɪˈmɛnʃən/,n./v.,量度；尺寸,4,low,,action
dining,/ˈdaɪnɪŋ/,n.,正餐；宴会,3,medium,,description
dinner,/ˈdɪnɝ/,n.,正餐；宴会,1,high,,description
dinosaur,/ˈdaɪnəˌsɔr/,n.,恐龙,4,low,,description
dip,/ˈdɪp/,n./v.,浸；蘸,4,low,,action
direct,/daɪˈrɛkt/,v./adj./adv.,直接的；坦白的,2,high,,action
direction,/daɪˈrɛkʃɪn/,n.,方向；方位,2,high,,description
director,/daɪˈrɛktɝ/,n.,所长；处长,1,high,,description
directory,/daɪˈrɛktɝi/,n.,姓名地址录,4,low,,description
dirt,/ˈdɝt/,n.,污物；脏物,3,low,,description
dirty,/ˈdɝti/,v./adj.,脏的,4,low,,action
disability,/ˌdɪsəˈbɪlɪti/,n.,残疾；无能,3,medium,ability,description
disabled,/dɪˈseɪbəld/,adj.,残废的；残疾的,2,high,,description
disadvantage,/ˌdɪsədˈvænɪdʒ/,n.,不利条件；弱点,3,medium,advantage,description
disagree,/dɪsəˈɡri/,v.,意见不一致；持不同意见,4,low,agree,action
disappear,/ˌdɪsəˈpir/,v.,消失,1,high,appear,action
disappointed,/ˌdɪsəˈpɔɪnɪd/,adj.,失望的,2,high,,description
disappointment,/ˌdɪsəˈpɔɪntmənt/,n.,失望；沮丧,4,low,appointment,description
disaster,/dɪˈzæstɝ/,n.,灾难；祸患,3,medium,,description
discern,/dɪˈsɜːrn/,v.,辨别；识别,3,low,,reasoning
discipline,/ˈdɪsəplən/,n./v.,训练；纪律,4,low,,action
discount,/ˈdɪskaʊnt/,n./v.,折扣,2,medium,count,action
discourage,/dɪˈskɝɪdʒ/,v.,气馁；打消,2,high,courage,action
discover,/dɪˈskəvɝ/,v.,发现,1,high,cover,action
discovery,/ˌdɪsˈkəvri/,n.,发现,2,high,,description
discrimination,/dɪsˌkrɪməˈneɪʃən/,n.,歧视,3,medium,,description
discuss,/dɪˈskəs/,v.,讨论；议论,1,high,,action
discussion,/dɪˈskəʃən/,n.,讨论；辩论,2,high,,description
disease,/dɪˈziz/,n.,病；疾病,2,high,ease,description
dish,/ˈdɪʃ/,n.,盘；碟,3,medium,,description
disk,/ˈdɪsk/,n.,圆盘；磁盘,4,low,,description
dismiss,/dɪsˈmɪs/,v.,让；离开,3,low,miss,action
display,/dɪsˈpleɪ/,n./v.,显示；陈列,4,low,play,action
distance,/ˈdɪstəns/,n.,距离,2,high,,description
distant,/ˈdɪstənt/,adj.,远的；遥远的,3,medium,,description
distinct,/dɪˈstɪŋkt/,adj.,清楚的；显著的,4,low,,description
distinction,/dɪˈstɪŋkʃən/,n.,差别；区别,4,low,,description
distinguish,/dɪˈstɪŋɡwɪʃ/,v.,区分；辨别,4,low,,reasoning
distribute,/dɪˈstrɪbjut/,v.,分发；分配,3,low,,action
distribution,/ˌdɪstrəbˈjuʃən/,n.,分配,3,low,,description
district,/ˈdɪstrɪkt/,n.,区；地区,2,medium,,description
disturb,/dɪˈstɝb/,v.,扰乱；打扰,2,high,,action
dive,/ˈdaɪv/,n./v.,跳水,3,medium,,action
diverse,/daɪˈvɝs/,adj.,不同的；多种多样,2,medium,,description
divide,/dɪˈvaɪd/,n./v.,分；划分,3,medium,,action
division,/dɪˈvɪʒən/,n.,除,3,low,,description
divorce,/dɪˈvɔrs/,n./v.,离婚,4,low,,action
dizzy,/ˈdɪzi/,v./adj.,头眩目晕的,4,low,,action
do,/ˈdu/,v.,做；干,1,high,,action
doctor,/ˈdɑktɝ/,n./v.,医生；大夫,1,high,,action
document,/ˈdɑkjəmɛnt/,n./v.,文件；文献,3,medium,,action
dog,/ˈdɔɡ/,n./v.,狗,2,high,,action
doll,/ˈdɑl/,n.,玩偶；玩具娃娃,4,low,,description
dollar,/ˈdɑlɝ/,n.,元,2,high,,description
dolphin,/ˈdɑlfən/,n.,海豚,4,low,,description
domain,/doʊˈmeɪn/,n.,领域；领土,4,low,,description
domestic,/dəˈmɛstɪk/,adj.,家庭的；国内的,4,low,,description
dominate,/ˈdɑməˌneɪt/,v.,支配；占优势,4,low,,action
donate,/ˈdoʊˌneɪt/,v.,捐赠,3,medium,,action
door,/ˈdɔr/,n.,门,1,high,,description
dormitory,/ˈdɔrməˌtɔri/,n.,学生宿舍,4,low,,education
dot,/ˈdɑt/,n./v.,点；小点,4,low,,action
double,/ˈdəbəl/,n./v./adj.,两倍；双的,2,medium,,action
doubt,/ˈdaʊt/,n./v.,怀疑；疑惑,2,high,,action
down,/ˈdaʊn/,prep.,沿着；沿,1,high,,description
download,/ˈdaʊnˌloʊd/,n.,下载,4,low,,description
downstairs,/ˈdaʊnˈstɛrz/,n./adj./adv.,在楼下；到楼下,4,low,,action
downtown,/ˈdaʊnˈtaʊn/,n./adj./adv.,市中心区；市中心的,3,medium,,action
dozen,/ˈdəzən/,n./adj.,十二个；几十,2,high,,description
draft,/ˈdræft/,n./v.,草稿；草案,4,low,,action
drag,/ˈdræɡ/,n./v.,拖；拽,4,low,,action
dragon,/ˈdræɡən/,n.,龙；凶暴的人,4,low,,description
drama,/ˈdrɑmə/,n.,戏剧；戏剧艺术,3,low,,culture
dramatic,/drəˈmætɪk/,adj.,戏剧性的；生动的,4,low,,description
draw,/ˈdrɔ/,n./v.,绘画；绘制,2,medium,,culture
drawer,/ˈdrɔr/,n.,抽屉,4,low,,description
drawing,/ˈdrɔɪŋ/,n.,图画；素描,2,high,,description
dream,/ˈdrim/,n./v.,梦；梦想,1,high,,action
dress,/ˈdrɛs/,n./v.,服装；覆盖物,2,high,,action
drill,/ˈdrɪl/,n./v.,钻孔机；钻子,4,low,,action
drink,/ˈdrɪŋk/,n./v.,饮料；喝酒,1,high,,action
drive,/ˈdraɪv/,n./v.,驾驶；开,1,high,,action
driver,/ˈdraɪvɝ/,n.,司机；驾驶员,2,high,,description
drop,/ˈdrɑp/,n./v.,滴；掉下,4,high,,action
drought,/ˈdraʊt/,n.,干旱；缺乏,4,low,,description
drown,/ˈdraʊn/,v.,溺死；淹没,4,low,,action
drug,/ˈdrəɡ/,n./v.,药；药物,4,low,,action
drum,/ˈdrəm/,n./v.,鼓,4,low,,action
drunk,/ˈdrəŋk/,adj.,喝；饮,4,low,,description
dry,/ˈdraɪ/,n./v./adj.,使；干,2,medium,,action
duck,/ˈdək/,n./v.,鸭子,3,medium,,action
due,/ˈdju/,n./adj.,预期的；约定的,3,medium,,description
dull,/ˈdəl/,v./adj.,阴暗的；单调无味,2,high,,action
dumpling,/ˈdəmplɪŋ/,n.,饺子,4,low,,description
duration,/ˈdʊˈreɪʃən/,n.,持续时间；持续,3,medium,,description
during,/ˈdɝɪŋ/,prep.,在；期间,1,high,,description
dust,/ˈdəst/,n./v.,灰尘；尘土,3,medium,,action
duty,/ˈdjuti/,n.,责任；义务,2,high,,description
dynamic,/daɪˈnæmɪk/,n./adj.,充满活力；精力充沛的,4,low,,description
dynasty,/ˈdaɪnəsti/,n.,王朝；朝代,3,medium,,description
each,/ˈitʃ/,pron.,每人；每个,1,high,,description
eager,/ˈiɡɝ/,adj.,渴望的；热切的,2,high,,description
eagle,/ˈiɡəl/,n.,鹰,4,low,,description
ear,/ˈir/,n./v.,耳朵；耳状物,2,medium,,action
early,/ˈɝli/,adj./adv.,早的；早地,1,high,,action
earn,/ˈɝn/,v.,挣得；赚得,2,high,,action
earth,/ˈɝθ/,n./v.,地球；土,2,medium,,action
earthquake,/ˈɝθˌkweɪk/,n.,地震,4,low,,description
ease,/ˈiz/,n./v.,减轻；缓解,4,low,disease,action
easily,/ˈizəli/,adv.,容易地,1,high,,action
east,/ˈist/,n./adj./adv.,东方；东,2,high,,action
eastern,/ˈistɝn/,n./adj.,东方的；东部的,3,medium,,description
easy,/ˈizi/,adj./adv.,容易的；不费力的,1,high,,action
eat,/ˈit/,v.,吃,1,high,,action
ecology,/iˈkɑlədʒi/,n.,生态；生态学,4,low,,nature
economic,/ˌɛkəˈnɑmɪk/,adj.,经济上的；实用的,3,low,,economy
edge,/ˈɛdʒ/,n./v.,边缘,2,high,,action
edition,/əˈdɪʃən/,n.,版,4,low,,description
editor,/ˈɛdətɝ/,n.,编辑,3,medium,,description
educate,/ˈɛdʒəˌkeɪt/,v.,教育；培养,2,high,,education
education,/ˌɛdʒəˈkeɪʃən/,n.,教育；培养,1,high,,education
educator,/ˈɛdʒəˌkeɪtɝ/,n.,教育家,3,low,,education
effect,/ˈifɛkt/,n./v.,效果；作用,1,high,,action
efficient,/ɪˈfɪʃənt/,adj.,有效率的；能干的,3,low,,description
effort,/ˈɛfɝt/,n.,努力；艰难的尝试,1,high,,description
egg,/ˈɛɡ/,n./v.,蛋；卵,2,high,,action
eight,/ˈeɪt/,num.,八,2,high,,description
eighteen,/ˈeɪˈtin/,num.,十八,3,low,,description
eighth,/ˈeɪtθ/,num.,第八,4,low,,description
eighty,/ˈeɪti/,num.,八十,4,low,,description
either,/ˈaɪðɝ/,pron.,任一的；各一的,1,high,,description
elaborate,/ɪˈlæbərət/,v./adj.,详细的；精心制作,2,low,,"description,action"
elder,/ˈɛldɝ/,n./adj.,长者；年龄较大的,3,medium,elderly,description
elderly,/ˈɛldɝli/,adj.,过了中年的；稍老的,2,medium,elder,description
elect,/ɪˈlɛkt/,n./v./adj.,选举,4,low,,action
election,/ɪˈlɛkʃən/,n.,选举；当选,4,low,,description
electric,/ɪˈlɛktrɪk/,adj.,电的,3,medium,,description
electrical,/ɪˈlɛktrɪkəl/,adj.,电的；电器的,4,low,,description
electricity,/ɪˌlɛkˈtrɪsəti/,n.,电；电流,3,medium,,description
electronic,/ˌɪˌlɛkˈtrɑnɪk/,adj.,电子的,3,medium,,description
elegant,/ˈɛləɡənt/,adj.,文雅的；漂亮的,3,medium,,description
element,/ˈɛləmənt/,n.,元件；元素,3,low,,description
elephant,/ˈɛləfənt/,n.,象,3,medium,,description
eleven,/ˈilɛvən/,num.,十一,4,low,,description
else,/ˈɛls/,adj./adv.,别的；其他的,1,high,,action
elsewhere,/ˈɛlˌswɛr/,adv.,在别处,3,medium,,action
email,/iˈmeɪl/,n.,电子信函,2,high,,description
embarrassed,/ɪmˈbɛrəst/,adj.,尴尬的；窘迫的,3,medium,,description
embassy,/ˈɛmbəsi/,n.,大使馆,4,low,,description
emerge,/ˈimɝdʒ/,v.,浮现；形成,4,low,,action
emergency,/ˈimɝdʒənsi/,n.,紧急情况或状态,3,medium,,description
emotion,/ˈiˌmoʊʃən/,n.,情绪；激动,3,low,,emotion
emperor,/ˈɛmpɝɝ/,n.,皇帝,4,low,,description
emphasis,/ˈɛmfəsəs/,n.,强调；加强,4,low,,description
empire,/ˈɛmpaɪɝ/,n.,帝国,4,low,,description
employ,/ɛmˈplɔɪ/,n./v.,雇佣,3,medium,,action
empty,/ˈɛmpti/,n./v./adj.,空的；使变空,2,high,,action
enable,/ɛˈneɪbəl/,v.,使能够,3,medium,,action
encounter,/ɪnˈkaʊnɝ/,n./v.,相会；相遇,4,low,,action
encourage,/ɛnˈkɝɪdʒ/,v.,鼓励,1,high,encouragement,action
encouragement,/ɛnˈkɝɪdʒmənt/,n.,鼓励,4,low,encourage,description
end,/ˈɛnd/,n./v.,末尾；终点,1,high,,action
endless,/ˈɛndləs/,adj.,无止境的；没完的,4,low,,description
enemy,/ˈɛnəmi/,n./adj.,敌人；敌军,3,medium,,description
energetic,/ˌɛnɝˈdʒɛtɪk/,adj.,精力旺盛的,4,low,,description
energy,/ˈɛnɝdʒi/,n.,精力；能量,2,medium,,description
engage,/ɛnˈɡeɪdʒ/,v.,答应；从事,3,low,,action
engine,/ˈɛndʒən/,n./v.,发动机；引擎,3,medium,,action
engineer,/ˈɛndʒəˈnɪr/,n./v.,工程师；技师,2,high,,action
england,/ˈɪŋɡlənd/,n.,英格兰,3,medium,,description
english,/ˈɪŋɡlɪʃ/,n./adj.,英国的；英国人的,1,high,,description
enhance,/ɛnˈhæns/,v.,提高；加强,4,low,,action
enjoy,/ˌɛnˈdʒɔɪ/,v.,欣赏；享受乐趣,1,high,,action
enormous,/iˈnɔrməs/,adj.,巨大的；庞大的,4,low,,description
enough,/iˈnəf/,n./adj./adv./interj.,充足；够,1,high,,action
enquiry,/ɪnˈkwaɪˌri/,n.,询问,4,low,,description
ensure,/ɛnˈʃʊr/,v.,确定；保证,2,medium,,action
enter,/ˈɛnɝ/,v.,进入,1,high,,action
enterprise,/ˈɛnɝˌpraɪz/,n.,公司；企,3,low,,economy
entertainment,/ˌɛnɝˈteɪnmənt/,n.,娱乐,2,high,,description
enthusiastic,/ɪnˌθuziˈæstɪk/,adj.,热情的；热心的,4,low,,description
entire,/ɪnˈtaɪɝ/,n./adj.,整个的；全部的,2,medium,entirely,description
entirely,/ɪnˈtaɪɝli/,adv.,完全；全然,3,low,entire,action
entitle,/ɛnˈtaɪtəl/,v.,给；权利,4,low,,action
entrance,/ˈɛntrəns/,n./v.,入口；入场,2,high,,action
entry,/ˈɛntri/,n.,进入,2,high,,description
envelope,/ˈɛnvəˌloʊp/,n.,信封,3,medium,,description
environment,/ɪnˈvaɪrənmənt/,n.,环境,1,high,,nature
envy,/ˈɛnvi/,n./v.,忌妒；羡慕,4,low,,action
ephemeral,/ɪˈfɛmɝəl/,adj.,短暂的；转瞬即逝的,4,low,,description
episode,/ˈɛpəˌsoʊd/,n.,插曲；插话,4,low,,description
equal,/ˈikwəl/,n./v./adj.,平等的；等于,3,medium,,action
equality,/ɪˈkwɑləti/,n.,平等,4,low,,description
equator,/ɪˈkweɪtɝ/,n.,赤道,4,low,,description
equip,/ɪˈkwɪp/,v.,提供设备；装备,4,low,equipment,action
equipment,/ɪˈkwɪpmənt/,n.,装备；设备,2,high,equip,description
era,/ˈɛrə/,n.,时代；纪元,4,low,,description
eraser,/iˈreɪsɝ/,n.,橡皮擦；黑板擦,4,low,,description
error,/ˈɛrɝ/,n.,错误；差错,3,medium,,description
erupt,/ˈirəpt/,v.,爆发；喷发,4,low,,action
escape,/ɪˈskeɪp/,n./v.,逃跑；逃脱,2,high,,action
especially,/əˈspɛʃəli/,adv.,特别；尤其,1,high,,action
essay,/ˈɛˌseɪ/,n./v.,散文；文章,4,low,,action
essential,/ɛˈsɛnʃəl/,n./adj.,要素；要点,4,low,,description
establish,/ɪˈstæblɪʃ/,v.,建立；确立,4,low,,action
estate,/ɪˈsteɪt/,n.,不动产；阶段,4,low,,description
estimate,/ˈɛstəˌmeɪt/,n./v.,估计；判断,4,low,,reasoning
europe,/ˈjʊrəp/,n.,欧洲,2,medium,,description
european,/ˌjʊrəˈpiən/,n./adj.,欧洲的；欧洲人的,2,medium,,description
evaluate,/iˈvæljuˌeɪt/,v.,估值；评价,2,high,,action
eve,/ˈiv/,n.,前夕；前夜,4,low,,description
even,/ˈivɪn/,n./v./adj./adv.,甚至；连,1,high,,action
evening,/ˈivnɪŋ/,n.,傍晚；晚上,1,high,,description
event,/iˈvɛnt/,n.,事件；大事,1,high,,description
eventually,/iˈvɛnʃəli/,adv.,最终地,2,high,,action
ever,/ˈɛvɝ/,adv.,曾经；无论何时,1,high,,action
every,/ˈɛvɝi/,adj.,每一；每个的,1,high,,description
everybody,/ˈɛvriˌbɑdi/,pron.,每个人；人人,2,high,,description
everyday,/ˈɛvriˈdeɪ/,adj.,每日的；日常的,4,low,,description
everyone,/ˈɛvriˌwən/,pron.,每人；人人,1,high,,description
everything,/ˈɛvriˌθɪŋ/,pron.,每件事；事事,1,high,,description
everywhere,/ˈɛvriˌwɛr/,adv.,到处,2,high,,action
evidence,/ˈɛvədəns/,n.,证据；证明,2,high,,reasoning
evident,/ˈɛvədənt/,adj.,清楚的；显而易见的,3,low,,description
evolution,/ˌɛvəˈluʃən/,n.,进化；演变,3,medium,,description
exact,/ɪɡˈzækt/,v./adj.,精确的；确切的,3,medium,exactly,action
exactly,/ɪɡˈzæktli/,adv.,精确地；确切地,2,medium,exact,action
exam,/ɪɡˈzæm/,n.,考试；测试,3,medium,,education
examine,/ɪɡˈzæmɪn/,v.,检查；诊察,2,high,,action
example,/ɪɡˈzæmpəl/,n.,例子；榜样,1,high,,description
excellent,/ˈɛksələnt/,adj.,极好的；优秀的,2,high,,description
except,/ɪkˈsɛpt/,prep.,除；之外,2,medium,,description
exceptional,/ɪkˈsɛpʃənəl/,adj.,例外的；异常的,4,low,,description
exchange,/ɪksˈtʃeɪndʒ/,n./v.,交换；掉换,3,medium,,action
excited,/ɪkˈsaɪtəd/,adj.,兴奋的；激动的,1,high,,description
exciting,/ɪkˈsaɪtɪŋ/,adj.,令人兴奋的；刺激的,1,high,,description
excuse,/ɪkˈskjus/,n./v.,借口；原谅,2,medium,,action
exemplify,/ɪɡˈzɛmpləˌfaɪ/,v.,例证；举例说明,3,low,,reasoning
exercise,/ˈɛksɝˌsaɪz/,n./v.,锻炼；做操,1,high,,action
exhibition,/ˌɛksəˈbɪʃən/,n.,展览；展览会,2,high,,description
exist,/ɪɡˈzɪst/,v.,存在,2,high,,action
existence,/ɛɡˈzɪstəns/,n.,存在；生存,3,low,,description
exit,/ˈɛɡzɪt/,n./v.,出口；太平门,4,low,,action
expand,/ɪkˈspænd/,v.,扩大；增加,3,medium,,action
expansion,/ɪkˈspænʃən/,n.,扩充；开展,3,low,,description
expect,/ɪkˈspɛkt/,v.,预料；盼望,1,high,,action
expectation,/ˌɛkspɛkˈteɪʃən/,n.,预料；期望,3,medium,,description
expense,/ɪkˈspɛns/,n.,消费；支出,3,medium,,economy
expensive,/ɪkˈspɛnsɪv/,adj.,昂贵的,1,high,,description
experience,/ɪkˈspɪriəns/,n./v.,经验；经历,1,high,,action
experiment,/ɪkˈspɛrəmənt/,n./v.,实验；做实验,1,high,,science
expert,/ˈɛkspɝt/,n./adj.,专家；熟练的,1,high,,description
explain,/ɪksˈpleɪn/,v.,解释；说明,1,high,,action
explanation,/ˌɛkspləˈneɪʃən/,n.,解释；说明,2,high,,description
explicit,/ɪksˈplɪsət/,adj.,清楚明白；易于理解的,4,low,,description
explode,/ɪksˈploʊd/,v.,爆炸,4,low,,action
explore,/ɪksˈplɔr/,v.,探险,1,high,,action
export,/ˈɛkspɔrt/,n./v.,出口；输出,4,low,,action
expose,/ɪkˈspoʊz/,v.,揭露,2,high,,mystery
exposure,/ɪkˈspoʊʒɝ/,n.,暴露；揭发,4,low,,description
express,/ɪksˈprɛs/,n./v./adj.,表达；表示,1,high,,action
expression,/ɪksˈprɛʃən/,n.,表达；词句,2,high,,description
extend,/ɪkˈstɛnd/,v.,扩充；延伸,3,medium,,action
extension,/ɪkˈstɛnʃən/,n./adj.,扩大；延伸,3,medium,,description
extent,/ɪkˈstɛnt/,n.,范围；程度,4,low,,description
external,/ɪkˈstɝnəl/,n./adj.,外部；外面,4,low,,description
extinction,/ɪkˈstɪŋkʃən/,n.,消失；消灭,4,low,,description
extra,/ˈɛkstrə/,n./adj./adv.,额外的；外加的,1,high,,action
extraordinary,/ˌɛkstrəˈɔrdəˌnɛri/,adj.,离奇的；使人惊奇的,3,low,,description
extreme,/ɛkˈstrim/,n./adj.,极其的；非常的,2,medium,extremely,description
extremely,/ɛkˈstrimli/,adv.,极其；非常,2,high,extreme,action
eye,/ˈaɪ/,n./v.,眼睛,1,high,,action
fabric,/ˈfæbrɪk/,n.,织物；布,4,low,,description
face,/ˈfeɪs/,n./v.,脸；面向,1,high,,action
facilitate,/fəˈsɪləˌteɪt/,v.,使容易；促进,4,low,,action
facility,/fəˈsɪlɪti/,n.,容易；灵巧,3,medium,,description
fact,/ˈfækt/,n.,事实；现实,1,high,,description
factor,/ˈfæktɝ/,n.,因素；因数,3,medium,,description
factory,/ˈfæktɝi/,n.,工厂；产生地,3,medium,,description
fade,/ˈfeɪd/,n./v./adj.,褪色；消退,3,medium,,action
fail,/ˈfeɪl/,n./v.,失败；不及格,1,high,,action
failure,/ˈfeɪljɝ/,n.,失败,3,medium,,description
fair,/ˈfɛr/,n./v./adj./adv.,展览会；市集,2,medium,"fairly,unfair",action
fairly,/ˈfɛrli/,adv.,公正地；正当地,3,low,fair,action
faith,/ˈfeɪθ/,n.,信仰；信念,3,medium,,description
fall,/ˈfɑl/,n./v./adj.,秋季,1,high,,action
false,/ˈfɔls/,adj./adv.,不正确的；假的,3,low,,action
familiar,/fəˈmɪljɝ/,n./adj.,熟悉的,1,high,,description
family,/ˈfæməli/,n./adj.,家庭；家族,1,high,,description
famous,/ˈfeɪməs/,adj.,著名的,1,high,,description
fan,/ˈfæn/,n./v.,风扇；迷,2,high,,action
fancy,/ˈfænsi/,n./v./adj.,奇特的；想象,3,medium,,action
fantastic,/fænˈtæstɪk/,adj.,奇妙的；稀奇的,2,medium,,description
fantasy,/ˈfænəsi/,n.,幻想；梦想,3,medium,,description
far,/ˈfɑr/,adj./adv.,远的；久远的,1,high,,action
fare,/ˈfɛr/,n./v.,费用；票,3,medium,,action
farm,/ˈfɑrm/,n./v.,农场；农庄,2,medium,,action
farmer,/ˈfɑrmɝ/,n.,农民,2,high,,description
fashion,/ˈfæʃən/,n./v.,流行；风尚,3,medium,,action
fast,/ˈfæst/,n./v./adj./adv.,快速的；紧的,1,high,,action
fat,/ˈfæt/,n./adj.,脂肪；胖的,2,high,,description
father,/ˈfɑðɝ/,n./v.,父亲,1,high,,action
fault,/ˈfɔlt/,n./v.,缺点；毛病,3,medium,,action
favor,/ˈfeɪvɝ/,n./v.,恩惠；好意,3,medium,,action
favorite,/ˈfeɪvɝɪt/,n./adj.,喜爱的；特别喜爱的人,2,high,,emotion
fear,/ˈfɪr/,n./v.,害怕；恐惧,2,high,,emotion
feather,/ˈfɛðɝ/,n./v.,羽毛,3,medium,,action
feature,/ˈfitʃɝ/,n./v.,面孔的一部分；特征,3,low,,action
february,/ˈfɛbjəˌwɛri/,n.,月,2,high,,description
fee,/ˈfi/,n./v.,费；费用,3,low,,action
feed,/ˈfid/,n./v.,喂；饲,2,high,,action
feel,/ˈfil/,n./v.,感觉；觉得,1,high,,action
feeling,/ˈfilɪŋ/,n./adj.,感情；感觉,1,high,,description
fellow,/ˈfɛloʊ/,n./adj.,同伴；伙伴,3,medium,,description
female,/ˈfiˌmeɪl/,n./adj.,女的；女性的,3,medium,,description
fence,/ˈfɛns/,n./v.,栅栏；围栏,3,low,,action
ferry,/ˈfɛri/,n.,渡船,4,low,,description
festival,/ˈfɛstəvəl/,n./adj.,节日的；节日,2,high,,description
fetch,/ˈfɛtʃ/,n./v.,取来；带来,4,low,,action
fever,/ˈfivɝ/,n.,发烧；发热,4,low,,description
few,/ˈfju/,pron.,不多；不多的,1,high,,description
fibre,/ˈfaɪbɝ/,n.,纤维质,4,low,,description
fiction,/ˈfɪkʃən/,n.,小说；虚构的事,3,medium,,description
field,/ˈfild/,n./v./adj.,田地；牧场,1,high,,action
fierce,/ˈfɪrs/,adj.,猛烈的,4,low,,description
fifteen,/ˈfɪfˈtin/,num.,十五,3,medium,,description
fifth,/ˈfɪfθ/,num.,第五,3,low,,description
fifty,/ˈfɪfti/,num.,五十,3,low,,description
fight,/ˈfaɪt/,n./v.,打架,1,high,,action
fighter,/ˈfaɪtɝ/,n.,战士；斗士,4,low,,description
figure,/ˈfɪɡjɝ/,n./v.,数字；图形,1,high,,action
file,/ˈfaɪl/,n./v.,公文柜；档案文档,4,low,,action
fill,/ˈfɪl/,n./v.,填空；装满,1,high,,action
film,/ˈfɪlm/,n./v.,电影；影片,1,high,,action
final,/ˈfaɪnəl/,n./adj.,最后的；终极的,4,medium,finally,description
finally,/ˈfaɪnəli/,adv.,最后；终于,1,high,final,action
finance,/ˈfaɪˌnæns/,n./v.,资金；财政,3,low,,action
financial,/ˌfaɪˈnænʃəl/,adj.,财政的；金融的,2,high,,description
find,/ˈfaɪnd/,n./v.,找到；发现,1,high,,action
finding,/ˈfaɪndɪŋ/,n.,发现；发现物,2,high,,description
fine,/ˈfaɪn/,n./v./adj./adv.,罚款；罚金,1,high,,action
finger,/ˈfɪŋɡɝ/,n./v.,手指,3,medium,,action
finish,/ˈfɪnɪʃ/,n./v.,结束；做完,1,high,,action
fire,/ˈfaɪɝ/,n./v.,火；炉火,2,high,,action
firm,/ˈfɝm/,n./v./adj./adv.,公司；企业,2,medium,firmly,economy
firmly,/ˈfɝmli/,adv.,牢牢地,3,low,firm,action
first,/ˈfɝst/,n./adj./adv./num.,第一；首次,1,high,,action
fish,/ˈfɪʃ/,n./v.,鱼；鱼肉,2,high,,action
fisherman,/ˈfɪʃɝˌmæn/,n.,渔民；钓鱼健身者,4,low,,description
fist,/ˈfɪst/,n./v.,拳,2,medium,,action
fit,/ˈfɪt/,n./v./adj.,健康的；适合的,2,high,,action
five,/ˈfaɪv/,num.,五,1,high,,description
fix,/ˈfɪks/,n./v.,修理；安装,2,medium,,action
flag,/ˈflæɡ/,n./v.,旗；标志,4,low,,action
flame,/ˈfleɪm/,n./v.,火焰；光辉,4,low,,action
flash,/ˈflæʃ/,n./v.,闪；闪光,3,medium,,action
flat,/ˈflæt/,n./v./adj./adv.,平的；楼中一套房间,3,medium,,action
flavor,/ˈfleɪvɝ/,n./v.,滋味；调味品,4,low,,action
flee,/ˈfli/,v.,逃走；逃跑,4,low,,action
flesh,/ˈflɛʃ/,n./v.,肉,4,low,,action
flexible,/ˈflɛksəbəl/,adj.,灵活的；可变动的,3,medium,,description
flight,/ˈflaɪt/,n./v.,航班；楼梯的一段,2,high,,action
float,/ˈfloʊt/,n./v.,漂浮；浮动,4,low,,action
flood,/ˈfləd/,n./v.,洪水；淹没,3,medium,,action
floor,/ˈflɔr/,n./v.,地面；地板,2,high,,action
flour,/ˈflaʊɝ/,n.,面粉；粉,4,low,,description
flow,/ˈfloʊ/,n./v.,流动,4,low,,action
flower,/ˈflaʊɝ/,n./v.,花,2,high,,action
flu,/ˈflu/,n.,流行性感冒,4,low,,description
fluent,/ˈfluənt/,adj.,流利的；流畅,4,low,,description
fly,/ˈflaɪ/,n./v./adj.,飞行；苍蝇,1,high,,action
focus,/ˈfoʊkəs/,n./v.,集中于；焦点,1,high,,action
foggy,/ˈfɑɡi/,adj.,多雾的,4,low,,description
fold,/ˈfoʊld/,n./v.,折叠；合拢,3,medium,unfold,action
folk,/ˈfoʊk/,n./adj.,民间的；人们,3,medium,,description
follow,/ˈfɑloʊ/,n./v.,跟随；仿效,1,high,,action
following,/ˈfɑloʊɪŋ/,n./adj.,接着的；以下的,1,high,,description
fond,/ˈfɑnd/,adj.,喜爱的；爱好的,4,low,,emotion
food,/ˈfud/,n.,食物；食品,1,high,,description
fool,/ˈful/,n./v./adj.,傻子；蠢人,3,medium,,action
foot,/ˈfʊt/,n./v.,脚；步调,2,medium,,action
football,/ˈfʊtˌbɔl/,n.,足球；橄榄球,3,medium,,description
for,/ˈfɔr/,conj.,适合；因为,1,high,,description
force,/ˈfɔrs/,n./v.,力量；强迫,1,high,,action
forecast,/ˈfɔrˌkæst/,n./v.,预告,4,low,,action
forehead,/ˈfɔrhɛd/,n.,前额,4,low,,description
foreign,/ˈfɑrən/,adj.,外国的,2,medium,,description
forest,/ˈfɔrəst/,n./v.,森林,2,high,,action
forever,/fɝˈɛvɝ/,adv.,永远；永恒的,3,low,,action
forget,/fɝˈɡɛt/,v.,忘记；忘掉,1,high,,action
forgive,/fɝˈɡɪv/,v.,原谅；宽恕,4,low,,action
fork,/ˈfɔrk/,n./v.,叉；餐叉,4,low,,action
form,/ˈfɔrm/,n./v.,表格；形式,1,high,,action
formal,/ˈfɔrməl/,n./adj.,正式的；形式的,3,medium,,description
format,/ˈfɔrˌmæt/,n./v.,格式；编排,4,low,,action
former,/ˈfɔrmɝ/,n./adj.,以前的；从前的,2,medium,,description
fortnight,/ˈfɔrtˌnaɪt/,n.,十四日；两星期,4,low,,description
fortunately,/ˈfɔrtʃənətli/,adv.,幸运地；幸亏,3,medium,unfortunately,action
fortune,/ˈfɔrtʃən/,n.,财产；运气,2,medium,,description
forty,/ˈfɔrti/,num.,四十,3,medium,,description
forward,/ˈfɔrwɝd/,v./adj./adv.,将来；今后,1,high,,action
found,/ˈfaʊnd/,v.,成立；建立,1,high,,action
foundation,/faʊnˈdeɪʃən/,n.,基础；根据,3,low,,description
fountain,/ˈfaʊntən/,n.,喷泉,4,low,,description
four,/ˈfɔr/,num.,四,1,high,,description
fourteen,/ˈfɔrˈtin/,num.,十四,3,low,,description
fourth,/ˈfɔrθ/,num.,第四,4,low,,description
fox,/ˈfɑks/,n./v.,狐狸；狡猾的人,3,medium,,action
framework,/ˈfreɪmˌwɝk/,n.,框架；结构,4,low,,description
france,/ˈfræns/,n.,法国,2,medium,,description
frank,/ˈfræŋk/,n./v./adj.,坦白的；率直的,3,low,,action
free,/ˈfri/,v./adj./adv.,自由；空闲的,1,high,,action
freedom,/ˈfridəm/,n.,自由,3,medium,,description
freeze,/ˈfriz/,n./v.,结冰,2,high,,action
french,/ˈfrɛntʃ/,n./adj.,法语；法国的,3,medium,,description
frequency,/ˈfrikwənsi/,n.,频率；频数,4,low,,description
frequent,/ˈfriˌkwɛnt/,v./adj.,经常的；频繁的,3,medium,frequently,action
frequently,/ˈfrikwəntli/,adv.,频繁；经常地,2,high,frequent,action
fresh,/ˈfrɛʃ/,n./adj./adv.,新鲜的,1,high,,action
friction,/ˈfrɪkʃən/,n.,摩擦,4,low,,description
friday,/ˈfraɪˌdeɪ/,n.,星期五,2,high,,description
fridge,/ˈfrɪdʒ/,n.,电冰箱,4,low,,description
friend,/ˈfrɛnd/,n.,朋友,1,high,friendly,description
friendly,/ˈfrɛndli/,adj./adv.,友好的,2,high,friend,action
friendship,/ˈfrɛndʃɪp/,n.,友谊；友情,2,high,,description
frightened,/ˈfraɪtənd/,adj.,受惊吓的；受惊的,2,high,,description
frog,/ˈfrɑɡ/,n.,青蛙,4,low,,description
from,/ˈfrəm/,prep.,从；起,1,high,,description
front,/ˈfrənt/,n./v.,前面的；前部的,1,high,,action
frontier,/frənˈtɪr/,n.,前沿；边界,4,low,,description
frost,/ˈfrɔst/,n./v.,霜,4,low,,action
fruit,/ˈfrut/,n.,水果；果实,2,high,,description
fry,/ˈfraɪ/,n./v.,用油煎；用油炸,3,medium,,action
fuel,/ˈfjuəl/,n./v.,燃料,3,medium,,action
full,/ˈfʊl/,n./v./adj./adv.,满的；充满的,1,high,,action
fun,/ˈfən/,n./v./adj.,有趣的事；娱乐,1,high,,action
function,/ˈfəŋkʃən/,n./v.,作用；功能,2,high,,action
fund,/ˈfənd/,n./v.,基金；资金,3,medium,,action
fundamental,/ˌfəndəˈmɛnəl/,n./adj.,基本的；基本原则,3,low,,description
funeral,/ˈfjunɝəl/,n.,葬礼,4,low,,description
funny,/ˈfəni/,n./adj.,有趣的；滑稽可笑的,2,high,,description
furniture,/ˈfɝnɪtʃɝ/,n.,家具,2,medium,,description
further,/ˈfɝðɝ/,v./adj./adv.,更远的；此外的,1,high,,action
future,/ˈfjutʃɝ/,n./adj.,将来；前途,1,high,,description
gain,/ˈɡeɪn/,n./v.,获得；增加,2,high,,action
gallery,/ˈɡælɝi/,n.,画廊；美术品陈列室,2,medium,,description
game,/ˈɡeɪm/,n./v./adj.,游戏；运动,1,high,,action
gap,/ˈɡæp/,n./v.,缝隙；缺口,3,medium,,action
garage,/ɡɝˈɑʒ/,n./v.,汽车间,4,low,,action
garbage,/ˈɡɑrbɪdʒ/,n.,垃圾,3,medium,,description
garden,/ˈɡɑrdən/,n./v./adj.,花园；果园,1,high,,action
garlic,/ˈɡɑrlɪk/,n.,大蒜,4,low,,description
gas,/ˈɡæs/,n.,煤气,3,medium,,description
gate,/ˈɡeɪt/,n./v.,大门,3,low,,action
gather,/ˈɡæðɝ/,n./v.,聚集；采集,2,high,,action
gay,/ˈɡeɪ/,adj.,同性恋的；快活的,4,low,,description
gender,/ˈdʒɛndɝ/,n./v.,性；产生,3,low,,action
general,/ˈdʒɛnɝəl/,n./adj.,大体的；笼统的,2,high,,description
generate,/ˈdʒɛnɝˌeɪt/,v.,产生；发生,3,low,,action
generation,/ˌdʒɛnɝˈeɪʃən/,n.,代；一代,1,high,,description
generous,/ˈdʒɛnɝəs/,adj.,慷慨大方的,2,medium,,description
genius,/ˈdʒinjəs/,n.,天才；天赋,4,low,,description
gentle,/ˈdʒɛnəl/,adj.,温柔的；轻轻的,3,medium,,description
gentleman,/ˈdʒɛnəlmən/,n.,绅士；先生,3,low,,description
genuine,/ˈdʒɛnˈjuˌwaɪn/,adj.,真正的；真实的,4,low,,description
geography,/dʒiˈɑɡrəfi/,n.,地理学,4,low,,description
geometry,/dʒiˈɑmətri/,n.,几何学,4,low,,description
german,/ˈdʒɝmən/,n./adj.,德国的；德国人的,3,medium,,description
germany,/ˈdʒɝməni/,n.,德国,3,low,,description
gesture,/ˈdʒɛstʃɝ/,n./v.,姿势；手势,4,low,,action
get,/ˈɡɛt/,n./v.,成为；得到,1,high,,action
gift,/ˈɡɪft/,n./v.,赠品；礼物,2,high,,action
gifted,/ˈɡɪftəd/,adj.,有天赋的；有才华的,4,low,,description
giraffe,/dʒɝˈæf/,n.,长颈鹿,4,low,,description
girl,/ˈɡɝl/,n.,女孩,1,high,,description
give,/ˈɡɪv/,n./v.,给；给予,1,high,,action
glad,/ˈɡlæd/,adj.,高兴的；乐意的,2,medium,,description
glance,/ˈɡlæns/,n./v.,匆匆一看；一瞥,3,medium,,action
glass,/ˈɡlæs/,n./v.,玻璃杯；玻璃,2,high,,action
global,/ˈɡloʊbəl/,adj.,通用的；全球的,2,high,,description
globe,/ˈɡloʊb/,n./v.,地球仪；地球,3,medium,,action
glory,/ˈɡlɔri/,n./v.,巨大的光荣；荣誉,4,low,,action
glove,/ˈɡləv/,n./v.,手套,4,low,,action
glue,/ˈɡlu/,n./v.,胶水,4,low,,action
go,/ˈɡoʊ/,n./v.,去；走,1,high,,action
goal,/ˈɡoʊl/,n./v.,球门；目标,2,high,,action
goat,/ˈɡoʊt/,n.,山羊,4,low,,nature
god,/ˈɡɑd/,n./v.,神；上帝,4,low,,action
gold,/ˈɡoʊld/,n./adj.,黄金；金的,2,high,,description
golden,/ˈɡoʊldən/,adj.,金色的,3,medium,,description
golf,/ˈɡɑlf/,n./v.,高尔夫球,3,low,,action
good,/ˈɡʊd/,n./adj.,善行；好处,1,high,goodness,description
goodbye,/ˌɡʊdˈbaɪ/,interj.,再见,4,low,,description
goodness,/ˈɡʊdnəs/,n.,善良；美德,4,low,good,description
goods,/ˈɡʊdz/,n.,商品；货物,3,medium,,description
govern,/ˈɡəvɝn/,v.,统治；管理,4,low,government,action
government,/ˈɡəvɝmənt/,n.,政府,1,high,govern,description
grab,/ˈɡræb/,n./v.,抓握；掠夺,4,low,,action
grade,/ˈɡreɪd/,n./v.,等级；成绩,2,high,,action
gradually,/ˈɡrædʒuəli/,adv.,逐渐地,2,high,,action
graduate,/ˈɡrædʒəˌweɪt/,n./v./adj.,毕业,2,high,,action
grain,/ˈɡreɪn/,n./v.,谷物；谷类,4,low,,action
gram,/ˈɡræm/,n.,克,4,low,,description
grammar,/ˈɡræmɝ/,n.,语法,3,low,,description
grand,/ˈɡrænd/,adj.,宏伟的,3,low,,description
grandchild,/ˈɡrænˌtʃaɪld/,n.,孙或孙女；孙辈,4,low,,description
granddaughter,/ˈɡrænˌdɔtɝ/,n.,孙女,3,medium,,description
grandfather,/ˈɡrænˌfɑðɝ/,n.,祖父；始祖,3,medium,,description
grandmother,/ˈɡrændˌməðɝ/,n.,祖母；女祖先,3,medium,,description
grandparent,/ˈɡrændˌpɛrənt/,n.,祖父母,3,medium,,description
grandson,/ˈɡrændˌsən/,n.,孙子,4,low,,description
grape,/ˈɡreɪp/,n.,葡萄,4,low,,description
graph,/ˈɡræf/,n.,图表；曲线图,4,low,,description
grasp,/ˈɡræsp/,n./v.,抓住；紧握,3,medium,,action
grass,/ˈɡræs/,n.,草；草场,3,medium,,description
grateful,/ˈɡreɪtfəl/,adj.,感激的；感谢的,3,medium,,emotion
gravity,/ˈɡrævəti/,n.,重力；地球引力,4,low,,description
great,/ˈɡreɪt/,n./adj./adv.,大的；非常的,1,high,,action
greece,/ˈɡris/,n.,希腊,3,medium,,description
greedy,/ˈɡridi/,adj.,贪婪的,4,low,,description
green,/ˈɡrin/,n./adj.,绿色的；青的,2,high,,description
greenhouse,/ˈɡrinˌhaʊs/,n.,温室,3,medium,,description
greet,/ˈɡrit/,v.,问候；向,2,medium,,action
grey,/ˈɡreɪ/,n./v./adj.,灰色；灰色的,4,low,,action
grocery,/ˈɡroʊsɝi/,n.,食品杂货店；食品杂货业,4,low,,description
ground,/ˈɡraʊnd/,n./v./adj.,地面,1,high,,action
group,/ˈɡrup/,n./v.,组；群,1,high,,action
grow,/ˈɡroʊ/,v.,种植；使长满,1,high,,action
growth,/ˈɡroʊθ/,n.,生长；增长,2,medium,,description
guarantee,/ˌɡɛrənˈti/,n./v.,保证；担保,3,medium,,action
guard,/ˈɡɑrd/,n./v.,防护装置；警戒,4,low,,action
guess,/ˈɡɛs/,n./v.,猜出；想,2,high,,action
guest,/ˈɡɛst/,n.,客人；宾客,2,high,,description
guidance,/ˈɡaɪdəns/,n.,引导；指导,3,medium,,description
guide,/ˈɡaɪd/,n./v.,向导；指南,1,high,,action
guideline,/ˈɡaɪdˌlaɪn/,n.,指导路线；方针,3,medium,,description
guilty,/ˈɡɪlti/,adj.,有罪；犯法的,3,low,,description
guitar,/ɡɪˈtɑr/,n.,吉他；六弦琴,4,low,,description
gun,/ˈɡən/,n.,枪；炮,3,low,,description
guy,/ˈɡaɪ/,n./v.,家伙；支索,4,low,,action
gym,/ˈdʒɪm/,n.,体育馆；体育训练,4,low,,description
gymnastics,/dʒɪmˈnæstɪks/,n.,体操,4,low,,description
ha,/ˈhɑ/,interj.,哈,4,low,,description
habit,/ˈhæbət/,n./v.,习惯；习性,1,high,,action
habitat,/ˈhæbəˌtæt/,n.,栖息地；居留地,4,low,,description
hair,/ˈhɛr/,n.,头发,3,medium,,description
half,/ˈhæf/,n./adj./adv.,半；一半,1,high,,action
hall,/ˈhɔl/,n.,大厅；会堂,1,high,,description
ham,/ˈhæm/,n./v./adj.,火腿,4,low,,action
hamburger,/ˈhæmbɝɡɝ/,n.,汉堡包,4,low,,description
hand,/ˈhænd/,n./v.,手；指针,1,high,handful,action
handbag,/ˈhændˌbæɡ/,n.,女用皮包；手提包,4,low,,description
handful,/ˈhændˌfʊl/,n.,把；少数,4,low,hand,description
handkerchief,/ˈhæŋkɝtʃif/,n.,手帕,4,low,,description
handle,/ˈhændəl/,n./v.,柄；把柄,2,high,,action
handsome,/ˈhænsəm/,adj.,英俊的,4,low,,description
handwriting,/ˈhænˌdraɪtɪŋ/,n.,书法,4,low,,description
hang,/ˈhæŋ/,n./v.,悬挂；诀窍,3,medium,,action
happen,/ˈhæpən/,v.,发生,1,high,,action
happily,/ˈhæpəli/,adv.,幸福地；快乐地,3,medium,,emotion
happiness,/ˈhæpinəs/,n.,幸福；愉快,4,low,,description
happy,/ˈhæpi/,adj.,幸福；快乐的,1,high,unhappy,emotion
hard,/ˈhɑrd/,adj./adv.,坚硬的；硬的,1,high,hardly,action
hardly,/ˈhɑrdli/,adv.,几乎不,1,high,hard,action
harm,/ˈhɑrm/,n./v.,伤害；损伤,2,high,harmful,action
harmful,/ˈhɑrmfəl/,adj.,有害的；致伤的,2,medium,harm,description
harmonious,/hɑrˈmoʊniəs/,adj.,和睦的；调和的,4,low,,description
harmony,/ˈhɑrməni/,n.,融洽；和睦,4,low,,description
harvest,/ˈhɑrvəst/,n./v.,收割；收获,3,medium,,action
hat,/ˈhæt/,n./v.,帽子；礼帽,3,medium,,action
hatch,/ˈhætʃ/,n./v.,孵蛋,4,low,,action
hate,/ˈheɪt/,n./v.,恨；讨厌,2,high,,action
have,/ˈhæv/,v.,有；怀有,1,high,,action
he,/ˈhi/,pron.,他,1,high,,description
head,/ˈhɛd/,n./v./adj.,部的；主要的,1,high,,action
headache,/ˈhɛˌdeɪk/,n.,头疼,4,low,,description
headline,/ˈhɛdˌlaɪn/,n./v.,大字标题,4,low,,action
health,/ˈhɛlθ/,n.,健康；卫生,1,high,,description
healthy,/ˈhɛlθi/,adj.,健康的；健壮的,1,high,,description
hear,/ˈhir/,v.,听到；倾听,1,high,,action
hearing,/ˈhirɪŋ/,n.,听力,2,high,,description
heart,/ˈhɑrt/,n./v.,心；心脏,1,high,,action
heat,/ˈhit/,n./v.,热；把,2,medium,,action
heaven,/ˈhɛvən/,n.,天；天空,4,low,,description
heavily,/ˈhɛvəli/,adv.,重地；大量地,3,low,,action
heavy,/ˈhɛvi/,n./adj./adv.,重的,3,medium,,action
heel,/ˈhil/,n./v.,脚后跟,4,low,,action
height,/ˈhaɪt/,n.,高；高度,2,medium,,description
helicopter,/ˈhɛlɪˌkɑptɝ/,n./v.,直升飞机,4,low,,action
hello,/həˈloʊ/,interj.,喂；你好,3,medium,,description
helmet,/ˈhɛlmət/,n./v.,头盔,4,low,,action
help,/ˈhɛlp/,n./v.,帮助；帮忙,1,high,helpful,social
helpful,/ˈhɛlpfəl/,adj.,有帮助的；有益的,2,high,help,social
hen,/ˈhɛn/,n.,母鸡,4,low,,description
hence,/ˈhɛns/,adv.,因此；从此,4,low,,action
her,/ˈhɝ/,pron.,她；她的,1,high,,description
herb,/ˈɝb/,n.,草药,4,low,,description
here,/ˈhir/,n./adv.,这里；在这里,1,high,,action
hero,/ˈhiroʊ/,n.,英雄；勇士,3,medium,,description
hers,/ˈhɝz/,pron.,她的,4,low,,description
herself,/hɝˈsɛlf/,pron.,她自己,2,medium,,description
hesitate,/ˈhɛzəˌteɪt/,v.,犹豫；迟疑,2,high,,action
hey,/ˈheɪ/,interj.,嘿,3,medium,,description
hi,/ˈhaɪ/,interj.,你好,4,low,,description
hide,/ˈhaɪd/,n./v.,把；藏起来,2,high,,action
high,/ˈhaɪ/,n./adj./adv.,高的；高度的,1,high,,action
highlight,/ˈhaɪˌlaɪt/,n./v.,加亮区；精彩场面,3,medium,,action
highway,/ˈhaɪˌweɪ/,n.,公路；主要交通道路,4,low,,description
hike,/ˈhaɪk/,n./v.,徒步旅行；远足,3,medium,,action
hill,/ˈhɪl/,n./v.,小山；丘陵,2,high,,nature
him,/ˈhɪm/,pron.,他,1,high,,description
himself,/hɪmˈsɛlf/,pron.,他自己,2,medium,,description
hire,/ˈhaɪɝ/,n./v.,租用,2,high,,action
his,/ˈhɪz/,pron.,他的,1,high,,description
historic,/hɪˈstɔrɪk/,adj.,历史上著名的；有历史性的,2,medium,,culture
history,/ˈhɪstɝi/,n.,历史；历史学,1,high,,culture
hit,/ˈhɪt/,n./v.,打击；打,2,high,,action
hobby,/ˈhɑbi/,n.,业余爱好；嗜好,3,medium,,description
hold,/ˈhoʊld/,n./v.,拿；抱,1,high,,action
hole,/ˈhoʊl/,n./v.,洞；坑,3,medium,,action
holiday,/ˈhɑləˌdeɪ/,n./v.,假日；假期,1,high,,action
holy,/ˈhoʊli/,n./adj.,神圣的,3,low,,description
home,/ˈhoʊm/,n./adj./adv.,家；到家,1,high,,action
homeland,/ˈhoʊmˌlænd/,n.,祖国,4,low,,description
hometown,/ˈhoʊmˌtaʊn/,n.,故乡,4,low,,description
homework,/ˈhoʊmˌwɝk/,n.,家庭作业,2,high,,description
honest,/ˈɑnəst/,adj.,诚实的；正直的,3,medium,,character
honey,/ˈhəni/,n./v./adj.,蜂蜜,3,low,,action
honour,/ˈɑnɝ/,n./v.,荣誉；光荣,3,medium,,action
hook,/ˈhʊk/,n./v.,钩子；衔接,4,low,,action
hope,/ˈhoʊp/,n./v.,希望,1,high,,action
horrible,/ˈhɔrəbəl/,adj.,令人恐惧；恐怖的,4,low,,description
horse,/ˈhɔrs/,n./v.,马,3,low,,action
hospital,/ˈhɑˌspɪtəl/,n.,医院,1,high,,description
host,/ˈhoʊst/,n./v.,主人；节目主持人,2,medium,,action
hot,/ˈhɑt/,adj./adv.,热的,1,high,,action
hotel,/hoʊˈtɛl/,n.,旅馆；饭店,4,high,,description
hour,/ˈaʊɝ/,n.,小时,1,high,,description
house,/ˈhaʊs/,n./v.,房子；住宅,1,high,,action
household,/ˈhaʊsˌhoʊld/,n./adj.,一家人；家庭,3,medium,,description
housework,/ˈhaʊˌswɝk/,n.,家务劳动,4,low,,description
housing,/ˈhaʊzɪŋ/,n.,遮盖；住房供给,3,medium,,description
how,/ˈhaʊ/,n./adv.,怎样；如何,1,high,,action
however,/ˌhaʊˈɛvɝ/,conj.,可是；然而,1,high,,description
hug,/ˈhəɡ/,n./v.,拥抱,4,low,,action
huge,/ˈhjudʒ/,adj.,巨大的；庞大的,2,high,,description
human,/ˈhjumən/,n./adj.,人的；人类的,1,high,,description
humble,/ˈhəmbəl/,v./adj.,低下的；谦逊的,4,low,,action
humorous,/ˈhjumɝəs/,adj.,富于幽默的,2,medium,,description
humour,/ˈhjumɝ/,n./v.,幽默；幽默感,4,low,,action
hundred,/ˈhəndɝd/,num.,百,2,high,,description
hunger,/ˈhəŋɡɝ/,n./v.,饥饿,3,medium,,action
hungry,/ˈhəŋɡri/,adj.,饿的,2,high,,description
hunt,/ˈhənt/,n./v.,寻找；狩猎,3,medium,,action
hunter,/ˈhəntɝ/,n.,猎人,3,medium,,description
hurricane,/ˈhərəˌkeɪnz/,n.,飓风；十二级风,4,low,,description
hurry,/ˈhɝi/,n./v.,使赶快；急忙,2,medium,,action
hurt,/ˈhɝt/,n./v.,伤害；创伤,2,high,,action
husband,/ˈhəzbənd/,n./v.,丈夫,1,high,,action
hydrogen,/ˈhaɪdrədʒən/,n.,氢,4,low,,description
i,/ˈaɪ/,pron.,我,1,high,,description
ice,/ˈaɪs/,n./v.,冰,1,high,,action
ice-cream,/ˈaɪsˌkrim/,adj.,冰淇淋的；乳白色的,4,low,,description
idea,/aɪˈdiə/,n.,主意；意见,1,high,,description
ideal,/aɪˈdil/,n./adj.,理想；典范,4,low,,description
identical,/aɪˈdɛntɪkəl/,adj.,同一的；恒等的,4,low,,description
identification,/aɪˌdɛntəfəˈkeɪʃən/,n.,鉴定；辨别,4,low,,reasoning
identify,/aɪˈdɛntəˌfaɪ/,v.,识别；认为,3,low,,action
identity,/aɪˈdɛntɪˌti/,n.,身份；特征,3,medium,,description
idiom,/ˈɪdiəm/,n.,习语；成语,4,low,,description
if,/ˈɪf/,conj.,如果；假使,1,high,,description
ignore,/ˌɪɡˈnɔr/,v.,忽视；对,2,high,,action
ill,/ˈɪl/,n./adj./adv.,有病的；不健康的,3,medium,,action
illegal,/ˌɪˈliɡəl/,adj.,非法的,4,low,,description
illness,/ˈɪlnəs/,n.,疾病,3,medium,,description
illustrate,/ˈɪləˌstreɪt/,v.,举例说明；作图解,3,low,,action
image,/ˈɪmədʒ/,n./v.,影像；肖像,2,medium,,action
imagine,/ˌɪˈmædʒən/,v.,想像；设想,1,high,,action
immediate,/ˌɪˈmiˌdiət/,adj.,立即的；马上,2,high,immediately,description
immediately,/ˌɪˈmiˌdiətli/,adv.,立即,2,high,immediate,action
immigration,/ˌɪməˈɡreɪʃən/,n.,移民,4,low,,description
impact,/ˈɪmpækt/,n./v.,冲击；冲突,3,medium,,action
imply,/ˌɪmˈplaɪ/,v.,暗示；意味,3,low,,action
import,/ˈɪmˌpɔrt/,n./v.,进口；输入,3,medium,,action
importance,/ˌɪmˈpɔrtəns/,n.,重要性,2,high,,description
important,/ˌɪmˈpɔrtənt/,adj.,重要的,1,high,,description
impossible,/ˌɪmˈpɑsəbəl/,adj.,不可能的,2,high,,description
impress,/ˈɪmˌprɛs/,n./v.,留下极深的印象,3,medium,,action
impression,/ˌɪmˈprɛʃən/,n.,印象；感觉,2,medium,,description
improve,/ˌɪmˈpruv/,v.,改进；更新,1,high,,action
in,/ˈɪn/,prep.,在；期间,1,high,,description
inch,/ˈɪntʃ/,n./v.,英寸,3,medium,,action
incident,/ˈɪnsədənt/,n./adj.,事件,3,low,,description
include,/ˌɪnˈklud/,v.,包含；包括,1,high,,action
income,/ˈɪnˌkəm/,n.,收入；所得,2,medium,,description
increase,/ˈɪnˌkris/,n./v.,增加；增长,1,high,,action
incredible,/ˌɪnˈkrɛdəbəl/,adj.,难以置信的,4,low,,description
indeed,/ˌɪnˈdid/,adv.,确实；实在,2,high,,action
independence,/ˌɪndɪˈpɛndəns/,n.,独立,2,medium,,description
independent,/ˌɪndɪˈpɛndənt/,n./adj.,独立的；有主见的,2,medium,,description
india,/ˈɪndiə/,n.,印度,2,high,,description
indian,/ˈɪndiən/,n./adj.,印度人；印第安人,3,low,,description
indicate,/ˈɪndəˌkeɪt/,v.,表明；象征,2,medium,,action
indifferent,/ɪnˈdɪfrənt/,adj.,冷漠的；不在乎的,2,low,,emotion
individual,/ˌɪndəˈvɪdʒəwəl/,n./adj.,人；个人,3,low,,description
industry,/ˈɪndəstri/,n.,工业；产业,2,high,,description
infection,/ˌɪnˈfɛkʃən/,n.,传染；影响,4,low,,social
infer,/ˌɪnˈfɝ/,v.,推论出；推断,1,high,,reasoning
influence,/ˈɪnfluəns/,n./v.,影响,2,high,,social
influential,/ˌɪnfluˈɛnʃəl/,adj.,有影响的；有势力的,4,low,,social
inform,/ˌɪnˈfɔrm/,v.,告诉；通知,3,medium,,action
information,/ˌɪnfɝˈmeɪʃən/,n.,信息,1,high,,description
initial,/ˌɪˈnɪʃəl/,n./v./adj.,开始的；最初的,4,low,,action
initiative,/ˌɪˈnɪʃətɪv/,n./adj.,主动行动；首创精神,3,low,,description
injure,/ˈɪndʒɝ/,v.,损害；伤害,2,medium,,action
injury,/ˈɪndʒɝi/,n.,受伤处,3,medium,,description
inn,/ˈɪn/,n./v.,小旅店；小饭店,4,low,,action
inner,/ˈɪnɝ/,n./adj.,内部的；内心的,4,low,,description
innocent,/ˈɪnəsənt/,n./adj.,无辜的；清白的,4,low,,description
innovation,/ˌɪnəˈveɪʃən/,n.,改革；创新,4,low,,description
input,/ˈɪnˌpʊt/,n./v.,输入；输入电路,4,low,,action
inquire,/ˌɪnˈkwaɪr/,v.,询问；问明,4,low,,action
insect,/ˈɪnˌsɛkt/,n.,昆虫,3,medium,,description
insert,/ˈɪnˌsɝt/,n./v.,插入,4,low,,action
inside,/ˈɪnˌsaɪd/,prep.,在；里面,2,high,,description
insight,/ˈɪnˌsaɪt/,n.,察看；洞察力,3,low,,description
insist,/ˌɪnˈsɪst/,v.,坚持；坚决认为,2,high,,action
inspect,/ˌɪnˈspɛkt/,v.,检查；检验,4,low,,action
inspection,/ˌɪnˈspɛkʃən/,n.,检验；检查,4,low,,description
inspire,/ˌɪnˈspaɪr/,v.,鼓舞；激励,2,high,,action
instance,/ˈɪnstəns/,n./v.,建议；情况,4,low,,action
instant,/ˈɪnstənt/,n./adj.,瞬间；即刻的,4,low,,description
instead,/ˌɪnˈstɛd/,adv.,代替；顶替,1,high,,action
institute,/ˈɪnstəˌtut/,n./v.,所；院,2,medium,,action
institution,/ˌɪnstɪˈtuʃən/,n.,机构；惯例,3,medium,,description
instruct,/ˌɪnˈstrəkt/,v.,通知；指示,4,low,,action
instruction,/ˌɪnˈstrəkʃən/,n.,说明；须知,2,high,,description
instrument,/ˈɪnstrəmənt/,n.,乐器；工具,2,medium,,description
insurance,/ˌɪnˈʃʊrəns/,n.,保险,4,low,,description
integrate,/ˈɪnəˌɡreɪt/,v./adj.,综合；使完整,4,low,,action
integrity,/ˌɪnˈtɛɡrəti/,n.,正直；廉正,4,low,,description
intelligence,/ˌɪnˈtɛlədʒəns/,n.,智力；才智,3,medium,,description
intelligent,/ˌɪnˈtɛlədʒənt/,adj.,聪明的；智能的,2,medium,,description
intend,/ˌɪnˈtɛnd/,v.,想要；打算,2,high,,action
intense,/ˌɪnˈtɛns/,adj.,非常的；强烈的,4,low,,description
intention,/ˌɪnˈtɛntʃən/,n.,打算；计划,3,medium,,description
interaction,/ˌɪnɝˈækʃən/,n.,交互作用；交感,2,medium,,description
interest,/ˈɪntɝəst/,n./v.,兴趣；利息,1,high,,action
interesting,/ˈɪntɝəstɪŋ/,adj.,有趣的,1,high,,description
internal,/ˌɪnˈtɝnəl/,adj.,内在的；国内的,4,low,,description
international,/ˌɪnɝˈnæʃənəl/,n./adj.,国际的,1,high,,description
internet,/ˈɪntɝˌnɛt/,n.,互联网；英特网,3,medium,,description
interpret,/ˌɪnˈtɝprət/,v.,解释；演出,3,low,,action
interrupt,/ˌɪntɝˈəpt/,n./v.,打扰；打断,2,medium,,action
interval,/ˈɪntɝvəl/,n.,间歇；间隔,4,low,,description
intervention,/ˌɪntɝˈvɛnʃən/,n.,插入；介入,4,low,,description
interview,/ˈɪntɝvˌju/,n./v.,采访；会见,2,medium,,action
into,/ˈɪntu/,prep.,到；里,1,high,,description
intricate,/ˈɪntrəkət/,adj.,错综复杂的；精细的,3,low,,description
introduce,/ˌɪntrəˈdus/,v.,介绍,1,high,,action
introduction,/ˌɪntrəˈdəkʃən/,n.,引进；介绍,3,medium,,description
invent,/ˌɪnˈvɛnt/,v.,发明；创造,3,medium,,action
invention,/ˌɪnˈvɛnʃən/,n.,发明；创造,4,low,,description
investigate,/ˌɪnˈvɛstəˌɡeɪt/,v.,调查；审查,4,low,,mystery
investment,/ˌɪnˈvɛsmənt/,n.,投资,4,low,,description
invitation,/ˌɪnvɪˈteɪʃən/,n.,邀请；请帖,2,high,,description
invite,/ˌɪnˈvaɪt/,n./v.,邀请；招待,1,high,,action
involve,/ˌɪnˈvɑlv/,v.,包括；使陷于,3,low,,action
ireland,/ˈaɪɝlənd/,n.,爱尔兰,4,low,,description
irish,/ˈaɪrɪʃ/,n./adj.,爱尔兰的；爱尔兰人的,4,low,,description
iron,/ˈaɪɝn/,n./v.,铁；熨斗,3,low,,action
island,/ˈaɪlənd/,n./v.,岛,2,high,,action
issue,/ˈɪʃu/,n./v.,发行；问题,3,low,,action
it,/ˈɪt/,pron.,它,1,high,,description
italy,/ˈɪtəli/,n.,意大利,3,medium,,description
item,/ˈaɪtəm/,n.,项目；条款,3,low,,description
its,/ˈɪts/,pron.,它的,1,high,,description
itself,/ˌɪtˈsɛlf/,pron.,它自己,2,high,,description
jacket,/ˈdʒækət/,n./v.,短上衣；夹克衫,4,low,,action
jam,/ˈdʒæm/,n./v.,果酱；阻塞,2,high,,action
january,/ˈdʒænjuˌɛri/,n.,月,2,medium,,description
japan,/dʒəˈpæn/,n.,日本,3,medium,,description
japanese,/ˌdʒæpəˈniz/,n./adj.,日本的；日本人的,4,low,,description
jar,/ˈdʒɑr/,n./v.,罐子；坛子,3,medium,,action
jaw,/ˈdʒɔ/,n./v.,下巴,4,low,,action
jazz,/ˈdʒæz/,n./v./adj.,爵士音乐；爵士舞曲,3,medium,,culture
jeans,/ˈdʒinz/,n.,牛仔裤,4,low,,description
jet,/ˈdʒɛt/,n./v./adj.,喷气式飞机；喷射,4,low,,action
jewelry,/ˈdʒuəlri/,n.,珠宝,4,low,,description
job,/ˈdʒɑb/,n./v.,工作,1,high,,action
jog,/ˈdʒɑɡ/,n./v.,慢跑,4,low,,action
join,/ˈdʒɔɪn/,n./v.,参加；加入,1,high,,action
joint,/ˈdʒɔɪnt/,n./v./adj.,连接处；接合,4,low,,action
joke,/ˈdʒoʊk/,n./v.,笑话,2,medium,,action
journal,/ˈdʒɝnəl/,n.,日记；杂志,2,medium,,description
journalist,/ˈdʒɝnələst/,n.,记者；新闻工作者,3,low,,description
journey,/ˈdʒɝni/,n./v.,旅行；路程,2,high,,action
joy,/ˈdʒɔɪ/,n./v.,欢乐；高兴,2,high,,action
judge,/ˈdʒədʒ/,n./v.,裁判；审判员,2,high,judgement,action
judgement,/ˈdʒədʒmənt/,n.,裁判,4,low,judge,description
juice,/ˈdʒus/,n./v.,汁；液,2,medium,,action
july,/ˌdʒuˈlaɪ/,n.,月,3,medium,,description
jump,/ˈdʒəmp/,n./v.,跳跃；跳变,2,high,,action
june,/ˈdʒun/,n.,月,3,medium,,description
jungle,/ˈdʒəŋɡəl/,n.,丛林；密林,4,low,,description
junior,/ˈdʒunjɝ/,n./adj.,初级的；年少的,4,low,,description
just,/ˈdʒəst/,adj./adv.,刚才；恰好,1,high,,action
justice,/ˈdʒəstəs/,n.,正义；公正,4,low,,description
justify,/ˈdʒəstəˌfaɪ/,v.,替；辩护,4,low,,action
kangaroo,/ˌkæŋɡɝˈu/,n.,大袋鼠,4,low,,description
keep,/ˈkip/,n./v.,生计；维持,1,high,,action
keeper,/ˈkipɝ/,n.,饲养员；看守人,4,low,,description
kettle,/ˈkɛtəl/,n.,水壶,4,low,,description
key,/ˈki/,n./v.,钥匙；答案,2,high,,action
keyboard,/ˈkiˌbɔrd/,n.,键盘,4,low,,description
kick,/ˈkɪk/,n./v.,踢,3,medium,,action
kid,/ˈkɪd/,n./v./adj.,小孩；年轻人,1,high,,action
kill,/ˈkɪl/,n./v.,杀死；弄死,2,high,,action
kilometer,/ˈkɪləˌmitɝ/,n.,千米；公里,2,high,,description
kind,/ˈkaɪnd/,n./adj.,种；类,1,high,,description
kindergarten,/ˈkɪndɝˌɡɑrtən/,n.,幼儿园,4,low,,description
king,/ˈkɪŋ/,n./v.,国王,2,medium,,action
kingdom,/ˈkɪŋdəm/,n.,王国,3,low,,description
kiss,/ˈkɪs/,n./v.,吻；亲吻,3,low,,action
kit,/ˈkɪt/,n.,装备；工具箱,4,low,,description
kitchen,/ˈkɪtʃən/,n.,厨房,2,high,,description
kite,/ˈkaɪt/,n./v.,风筝,4,low,,action
knee,/ˈni/,n./v.,膝盖,2,high,,action
knife,/ˈnaɪf/,n./v.,小刀；匕首,4,low,,action
knock,/ˈnɑk/,n./v.,敲；打,3,medium,,action
know,/ˈnoʊ/,v.,知道；了解,1,high,,action
knowledge,/ˈnɑlədʒ/,n.,知识；学问,1,high,,education
lab,/ˈlæb/,n.,实验室,3,medium,,science
label,/ˈleɪbəl/,n./v.,标签；称号,4,low,,action
labor,/ˈleɪbɝ/,n./v.,劳动；努力,4,low,,action
lack,/ˈlæk/,n./v.,缺乏；缺少,2,high,,action
ladder,/ˈlædɝ/,n./v.,梯子,4,low,,action
lady,/ˈleɪdi/,n.,女士；夫人,3,medium,,description
lake,/ˈleɪk/,n./v.,湖,2,high,,action
lamb,/ˈlæm/,n./v.,羔羊,4,low,,action
lamp,/ˈlæmp/,n./v.,灯；油灯,2,medium,,action
land,/ˈlænd/,n./v.,陆地；土地,1,high,,action
landscape,/ˈlænˌskeɪp/,n./v.,风景；山水,3,medium,,nature
language,/ˈlæŋɡwədʒ/,n.,语言,1,high,,culture
lantern,/ˈlæntɝn/,n./v.,灯笼；提灯,4,low,,action
lap,/ˈlæp/,n./v.,膝部；一圈,4,low,,action
laptop,/ˈlæpˌtɑp/,n.,膝上型的,4,low,,description
large,/ˈlɑrdʒ/,adj./adv.,大的；巨大的,1,high,,action
laser,/ˈleɪzɝ/,n.,激光,4,low,,description
last,/ˈlæs/,n./v./adj./adv.,最后的；末尾的,1,high,,action
late,/ˈleɪt/,adj./adv.,晚的；迟的,1,high,lately,action
lately,/ˈleɪtli/,adv.,最近；不久前,4,low,late,action
later,/ˈleɪtɝ/,adv.,晚些的；迟些的,1,high,,action
latter,/ˈlætɝ/,adj.,后者,4,low,,description
laugh,/ˈlæf/,n./v.,笑；大笑,2,high,,action
laughter,/ˈlæftɝ/,n.,笑；笑声,4,low,,description
launch,/ˈlɔntʃ/,n./v.,下水；汽艇,4,low,,action
law,/ˈlɑ/,n./v.,法律；法令,2,high,,action
lawyer,/ˈlɔɪɝ/,n.,律师,4,low,,description
lay,/ˈleɪ/,n./v./adj.,放；搁,2,medium,,action
lazy,/ˈleɪzi/,v./adj.,懒惰的,4,low,,action
lead,/liːd/,n./v./adj.,带领；导致,1,high,,action
leader,/ˈlidɝ/,n.,领袖；领导人,3,medium,,description
leadership,/ˈlidɝˌʃɪp/,n.,领导能力；领导阶层,3,low,,description
leading,/ˈlidɪŋ/,n./adj.,最主要的；第一位的,2,high,,description
leaf,/ˈlif/,n./v.,叶,4,low,,action
league,/ˈliɡ/,n./v.,联盟；社团,4,low,,action
leak,/ˈlik/,n./v.,漏；渗,4,low,,action
learn,/ˈlɝn/,v.,学；学习,1,high,,education
least,/ˈlist/,n./adj./adv.,最少的；最小的,1,high,,action
leather,/ˈlɛðɝ/,n./v./adj.,皮革,4,low,,action
leave,/ˈliv/,n./v.,离开；留下,1,high,,action
lecture,/ˈlɛktʃɝ/,n./v.,讲课；演讲,2,medium,,action
left,/ˈlɛft/,n./adj./adv.,左边的；向左,1,high,,action
leg,/ˈlɛɡ/,n./v.,腿；腿脚,2,high,,action
legal,/ˈliɡəl/,adj.,与法律有关的；法律的,4,low,,description
leisure,/ˈlɛʒɝ/,n./adj.,空闲；闲暇,3,low,,description
lemon,/ˈlɛmən/,n.,柠檬；柠檬色的,3,medium,,description
lend,/ˈlɛnd/,v.,借；把,3,medium,,action
length,/ˈlɛŋkθ/,n.,长；长度,3,medium,,description
less,/ˈlɛs/,n./adj./adv.,少于；小于,1,high,unless,action
lesson,/ˈlɛsən/,n.,课；功课,1,high,,description
let,/ˈlɛt/,n./v.,让；假设,1,high,,reasoning
letter,/ˈlɛtɝ/,n./v.,信；字母,1,high,,action
level,/ˈlɛvəl/,n./v./adj.,水平线；平的,1,high,,action
liberation,/ˌlɪˌbɝˈeɪʃən/,n.,解放,4,low,,description
liberty,/ˈlɪbɝˌti/,n.,自由,4,low,,description
librarian,/laɪˈbrɛˌriən/,n.,图书管理员；图书馆馆长,4,low,,description
library,/ˈlaɪbrɛˌri/,n.,图书馆；图书室,2,high,,description
license,/ˈlaɪsəns/,n./v.,执照；许可证,3,low,,action
lid,/ˈlɪd/,n./v.,盖子,4,low,,action
lie,/ˈlaɪ/,n./v.,躺；卧,1,high,,action
life,/ˈlaɪf/,n.,生命；生涯,1,high,,description
lifetime,/ˈlaɪfˌtaɪm/,n./adj.,一生；终生,2,medium,,description
lift,/ˈlɪft/,n./v.,举起；抬起,3,medium,,action
light,/ˈlaɪt/,n./v./adj./adv.,光；光亮,1,high,,action
lightning,/ˈlaɪtnɪŋ/,n./v./adj.,闪电,4,low,,action
like,/ˈlaɪk/,prep.,像；跟,1,high,"likely,unlike",description
likely,/ˈlaɪkli/,adj./adv.,很可能的,1,high,like,action
limit,/ˈlɪmət/,n./v.,限制；限度,3,medium,,action
limited,/ˈlɪmətəd/,n./adj.,有限制的；有限的,2,high,,description
line,/ˈlaɪn/,n./v.,列；线,1,high,,action
link,/ˈlɪŋk/,n./v.,环；纽带,2,medium,,action
lion,/ˈlaɪən/,n.,狮子,4,low,,description
lip,/ˈlɪp/,n./v./adj.,嘴唇,4,low,,action
liquid,/ˈlɪkwəd/,n./adj.,液体；液体的,3,medium,,description
list,/ˈlɪst/,n./v.,清单；登记,1,high,,action
listen,/ˈlɪsən/,n./v.,听；仔细听,1,high,,action
literally,/ˈlɪtɝəli/,adv.,逐字地；按照字面上地,4,low,,action
literary,/ˈlɪtɝˌɛri/,adj.,文学的,3,low,,culture
literature,/ˈlɪtɝətʃɝ/,n.,文学,3,medium,,culture
litter,/ˈlɪtɝ/,n./v.,乱丢杂物；垃圾,4,low,,action
little,/ˈlɪtəl/,n./adj./adv.,一点点；少许,1,high,,action
live,/lɪv/,v./adj./adv.,生活；居住,1,high,lively,action
lively,/ˈlaɪvli/,adj.,活泼的；充满生气的,3,medium,live,description
living,/ˈlɪvɪŋ/,n./adj.,活着的；生计,1,high,,description
load,/ˈloʊd/,n./v.,货物；装满,3,medium,,action
loan,/ˈloʊn/,n./v.,贷款；借出,4,low,,action
local,/ˈloʊkəl/,n./adj.,当地的；地方的,1,high,,description
location,/loʊˈkeɪʃən/,n.,位置；场所,3,medium,,description
lock,/ˈlɑk/,n./v.,锁；锁上,3,medium,,action
log,/ˈlɔɡ/,n./v.,记录；圆木,4,low,,action
logical,/ˈlɑdʒɪkəl/,adj.,合乎逻辑的；合理的,4,low,,reasoning
london,/ˈləndən/,n.,伦敦,1,high,,description
lonely,/ˈloʊnli/,adj.,孤独的；寂寞的,2,high,,description
long,/ˈlɔŋ/,n./v./adj./adv.,长的；远,1,high,,action
look,/ˈlʊk/,n./v.,看；瞧,1,high,,action
loose,/ˈlus/,n./v./adj./adv.,松散的；宽松的,3,low,,action
lorry,/ˈlɔri/,n.,运货汽车；卡车,4,low,,description
lose,/ˈluz/,v.,失去；丢失,1,high,,action
loss,/ˈlɔs/,n.,丧失；损耗,3,medium,,description
lot,/ˈlɑt/,n./v.,许多；好些,1,high,,action
loud,/ˈlaʊd/,adj./adv.,大声的,2,high,,action
lounge,/ˈlaʊndʒ/,n./v.,休息厅；休息室,4,low,,action
love,/ˈləv/,n./v.,爱；热爱,1,high,lovely,action
lovely,/ˈləvli/,adj.,美好的；可爱的,2,medium,love,description
low,/ˈloʊ/,n./v./adj./adv.,低；矮,1,high,,action
lower,/ˈloʊɝ/,v./adj.,低的；下级的,1,high,,action
luck,/ˈlək/,n./v.,运气；好运,2,high,,action
lucky,/ˈləki/,adj.,运气好；侥幸,2,high,,description
lunar,/ˈlunɝ/,adj.,阴历的；月的,4,low,,description
lunch,/ˈləntʃ/,n.,午餐；午饭,1,high,,description
lung,/ˈləŋ/,n.,肺；肺脏,3,medium,,description
luxury,/ˈləɡʒɝi/,n./adj.,奢侈；豪华,4,low,,description
machine,/məˈʃin/,n./v.,机器,2,high,,science
mad,/ˈmæd/,n./adj.,发疯的；生气的,3,medium,,description
madam,/ˈmædəm/,n.,夫人；女士,4,low,,description
magazine,/ˈmæɡəˌzin/,n.,杂志,2,high,,description
magic,/ˈmædʒɪk/,n./adj.,有魔力的,4,low,,description
mail,/ˈmeɪl/,n./v.,邮政；邮递,3,medium,,action
main,/ˈmeɪn/,n./adj.,主要的；主要部分,1,high,,description
maintain,/meɪnˈteɪn/,v.,维持；维修,4,low,,action
major,/ˈmeɪdʒɝ/,n./v./adj.,较大的；主要的,1,high,,action
majority,/məˈdʒɔrəti/,n.,大多数,3,low,,description
make,/ˈmeɪk/,n./v.,制造；做,1,high,,action
male,/ˈmeɪl/,n./adj.,男的；雄的,3,medium,,description
man,/ˈmæn/,n./v.,成年男人；人类,1,high,,action
manage,/ˈmænədʒ/,v.,管理；设法对付,2,high,,action
manager,/ˈmænədʒɝ/,n.,经理,2,medium,,description
mankind,/ˈmænˈkaɪnd/,n.,人类；人,4,low,,description
manner,/ˈmænɝ/,n.,方式；态度,2,high,,emotion
many,/ˈmɛni/,pron.,许多人；许多的,1,high,,description
map,/ˈmæp/,n./v.,地图,2,medium,,action
marathon,/ˈmɛrəˌθɑn/,n.,马拉松,3,medium,,description
marble,/ˈmɑrbəl/,n./adj.,大理石；玻璃弹子,4,low,,description
march,/ˈmɑrtʃ/,n./v.,行进；三月,1,high,,action
mark,/ˈmɑrk/,n./v.,标记；标明,2,high,,action
market,/ˈmɑrkət/,n./v.,市场；集市,1,high,,economy
marriage,/ˈmɛrɪdʒ/,n.,结婚；婚姻,3,medium,,description
married,/ˈmɛrid/,adj.,已婚的,3,medium,,description
marry,/ˈmɛri/,v.,成婚；结婚,4,low,,action
mass,/ˈmæs/,n./v./adj.,众多；大量,2,high,,action
massive,/ˈmæsɪv/,adj.,大而重的；宽大的,3,medium,,description
master,/ˈmæstɝ/,n./v./adj.,主人；硕士,3,medium,,action
match,/ˈmætʃ/,n./v.,使相配；使成对,2,high,,action
material,/məˈtɪriəl/,n./adj.,材料；原料,1,high,,description
math,/ˈmæθ/,n.,数学,2,medium,,description
matter,/ˈmætɝ/,n./v.,事件；物质,1,high,,action
mature,/məˈtʃʊr/,v./adj.,成熟的,3,medium,,action
maximum,/ˈmæksəməm/,n./adj.,最大量；最大限度,4,low,,description
may,/ˈmeɪ/,v.,可能；可以,1,high,,action
maybe,/ˈmeɪbi/,n./adv.,可能；大概,2,high,,action
me,/ˈmi/,pron.,我,1,high,,description
meal,/ˈmil/,n./v.,一餐,1,high,,action
mean,/ˈmin/,n./v./adj.,意思是；卑鄙的,1,high,,action
meaning,/ˈminɪŋ/,n./adj.,意思；含意,2,high,,description
means,/ˈminz/,n.,方法；手段,1,high,,description
meanwhile,/ˈminˌwaɪl/,n./adv.,同时；其时,3,low,,action
measure,/ˈmɛʒɝ/,n./v.,尺寸；措施,2,medium,,action
meat,/ˈmit/,n.,肉,3,medium,,description
mechanic,/məˈkænɪk/,n./adj.,机械工；技工,4,low,,description
medal,/ˈmɛdəl/,n./v.,奖牌,4,low,,action
media,/ˈmidiə/,n.,大众传播媒介,2,high,,description
medical,/ˈmɛdəkəl/,n./adj.,医学的；医疗的,1,high,,description
medicine,/ˈmɛdəsən/,n./v.,药,3,medium,,action
medium,/ˈmidiəm/,n./adj.,手段；导体,3,low,,description
meet,/ˈmit/,n./v./adj.,遇见；见到会,1,high,,action
meeting,/ˈmitɪŋ/,n.,会；集会,1,high,,description
member,/ˈmɛmbɝ/,n.,成员；会员,1,high,,description
membership,/ˈmɛmbɝˌʃɪp/,n.,会员的资格；全体会员,2,high,,description
memorial,/məˈmɔriəl/,n./adj.,纪念馆,3,medium,,description
memory,/ˈmɛmɝi/,n.,回忆；记忆,1,high,,description
mental,/ˈmɛntəl/,n./adj.,精神的；脑力的,2,medium,mentally,description
mentally,/ˈmɛnəli/,adv.,精神上；智力上,3,medium,mental,action
mention,/ˈmɛnʃən/,n./v.,提及；记载,1,high,,action
menu,/ˈmɛnju/,n.,菜单,3,medium,,description
merchant,/ˈmɝtʃənt/,n./adj.,商业的；商人的,3,medium,,economy
mercy,/ˈmɝsi/,n.,怜悯,4,low,,description
merely,/ˈmɪrli/,adv.,仅仅；只不过,2,medium,,action
merry,/ˈmɛri/,adj.,高兴的；愉快的,4,low,,description
mess,/ˈmɛs/,n./v.,凌乱,3,medium,,action
message,/ˈmɛsədʒ/,n./v.,消息；音信,1,high,,action
metal,/ˈmɛtəl/,n./v./adj.,金属；金属制成的,3,medium,,action
meter,/ˈmitɝ/,n./v.,米；公尺,2,medium,,action
method,/ˈmɛθəd/,n.,方法；办法,1,high,,description
mexican,/ˈmɛksəkən/,n./adj.,墨西哥的,2,medium,,description
mexico,/ˈmɛksəˌkoʊ/,n.,墨西哥,3,medium,,description
microscope,/ˈmaɪkrəˌskoʊp/,n.,显微镜,4,low,,description
middle,/ˈmɪdəl/,n./adj.,中间的；中间,2,high,,description
midnight,/ˈmɪdˌnaɪt/,n./adj.,午夜,3,medium,,description
might,/ˈmaɪt/,v.,可能；也许,1,high,,action
mild,/ˈmaɪld/,adj.,温和；暖和的,4,low,,description
mile,/ˈmaɪl/,n.,英里,1,high,,description
military,/ˈmɪləˌtɛri/,n./adj.,军队；军事的,4,low,,description
milk,/ˈmɪlk/,n./v.,牛奶；挤奶,2,medium,,action
millimetre,/ˈmɪləˌmitɝ/,n.,毫米,4,low,,description
million,/ˈmɪljən/,num.,百万；百万个,1,high,,description
mind,/ˈmaɪnd/,n./v.,思想；想法,1,high,,action
mine,/ˈmaɪn/,pron.,矿藏；矿山,3,low,,nature
mineral,/ˈmɪnɝəl/,n./adj.,矿物质；矿物,4,low,,description
minimum,/ˈmɪnəməm/,n./adj.,最小的；最小数,3,low,,description
minister,/ˈmɪnəstɝ/,n./v.,部长；牧师,2,medium,,action
ministry,/ˈmɪnəstri/,n.,部,3,medium,,description
minor,/ˈmaɪnɝ/,n./v./adj.,未成年人；副修科目,4,low,,action
minority,/maɪˈnɔrəti/,n./adj.,少数；少数民族,4,low,,description
minute,/ˈmɪnət/,n./v./adj.,分钟；一会儿,1,high,,action
mirror,/ˈmɪrɝ/,n./v.,镜子,2,medium,,action
miss,/ˈmɪs/,n./v.,错过；想念,1,high,dismiss,action
missile,/ˈmɪsəl/,n./adj.,导弹,4,low,,description
missing,/ˈmɪsɪŋ/,adj.,不见的；缺少的,2,medium,,description
mission,/ˈmɪʃən/,n./v.,任务；代表团,4,low,,action
mist,/ˈmɪst/,n./v.,雾,4,low,,action
mistake,/mɪˈsteɪk/,n./v.,错误；弄错,1,high,,action
mix,/ˈmɪks/,n./v.,混合；搅拌,2,medium,,action
mixture,/ˈmɪkstʃɝ/,n.,混合物,3,medium,,description
mm,/m/,n.,毫米,4,low,,description
mobile,/ˈmoʊbəl/,n./adj.,活动的；可移动的,3,medium,,description
mode,/ˈmoʊd/,n.,模态；调式,4,low,,description
model,/ˈmɑdəl/,n./v./adj.,模型；原形,1,high,,action
modern,/ˈmɑdɝn/,n./adj.,现代的,1,high,,description
modest,/ˈmɑdəst/,adj.,谦虚的；谦逊的,4,low,,character
moment,/ˈmoʊmənt/,n.,片刻；瞬间,1,high,,description
monday,/ˈmənˌdeɪ/,n.,星期一,2,medium,,description
money,/ˈməni/,n.,钱；货币,1,high,,economy
monitor,/ˈmɑnətɝ/,n./v.,班长；纠察生,2,medium,,action
monkey,/ˈməŋki/,n./v.,猴子,2,medium,,action
month,/ˈmənθ/,n.,月；月份,1,high,monthly,description
monthly,/ˈmənθli/,n./adj.,月刊；每月的,3,medium,month,description
monument,/ˈmɑnjəmənt/,n.,纪念碑；纪念物,2,medium,,description
mood,/ˈmud/,n.,心情；气氛,3,medium,,description
moon,/ˈmun/,n./v.,月球；月光,3,medium,,action
moral,/ˈmɔrəl/,n./adj.,道德的；寓意,4,low,,description
more,/ˈmɔr/,n./adj./adv.,的；较多的再,1,high,,action
moreover,/mɔˈroʊvɝ/,adv.,而且；此外,4,low,,action
morning,/ˈmɔrnɪŋ/,n.,早晨；上午,1,high,,description
moscow,/ˈmɑˌskoʊ/,n.,莫斯科,3,low,,description
mosquito,/məˈskitoʊ/,n.,蚊子,4,low,,description
most,/ˈmoʊs/,pron.,最多；最大,1,high,mostly,description
mostly,/ˈmoʊsli/,adv.,大概；大部分,2,high,most,action
mother,/ˈməðɝ/,n./v.,母亲,1,high,,action
motion,/ˈmoʊʃən/,n./v.,移动；手势,4,low,,action
motivate,/ˈmoʊtəˌveɪt/,v.,给与动机；刺激,4,low,,action
motivation,/ˌmoʊtəˈveɪʃən/,n.,动机,3,medium,,description
motive,/ˈmoʊtɪv/,n./adj.,动机；目的,4,low,,description
motor,/ˈmoʊtɝ/,n./v./adj.,发动机；马达,3,low,,action
mount,/ˈmaʊnt/,n./v.,乘骑用马；框,3,low,,action
mountain,/ˈmaʊntən/,n.,山；山脉,1,high,,nature
mouse,/ˈmaʊs/,n./v.,鼠；耗子,4,low,,action
mouth,/ˈmaʊθ/,n./v.,嘴；口,3,medium,,action
move,/ˈmuv/,n./v.,移动；搬动,1,high,movement,action
movement,/ˈmuvmənt/,n.,运动；活动,1,high,move,description
movie,/ˈmuvi/,n.,电影,2,high,,description
mr,/ˈmɪstɝ/,n.,先生,2,high,,description
mrs,/ˈmɪsɪz/,n.,太太,2,high,,description
ms,/ˈmɪz/,n.,女士,3,medium,,description
much,/ˈmətʃ/,pron.,大量；许多,1,high,,description
mud,/ˈməd/,n./v.,泥；泥浆,4,low,,action
multiple,/ˈməltəpəl/,n./adj.,倍数；并联,4,low,,description
murder,/ˈmɝdɝ/,n./v.,谋杀,4,low,,action
muscle,/ˈməsəl/,n.,肌肉；臂力,3,medium,,description
museum,/ˈmjuziəm/,n.,博物馆；博物院,1,high,,description
mushroom,/ˈməʃrum/,n./v./adj.,蘑菇,4,low,,action
music,/ˈmjuzɪk/,n.,音乐；乐曲,1,high,,culture
musical,/ˈmjuzɪkəl/,n./adj.,音乐的；爱好音乐的,2,high,,culture
musician,/mjuˈzɪʃən/,n.,音乐家；乐师,2,medium,,culture
must,/ˈməst/,v.,必须；一定,1,high,,action
my,/ˈmaɪ/,pron.,我的,1,high,,description
myself,/ˌmaɪˈsɛlf/,pron.,我自己,1,high,,description
nail,/ˈneɪl/,n./v.,钉；钉子,4,low,,action
name,/ˈneɪm/,n./v./adj.,名字；姓名,1,high,,action
narrow,/ˈnæroʊ/,n./v./adj.,狭窄的,3,low,,action
nation,/ˈneɪʃən/,n.,民族；国家,2,medium,,description
national,/ˈnæʃənəl/,adj.,国家的；全国性的,1,high,,description
nationality,/ˌnæʃəˈnæləti/,n.,国籍,4,low,,description
native,/ˈneɪtɪv/,n./adj.,本土的；本国的,2,high,,description
natural,/ˈnætʃɝəl/,n./adj.,自然的,1,high,,nature
nature,/ˈneɪtʃɝ/,n.,自然；性质,1,high,,nature
navy,/ˈneɪvi/,n.,海军,4,low,,description
near,/ˈnɪr/,prep.,近的；附近,1,high,nearly,description
nearby,/ˈnɪrˈbaɪ/,adj./adv./prep.,附近的,2,high,,action
nearly,/ˈnɪrli/,adv.,将近；几乎,1,high,near,action
neat,/ˈnit/,n./adj.,整洁的；灵巧的,4,low,,description
necessary,/ˈnɛsəˌsɛri/,adj.,必需的；必要的,1,high,,description
neck,/ˈnɛk/,n./v.,颈；脖子,3,low,,action
need,/ˈnid/,n./v.,需要；需求,1,high,,action
needle,/ˈnidəl/,n./v.,针,4,low,,action
negative,/ˈnɛɡətɪv/,n./adj.,否定；否定语,3,low,,description
negotiate,/nəˈɡoʊʃiˌeɪt/,v.,谈判；协商,4,low,,action
neighbor,/ˈneɪbɝ/,n./v./adj.,邻居；邻人,2,medium,,action
neighborhood,/ˈneɪbɝˌhʊd/,n.,四邻；邻近地区,3,medium,,description
neither,/ˈnaɪðɝ/,pron.,都不；也不,2,high,,description
nephew,/ˈnɛfju/,n.,侄子；外甥,4,low,,description
nervous,/ˈnɝvəs/,adj.,紧张不安的,2,high,,description
nest,/ˈnɛst/,n./v.,巢；窝,2,medium,,action
net,/ˈnɛt/,n./v./adj.,网,3,medium,,action
network,/ˈnɛtˌwɝk/,n.,网络；网状系统,2,high,,description
never,/ˈnɛvɝ/,adv.,决不；从来没有,1,high,,action
nevertheless,/ˌnɛvɝðəˈlɛs/,adv./conj.,然而；虽然如此,3,low,,action
new,/ˈnju/,adj.,新的；新鲜的,1,high,,description
news,/ˈnjuz/,n.,新闻；消息,1,high,,description
newspaper,/ˈnuzˌpeɪpɝ/,n.,报纸,2,medium,,description
next,/ˈnɛks/,n./adj./adv.,下一个；下一个的,1,high,,action
nice,/ˈnaɪs/,adj.,令人愉快；好的漂亮的,1,high,,description
niece,/ˈnis/,n.,侄女；甥女,4,low,,description
night,/ˈnaɪt/,n.,夜；夜间,1,high,,description
nine,/ˈnaɪn/,num.,九,3,medium,,description
nineteen,/ˈnaɪnˈtin/,num.,十九,3,low,,description
ninety,/ˈnaɪnti/,num.,九十,4,low,,description
ninth,/ˈnaɪnθ/,num.,第九,4,low,,description
no,/ˈnoʊ/,n./adj./adv.,不；不是,1,high,,action
noble,/ˈnoʊbəl/,n./adj.,高贵的；贵族,4,low,,description
nobody,/ˈnoʊˌbɑˌdi/,pron.,渺小人物；没有人,2,medium,,description
nod,/ˈnɑd/,n./v.,点头,3,medium,,action
noise,/ˈnɔɪz/,n./v.,声音；噪声,2,medium,,action
noisy,/ˈnɔɪzi/,adj.,喧闹的；嘈杂的,4,low,,description
nonchalant,/ˌnɑnʃəˈlɑnt/,adj.,若无其事的；冷淡的,4,low,,emotion
none,/ˈnən/,pron.,无任何东西；无一人,2,medium,,description
noodle,/ˈnudəl/,n.,面条,4,low,,description
noon,/ˈnun/,n.,中午；正午,4,low,,description
nor,/ˈnɔr/,conj.,也不,3,medium,,description
normal,/ˈnɔrməl/,n./adj.,正常的,2,high,,description
north,/ˈnɔrθ/,n./adj./adv.,北方；北,1,high,,action
northeast,/ˌnɔrˈθist/,n./adj./adv.,东北部；东北的,4,low,,action
northern,/ˈnɔrðɝn/,n./adj.,北方的；北部的,3,medium,,description
northwest,/ˌnɔrθˈwɛst/,n./adj./adv.,西北；西北的,4,low,,action
nose,/ˈnoʊz/,n./v.,鼻,3,medium,,action
not,/ˈnɑt/,adv.,不；没,1,high,,action
note,/ˈnoʊt/,n./v.,笔记；记录,2,high,,action
notebook,/ˈnoʊtˌbʊk/,n.,笔记簿,4,low,,description
nothing,/ˈnəθɪŋ/,pron.,没有东西；没有什么,1,high,,description
notice,/ˈnoʊtəs/,n./v.,布告；通告,1,high,,action
novel,/ˈnɑvəl/,n./adj.,小说,2,medium,,description
novelist,/ˈnɑvələst/,n.,小说家,4,low,,description
november,/noʊˈvɛmbɝ/,n.,月,2,high,,description
now,/ˈnaʊ/,n./adj./adv./conj.,现在,1,high,,action
nowadays,/ˈnaʊəˌdeɪz/,n./adv.,当今；现在,4,low,,action
nowhere,/ˈnoʊˌwɛr/,adv.,任何地方都不；无处,3,low,,action
nuclear,/ˈnukliɝ/,adj.,原子核的；原子能的,4,low,,description
number,/ˈnəmbɝ/,n./v.,数；数字,1,high,,action
nurse,/ˈnɝs/,n./v.,护士；护理,2,medium,,action
nursery,/ˈnɝsɝi/,n.,托儿所,4,low,,description
nut,/ˈnət/,n.,坚果；果仁,4,low,,description
nutrition,/nuˈtrɪʃən/,n.,营养；滋养,3,medium,,description
o'clock,/əˈklɑk/,n.,点钟,4,low,,description
object,/ˈɑbdʒɛkt/,n./v.,物体；目标,2,high,,action
objective,/əbˈdʒɛktɪv/,n./adj.,目的；目标,3,medium,,description
obscure,/əbˈskjʊr/,v./adj.,模糊的；晦涩的,2,low,,"description,reasoning"
observe,/əbˈzɝv/,v.,观察；监视,2,medium,,action
obtain,/əbˈteɪn/,v.,获得；得到,3,medium,,action
obvious,/ˈɑbviəs/,adj.,显然,3,medium,obviously,description
obviously,/ˈɑbviəsli/,adv.,显而易见地；明显地,3,medium,obvious,action
occasion,/əˈkeɪʒən/,n./v.,场合；时机,3,low,,action
occupation,/ˌɑkjəˈpeɪʃən/,n.,职业；工作,4,low,,description
occupy,/ˈɑkjəˌpaɪ/,v.,占领；占,3,low,,action
occur,/əˈkɝ/,v.,发生,2,high,,action
ocean,/ˈoʊʃən/,n.,海洋,2,medium,,nature
october,/ɑkˈtoʊbɝ/,n.,月,3,medium,,description
odd,/ˈɑd/,n./adj.,奇数的；古怪的,4,low,,description
of,/ˈəv/,prep.,的,1,high,,description
off,/ˈɔf/,prep.,离开；中断,1,high,,description
offer,/ˈɔfɝ/,n./v.,提供；建议,1,high,,action
office,/ˈɔfɪs/,n.,办公室,1,high,,description
officer,/ˈɔfəsɝ/,n./v.,军官；公务员,3,medium,,action
official,/əˈfɪʃəl/,n./adj.,官员；公务员,1,high,,description
often,/ˈɔfən/,adv.,经常；常常,1,high,,action
oh,/ˈoʊ/,interj.,哦；啊,2,high,,description
oil,/ˈɔɪl/,n./v.,石油；给,2,medium,,action
ok,/ˈoʊˈkeɪ/,n./adj./adv.,好；对,4,low,,action
old,/ˈoʊld/,n./adj.,老的；旧的,1,high,,description
olympics,/oʊˈlɪmpɪks/,n.,奥林匹克运动会,4,low,,description
on,/ˈɑn/,prep.,在；之上,1,high,,description
once,/ˈwəns/,conj.,一次；一度,1,high,,description
one,/ˈwən/,num.,一,1,high,,description
onion,/ˈənjən/,n./v.,洋葱；洋葱头,4,low,,action
online,/ˈɔnˌlaɪn/,adj.,联机,2,high,,description
only,/ˈoʊnli/,adj./adv./conj.,惟一的；仅有的,1,high,,action
onto,/ˈɑntu/,prep.,到；的上面,2,medium,,description
open,/ˈoʊpən/,n./v./adj.,开着的；开的,1,high,,action
opening,/ˈoʊpənɪŋ/,n./adj.,开放；口子,1,high,,description
opera,/ˈɑprə/,n.,歌剧,3,low,,description
operate,/ˈɑpɝˌeɪt/,v.,做手术；运转,2,high,,action
operation,/ˌɑpɝˈeɪʃən/,n.,手术；操作,2,high,,description
operator,/ˈɑpɝˌeɪtɝ/,n.,接线员,3,medium,,description
opinion,/əˈpɪnjən/,n.,看法；见解,1,high,,description
opponent,/əˈpoʊnənt/,n./adj.,对手；敌手,3,low,,description
opportunity,/ˌɑpɝˈtunəti/,n.,机会；时机,2,medium,,description
oppose,/əˈpoʊz/,v.,反对；反抗,3,medium,,action
opposite,/ˈɑpəzət/,prep.,相反；对面,3,medium,,description
optimistic,/ˌɑptəˈmɪstɪk/,adj.,乐观的,4,low,,emotion
option,/ˈɑpʃən/,n.,选择权；挑选,2,medium,,description
or,/ˈɔr/,conj.,或；就是,1,high,,description
oral,/ˈɔrəl/,n./adj.,口述的；口头上的,4,low,,description
orange,/ˈɔrəndʒ/,n./adj.,橘子；橙子,2,high,,description
orbit,/ˈɔrbət/,n./v.,运行轨道,4,low,,action
order,/ˈɔrdɝ/,n./v.,顺序,1,high,,action
ordinary,/ˈɔrdəˌnɛri/,n./adj.,普通的；平常的,3,low,,description
organ,/ˈɔrɡən/,n.,器官,4,low,,description
organic,/ɔrˈɡænɪk/,adj.,器官的；有机的,4,low,,description
organisation,/ˌɔrɡənɪˈzeɪʃən/,n.,组织；团体,4,low,,description
organization,/ˌɔrɡənəˈzeɪʃən/,n.,组织；机构,2,high,,description
origin,/ˈɔrədʒən/,n.,起源；由来,2,medium,,description
original,/ɝˈɪdʒənəl/,n./adj.,最初的；原始的,3,medium,,description
other,/ˈəðɝ/,pron.,别人；别的东西,1,high,,description
otherwise,/ˈəðɝˌwaɪz/,adv.,要不然；否则,3,medium,,action
ought,/ˈɔt/,n.,应该；应当,4,low,,description
our,/ˈaʊɝ/,pron.,我们的,1,high,,description
ours,/ˈaʊɝz/,pron.,我们的,4,low,,description
ourselves,/aʊɝˈsɛlvz/,pron.,我们自己,2,high,,description
out,/ˈaʊt/,adj./adv./prep.,出外；在外,1,high,,action
outcome,/ˈaʊtˌkəm/,n.,结果；效果,2,medium,,description
outer,/ˈaʊtɝ/,adj.,外部的；外面的,4,low,,description
outgoing,/ˈaʊtˌɡoʊɪŋ/,n./adj.,爱交际的；外向的,4,low,,description
outline,/ˈaʊtˌlaɪn/,n./v.,概述；略述,4,low,,action
output,/ˈaʊtˌpʊt/,n.,产量；输出量,4,low,,description
outside,/ˈaʊtˈsaɪd/,prep.,外面；在外面,1,high,,description
outstanding,/ˌaʊtˈstændɪŋ/,adj.,优秀的；杰出的,3,medium,,description
over,/ˈoʊvɝ/,prep.,结束；越过,1,high,,description
overall,/ˈoʊvɝˌɔl/,n./adj./adv.,全部的；全体的,3,low,,action
overcome,/ˈoʊvɝˌkəm/,v.,克服；解决,3,medium,,action
overlook,/ˈoʊvɝˌlʊk/,n./v.,忽略；不予理会,4,low,,action
overseas,/ˈoʊvɝˈsiz/,adj./adv.,海外的；国外的,3,low,,action
owe,/ˈoʊ/,v.,欠,4,low,,action
own,/ˈoʊn/,n./v./adj.,自己的；拥有,1,high,,action
owner,/ˈoʊnɝ/,n.,物主；所有人,1,high,,description
ownership,/ˈoʊnɝˌʃɪp/,n.,所有制,3,medium,,description
oxygen,/ˈɑksədʒən/,n.,氧；氧气,4,low,,description
p.m.,/ˈpiˈɛm/,n.,下午；午后,4,low,,description
pace,/ˈpeɪs/,n./v.,步子；节奏,3,low,,action
pacific,/pəˈsɪfɪk/,n./adj.,太平洋的,3,medium,,description
pack,/ˈpæk/,n./v.,包裹；一伙,1,high,,action
package,/ˈpækədʒ/,n./v./adj.,包裹；套装软件,4,low,,action
packet,/ˈpækət/,n./v.,小包裹；袋,4,low,,action
page,/ˈpeɪdʒ/,n./v.,页；页码,2,medium,,action
pain,/ˈpeɪn/,n./v.,疼痛；疼,2,high,painful,action
painful,/ˈpeɪnfəl/,adj.,使痛的；使痛苦的,3,medium,pain,description
paint,/ˈpeɪnt/,n./v.,油漆；粉刷,2,high,,action
painter,/ˈpeɪntɝ/,n.,绘画者；画家,2,medium,,culture
painting,/ˈpeɪntɪŋ/,n.,油画；水彩画,2,high,,description
pair,/ˈpɛr/,n./v.,一双；一对,2,high,,action
palace,/ˈpæləs/,n.,宫；宫殿,3,low,,description
pale,/ˈpeɪl/,n./v./adj.,苍白的；灰白的,3,low,,action
pan,/ˈpæn/,n./v.,平底锅,3,low,,action
pancake,/ˈpænˌkeɪk/,n.,薄煎饼,4,low,,description
panda,/ˈpændə/,n.,熊猫,4,low,,description
panel,/ˈpænəl/,n./v.,嵌板；仪表板,4,low,,action
panic,/ˈpænɪk/,n./v./adj.,惊慌；恐慌,4,low,,action
paper,/ˈpeɪpɝ/,n./v./adj.,纸；报纸,1,high,,action
paragraph,/ˈpærəˌɡræf/,n./v.,段落,1,high,,action
parallel,/ˈpɛrəˌlɛl/,n./v./adj.,极其相似的人；纬线,4,low,,action
parcel,/ˈpɑrsəl/,n./v./adj./adv.,包裹,4,low,,action
pardon,/ˈpɑrdən/,interj.,原谅,4,low,,description
parent,/ˈpɛrənt/,n.,父；双亲,1,high,,description
paris,/ˈpærɪs/,n.,巴黎,2,high,,description
park,/ˈpɑrk/,n./v.,公园,1,high,,action
parking,/ˈpɑrkɪŋ/,n./adj.,停车,3,medium,,description
part,/ˈpɑrt/,n./v./adj./adv.,部分；局部,1,high,partly,action
participate,/pɑrˈtɪsəˌpeɪt/,v.,参加；参与,3,low,,action
particular,/ˌpɑˈtɪkjəlɝ/,n./adj.,特殊的；个别的,1,high,,description
partly,/ˈpɑrtli/,adv.,部分地；在一定程度上,3,medium,part,action
partner,/ˈpɑrtnɝ/,n./v.,搭档；合作者,3,medium,,social
party,/ˈpɑrti/,n./v.,宴会；党,1,high,,action
pass,/ˈpæs/,n./v.,传；经过,1,high,,action
passage,/ˈpæsədʒ/,n./v.,一节；一段,3,low,,action
passenger,/ˈpæsəndʒɝ/,n.,乘客；旅客,2,high,,description
passion,/ˈpæʃən/,n.,激情；酷爱,3,low,,description
passive,/ˈpæsɪv/,adj.,被动的,4,low,,description
passport,/ˈpæsˌpɔrt/,n.,护照,3,medium,,description
past,/ˈpæst/,prep.,过；过去,1,high,,description
patent,/ˈpætənt/,n./v./adj.,专利的；专利,4,low,,action
path,/ˈpæθ/,n.,小道；小径,2,high,,description
patience,/ˈpeɪʃəns/,n.,容忍；耐心,2,high,,character
patient,/ˈpeɪʃənt/,n./adj.,病人；耐心的,1,high,,character
pattern,/ˈpætɝn/,n./v.,式样,4,high,,action
pause,/ˈpɔz/,n./v.,中止；暂停,3,medium,,action
pay,/ˈpeɪ/,n./v.,付钱；给,1,high,,action
peace,/ˈpis/,n./v.,和平,2,high,peaceful,action
peaceful,/ˈpisfəl/,adj.,和平的；安宁的,3,medium,peace,description
peak,/ˈpik/,n./v./adj.,山峰；巅,3,medium,,nature
pear,/ˈpɛr/,n.,梨子；梨树,4,low,,description
peasant,/ˈpɛzənt/,n.,农民；佃农,4,low,,description
pen,/ˈpɛn/,n./v.,钢笔；笔,4,low,,action
pencil,/ˈpɛnsəl/,n./v.,铅笔,4,low,,action
penny,/ˈpɛni/,n.,便士；美分,4,low,,description
pension,/ˈpɛnʃən/,n./v.,养老金,4,low,,action
people,/ˈpipəl/,n./v.,人；人们,1,high,,action
pepper,/ˈpɛpɝ/,n.,胡椒粉,3,medium,,description
per,/ˈpɝ/,prep.,每；每一,1,high,,description
perceive,/pɝˈsiv/,v.,感觉；认知,4,low,,action
percent,/pɝˈsɛnt/,n.,百分之,1,high,,description
percentage,/pɝˈsɛnədʒ/,n.,百分率,3,low,,description
perfect,/ˈpɝˌfɪkt/,n./v./adj.,完美的；使完善,2,high,,action
perform,/pɝˈfɔrm/,v.,表演；履行,1,high,,action
performance,/pɝˈfɔrməns/,n.,演出；表演,2,high,,description
performer,/pɝˈfɔrmɝ/,n.,表演者；执行者,4,low,,description
perhaps,/pɝˈhæps/,adv.,可能；或,1,high,,action
period,/ˈpɪriəd/,n./adj./interj.,时期；时代,2,high,,description
permanent,/ˈpɝmənənt/,n./adj.,永久的；永恒的,3,medium,,description
permission,/pɝˈmɪʃən/,n.,允许；许可,4,low,,description
permit,/ˈpɝˌmɪt/,n./v.,允许；许可证,2,medium,,action
persevere,/ˌpɜːrsɪˈvɪr/,v.,坚持不懈；锲而不舍,1,low,,character
persist,/pɝˈsɪst/,v.,坚持；持续,1,low,,"character,action"
person,/ˈpɝsən/,n.,人,1,high,,description
personal,/ˈpɝsɪnəl/,adj.,个人的；私人的,1,high,personally,description
personality,/ˌpɝsəˈnælɪti/,n.,个性；人格,3,medium,,description
personally,/ˈpɝsənəli/,adv.,就自己而言,3,low,personal,action
personnel,/ˌpɝsəˈnɛl/,n.,全体人员；职员,3,medium,,description
persuade,/pɝˈsweɪd/,v.,说服；劝说,2,high,,action
pessimistic,/ˌpɛsəˈmɪstɪk/,adj.,悲观的；厌世的,4,low,,description
pet,/ˈpɛt/,n./v./adj.,宠物；爱畜,2,high,,action
petrol,/ˈpɛtroʊl/,n.,石油,4,low,,description
phase,/ˈfeɪz/,n./v.,时期；局面,4,low,,action
phenomenon,/fəˈnɑməˌnɑn/,n.,现象；迹象,3,medium,,description
philosophy,/fəˈlɑsəfi/,n.,哲学；人生观,4,low,,description
phone,/ˈfoʊn/,n./v.,打电话；电话,1,high,,action
photo,/ˈfoʊˌtoʊ/,n./v./adj.,照片,2,high,,action
photograph,/ˈfoʊtəˌɡræf/,n./v.,照片,3,low,,action
photographer,/fəˈtɑɡrəfɝ/,n.,摄影师,3,medium,,description
phrase,/ˈfreɪz/,n./v.,短语；习惯用语,2,high,,action
physical,/ˈfɪzɪkəl/,n./adj.,身体的；物理的,2,high,,science
physician,/fəˈzɪʃən/,n.,医生,4,low,,description
physics,/ˈfɪzɪks/,n.,物理,4,low,,science
piano,/piˈænə/,n.,钢琴,3,medium,,description
pick,/ˈpɪk/,n./v.,拾起；采集,1,high,,action
picnic,/ˈpɪkˌnɪk/,n./v.,野餐,3,medium,,action
picture,/ˈpɪktʃɝ/,n./v.,图片；画片,1,high,,action
pie,/ˈpaɪ/,n.,甜馅饼,4,low,,description
piece,/ˈpis/,n./v.,一块,1,high,,action
pig,/ˈpɪɡ/,n./v.,猪,3,low,,action
pile,/ˈpaɪl/,n./v.,堆,3,medium,,action
pill,/ˈpɪl/,n./v.,药丸；药片,4,low,,action
pillow,/ˈpɪloʊ/,n./v.,枕头,3,medium,,action
pilot,/ˈpaɪlət/,n./v./adj.,飞行员,2,medium,,action
pin,/ˈpɪn/,n./v./adj.,别针；别住,4,low,,action
pine,/ˈpaɪn/,n./v.,松树,4,low,,action
pink,/ˈpɪŋk/,n./v./adj.,粉红色；石竹花,3,low,,action
pint,/ˈpaɪnt/,n.,品脱,4,low,,description
pioneer,/ˌpaɪəˈnɪr/,n./v./adj.,先锋；开拓者,3,medium,,action
pipe,/ˈpaɪp/,n./v.,管子；输送管,3,low,,action
pity,/ˈpɪti/,n./v.,怜悯；同情,3,medium,,action
place,/ˈpleɪs/,n./v.,地方；处所,1,high,,action
plain,/ˈpleɪn/,n./adj./adv.,平原；家常的,3,medium,,action
plan,/ˈplæn/,n./v.,计划；打算,1,high,,action
plane,/ˈpleɪn/,n./v./adj.,飞机,3,medium,,action
planet,/ˈplænət/,n.,行星,3,medium,,description
plant,/ˈplænt/,n./v.,种植；播种,1,high,,action
plastic,/ˈplæstɪk/,n./adj.,塑料的,2,high,,description
plate,/ˈpleɪt/,n./v.,板；片,3,medium,,action
platform,/ˈplætˌfɔrm/,n.,讲台；月台,2,medium,,description
play,/ˈpleɪ/,n./v.,玩；打,1,high,display,action
player,/ˈpleɪɝ/,n.,比赛者；选手,2,high,,description
playground,/ˈpleɪˌɡraʊn/,n.,操场；运动场,4,low,,description
pleasant,/ˈplɛzənt/,adj.,令人愉快的；舒适的,2,high,,description
please,/ˈpliz/,interj.,请；使人高兴,2,high,,description
pleased,/ˈplizd/,adj.,高兴的,2,high,,description
pleasure,/ˈplɛʒɝ/,n./v.,高兴；愉快,2,high,,action
plenty,/ˈplɛni/,n./adj.,充足；大量,3,medium,,description
plot,/ˈplɑt/,n./v.,故事情节；密谋,4,low,,action
plug,/ˈpləɡ/,n./v.,塞子；把,4,low,,action
plus,/ˈpləs/,n./adj./prep.,加；加上,3,medium,,description
pocket,/ˈpɑkət/,n./v./adj.,口袋,3,medium,,action
poem,/ˈpoʊəm/,n.,诗,2,medium,,description
poet,/ˈpoʊət/,n.,诗人,3,medium,,description
poetry,/ˈpoʊətri/,n.,诗；韵文,3,low,,description
point,/ˈpɔɪnt/,n./v.,指；指向,1,high,,action
poison,/ˈpɔɪzən/,n./v.,毒药；使中毒,4,low,,action
polar,/ˈpoʊlɝ/,n./adj.,两极的；极地的,4,low,,description
pole,/ˈpoʊl/,n./v.,杆；电线杆,3,low,,action
police,/pəˈlis/,n./v.,警察；警务人员,2,high,,action
policeman,/pəˈlismən/,n.,警察,3,low,,description
policewoman,/pəˈliˌswʊmən/,n.,女警察,4,low,,description
policy,/ˈpɑləsi/,n.,政策；方针,2,medium,,description
polish,/ˈpɑlɪʃ/,n./v./adj.,擦亮；擦光剂,4,low,,action
polite,/pəˈlaɪt/,adj.,有礼貌的；有教养的,2,medium,,description
political,/pəˈlɪtəkəl/,adj.,政治的,3,low,,description
politician,/ˌpɑləˈtɪʃən/,n.,政治家,3,low,,description
politics,/ˈpɑləˌtɪks/,n.,政治,3,medium,,description
pollute,/pəˈlut/,v.,污染,2,medium,,action
pollution,/pəˈluʃən/,n.,污染,2,high,,description
pond,/ˈpɑnd/,n./v.,池塘,4,low,,action
pool,/ˈpul/,n./v.,水塘；水池,3,low,,action
poor,/ˈpur/,adj.,贫穷；可怜,1,high,,description
popular,/ˈpɑpjəlɝ/,adj.,流行；大众,1,high,,description
population,/ˌpɑpjəˈleɪʃən/,n.,人口；人数,1,high,,description
pork,/ˈpɔrk/,n.,猪肉,4,low,,description
port,/ˈpɔrt/,n./v.,港口；码头,3,medium,,action
pose,/ˈpoʊz/,n./v.,姿势；姿态,4,low,,action
position,/pəˈzɪʃən/,n./v.,位置,1,high,,action
positive,/ˈpɑzətɪv/,adj.,肯定的；积极的,1,high,,description
possess,/pəˈzɛs/,v.,占有；拥有,3,low,,action
possession,/pəˈzɛʃən/,n.,所有；拥有,3,low,,description
possibility,/ˌpɑsəˈbɪləˌti/,n.,可能；可能性,3,medium,,description
possible,/ˈpɑsəbəl/,n./adj.,可能的,1,high,,description
post,/ˈpoʊst/,n./v./adv.,邮政；邮寄,2,high,,action
postcard,/ˈpoʊˌskɑrd/,n.,明信片,4,low,,description
poster,/ˈpoʊstɝ/,n.,招贴；广告,4,low,,description
postman,/ˈpoʊsmən/,n.,邮递员,4,low,,description
postpone,/poʊˈspoʊn/,v.,推迟；延期,4,low,,action
pot,/ˈpɑt/,n./v.,锅；壶,3,medium,,action
potato,/pəˈteɪˌtoʊ/,n.,土豆；马铃薯,4,low,,description
potential,/pəˈtɛnʃəl/,n./adj.,潜在的；潜力,3,medium,,description
pound,/ˈpaʊnd/,n./v.,磅；英镑,2,high,,action
pour,/ˈpɔr/,n./v.,倾泻；不断流出,2,high,,action
powder,/ˈpaʊdɝ/,n./v.,粉；粉末,4,low,,action
power,/ˈpaʊɝ/,n./v.,力；动力,1,high,powerful,action
powerful,/ˈpaʊɝfəl/,adj.,效力大的；强有力的,2,high,power,description
practical,/ˈpræktəkəl/,adj.,实际的；适用的,2,high,,description
practice,/ˈpræktəs/,n./v.,练习,1,high,,action
praise,/ˈpreɪz/,n./v.,赞扬；表扬,2,high,,action
pray,/ˈpreɪ/,v.,祈祷；祈求,3,low,,action
prayer,/ˈpreɪɝ/,n.,祈祷,3,low,,description
precious,/ˈprɛʃəs/,adj.,宝贵的；珍贵的,4,low,,description
precise,/priˈsaɪs/,adj.,准确；精确的,4,low,precisely,description
precisely,/priˈsaɪsli/,adv.,精确地；明确地,3,medium,precise,action
predict,/priˈdɪkt/,v.,预言；预告,2,high,,action
prefer,/prəˈfɝ/,v.,宁愿；更喜欢,1,high,,action
preference,/ˈprɛfɝəns/,n.,选择；趋向,4,low,,description
pregnant,/ˈprɛɡnənt/,adj.,怀孕的,4,low,,description
prejudice,/ˈprɛdʒədɪs/,n./v.,偏见；成见,4,low,,action
premier,/prɛˈmɪr/,n./adj.,首相；总理,3,medium,,description
preparation,/ˌprɛpɝˈeɪʃən/,n.,准备,3,medium,,description
prepare,/priˈpɛr/,v.,准备；预备,1,high,,action
prescription,/prəsˈkrɪpʃən/,n.,处方；药方,4,low,,description
present,/ˈprɛzənt/,n./v./adj.,目前的；出席的,1,high,,action
presentation,/ˌprɛzənˈteɪʃən/,n.,赠与；描述,3,medium,,description
preserve,/prəˈzɝv/,n./v.,保护；保持,2,medium,,action
president,/ˈprɛzəˌdɛnt/,n.,总统；主席,1,high,,description
press,/ˈprɛs/,n./v.,压；按,2,medium,,action
pressure,/ˈprɛʃɝ/,n./v.,压迫；压力,2,medium,,action
pretend,/priˈtɛnd/,v.,假装；装作,2,high,,action
pretty,/ˈprɪti/,adj./adv.,漂亮的；俊俏的,2,high,,action
prevent,/priˈvɛnt/,v.,防止；预防,2,high,,action
previous,/ˈpriviəs/,adj.,早先的；前面的,3,medium,,description
price,/ˈpraɪs/,n./v.,价格；价钱,1,high,,economy
pride,/ˈpraɪd/,n./v.,自豪；骄傲,4,low,,action
primary,/ˈpraɪˌmɛri/,n./adj.,初等的；初级的,3,low,,description
primitive,/ˈprɪmətɪv/,n./adj.,原始的；粗糙的,4,low,,description
principle,/ˈprɪnsəpəl/,n.,道德原则；法则,2,medium,,description
print,/ˈprɪnt/,n./v.,印刷,2,high,,action
printer,/ˈprɪnɝ/,n.,打印机,4,low,,description
prior,/ˈpraɪɝ/,n./adj.,更重要的；较早的,4,low,,description
priority,/praɪˈɔrəti/,n.,优先权；优先,4,low,,description
prison,/ˈprɪzən/,n./v.,监狱,3,low,,action
prisoner,/ˈprɪzənɝ/,n.,囚犯,4,low,,description
private,/ˈpraɪvət/,n./adj.,私人的,2,high,,description
privilege,/ˈprɪvɪlədʒ/,n./v.,特权；特许,4,low,,action
prize,/ˈpraɪz/,n./v./adj.,奖赏；奖品,2,medium,,action
probably,/ˈprɑbəˌbli/,adv.,很可能；大概,1,high,,action
problem,/ˈprɑbləm/,n./adj.,问题；难题,1,high,,description
procedure,/prəˈsidʒɝ/,n.,程序；手续,4,low,,description
proceed,/pɝˈsid/,v.,继续进行；进行,4,low,,action
process,/ˈprɑˌsɛs/,n./v./adj.,过程；加工,2,high,,action
produce,/prəˈduːs/,n./v.,生产；产生,1,high,,action
product,/ˈprɑdəkt/,n.,产品；制品,1,high,,description
production,/pɝˈdəkʃən/,n.,生产；制造,1,high,,description
profession,/prəˈfɛʃən/,n.,职业；表白,3,low,,description
professional,/prəˈfɛʃənəl/,n./adj.,专业人才；专业的,2,medium,,description
professor,/prəˈfɛsɝ/,n.,教授,1,high,,description
profile,/ˈproʊˌfaɪl/,n./v.,侧面；轮廓,4,low,,action
profit,/ˈprɑfət/,n./v.,利润；收益,3,medium,,action
program,/ˈproʊˌɡræm/,n./v.,节目；项目,1,high,,action
progress,/ˈprɑˌɡrɛs/,n./v.,进步；上进,2,medium,,action
prohibit,/proʊˈhɪbət/,v.,禁止,3,medium,,action
project,/ˈprɑːdʒekt/,n./v.,项目；课题,1,high,,action
promise,/ˈprɑməs/,n./v.,答应；允诺,1,high,,action
promote,/prəˈmoʊt/,v.,促进；推动,1,high,,action
pronounce,/prəˈnaʊns/,v.,发音,4,low,,action
pronunciation,/prəˌnənsiˈeɪʃən/,n.,发音,4,low,,description
proof,/ˈpruf/,n./v./adj.,证据；证明,4,low,,reasoning
proper,/ˈprɑpɝ/,adj./adv.,恰当的；合适的,2,medium,properly,action
properly,/ˈprɑpɝli/,adv.,适当地,3,medium,proper,action
property,/ˈprɑpɝti/,n.,财产；所有权,3,medium,,description
proposal,/prəˈpoʊzəl/,n.,提议；计划,4,low,,description
prospect,/ˈprɑspɛkt/,n./v.,景色；展望,4,low,,action
protect,/prəˈtɛkt/,v.,保护,1,high,,action
protection,/prəˈtɛkʃən/,n.,保护,2,high,,description
protein,/ˈproʊˌtin/,n./adj.,蛋白质；蛋白质的,3,low,,description
protest,/ˈproʊˌtɛst/,n./v.,抗议；反对,4,low,,action
proud,/ˈpraʊd/,adj.,自豪的；骄傲的,2,high,,description
prove,/ˈpruv/,v.,证明,4,high,,reasoning
provide,/prəˈvaɪd/,v.,提供,1,high,,action
province,/ˈprɑvəns/,n.,省,3,medium,,description
psychology,/saɪˈkɑlədʒi/,n.,心理学,2,medium,,description
pub,/ˈpəb/,n.,酒店；酒吧,4,low,,description
public,/ˈpəblɪk/,n./adj.,公共；公众的,1,high,publicly,description
publicly,/ˈpəblɪkli/,adv.,当众；公开地,4,low,public,action
publish,/ˈpəblɪʃ/,v.,出版；发行,1,high,,action
pudding,/ˈpʊdɪŋ/,n.,布丁,4,low,,description
pull,/ˈpʊl/,n./v.,拉；拖,2,high,,action
pulse,/ˈpəls/,n./v.,脉搏；脉动,4,low,,action
pump,/ˈpəmp/,n./v.,用泵抽水；泵,4,low,,action
punish,/ˈpənɪʃ/,v.,惩罚；处罚,4,low,punishment,action
punishment,/ˈpənɪʃmənt/,n.,惩罚,4,low,punish,description
pupil,/ˈpjupəl/,n.,学生,4,low,,education
purchase,/ˈpɝtʃəs/,n./v.,购买；采购,2,medium,,action
pure,/ˈpjʊr/,adj.,纯的；不掺杂的,4,low,,description
purple,/ˈpɝpəl/,n./v./adj.,紫色,4,low,,action
purpose,/ˈpɝpəs/,n./v.,目的；意图,1,high,,action
purse,/ˈpɝs/,n./v.,钱包,4,low,,action
pursue,/pɝˈsu/,v.,追赶；追踪,4,low,,action
push,/ˈpʊʃ/,n./v.,推,2,high,,action
put,/ˈpʊt/,n./v./adj.,放；摆,1,high,,action
puzzle,/ˈpəzəl/,n./v.,难题；使困惑,2,high,,action
qualification,/ˌkwɑləfəˈkeɪʃən/,n.,资格；学历,3,low,,description
qualify,/ˈkwɑləˌfaɪ/,v.,取得资格；有资格,3,low,,action
quality,/ˈkwɑləti/,n./adj.,质量；性质,1,high,,description
quantity,/ˈkwɑntəti/,n.,量；数,3,low,,description
quarter,/ˈkwɔrtɝ/,n./v.,四分之一；一刻钟,3,medium,,action
queen,/ˈkwin/,n./v.,皇后；女王,2,medium,,action
question,/ˈkwɛstʃən/,n./v.,询问；问题,1,high,,action
questionnaire,/ˌkwɛstʃəˈnɛr/,n.,调查表；问卷,4,low,,mystery
quick,/ˈkwɪk/,n./adj./adv.,快的；迅速的,2,high,,action
quiet,/ˈkwaɪət/,n./v./adj.,安静的；寂静的,2,high,,action
quit,/ˈkwɪt/,n./v.,离任；离校,3,medium,,action
quite,/ˈkwaɪt/,adv.,完全；十分,1,high,,action
quote,/ˈkwoʊt/,n./v.,引用；引述,4,low,,action
rabbit,/ˈræbət/,n./v.,兔；家兔,4,low,,action
race,/ˈreɪs/,n./v.,种族；人种,2,high,,action
racial,/ˈreɪʃəl/,adj.,种族的,4,low,,description
radiation,/ˌreɪdiˈeɪʃən/,n.,放射；放射物,4,low,,description
radio,/ˈreɪdiˌoʊ/,n./v.,无线电；收音机,2,medium,,action
radium,/ˈreɪdiəm/,n.,镭,4,low,,description
rail,/ˈreɪl/,n./v.,铁路,2,medium,,action
railway,/ˈreɪlˌweɪ/,n.,铁路；铁道,3,medium,,description
rain,/ˈreɪn/,n./v.,雨；雨水,2,high,,action
rainbow,/ˈreɪnˌboʊ/,n./adj.,虹；彩虹,4,low,,description
rainy,/ˈreɪni/,adj.,下雨的；多雨的,3,medium,,description
raise,/ˈreɪz/,n./v.,使升高；饲养,1,high,,action
random,/ˈrændəm/,n./adj./adv.,随意的；随机,3,medium,,action
range,/ˈreɪndʒ/,n./v.,变化；变动,2,high,,action
rank,/ˈræŋk/,n./v./adj.,职衔；军衔,3,medium,,action
rapid,/ˈræpəd/,n./adj.,快的；迅速的,3,low,,description
rare,/ˈrɛr/,adj./adv.,罕见的；稀有的,2,high,,action
rat,/ˈræt/,n./v.,老鼠,3,medium,,action
rate,/ˈreɪt/,n./v.,率；评估,3,low,,action
rather,/ˈræðɝ/,adv.,相当；宁可,1,high,,action
rating,/ˈreɪtɪŋ/,n.,等级；额定功率,4,low,,description
raw,/ˈrɑ/,n./v./adj.,生的；未煮过的,4,low,,action
ray,/ˈreɪ/,n./v.,光辉；光线,3,medium,,action
reach,/ˈritʃ/,n./v.,到达；区域,1,high,,action
react,/riˈækt/,v.,回应；过敏,3,medium,,action
reaction,/riˈækʃən/,n.,反应；反作用,3,medium,,description
read,/riːd/,n./v./adj.,读；朗读,1,high,,action
reading,/ˈrɛdɪŋ/,n./adj.,阅读；朗读,1,high,,education
ready,/ˈrɛdi/,n./v./adj./adv.,准备好的,1,high,,action
real,/ˈril/,n./adj./adv.,真实的；确实的,1,high,really,action
realise,/ˈriəˌlaɪz/,v.,认识到；实现,3,low,,action
realistic,/ˌriəˈlɪstɪk/,adj.,现实的；逼真的,4,low,,description
reality,/ˌriˈæləˌti/,n.,现实,3,medium,,description
really,/ˈrili/,adv.,实际上；真实地,1,high,real,action
reason,/ˈrizən/,n./v.,评理；劝说,1,high,,action
reasonable,/ˈrizənəbəl/,adj.,合乎情理的,3,medium,,description
rebuild,/riˈbɪld/,v.,重建,3,medium,,action
recall,/ˈriˌkɔl/,n./v.,回忆；召回,3,medium,,action
receipt,/riˈsit/,n./v.,收据,4,low,,action
receive,/rəˈsiv/,v.,收到；得到,1,high,,action
receiver,/rəˈsivɝ/,n.,电话听筒,4,low,,description
recent,/ˈrisənt/,adj.,近来的；最近的,1,high,recently,description
recently,/ˈrisənli/,adv.,最近,1,high,recent,action
reception,/riˈsɛpʃən/,n.,接待,4,low,,description
receptionist,/riˈsɛpʃənɪst/,n.,接待员,4,low,,description
recipe,/ˈrɛsəpi/,n.,烹饪法；食谱,3,medium,,description
recite,/rəˈsaɪt/,v.,背诵,3,medium,,action
recognise,/ˈrɛkəɡˌnaɪz/,v.,认出,3,low,,action
recognition,/ˌrɛkəɡˈnɪʃən/,n.,赞誉；认得,3,medium,,description
recommend,/ˌrɛkəˈmɛnd/,v.,推荐,2,high,,action
record,/ˈrɛkərd/,n./v./adj.,记录；记载,1,high,,action
recording,/rəˈkɔrdɪŋ/,n./adj.,记录的；记录用的,2,medium,,description
recover,/rɪˈkəvɝ/,v.,痊愈；恢复,2,high,,action
recreation,/ˌrɛkriˈeɪʃən/,n.,娱乐；消遣,4,low,,description
recycle,/riˈsaɪkəl/,n./v.,回收；再循环,2,high,,action
red,/ˈrɛd/,n./adj.,红色；红色的,1,high,,description
reduce,/rəˈdus/,v.,减少；缩减,1,high,,action
refer,/rəˈfɝ/,v.,谈到；提到,1,high,,action
reference,/ˈrɛfɝəns/,n./v.,提到；涉及,3,low,,action
reflect,/rɪˈflɛkt/,v.,反映；反射,2,high,,action
reform,/rəˈfɔrm/,n./v.,改革；改进,3,low,,action
refresh,/rɪˈfrɛʃ/,v.,使恢复精力；提醒,3,medium,,action
refrigerator,/rəˈfrɪdʒɝˌeɪtɝ/,n.,冰箱,3,medium,,description
refusal,/rəfˈjuzəl/,n.,拒绝,4,low,,description
refuse,/rɪˈfjuːz/,n./v./adj.,拒绝；不愿,2,high,,action
regard,/rɪˈɡɑrd/,n./v.,看待；问候,2,high,regardless,action
regardless,/rəˈɡɑrdləs/,adj.,不顾；不加理会,3,medium,regard,description
region,/ˈridʒən/,n.,区域；地带,4,low,,description
register,/ˈrɛdʒɪstɝ/,n./v.,登记簿；花名册,2,high,,action
regret,/rəˈɡrɛt/,n./v.,可惜；遗憾,2,high,,action
regular,/ˈreɪɡjəlɝ/,n./adj./adv.,规则的；经常,1,high,,action
regulation,/ˌrɛɡjəˈleɪʃən/,n.,规则；规章,4,low,,description
reject,/ˈridʒɛkt/,n./v.,拒绝,3,medium,,action
relate,/riˈleɪt/,v.,有关；涉及,2,high,,action
relation,/riˈleɪʃən/,n.,关系；亲属,2,medium,,social
relationship,/riˈleɪʃənˌʃɪp/,n.,关系,1,high,,social
relative,/ˈrɛlətɪv/,n./adj.,亲属；亲戚,2,high,,description
relax,/riˈlæks/,v.,放松；轻松,1,high,,action
relay,/ˈriˌleɪ/,n./v.,接力；接替人,4,low,,action
release,/riˈlis/,n./v.,释放；发泄,4,low,,action
relevant,/ˈrɛləvənt/,adj.,紧密相关；有意义的,4,low,,description
reliable,/riˈlaɪəbəl/,adj.,可信赖的；可依靠的,4,low,,description
relief,/riˈlif/,n.,轻松；解脱,2,high,,description
religion,/riˈlɪdʒən/,n.,宗教,4,low,,description
religious,/riˈlɪdʒəs/,n./adj.,宗教的,3,medium,,description
rely,/riˈlaɪ/,v.,依赖；依靠,2,high,,action
remain,/riˈmeɪn/,v.,余下；留下,1,high,,action
remark,/riˈmɑrk/,n./v.,评论,3,low,,action
remarkable,/riˈmɑrkəbəl/,adj.,不平常的；值得注意的,4,low,,description
remember,/riˈmɛmbɝ/,v.,记得；想起,1,high,,action
remind,/riˈmaɪnd/,v.,提醒；使记起,2,high,,action
remote,/riˈmoʊt/,adj.,偏远的；偏僻的,2,medium,,description
remove,/riˈmuv/,n./v.,移动；拿走,1,high,,action
rent,/ˈrɛnt/,n./v./adj.,租金；出租,3,low,,action
repair,/rɪˈpɛr/,n./v.,修理；修补,2,high,,action
repeat,/riˈpit/,n./v.,重说；重做,2,high,,action
replace,/ˌriˈpleɪs/,v.,取代,1,high,,action
reply,/riˈplaɪ/,n./v.,回答；答复,2,high,,action
report,/riˈpɔrt/,n./v.,报道；报告,1,high,,action
reporter,/rɪˈpɔrtɝ/,n.,记者；新闻通讯员,2,high,,description
represent,/ˌrɛprɪˈzɛnt/,v.,代表,2,medium,,action
representative,/ˌrɛprəˈzɛnətɪv/,n./adj.,代表性的；代表,4,low,,description
republic,/riˈpəblək/,n.,共和国,3,low,,description
reputation,/ˌrɛpjəˈteɪʃən/,n.,名声；名誉,3,medium,,description
request,/riˈkwɛst/,n./v.,请求；要求的事物,1,high,,action
require,/ˌriˈkwaɪɝ/,v.,需求；要求,1,high,requirement,action
requirement,/rɪˈkwaɪrmənt/,n.,需要；要求,3,medium,require,description
rescue,/ˈrɛskju/,n./v.,营救；援救,2,medium,,action
research,/ˈrisɝtʃ/,n./v.,研究；调查,1,high,,"science,mystery"
resemble,/riˈzɛmbəl/,v.,像；看起来像,4,low,,action
reservation,/ˌrɛzɝˈveɪʃən/,n.,预定,3,medium,,description
reserve,/riˈzɝv/,n./v.,储备；预定,2,high,,action
resident,/ˈrɛzɪdənt/,n./adj.,居民；常驻程序,3,medium,,description
resign,/riˈsaɪn/,v.,辞职；放弃,4,low,,action
resilient,/rɪˈzɪliənt/,adj.,有韧性的；能复原的,1,low,,"character,emotion"
resist,/riˈzɪst/,n./v.,抵抗；挡开,4,low,,action
resistance,/riˈzɪstəns/,n.,抵抗力；反抗,4,low,,description
resolution,/ˌrɛzəˈluʃən/,n.,解析；决心,4,low,,description
resolve,/riˈzɑlv/,n./v.,决定；分解,3,low,,action
resource,/ˈrisɔrs/,n.,资源；财力,4,medium,,economy
respect,/riˈspɛkt/,n./v.,尊敬；尊重,1,high,,action
respective,/riˈspɛktɪv/,adj.,分别的；各自的,4,low,,description
respond,/riˈspɑnd/,v.,回答；回应,2,high,,action
response,/riˈspɑns/,n.,反应；回答,2,medium,,description
responsibility,/riˌspɑnsəˈbɪləti/,n.,责任；负责,2,high,,description
responsible,/riˈspɑnsəbəl/,adj.,有责任的；负责的,2,medium,,description
rest,/ˈrɛst/,n./v.,休息；睡眠,1,high,,action
restaurant,/ˈrɛsˌtrɑnt/,n.,饭馆；饭店,1,high,,description
restore,/rɪˈstɔr/,v.,回复；恢复,3,medium,,action
restrict,/riˈstrɪkt/,v.,限制,4,low,,action
restriction,/riˈstrɪkʃən/,n.,限制；约束,3,medium,,description
result,/riˈzəlt/,n./v.,结果；起因,1,high,,action
retire,/ˌriˈtaɪɝ/,n./v.,退休,2,high,,action
return,/riˈtɝn/,n./v./adj.,归还,1,high,,action
reveal,/riˈvil/,n./v.,露出；显示,4,low,,action
review,/ˌrivˈju/,n./v.,重新调查；回顾,2,high,,mystery
revise,/riˈvaɪz/,n./v.,校订；修正,4,low,,action
revision,/riˈvɪʒən/,n.,复习；温习,4,low,,description
revolution,/ˌrɛvəˈluʃən/,n.,革命；变革,3,medium,,description
reward,/riˈwɔrd/,n./v.,报答；报酬,2,high,,action
rhyme,/ˈraɪm/,n./v.,押韵,4,low,,action
rice,/ˈraɪs/,n./v.,稻米；米饭,3,medium,,action
rich,/ˈrɪtʃ/,adj.,富裕的；有钱的,1,high,,description
rid,/ˈrɪd/,v.,使摆脱,2,high,,action
riddle,/ˈrɪdəl/,n./v.,谜,4,low,,mystery
ride,/ˈraɪd/,n./v.,骑；乘车,2,high,,action
ridiculous,/rɪˈdɪkjələs/,adj.,荒谬的；愚蠢的,4,low,,description
right,/ˈraɪt/,n./v./adj./adv.,权利；右边,1,high,,action
rigid,/ˈrɪdʒəd/,adj.,死板的；僵硬的,4,low,,description
ring,/ˈrɪŋ/,n./v.,环；环形物,2,medium,,action
ripe,/ˈraɪp/,adj.,成熟的；熟的,4,low,,description
rise,/ˈraɪz/,n./v.,上升；起身,1,high,,action
risk,/ˈrɪsk/,n./v.,危险；风险,1,high,,action
river,/ˈrɪvɝ/,n.,江；河,2,high,,nature
road,/ˈroʊd/,n.,路；道路,1,high,,description
roast,/ˈroʊst/,n./v./adj.,烤；烤肉,4,low,,action
robot,/ˈroʊˌbɑt/,n.,机器人,4,low,,science
rock,/ˈrɑk/,n./v.,岩石；大石头,2,high,,action
rocket,/ˈrɑkət/,n./v.,火箭,4,low,,action
role,/ˈroʊl/,n.,角色,2,high,,description
roll,/ˈroʊl/,n./v.,滚动；打滚,2,high,,action
romantic,/roʊˈmæntɪk/,adj.,浪漫的；风流的,4,low,,description
roof,/ˈruf/,n./v.,屋顶；顶部,3,medium,,action
room,/ˈrum/,n./v.,房间；室,1,high,,action
root,/ˈrut/,n./v.,根；根源,2,medium,,action
rope,/ˈroʊp/,n./v.,绳；索,4,low,,action
rose,/ˈroʊz/,n./v./adj.,玫瑰花,2,high,,action
rough,/ˈrəf/,n./v./adj./adv.,粗糙的；粗略的,3,medium,,action
round,/ˈraʊnd/,prep.,转过来；环绕一周,2,high,,description
route,/ˈraʊt/,n./v.,路径；途径,3,medium,,action
routine,/ruˈtin/,n./adj.,常规；正常顺序,3,medium,,description
row,/ˈroʊ/,n./v.,排；行,2,medium,,action
royal,/ˈrɔɪəl/,n./adj.,皇家的；王室的,3,medium,,description
rubber,/ˈrəbɝ/,n./v.,橡胶；合成橡胶,3,medium,,action
rubbish,/ˈrəbɪʃ/,n.,垃圾；废物,3,medium,,description
rude,/ˈrud/,adj.,无理的；粗鲁的,3,medium,,description
rugby,/ˈrəɡbi/,n.,橄榄球,4,low,,description
ruin,/ˈruən/,n./v.,毁坏；毁灭,2,high,,action
rule,/ˈrul/,n./v.,规则；规定,1,high,,action
ruler,/ˈrulɝ/,n.,统治者；直尺,4,low,,description
run,/ˈrən/,n./v./adj.,跑；褪色,1,high,,action
runner,/ˈrənɝ/,n.,赛跑者；操作者,3,medium,,description
running,/ˈrənɪŋ/,n./adj.,跑步,2,high,,description
rural,/ˈrʊrəl/,adj.,乡下的；田园的,4,low,,description
rush,/ˈrəʃ/,n./v./adj.,奔跑；冲,1,high,,action
russia,/ˈrəʃə/,n.,俄罗斯；俄国,4,low,,description
russian,/ˈrəʃən/,n./adj.,俄国人的；俄语的,3,low,,description
sacred,/ˈseɪkrəd/,adj.,害怕；恐惧,4,low,,emotion
sacrifice,/ˈsækrəˌfaɪs/,n./v.,牺牲,3,medium,,action
sad,/ˈsæd/,adj.,悲伤的,2,medium,,emotion
safe,/ˈseɪf/,n./adj.,安全的；保险柜,1,high,,description
safety,/ˈseɪfti/,n./v.,安全；保险,2,high,,action
sail,/ˈseɪl/,n./v.,航行；开航,3,medium,,action
salad,/ˈsæləd/,n.,色拉,3,low,,description
salary,/ˈsælɝi/,n./v.,薪金；薪水,4,low,,action
sale,/ˈseɪl/,n.,卖；出售,2,high,,description
salesman,/ˈseɪlzmən/,n.,男售货员,4,low,,description
saleswoman,/ˈseɪlzˌwʊmən/,n.,女售货员,4,low,,description
salt,/ˈsɔlt/,n./v./adj.,盐,3,medium,,action
salty,/ˈsɔlti/,adj.,盐的；咸的,4,low,,description
same,/ˈseɪm/,adj./adv./pron.,同样的事；同样的,1,high,,action
sample,/ˈsæmpəl/,n./v.,样品；范例,4,low,,action
sand,/ˈsænd/,n./v.,沙；沙子,3,low,,action
sandwich,/ˈsæmwɪtʃ/,n./v.,三明治,4,low,,action
satellite,/ˈsætəˌlaɪt/,n.,卫星,3,low,,description
satisfaction,/ˌsætəsˈfækʃən/,n.,满意,3,low,,description
satisfy,/ˈsætəsˌfaɪ/,v.,满足；使满意,2,high,,action
saturday,/ˈsæˌtɪˌdeɪ/,n.,星期六,2,high,,description
sauce,/ˈsɔs/,n./v.,酱汁；调味汁,4,low,,action
saucer,/ˈsɔsɝ/,n.,茶碟；茶托,4,low,,description
sausage,/ˈsɔsədʒ/,n.,香肠；腊肠,4,low,,description
save,/ˈseɪv/,n./v./prep.,救；挽救,1,high,,action
saving,/ˈseɪvɪŋ/,n./adj./prep.,存款；挽救,2,high,,description
say,/ˈseɪ/,n./v.,说；讲,1,high,,action
saying,/ˈseɪɪŋ/,n.,说；俗话,1,high,,description
scan,/ˈskæn/,n./v.,浏览；扫描,4,low,,action
scare,/ˈskɛr/,n./v.,惊吓；受惊,2,high,,action
scarf,/ˈskɑrf/,n./v.,领巾；围巾,4,low,,action
scene,/ˈsin/,n.,一场；场景,2,high,,description
schedule,/ˈskɛdʒul/,n./v.,工作计划；日程安排,2,high,,action
scholar,/ˈskɑlɝ/,n.,学者,2,medium,,description
scholarship,/ˈskɑlɝˌʃɪp/,n.,奖学金,4,low,,description
school,/ˈskul/,n./v.,学校,1,high,,education
science,/ˈsaɪəns/,n.,科学；自然科学,1,high,,"nature,science"
scientific,/ˌsaɪənˈtɪfɪk/,adj.,科学的,2,high,,science
scientist,/ˈsaɪəntɪst/,n.,科学家,1,high,,science
scissors,/ˈsɪzɝz/,n.,剪刀；剪子,4,low,,description
score,/ˈskɔr/,n./v.,得分；分数,2,medium,,action
scotland,/ˈskɑtlənd/,n.,苏格兰,3,low,,description
scottish,/ˈskɑtɪʃ/,adj.,苏格兰的；苏格兰人,3,medium,,description
scream,/ˈskrim/,n./v.,尖叫,3,medium,,action
screen,/ˈskrin/,n./v.,幕；荧光屏,2,high,,action
sculpture,/ˈskəlptʃɝ/,n./v.,雕塑；雕刻,3,medium,,action
sea,/ˈsi/,n.,海；海洋,2,medium,,nature
seal,/ˈsil/,n./v.,封条；图章,4,low,,action
search,/ˈsɝtʃ/,n./v.,搜寻；搜查,1,high,,action
season,/ˈsizən/,n./v.,季；季节,1,high,,action
seat,/ˈsit/,n./v.,座位；使坐下,1,high,,action
second,/ˈsɛkənd/,n./v./adj./num.,秒；第二,1,high,,action
secondary,/ˈsɛkənˌdɛri/,adj.,中级的；中等的,4,low,,description
secret,/ˈsikrət/,n./adj.,秘密；秘密的,2,high,,mystery
secretary,/ˈsɛkrəˌtɛri/,n.,秘书；书记,4,low,,description
section,/ˈsɛkʃən/,n./v.,段；部分,2,medium,,action
secure,/sɪkˈjʊr/,v./adj.,安心的；安全的,3,medium,,action
security,/sɪkˈjʊrəti/,n.,安全；平安,3,medium,,description
see,/ˈsi/,n./v.,看见；查看,1,high,,action
seed,/ˈsid/,n./v.,种子,3,medium,,action
seek,/ˈsik/,v.,试图；探寻,1,high,,action
seem,/ˈsim/,v.,似乎；好像,1,high,,action
seize,/ˈsiz/,v.,抓住,3,low,,action
seldom,/ˈsɛldəm/,adj./adv.,很少；不常,2,high,,action
select,/səˈlɛkt/,n./v./adj.,选择；优等的,1,high,,action
self,/ˈsɛlf/,n./v./adj.,自己；自我,3,medium,,action
sell,/ˈsɛl/,n./v.,卖；售,1,high,,action
send,/ˈsɛnd/,n./v.,打发；派遣,1,high,,action
senior,/ˈsinjɝ/,n./adj.,年长者；资深者,3,low,,description
sense,/ˈsɛns/,n./v.,感觉；感觉到,1,high,,action
sensitive,/ˈsɛnsətɪv/,adj.,体贴的；善解人意的,3,medium,,description
sentence,/ˈsɛntəns/,n./v.,句子；判决,3,low,,action
separate,/ˈsɛpɝˌeɪt/,n./v./adj.,分开的；分离,2,high,separately,action
separately,/ˈsɛpɝətli/,adv.,单独地；各自地,4,low,separate,action
separation,/ˌsɛpɝˈeɪʃən/,n.,分离；隔离,4,low,,description
september,/sɛpˈtɛmbɝ/,n.,月,2,medium,,description
series,/ˈsɪriz/,n.,串联；序列,2,medium,,description
serious,/ˈsɪriəs/,adj.,严肃的；严重的,1,high,,description
servant,/ˈsɝvənt/,n.,仆人；佣人,4,low,,description
serve,/ˈsɝv/,n./v.,招待；服务,1,high,,action
service,/ˈsɝvəs/,n./v./adj.,服务,1,high,,action
session,/ˈsɛʃən/,n.,一场；一节,3,medium,,description
set,/ˈsɛt/,n./v./adj.,释放；安置,1,high,,action
setting,/ˈsɛtɪŋ/,n.,环境；背景,2,high,,nature
settle,/ˈsɛtəl/,n./v.,安家；定居,1,high,settlement,action
settlement,/ˈsɛtəlmənt/,n.,新拓居地；部落,3,medium,settle,description
seven,/ˈsɛvən/,num.,七,2,medium,,description
seventeen,/ˈsɛvənˈtin/,num.,十七,4,low,,description
seventh,/ˈsɛvənθ/,num.,第七,4,low,,description
seventy,/ˈsɛvəni/,num.,七十,4,low,,description
several,/ˈsɛvɝəl/,adj./pron.,几个；数个,1,high,,description
severe,/səˈvɪr/,adj.,极为恶劣；十分严重的,3,low,,description
sew,/ˈsoʊ/,v.,缝；缝制,4,low,,action
sex,/ˈsɛks/,n./v.,性；性别,3,low,,action
shade,/ˈʃeɪd/,n./v.,阴凉处；树荫处,3,medium,,action
shadow,/ˈʃæˌdoʊ/,n./v.,影子；阴影,3,low,,action
shake,/ˈʃeɪk/,n./v.,动摇；震动,2,medium,,action
shall,/ˈʃæl/,v.,将,4,low,,action
shallow,/ˈʃæloʊ/,n./v./adj.,浅的；不深的,4,low,,action
shame,/ˈʃeɪm/,n./v.,遗憾的事；羞愧,4,low,,action
shape,/ˈʃeɪp/,n./v.,形状；外形,2,high,,action
share,/ˈʃɛr/,n./v.,分享；股票,1,high,,action
shark,/ˈʃɑrk/,n./v.,鲨鱼,4,low,,action
sharp,/ˈʃɑrp/,n./adj./adv.,锋利的；尖的,2,medium,,action
shave,/ˈʃeɪv/,n./v.,刮,4,low,,action
she,/ˈʃi/,pron.,她,1,high,,description
sheep,/ˈʃip/,n.,羊；羊皮,4,low,,description
sheet,/ˈʃit/,n./v./adj.,成幅的薄片；薄板,3,medium,,action
shelf,/ˈʃɛlf/,n.,架子；搁板,3,low,,description
shelter,/ˈʃɛltɝ/,n./v.,掩蔽；隐蔽处,3,medium,,action
shift,/ˈʃɪft/,n./v.,变化；移动,4,low,,action
shine,/ˈʃaɪn/,n./v.,阳光；晴天,3,medium,,action
ship,/ˈʃɪp/,n./v.,船；轮船,2,medium,,action
shirt,/ˈʃɝt/,n.,男衬衫,3,medium,,description
shock,/ˈʃɑk/,n./v./adj.,使震惊；震惊,3,medium,,action
shoe,/ˈʃu/,n./v.,鞋,2,high,,action
shoot,/ˈʃut/,n./v.,射击；狩猎,4,low,,action
shooting,/ˈʃutɪŋ/,n.,射击,3,low,,description
shop,/ˈʃɑp/,n./v.,买东西；商店,1,high,,action
shopping,/ˈʃɑpɪŋ/,n.,买东西,2,high,,description
shore,/ˈʃɔr/,n./v.,滨；岸,3,medium,,action
short,/ˈʃɔrt/,n./v./adj./adv.,短的；矮的,1,high,shortly,action
shortage,/ˈʃɔrtədʒ/,n.,不足；缺乏,4,low,,description
shortly,/ˈʃɔrtli/,adv.,不久,3,low,short,action
shorts,/ˈʃɔrts/,n.,短裤；运动短裤,4,low,,description
shot,/ˈʃɑt/,n./v./adj.,射击；开枪,2,medium,,action
should,/ˈʃʊd/,v.,应该；将要,1,high,,action
shoulder,/ˈʃoʊldɝ/,n./v.,肩膀；路肩,2,high,,action
shout,/ˈʃaʊt/,n./v.,喊；高声呼喊,2,high,,action
show,/ˈʃoʊ/,n./v.,展示；展览,1,high,,action
shower,/ˈʃaʊɝ/,n./v.,阵雨；淋浴,3,medium,,action
shrink,/ˈʃrɪŋk/,n./v.,缩小；收缩,4,low,,action
shut,/ˈʃət/,n./v.,关上；封闭,3,low,,action
shy,/ˈʃaɪ/,n./v./adj.,惊跳；惊避,3,medium,,action
sick,/ˈsɪk/,n./v./adj.,有病；患病的,2,medium,,action
side,/ˈsaɪd/,n./v./adj.,边；旁边,1,high,,action
sigh,/ˈsaɪ/,n./v.,叹息,3,medium,,action
sight,/ˈsaɪt/,n./v./adj.,情景；风景,1,high,,action
sign,/ˈsaɪn/,n./v.,符号；签字,1,high,,action
signal,/ˈsɪɡnəl/,n./v./adj.,信号；暗号,2,high,,action
signature,/ˈsɪɡnətʃɝ/,n.,签名,4,low,,description
significance,/səɡˈnɪfɪkəns/,n.,重要性；意义,3,medium,,description
significant,/səɡˈnɪfɪkənt/,adj.,重要的；有效的,2,high,,description
silence,/ˈsaɪləns/,n./v./interj.,安静；沉默,2,high,,action
silent,/ˈsaɪlənt/,adj.,沉默的；安静的,2,high,,description
silk,/ˈsɪlk/,n./adj.,丝；丝织品,4,low,,description
silly,/ˈsɪli/,adj.,傻的；愚蠢的,3,medium,,description
silver,/ˈsɪlvɝ/,n./v./adj.,银,3,medium,,action
similar,/ˈsɪməlɝ/,n./adj.,相似的；像,1,high,,description
simple,/ˈsɪmpəl/,n./adj.,简单的；简易的,1,high,,description
simply,/ˈsɪmpli/,adv.,简单地；的确,1,high,,action
since,/ˈsɪns/,conj.,自；以后,1,high,,description
sincerely,/sɪnˈsɪrli/,adv.,真诚地,4,low,,action
sing,/ˈsɪŋ/,n./v.,唱；唱歌,2,high,,action
singer,/ˈsɪŋɝ/,n.,歌唱家；歌手,4,low,,description
single,/ˈsɪŋɡəl/,n./v./adj.,单一的；单个的,2,high,,action
sink,/ˈsɪŋk/,n./v.,洗涤槽；污水槽,4,low,,action
sir,/ˈsɝ/,n.,先生；阁下,3,medium,,description
sister,/ˈsɪstɝ/,n./v.,姐；妹,2,medium,,action
sit,/ˈsɪt/,n./v.,坐,1,high,,action
site,/ˈsaɪt/,n./v.,位置；场所,3,low,,action
situation,/ˌsɪtʃuˈeɪʃən/,n.,形势；情况,1,high,,description
six,/ˈsɪks/,num.,六,1,high,,description
sixteen,/ˈsɪkˈstin/,num.,十六,4,low,,description
sixth,/ˈsɪksθ/,num.,第六,3,low,,description
sixty,/ˈsɪksti/,num.,六十,3,medium,,description
size,/ˈsaɪz/,n./v./adj.,尺寸；大小,1,high,,action
skate,/ˈskeɪt/,n./v.,滑冰；溜冰鞋,4,low,,action
skateboard,/ˈskeɪtˌbɔrd/,n.,冰鞋；滑板,4,low,,description
ski,/ˈski/,n./v.,滑雪板；滑雪,4,low,,action
skill,/ˈskɪl/,n.,技能；技巧,1,high,,description
skilled,/ˈskɪld/,adj.,熟练的；有技能的,3,medium,,description
skin,/ˈskɪn/,n./v.,皮；皮肤,3,medium,,action
skip,/ˈskɪp/,n./v.,蹦蹦跳跳；跳绳,3,medium,,action
skirt,/ˈskɝt/,n./v.,女裙,4,low,,action
sky,/ˈskaɪ/,n./v.,天；天空,1,high,,action
slave,/ˈsleɪv/,n./v.,奴隶,4,low,,action
slavery,/ˈsleɪvɝi/,n.,奴隶制度,4,low,,description
sleep,/ˈslip/,n./v.,睡觉,1,high,,action
sleepy,/ˈslipi/,adj.,想睡的；困倦的,4,low,,description
sleeve,/ˈsliv/,n./v.,袖子；袖套,4,low,,action
slice,/ˈslaɪs/,n./v.,片；切,3,medium,,action
slide,/ˈslaɪd/,n./v.,幻灯片；滑道,3,low,,action
slight,/ˈslaɪt/,n./v./adj.,轻微的；细小的,3,low,slightly,action
slightly,/ˈslaɪtli/,adv.,稍微；略微,2,high,slight,action
slim,/ˈslɪm/,v./adj.,苗条的；纤细的,4,low,,action
slip,/ˈslɪp/,n./v./adj.,纸片；滑落,3,medium,,action
slow,/ˈsloʊ/,v./adj./adv.,缓慢的；使减速,2,high,,action
small,/ˈsmɔl/,n./adj./adv.,小的；少的,1,high,,action
smart,/ˈsmɑrt/,n./v./adj.,聪明的；漂亮的,2,high,,action
smell,/ˈsmɛl/,n./v.,味道；气味,2,high,,action
smile,/ˈsmaɪl/,n./v.,微笑,1,high,,action
smog,/ˈsmɑɡ/,n.,烟雾,3,medium,,description
smoke,/ˈsmoʊk/,n./v.,烟；冒烟,2,high,,action
smooth,/ˈsmuð/,n./v./adj.,光滑的；使光滑,3,medium,,action
snack,/ˈsnæk/,n./v.,小吃,3,medium,,action
snake,/ˈsneɪk/,n./v.,蛇；蛇般爬行,4,low,,action
sneeze,/ˈsniz/,n./v.,打喷嚏,4,low,,action
snow,/ˈsnoʊ/,n./v.,雪；下雪,2,high,,action
snowy,/ˈsnoʊi/,adj.,雪的；下雪的,4,low,,description
so,/ˈsoʊ/,conj.,如此；这么,1,high,,description
soap,/ˈsoʊp/,n./v.,肥皂,4,low,,action
soccer,/ˈsɑkɝ/,n.,英式足球,3,medium,,description
social,/ˈsoʊʃəl/,n./adj.,社会的；社交的,1,high,,social
socialism,/ˈsoʊʃəˌlɪzəm/,n.,社会主义,4,low,,social
socialist,/ˈsoʊʃələst/,n.,社会主义的,4,low,,social
society,/səˈsaɪəti/,n.,社会,2,medium,,social
sock,/ˈsɑk/,n./v./adj./adv.,短袜,4,low,,action
sofa,/ˈsoʊfə/,n.,沙发,3,medium,,description
soft,/ˈsɑft/,n./adj./adv.,软的；温和的,2,high,,action
software,/ˈsɔfˌwɛr/,n.,软件,3,low,,description
soil,/ˈsɔɪl/,n./v.,土壤；土地,3,medium,,action
solar,/ˈsoʊlɝ/,adj.,太阳的,3,low,,description
soldier,/ˈsoʊldʒɝ/,n./v.,士兵；战士,4,low,,action
solid,/ˈsɑləd/,n./adj.,结实的；固体的,4,low,,description
solution,/səˈluʃən/,n.,解决；解答,3,medium,,description
solve,/ˈsɑlv/,v.,解决；付给,3,low,,action
some,/ˈsəm/,pron.,一些；若干,1,high,,description
somebody,/ˈsəmˌbɑdi/,pron.,某人；有人,2,high,,description
somehow,/ˈsəmˌhaʊ/,adv.,不知何故,3,low,,action
someone,/ˈsəmˌwən/,pron.,某一个人,1,high,,description
something,/ˈsəmθɪŋ/,pron.,某事；某物,1,high,,description
sometimes,/ˈsəmˌtaɪmz/,adv.,有时,1,high,,action
somewhat,/ˈsəmˈwət/,n./adv.,某物；几分,4,low,,action
somewhere,/ˈsəmˌwɛr/,adv.,在某处,3,medium,,action
son,/ˈsən/,n.,儿子,1,high,,description
song,/ˈsɔŋ/,n.,歌唱；歌曲,2,medium,,description
soon,/ˈsun/,adv.,不久；很快,1,high,,action
sorrow,/ˈsɑroʊ/,n./v.,悲伤；悲痛,3,medium,,emotion
sorry,/ˈsɑri/,adj.,对不起；抱歉,2,high,,description
sort,/ˈsɔrt/,n./v.,把；分类,2,high,,action
soul,/ˈsoʊl/,n./adj.,灵魂；心灵,4,low,,description
sound,/ˈsaʊnd/,n./v./adj./adv.,听起来；发出声音,1,high,,action
soup,/ˈsup/,n./v.,汤,3,medium,,action
sour,/ˈsaʊɝ/,n./v./adj.,酸的；馊的,4,low,,action
source,/ˈsɔrs/,n.,来源；水源,2,high,,description
south,/ˈsaʊθ/,n./v./adj./adv.,南方；南,1,high,,action
southern,/ˈsəðɝn/,n./adj.,南部的；南方的,3,medium,,description
southwest,/ˌsaʊθˈwɛst/,n./adj./adv.,西南,3,medium,,action
sow,/ˈsaʊ/,n./v.,播种,4,low,,action
space,/ˈspeɪs/,n./v.,空间,1,high,,action
spare,/ˈspɛr/,n./v./adj.,空闲的；省用,3,medium,,action
speak,/ˈspik/,v.,说；说话,1,high,,action
speaker,/ˈspikɝ/,n.,演讲人；演说家,2,high,,description
special,/ˈspɛʃəl/,n./adj.,特别的；专门的,1,high,,description
specialist,/ˈspɛʃələst/,n./adj.,专家；专科医生,3,medium,,description
species,/ˈspiʃiz/,n.,种；类,3,low,,description
specific,/spəˈsɪfɪk/,n./adj.,明确的；具体的,2,high,,description
speech,/ˈspitʃ/,n.,演讲,2,high,,description
speed,/ˈspid/,n./v.,速度；加速,2,high,,action
spell,/ˈspɛl/,n./v.,拼写,3,medium,,action
spend,/ˈspɛnd/,v.,度过；花费,1,high,,action
spin,/ˈspɪn/,n./v.,旋转,4,low,,action
spirit,/ˈspɪrət/,n./v.,精神,2,high,,action
spiritual,/ˈspɪrɪˌtʃuəl/,n./adj.,精神的；心灵的,3,medium,,description
splendid,/ˈsplɛndɪd/,adj.,灿烂的；辉煌的,4,low,,description
split,/ˈsplɪt/,n./v./adj.,撕开；切开,3,low,,action
sponsor,/ˈspɑnsɝ/,n./v.,发起者；发起,3,medium,,action
spoon,/ˈspun/,n./v.,匙；调羹,3,medium,,action
sport,/ˈspɔrt/,n./v./adj.,体育运动；锻炼,1,high,,action
spot,/ˈspɑt/,n./v./adj.,斑点；污点,2,high,,action
spray,/ˈspreɪ/,n./v.,水雾；喷雾喷洒,4,low,,action
spread,/ˈsprɛd/,n./v./adj.,延伸；展开,2,high,,action
spring,/ˈsprɪŋ/,n./v./adj.,春天；泉水,2,high,,action
spy,/ˈspaɪ/,n./v.,密探；间谍,4,low,,action
square,/ˈskwɛr/,n./v./adj./adv.,正方形；街区,3,medium,,action
squeeze,/ˈskwiz/,n./v.,捏；压榨,3,medium,,action
stability,/stəˈbɪlɪti/,n.,安定；稳定性,4,low,,description
stable,/ˈsteɪbəl/,n./v./adj.,稳固的；牢固的,3,medium,,action
stadium,/ˈsteɪdiəm/,n.,体育场,4,low,,description
staff,/ˈstæf/,n./v./adj.,全体职工；为,2,medium,,action
stage,/ˈsteɪdʒ/,n./v.,舞台；阶段,2,high,,action
stair,/ˈstɛr/,n.,楼梯,3,low,,description
stamp,/ˈstæmp/,n./v.,邮票,4,low,,action
stand,/ˈstænd/,n./v.,站；立场,1,high,,action
standard,/ˈstændɝd/,n./adj.,标准,2,high,,description
star,/ˈstɑr/,n./v.,星；恒星,1,high,,action
stare,/ˈstɛr/,n./v.,盯；凝视,3,low,,action
start,/ˈstɑrt/,n./v.,开始；出发,1,high,,action
starve,/ˈstɑrv/,v.,饿死,4,low,,action
state,/ˈsteɪt/,n./v./adj.,状态；国家,1,high,statement,action
statement,/ˈsteɪtmənt/,n.,声明；陈诉,2,medium,state,description
station,/ˈsteɪʃən/,n./v.,车站；电台,1,high,,action
statistic,/stəˈtɪstɪk/,n./adj.,统计量；统计的,4,low,,description
statistics,/stəˈtɪstɪks/,n.,统计数字；统计资料,2,medium,,description
statue,/ˈstæˌtʃu/,n./v.,法令；法规,4,low,,action
status,/ˈstætəs/,n.,法律地位,3,medium,,description
stay,/ˈsteɪ/,n./v.,停留；逗留,1,high,,action
steady,/ˈstɛdi/,v./adj.,稳固的；平稳的,2,medium,,action
steak,/ˈsteɪk/,n.,牛排；肉排,4,low,,description
steal,/ˈstil/,v.,偷；窃取,4,low,,action
steam,/ˈstim/,n./v./adj.,蒸气；冒热气,3,medium,,action
steel,/ˈstil/,n./v./adj.,钢；钢铁,4,low,,action
steep,/ˈstip/,n./v./adj.,险峻的；陡峭的,4,low,,action
step,/ˈstɛp/,n./v.,脚步；台阶,1,high,,action
stick,/ˈstɪk/,n./v.,棍；棒,2,high,,action
still,/ˈstɪl/,n./v./adj./adv./conj.,不动的；平静的,1,high,,action
stimulate,/ˈstɪmjəˌleɪt/,v.,刺激；激励,4,low,,action
stomach,/ˈstəmək/,n./v.,胃；胃部,3,low,,action
stone,/ˈstoʊn/,n./v./adj.,石头；石料,2,medium,,action
stop,/ˈstɑp/,n./v.,停；站,1,high,,action
storage,/ˈstɔrədʒ/,n.,贮藏；储存,4,low,,description
store,/ˈstɔr/,n./v./adj.,商店；储藏,1,high,,action
storm,/ˈstɔrm/,n./v.,风暴；暴雨,2,medium,,action
story,/ˈstɔri/,n.,故事；小说,1,high,,description
stove,/ˈstoʊv/,n./v.,火炉；煤炉,4,low,,action
straight,/ˈstreɪt/,n./adj./adv.,一直的；直的,2,medium,,action
straightforward,/ˈstreɪtˈfɔrwɝd/,adj.,简单的；坦率的,4,low,,description
strait,/ˈstreɪt/,n./adj.,海峡,4,low,,description
strange,/ˈstreɪndʒ/,adj.,奇怪；奇特的,1,high,,description
stranger,/ˈstreɪndʒɝ/,n.,陌生人；外人,1,high,,description
strategy,/ˈstrætədʒi/,n.,战略；策略,4,low,,description
straw,/ˈstrɔ/,n./adj.,稻草,4,low,,description
strawberry,/ˈstrɔˌbɛri/,n.,草莓,3,medium,,description
stream,/ˈstrim/,n./v.,小河；溪流,3,low,,nature
street,/ˈstrit/,n./adj.,街；街道,1,high,,description
strength,/ˈstrɛŋkθ/,n.,力量；力气,2,high,,description
strengthen,/ˈstrɛŋθən/,v.,加强；增强,2,high,,action
stress,/ˈstrɛs/,n./v.,精神压力；心理负担,1,high,,action
stretch,/ˈstrɛtʃ/,n./v./adj.,伸展；张开,3,low,,action
strict,/ˈstrɪkt/,adj.,严格的；严密的,2,high,,description
strike,/ˈstraɪk/,n./v.,鸣；敲,2,medium,,action
string,/ˈstrɪŋ/,n./v.,细绳；线,3,low,,action
strong,/ˈstrɔŋ/,adj./adv.,强的；坚固的,1,high,,action
structure,/ˈstrəktʃɝ/,n./v.,结构；构造,4,low,,action
struggle,/ˈstrəɡəl/,n./v.,斗争；挣扎,2,medium,,action
student,/ˈstudənt/,n.,学生,1,high,,education
studio,/ˈstudiˌoʊ/,n.,工作室；演播室,2,high,,description
study,/ˈstədi/,n./v.,学习；研究,1,high,,"science,education"
stuff,/ˈstəf/,n./v.,原料；要素,4,low,,action
stupid,/ˈstupəd/,adj.,愚蠢的；笨的,3,low,,description
style,/ˈstaɪl/,n./v.,方式；作风,1,high,,action
subject,/ˈsəbdʒɪkt/,n./v./adj./adv.,科目；主题,2,high,,action
subjective,/səbˈdʒɛktɪv/,adj.,主观的,4,low,,description
submit,/səbˈmɪt/,v.,提交；呈递,3,low,,action
subscribe,/səbsˈkraɪb/,v.,订阅；订购,4,low,,action
subsequent,/ˈsəbsəkwənt/,adj.,后来的；接下去的,4,low,,description
substance,/ˈsəbstəns/,n.,物质；实质,4,low,,description
substantial,/səbˈstænʃəl/,n./adj.,重要材料；有实际价值的东西,4,low,,description
substitute,/ˈsəbstəˌtut/,n./v./adj.,代用品；代替,2,high,,action
subtle,/ˈsətəl/,adj.,微妙的；不明显的,3,low,,"description,reasoning"
suburb,/ˈsəbɝb/,n.,市郊住宅区；郊区,4,low,,description
subway,/ˈsəbˌweɪ/,n./v.,地铁；地道,4,low,,action
succeed,/səkˈsid/,v.,成功；接替,2,medium,,action
success,/səkˈsɛs/,n.,成功,2,high,successful,description
successful,/səkˈsɛsfəl/,adj.,成功的；有成就的,1,high,success,description
such,/ˈsətʃ/,pron.,如此的；这样的,1,high,,description
suck,/ˈsək/,n./v.,吸吮,4,low,,action
sudden,/ˈsədən/,n./adj.,突然的,3,medium,,description
suffer,/ˈsəfɝ/,v.,受苦；遭受,3,medium,,action
suffering,/ˈsəfɝɪŋ/,n.,痛苦；苦难,4,low,,description
sufficient,/səˈfɪʃənt/,adj.,充分的；足够的,4,low,,description
sugar,/ˈʃʊɡɝ/,n./v.,糖,2,high,,action
suggest,/səˈdʒɛst/,v.,建议；提议,1,high,,action
suggestion,/səˈdʒɛstʃən/,n.,建议,2,medium,,description
suit,/ˈsut/,n./v.,适合；一套,2,high,,action
suitable,/ˈsutəbəl/,adj.,合适的；适宜的,1,high,,description
suite,/ˈswit/,n.,套间；组曲,4,low,,description
sum,/ˈsəm/,n./v.,总数；总和,3,medium,,action
summary,/ˈsəmɝi/,n./adj.,摘要；概要,4,low,,description
summer,/ˈsəmɝ/,n./v.,夏天；夏季,1,high,,action
sun,/ˈsən/,n./v.,太阳；阳光,2,high,,action
sunday,/ˈsənˌdeɪ/,n./v./adj.,星期日,1,high,,action
sunlight,/ˈsənˌlaɪt/,n.,日光；阳光,3,medium,,description
sunny,/ˈsəni/,adj.,晴朗的；阳光充足的,4,low,,description
super,/ˈsupɝ/,n./adj./adv.,顶好的；超级的,3,low,,action
superb,/sʊˈpɝb/,adj.,卓越的；质量极高的,3,medium,,description
superior,/suˈpɪriɝ/,n./adj.,更胜一筹的；上级,4,low,,description
supermarket,/ˈsupɝˌmɑrkɪt/,n.,超级市场,3,medium,,economy
supper,/ˈsəpɝ/,n.,晚餐；晚饭,4,low,,description
supply,/səˈplaɪ/,n./v.,供给；供应,2,high,,action
support,/səˈpɔrt/,n./v.,支持；赞助,1,high,,social
suppose,/səˈpoʊz/,v.,猜想；假定,3,low,,action
supreme,/səˈprim/,n./adj.,至高无上的；最高的,3,low,,description
sure,/ˈʃʊr/,adj./adv.,确信；肯定,1,high,,action
surf,/ˈsɝf/,n./v.,海浪；拍岸浪,4,low,,action
surface,/ˈsɝfəs/,n./v./adj.,表面,2,high,,action
surgeon,/ˈsɝdʒən/,n.,外科医生,4,low,,description
surgery,/ˈsɝdʒɝi/,n.,外科；手术,4,low,,description
surprise,/səˈpraɪz/,n./v.,使惊奇；使诧异,1,high,,action
surround,/sɝˈaʊnd/,n./v.,围绕；包围,3,medium,,action
surrounding,/sɝˈaʊndɪŋ/,n./adj.,周围的；环境,4,low,,nature
survey,/ˈsɝˌveɪ/,n./v.,纵览；视察,3,medium,,action
survival,/sɝˈvaɪvəl/,n./adj.,存活；幸存,2,high,,description
survive,/sɝˈvaɪv/,v.,生存；存活,3,medium,,action
suspect,/ˈsəsˌpɛkt/,n./v./adj.,犯罪嫌疑人,3,low,,mystery
suspend,/səˈspɛnd/,v.,悬；吊,4,low,,action
suspension,/səˈspɛnʃən/,n.,暂令停职；推迟,4,low,,description
sustain,/səˈsteɪn/,v.,承受；支持,3,low,,social
swallow,/ˈswɑloʊ/,n./v.,吞下；咽下,4,low,,action
swear,/ˈswɛr/,n./v.,咒骂；诅咒,4,low,,action
sweat,/ˈswɛt/,n./v.,汗；汗水,4,low,,action
sweater,/ˈswɛtɝ/,n.,厚运动衫；毛衣,4,low,,description
sweep,/ˈswip/,n./v.,打扫,3,medium,,action
sweet,/ˈswit/,n./adj.,甜蜜；糖果,2,high,,description
swim,/ˈswɪm/,n./v.,游泳；游,3,medium,,action
swimming,/ˈswɪmɪŋ/,n.,游泳,3,medium,,description
swing,/ˈswɪŋ/,n./v./adj.,挥舞；摆动,3,low,,action
switch,/ˈswɪtʃ/,n./v.,开关；转换,2,high,,action
switzerland,/ˈswɪtsɝlənd/,n.,瑞士,4,low,,description
sword,/ˈsɔrd/,n.,剑；刀,4,low,,description
symbol,/ˈsɪmbəl/,n.,象征,2,medium,,description
sympathy,/ˈsɪmpəθi/,n.,同情,4,low,,description
symphony,/ˈsɪmfəni/,n.,交响乐,4,low,,description
symptom,/ˈsɪmptəm/,n.,症状,4,low,,description
system,/ˈsɪstəm/,n.,体系；体统化的,2,medium,,description
systematic,/ˌsɪstəˈmætɪk/,adj.,系统的；有条理的,4,low,,description
t-shirt,/ˈtiˌsɝt/,n.,恤衫,3,medium,,description
table,/ˈteɪbəl/,n./v.,桌子；表格,1,high,,action
tablet,/ˈtæblət/,n.,平板；门牌,3,medium,,description
tackle,/ˈtækəl/,n./v.,工具；复滑车,4,low,,action
tail,/ˈteɪl/,n./v./adj.,尾巴,3,medium,,action
tailor,/ˈteɪlɝ/,n./v.,裁缝,4,low,,action
take,/ˈteɪk/,n./v.,拿；拿走,1,high,,action
tale,/ˈteɪl/,n.,故事；传说,3,medium,,description
talent,/ˈtælənt/,n.,天才；天赋,3,medium,,description
talk,/ˈtɔk/,n./v.,谈话；讲话,1,high,,action
tall,/ˈtɔl/,adj./adv.,高的,2,high,,action
tank,/ˈtæŋk/,n./v.,储水容量；坦克,3,low,,action
tap,/ˈtæp/,n./v.,龙头；轻打,3,medium,,action
tape,/ˈteɪp/,n./v.,磁带；录音带,4,low,,action
target,/ˈtɑrɡət/,n./v.,目标；把,3,medium,,action
task,/ˈtæsk/,n./v.,任务；工作,1,high,,action
taste,/ˈteɪst/,n./v.,品尝；尝味,1,high,,action
tax,/ˈtæks/,n./v.,税；税款,3,low,,action
taxi,/ˈtæksi/,n./v.,出租汽车,4,low,,action
tea,/ˈti/,n.,茶；茶叶,2,medium,,description
teach,/ˈtitʃ/,v.,教书；教,1,high,,action
teacher,/ˈtitʃɝ/,n.,教师；教员,1,high,,education
team,/ˈtim/,n./v.,队；组,1,high,,action
teapot,/ˈtiˌpɑt/,n.,茶壶,4,low,,description
tear,/tɪr/,n./v.,眼泪；扯破,2,high,,action
technical,/ˈtɛknɪkəl/,adj.,技术的；工艺的,4,low,,science
technique,/tɛkˈnik/,n.,技术；技巧,2,high,,science
technology,/tɛkˈnɑlədʒi/,n.,技术,1,high,,science
teenager,/ˈtiˌneɪdʒɝ/,n.,青少年；十几岁的少年,3,medium,,description
telephone,/ˈtɛləˌfoʊn/,n./v.,打电话；电话,3,medium,,action
telescope,/ˈtɛləˌskoʊp/,n./v.,望远镜,3,low,,action
television,/ˈtɛləˌvɪʒən/,n.,电视,2,medium,,description
tell,/ˈtɛl/,v.,告诉；讲述,1,high,,action
temperature,/ˈtɛmpɝətʃɝ/,n.,温度,2,medium,,description
temple,/ˈtɛmpəl/,n.,庙宇；寺院,4,low,,description
temporary,/ˈtɛmpɝˌɛri/,n./adj.,短暂的；暂时的,2,medium,,description
ten,/ˈtɛn/,num.,十,1,high,,description
tend,/ˈtɛnd/,v.,照料；趋向,2,high,,action
tendency,/ˈtɛndənsi/,n.,倾向；偏好,4,low,,description
tennis,/ˈtɛnəs/,n.,网球,4,low,,description
tension,/ˈtɛnʃən/,n./v.,紧张局势；矛盾,3,low,,action
tent,/ˈtɛnt/,n./v.,帐篷,2,medium,,action
tentative,/ˈtɛnətɪv/,n./adj.,试探性的；暂定的,2,low,,"reasoning,description"
tenth,/ˈtɛnθ/,num.,第十；十分之一,4,low,,description
term,/ˈtɝm/,n./v.,学期；术语,1,high,,action
terminal,/ˈtɝmənəl/,n./adj.,终点站；计算机,4,low,,science
terrible,/ˈtɛrəbəl/,adj.,可怕的；糟糕的,2,high,,description
territory,/ˈtɛrɪˌtɔri/,n.,领土；领地,4,low,,description
terror,/ˈtɛrɝ/,n.,恐惧；惊恐,4,low,,description
test,/ˈtɛst/,n./v.,测试；考查,1,high,,action
text,/ˈtɛkst/,n.,文本；课文,1,high,,description
textbook,/ˈtɛkstˌbʊk/,n.,课本；教科书,2,medium,,description
than,/ˈðæn/,conj.,比,1,high,,description
thank,/ˈθæŋk/,n./v.,感谢；致谢,1,high,,action
that,/ˈðæt/,pron.,那；那个,1,high,,description
the,/ðə/,adj.,这；那,1,high,,description
theater,/ˈθiətɝ/,n.,剧场；戏院,3,medium,,description
theft,/ˈθɛft/,n.,盗窃案,4,low,,description
their,/ˈðɛr/,pron.,他们的,1,high,,description
them,/ˈðɛm/,pron.,他；她,1,high,,description
theme,/ˈθim/,n.,主题,3,medium,,description
themselves,/ðəmˈsɛlvz/,pron.,他；她,1,high,,description
then,/ˈðɛn/,n./adv./conj.,当时；那时,1,high,,action
theoretical,/ˌθiɝˈɛtɪkəl/,adj.,理论的,4,low,,description
theory,/ˈθiɝi/,n.,理论,2,medium,,description
there,/ˈðɛr/,adv.,在那里,1,high,,action
therefore,/ˈðɛrˌfɔr/,adv.,因此；所以,2,high,,action
these,/ˈðiz/,pron.,这些,1,high,,description
they,/ˈðeɪ/,pron.,他们；它们,1,high,,description
thick,/ˈθɪk/,n./adj./adv.,厚的,3,medium,,action
thief,/ˈθif/,n.,窃贼；小偷,4,low,,description
thin,/ˈθɪn/,n./v./adj./adv.,薄的；瘦的,3,medium,,action
thing,/ˈθɪŋ/,n.,东西；物品,1,high,,description
think,/ˈθɪŋk/,n./v./adj.,想；认为,1,high,,action
thinking,/ˈθɪŋkɪŋ/,n./adj.,思索；见解,1,high,,description
third,/ˈθɝd/,num.,第三,2,high,,description
thirsty,/ˈθɝsti/,adj.,渴,4,low,,description
thirteen,/ˈθɝˈtin/,num.,十三,4,low,,description
thirty,/ˈθɝˌdi/,num.,三十,2,medium,,description
this,/ˈðɪs/,pron.,这；这个,1,high,,description
thorough,/ˈθɝoʊ/,adj.,彻底的,4,low,,description
those,/ˈðoʊz/,pron.,那些,1,high,,description
though,/ˈðoʊ/,conj.,虽然；可是,1,high,,description
thought,/ˈθɔt/,n.,想；认为,1,high,,description
thousand,/ˈθaʊzən/,num.,千,1,high,,description
threat,/ˈθrɛt/,n.,恐吓；恶兆,4,low,,description
threaten,/ˈθrɛtən/,v.,恐吓；威胁,4,low,,action
three,/ˈθri/,num.,三,1,high,,description
throat,/ˈθroʊt/,n./v.,喉咙,4,low,,action
through,/ˈθru/,prep.,穿越；从头至尾,1,high,,description
throughout,/θruˈaʊt/,prep.,遍及；贯穿,1,high,,description
throw,/ˈθroʊ/,n./v.,投；掷,2,high,,action
thunder,/ˈθəndɝ/,n./v.,雷声；打雷,4,low,,action
thursday,/ˈθɝzˌdeɪ/,n.,星期四,2,medium,,description
thus,/ˈðəs/,adv.,这样；因而,1,high,,action
ticket,/ˈtɪkət/,n./v.,票；卷,2,high,,action
tidy,/ˈtaɪdi/,n./v./adj.,整洁的；干净的,4,low,,action
tie,/ˈtaɪ/,n./v.,带子；线,3,low,,action
tiger,/ˈtaɪɡɝ/,n.,老虎,4,low,,description
tight,/ˈtaɪt/,adj./adv.,紧的,3,medium,,action
till,/ˈtɪl/,prep.,直到；为止,3,medium,,description
time,/ˈtaɪm/,n./v./adj.,时间；时侯,1,high,,action
timetable,/ˈtaɪmˌteɪbəl/,n.,时间表；课表,3,medium,,description
tin,/ˈtɪn/,n./v./adj.,罐头；听头,4,low,,action
tiny,/ˈtaɪni/,adj.,极小的；微小的,3,medium,,description
tip,/ˈtɪp/,n./v.,顶端；尖端,2,high,,action
tire,/ˈtaɪɝ/,n./v.,使疲劳,3,medium,,action
tired,/ˈtaɪɝd/,adj.,使累；轮胎,2,high,,description
tissue,/ˈtɪsˌju/,n.,组织；纸巾,4,low,,description
title,/ˈtaɪtəl/,n./v.,标题；题目,1,high,,action
to,/ˈtu/,prep.,到；向,1,high,,description
toast,/ˈtoʊst/,n./v.,烤,4,low,,action
tobacco,/təˈbæˌkoʊ/,n.,烟草；烟叶,4,low,,description
today,/təˈdeɪ/,n./adv.,今天；现在,1,high,,action
together,/təˈɡɛðɝ/,adv.,一起；共同,1,high,,action
toilet,/ˈtɔɪlət/,n./v.,厕所,4,low,,action
tolerate,/ˈtɑlɝˌeɪt/,v.,容许；允许,4,low,,action
tomato,/təˈmɑˌtoʊ/,n.,西红柿；番茄,2,medium,,description
tomorrow,/təˈmɑˌroʊ/,n./adv.,明天,3,medium,,action
ton,/ˈtən/,n.,吨,3,medium,,description
tone,/ˈtoʊn/,n./v.,音调；音质,3,low,,action
tongue,/ˈtəŋ/,n./v.,舌；舌头,4,low,,action
tonight,/təˈnaɪt/,n./adv.,今晚；今夜,2,medium,,action
too,/ˈtu/,adv.,也；还,1,high,,action
tool,/ˈtul/,n./v.,工具；器具,1,high,,action
tooth,/ˈtuθ/,n./v.,牙齿,4,low,,action
top,/ˈtɑp/,n./v./adj.,顶部；上面,1,high,,action
topic,/ˈtɑpɪk/,n.,题目；话题,2,high,,description
total,/ˈtoʊtəl/,n./v./adj./adv.,全体的；总的,1,high,totally,action
totally,/ˈtoʊtəli/,adv.,总合地；完全地,3,medium,total,action
touch,/ˈtətʃ/,n./v.,触摸；接触,1,high,,action
tough,/ˈtəf/,n./adj.,坚硬的；结实的,3,medium,,description
tour,/ˈtʊr/,n./v.,参观；旅行,1,high,,action
tourism,/ˈtʊˌrɪzəm/,n.,旅游业；观光,3,medium,,description
tourist,/ˈtʊrəst/,n./adj.,旅行者；观光者,1,high,,description
tournament,/ˈtʊrnəmənt/,n.,锦标赛；联赛,3,low,,description
toward,/ˈtɔrd/,prep.,向；朝,1,high,,description
towel,/ˈtaʊəl/,n./v.,毛巾,4,low,,action
tower,/ˈtaʊɝ/,n./v.,塔,3,medium,,action
town,/ˈtaʊn/,n.,城镇；城,1,high,,description
toy,/ˈtɔɪ/,n./v./adj.,玩具；玩物,2,high,,action
track,/ˈtræk/,n./v.,轨道；田径,1,high,,action
trade,/ˈtreɪd/,n./v.,贸易；用,1,high,,economy
tradition,/trəˈdɪʃən/,n.,传统；风俗,2,high,,culture
traditional,/trəˈdɪʃənəl/,adj.,传统的；风俗的,1,high,,culture
traffic,/ˈtræfɪk/,n./v.,交通；来往车辆,2,medium,,action
train,/ˈtreɪn/,n./v.,火车；培训,1,high,,action
trainer,/ˈtreɪnɝ/,n.,训练人；教练,4,low,,description
training,/ˈtreɪnɪŋ/,n.,培训,1,high,,description
transform,/ˈtrænsfɔrm/,v.,使改变形态；使改观,3,medium,,action
translate,/trænˈsleɪt/,v.,翻译,2,medium,,action
translation,/trænˈsleɪʃən/,n.,翻译；译文,4,low,,description
transport,/ˈtrænspɔrt/,n./v.,运输,3,medium,,action
trap,/ˈtræp/,n./v.,陷阱；使陷入困境,4,low,,action
travel,/ˈtrævəl/,n./v.,旅行,1,high,,action
traveler,/ˈtrævəlɝ/,n.,旅行者,3,medium,,description
treasure,/ˈtrɛʒɝ/,n./v.,财富；珍藏,2,medium,,action
treat,/ˈtrit/,n./v.,对待；看待,2,high,treatment,action
treatment,/ˈtritmənt/,n.,治疗；疗法,3,medium,treat,description
tree,/ˈtri/,n./v.,树,1,high,,action
tremble,/ˈtrɛmbəl/,n./v.,颤抖,4,low,,action
trend,/ˈtrɛnd/,n./v.,趋势；倾向,2,high,,action
trial,/ˈtraɪəl/,n./adj.,审判；试验,3,low,,description
trick,/ˈtrɪk/,n./v./adj.,诡计；欺骗,2,high,,action
trip,/ˈtrɪp/,n./v.,旅行；旅程,1,high,,action
troop,/ˈtrup/,n./v.,部队,4,low,,action
trouble,/ˈtrəbəl/,n./v.,烦恼；麻烦,2,high,,action
trousers,/ˈtraʊzɝz/,n.,裤子；长裤,4,low,,description
truck,/ˈtrək/,n./v.,卡车；运货车,2,high,,action
true,/ˈtru/,n./adj./adv.,真的；真实的,1,high,,action
truly,/ˈtruli/,adv.,真正地；真实地,3,medium,,action
trunk,/ˈtrəŋk/,n./v./adj.,树干；大箱子,4,low,,action
trust,/ˈtrəst/,n./v./adj.,相信；信任,1,high,,action
truth,/ˈtruθ/,n.,真理；事实,2,medium,,description
try,/ˈtraɪ/,n./v.,试图；尝试,1,high,,action
tube,/ˈtjub/,n./v.,管；管状物,3,medium,,action
tuesday,/ˈtjuzˌdeɪ/,n.,星期二,3,medium,,description
tune,/ˈtun/,n./v.,曲调；曲子,4,low,,action
turkey,/ˈtɝki/,n.,火鸡,4,low,,description
turn,/ˈtɝn/,n./v.,转弯；转动,1,high,,action
tutor,/ˈtutɝ/,n./v.,家庭教师；私人教师,4,low,,education
tv,/ˈtiˈvi/,n.,电视机,2,high,,description
twelfth,/ˈtwɛlfθ/,num.,第十二,4,low,,description
twelve,/ˈtwɛlv/,num.,十二,3,medium,,description
twentieth,/ˈtwɛniəθ/,num.,第二十,3,medium,,description
twenty,/ˈtwɛni/,num.,二十,2,medium,,description
twice,/ˈtwaɪs/,adv.,两次；两倍,3,medium,,action
twin,/ˈtwɪn/,n./v./adj.,双胞胎之一,3,medium,,action
twist,/ˈtwɪst/,n./v.,使弯曲；转动,4,low,,action
two,/ˈtu/,num.,二,1,high,,description
type,/ˈtaɪp/,n./v.,打字；类型,1,high,,action
typhoon,/ˌtaɪˈfun/,n.,台风,4,low,,description
typical,/ˈtɪpəkəl/,adj.,典型的；有代表性的,3,medium,,description
tyre,/ˈtaɪr/,n./v.,轮胎,4,low,,action
ubiquitous,/juˈbɪkwɪtəs/,adj.,无处不在的；普遍的,4,low,,description
ugly,/ˈəɡli/,n./adj.,丑陋的；难看的,4,low,,description
uk,/ˌjuˈkeɪ/,n.,联合王国,1,high,,description
ultimately,/ˈəltəmətli/,adv.,最后；最终,4,low,,action
umbrella,/ˈəmˌbrɛlə/,n./v./adj.,雨伞,4,low,,action
unable,/əˈneɪbəl/,adj.,不能的；不能胜任的,2,medium,able,description
uncertain,/ənˈsɝtən/,adj.,不确定的,3,medium,certain,description
uncle,/ˈəŋkəl/,n.,叔；伯,3,medium,,description
uncomfortable,/ənˈkəmfɝtəbəl/,adj.,令人不舒服的,2,medium,comfortable,description
under,/ˈəndɝ/,prep.,在；下面,1,high,,description
underground,/ˈəndɝˌɡraʊnd/,n./adj./adv.,地下的；地铁,2,medium,,action
understand,/ˌəndɝˈstænd/,v.,懂得；明白,1,high,,action
understanding,/ˌəndɝˈstændɪŋ/,n.,领会；理解,1,high,,description
undertake,/ˈəndɝˌteɪk/,v.,承担；从事,4,low,,action
unemployment,/ˌənɪmˈplɔɪmənt/,n.,失业；失业状态,4,low,,description
unfair,/ˈənˈfɛr/,adj.,不公平的；不公正的,3,medium,fair,description
unfold,/ənˈfoʊld/,v.,展开；打开,4,low,fold,action
unfortunately,/ənˈfɔrtʃənətli/,adv.,不幸地,3,medium,fortunately,action
unhappy,/ənˈhæpi/,adj.,不高兴的；伤心的,4,low,happy,description
uniform,/ˈjunəˌfɔrm/,n./adj.,制服,4,low,,description
union,/ˈjunjən/,n.,联合；联盟,3,low,,description
unique,/juˈnik/,adj.,惟一的；独一无二的,2,high,,description
unit,/ˈjunət/,n./adj.,单元；单位,1,high,,description
unite,/ˈjuˌnaɪt/,v.,联合；团结,4,low,,action
universal,/ˌjunəˈvɝsəl/,n./adj.,普遍的；全体的,3,low,,description
universe,/ˈjunəˌvɝs/,n.,宇宙,3,low,,description
university,/ˌjunəˈvɝsəti/,n.,大学,1,high,,description
unknown,/ənˈnoʊn/,n./adj.,不知道的,2,high,,description
unless,/ənˈlɛs/,conj.,如果不；除非,2,high,less,description
unlike,/ənˈlaɪk/,prep.,不像；和,3,medium,like,description
until,/ənˈtɪl/,conj.,直到；为止,1,high,,description
unusual,/ənˈjuˌʒuəl/,adj.,不平常的；异常的,2,high,usual,description
up,/ˈəp/,adv./prep.,向上；起来,1,high,,action
update,/ˈəpˌdeɪt/,n./v.,更新；使现代化,2,high,,action
upon,/əˈpɑn/,prep.,在；上面,2,high,,description
upper,/ˈəpɝ/,n./adj.,较高的；较上的,4,low,,description
upset,/ˈəpˌsɛt/,v./adj.,心烦的；使苦恼,2,high,,action
upstairs,/əpˈstɛrz/,n./adj./adv.,在楼上；到楼上,3,medium,,action
urban,/ˈɝbən/,adj.,城市的；都市的,4,low,,description
urge,/ˈɝdʒ/,n./v.,激励；催促,3,medium,,action
urgent,/ˈɝdʒənt/,adj.,紧急的；紧迫的,4,low,,description
us,/ˈəs/,pron.,我们,1,high,,description
use,/ˈjus/,n./v.,使用；用途,1,high,,action
used,/ˈjuzd/,adj.,使用过的；二手的,1,high,,description
useful,/ˈjusfəl/,adj.,有用的；有益的,1,high,,description
user,/ˈjuzɝ/,n.,使用者；用户,2,high,,description
usual,/ˈjuʒəwəl/,adj.,通常的；平常的,3,medium,"unusual,usually",description
usually,/ˈjuʒəli/,adv.,通常；经常,1,high,usual,action
vacation,/veɪˈkeɪʃən/,n.,假期；休假,2,high,,description
vague,/ˈveɪɡ/,adj.,含糊的；紧迫的,4,low,,description
valid,/ˈvælɪd/,adj.,有效的；合理的,4,low,,description
valley,/ˈvæli/,n.,山谷；溪谷,2,medium,,nature
valuable,/ˈvæljəbəl/,adj.,值钱的；贵重的,2,medium,,description
value,/ˈvælju/,n./v.,价值；珍视,1,high,,action
variation,/ˌvɛriˈeɪʃən/,n.,变更；变化,4,low,,description
variety,/vɝˈaɪəti/,n.,种种；种类,1,high,,description
various,/ˈvɛriəs/,adj.,各种各样的；不同的,2,high,,description
vary,/ˈvɛri/,v.,改变；使多样化,2,medium,,action
vase,/ˈvɑz/,n.,瓶；瓶饰,4,low,,description
vast,/ˈvæst/,adj.,巨大的；广阔的,3,medium,,description
vegetable,/ˈvɛdʒtəbəl/,n./adj.,蔬菜,2,high,,description
vehicle,/ˈvihɪkəl/,n.,交通工具；车辆,3,medium,,description
venue,/ˈvɛnju/,n.,犯罪地点；审判地,4,low,,mystery
version,/ˈvɝʒən/,n.,变体；变种,3,low,,description
vertical,/ˈvɝtɪkəl/,adj.,垂直的；纵向的,4,low,,description
very,/ˈvɛri/,adj./adv.,很；非常,1,high,,action
via,/ˈvaɪə/,prep.,经过；通过,4,low,,description
victim,/ˈvɪktəm/,n.,受害者；牺牲品,3,low,,description
victory,/ˈvɪktɝi/,n.,胜利,4,low,,description
video,/ˈvɪdioʊ/,n./adj.,录像；视频,3,medium,,description
view,/ˈvju/,n./v.,看法；见解,1,high,,action
viewer,/ˈvjuɝ/,n.,观看者,2,medium,,description
village,/ˈvɪlədʒ/,n./adj.,村庄；乡村,2,medium,,description
violate,/ˈvaɪəleɪt/,v.,违反；侵犯,3,low,,action
violence,/ˈvaɪələns/,n.,暴力行为,4,low,,description
violent,/ˈvaɪələnt/,adj.,暴力的,3,low,,description
violin,/vaɪəˈlɪn/,n.,小提琴,4,low,,description
virtual,/ˈvɝtʃuəl/,adj.,实际上起作用的；虚的,4,low,,description
virtue,/ˈvɝtʃu/,n.,美德；正直的品行,3,low,,description
virus,/ˈvaɪrəs/,n.,病毒,4,low,,description
visible,/ˈvɪzəbəl/,n./adj.,看得见的；明显的,4,low,,description
vision,/ˈvɪʒən/,n./v.,视觉；眼光,3,low,,action
visit,/ˈvɪzɪt/,n./v.,参观；访问,1,high,,action
visitor,/ˈvɪzɪtɝ/,n.,访问者；参观者,1,high,,description
visual,/ˈvɪʒəwəl/,adj.,视力的；视觉的,3,medium,,description
vital,/ˈvaɪtəl/,adj.,必不可少的；对,3,low,,description
vivid,/ˈvɪvəd/,adj.,生动；逼真的,4,low,,description
vocabulary,/voʊˈkæbjəˌlɛri/,n.,词汇；词汇表,4,low,,description
voice,/ˈvɔɪs/,n./v.,说话声；语态,1,high,,action
volcano,/vɑlˈkeɪnoʊ/,n.,火山,4,low,,nature
volleyball,/ˈvɑliˌbɔl/,n.,排球,4,low,,description
volume,/ˈvɑljum/,n./v./adj.,册；卷,4,low,,action
voluntary,/ˈvɑləntɛri/,n./adj.,自愿的；主动的,4,low,,description
volunteer,/ˌvɑlənˈtɪr/,n./v./adj.,义工；自愿者,2,high,,action
vote,/ˈvoʊt/,n./v.,选举；投票,3,medium,,action
wage,/ˈweɪdʒ/,n./v.,工资；工钱,4,low,,action
waist,/ˈweɪst/,n.,腰；腰部,4,low,,description
wait,/ˈweɪt/,n./v.,等；等候,1,high,,action
wake,/ˈweɪk/,n./v.,醒来；叫醒,2,high,,action
walk,/ˈwɑk/,n./v.,步行；散步,1,high,,action
wall,/ˈwɔl/,n./v./adj.,墙,1,high,,action
wallet,/ˈwɔlət/,n.,皮夹,4,low,,description
wander,/ˈwɑndɝ/,v.,漫游；游荡,2,medium,,action
want,/ˈwɑnt/,n./v.,想；需要,1,high,,action
war,/ˈwɔr/,n./v./adj.,战争,2,medium,,action
ward,/ˈwɔrd/,n./v.,保卫；看护,4,low,,action
warehouse,/ˈwɛrˌhaʊs/,n./v.,仓库；货栈,4,low,,action
warm,/ˈwɔrm/,n./v./adj.,暖和的；温暖的,1,high,,action
warmth,/ˈwɔrmθ/,n.,暖和；温暖,3,medium,,description
warn,/ˈwɔrn/,v.,警告；提醒,3,medium,,action
warning,/ˈwɔrnɪŋ/,n.,警报,2,medium,,description
wash,/ˈwɑʃ/,n./v.,洗；洗涤,3,low,,action
washroom,/ˈwɑʃˌrum/,n.,盥洗室,4,low,,description
waste,/ˈweɪst/,n./v./adj.,浪费,2,high,,action
watch,/ˈwɑtʃ/,n./v.,观看；注视,1,high,,action
water,/ˈwɔtɝ/,n./v./adj.,水；浇水,1,high,,action
watermelon,/ˈwɔtɝˌmɛlən/,n.,西瓜,4,low,,description
wave,/ˈweɪv/,n./v.,波；波浪,2,high,,action
way,/ˈweɪ/,n./adv.,路；路线,1,high,,action
we,/ˈwi/,pron.,我们,1,high,,description
weak,/ˈwik/,adj.,差的；弱的,3,medium,weakness,description
weakness,/ˈwiknəs/,n.,软弱,2,medium,weak,description
wealth,/ˈwɛlθ/,n.,财产；财富,3,medium,,description
wealthy,/ˈwɛlθi/,adj.,富的,4,low,,description
weapon,/ˈwɛpən/,n./v.,武器；兵器,4,low,,action
wear,/ˈwɛr/,n./v.,穿；戴,1,high,,action
weather,/ˈwɛðɝ/,n./v./adj.,天气,1,high,,nature
web,/ˈwɛb/,n./v.,网；网状物,4,low,,action
website,/ˈwɛbˌsaɪt/,n.,网络,1,high,,description
wedding,/ˈwɛdɪŋ/,n.,婚礼；结婚,3,low,,description
wednesday,/ˈwɛnzˌdeɪ/,n.,星期三,3,medium,,description
weed,/ˈwid/,n./v.,杂草；野草,4,low,,action
week,/ˈwik/,n.,星期；周,1,high,weekly,description
weekday,/ˈwikˌdeɪ/,n.,平日,4,low,,description
weekend,/ˈwiˌkɛnd/,n.,周末,1,high,,description
weekly,/ˈwikli/,n./adj./adv.,每周的；周刊,3,medium,week,action
weep,/ˈwip/,n./v.,哭泣；流泪,4,low,,action
weigh,/ˈweɪ/,n./v.,称；的重量,3,medium,,action
weight,/ˈweɪt/,n./v.,重；重量,1,high,,action
welcome,/ˈwɛlkəm/,n./v./adj./interj.,欢迎；受欢迎的,2,high,,action
welfare,/ˈwɛlˌfɛr/,n./adj.,幸福；福利,4,low,,description
well,/ˈwɛl/,n./v./adj./adv./interj.,的；健康的,1,high,,action
west,/ˈwɛst/,n./adj./adv.,西方；西部,2,high,,action
western,/ˈhwɛstɝn/,n./adj.,西方的；西部的,2,high,,description
wet,/ˈwɛt/,n./v./adj.,湿的；潮的,3,medium,,action
whale,/ˈhweɪl/,n./v.,鲸,3,medium,,action
what,/ˈhwət/,pron.,什么；怎么样,1,high,,description
whatever,/ˌhwəˈtɛvɝ/,pron.,无论什么；不管什么,2,high,,description
wheat,/ˈhwit/,n.,小麦,4,low,,description
wheel,/ˈhwil/,n./v.,轮；机轮,2,medium,,action
when,/ˈhwɛn/,conj.,当；的时候,1,high,,description
whenever,/hwɛˈnɛvɝ/,conj.,每当；究竟何时,2,high,,description
where,/ˈhwɛr/,conj.,哪里；在,1,high,,description
wherever,/hwɛˈrɛvɝ/,conj.,无论在哪里；哪里,4,low,,description
whether,/ˈhwɛðɝ/,conj.,是否,1,high,,description
which,/ˈhwɪtʃ/,pron.,哪一个；那一个,1,high,,description
while,/ˈhwaɪl/,conj.,在；的时候,1,high,,description
whisper,/ˈhwɪspɝ/,n./v.,低语；耳语,3,low,,action
white,/ˈhwaɪt/,n./adj.,白色的；白色,1,high,,description
who,/ˈhu/,pron.,谁,1,high,,description
whole,/ˈhoʊl/,n./adj.,整个的；整体,1,high,,description
whom,/ˈhum/,pron.,谁,2,high,,description
whose,/ˈhuz/,pron.,谁的,2,high,,description
why,/ˈhwaɪ/,n./adv.,为什么；原因,1,high,,action
wide,/ˈwaɪd/,n./adj./adv.,宽阔的,2,high,,action
widespread,/ˈwaɪdsˈprɛd/,adj.,分布广的；普遍的,4,low,,description
wife,/ˈwaɪf/,n.,妻子,2,high,,description
wild,/ˈwaɪld/,n./adj./adv.,未开发的；野生的,2,high,,action
wildlife,/ˈwaɪldˌlaɪf/,n.,野生动物,2,high,,nature
will,/ˈwɪl/,v.,将要；愿意,1,high,,action
willing,/ˈwɪlɪŋ/,adj.,乐意的；愿意的,3,medium,willingness,description
willingness,/ˈwɪlɪŋnəs/,n.,意愿；愿望,4,low,willing,description
win,/ˈwɪn/,n./v.,获胜；赢得,2,high,,action
wind,/wɪnd/,n./v.,风,3,medium,,action
window,/ˈwɪndoʊ/,n./v.,窗户；计算机的窗,1,high,,science
windy,/ˈwaɪndi/,adj.,有风的；多风的,4,low,,description
wine,/ˈwaɪn/,n./v.,酒,2,medium,,action
wing,/ˈwɪŋ/,n./v.,机翼；翅膀,2,medium,,action
winner,/ˈwɪnɝ/,n.,获胜者,3,medium,,description
winter,/ˈwɪntɝ/,n./v./adj.,冬天；冬季,1,high,,action
wipe,/ˈwaɪp/,n./v.,擦；擦净,3,low,,action
wire,/ˈwaɪɝ/,n./v.,电线,3,medium,,action
wisdom,/ˈwɪzdəm/,n.,智慧,3,low,,description
wise,/ˈwaɪz/,n./v./adj.,聪明；英明的,3,medium,,action
wish,/ˈwɪʃ/,n./v.,愿望；祝愿,1,high,,action
with,/ˈwɪð/,prep.,关于；带有,1,high,,description
withdraw,/wɪðˈdrɔ/,v.,撤回；撤离,4,low,,action
within,/wɪˈðɪn/,prep.,在；里面,1,high,,description
without,/wɪˈðaʊt/,prep.,没有,1,high,,description
witness,/ˈwɪtnəs/,n./v.,目击者；见证人,3,medium,,action
wolf,/ˈwʊlf/,n./v.,狼,4,low,,action
woman,/ˈwʊmən/,n./v./adj.,政治家,1,high,,action
wonder,/ˈwəndɝ/,n./v.,奇迹；惊奇,1,high,wonderful,action
wonderful,/ˈwəndɝfəl/,adj.,美妙的；精彩的,2,high,wonder,description
wood,/ˈwʊd/,n./v.,木头；木材,3,medium,,action
wooden,/ˈwʊdən/,adj.,木制的,3,medium,,description
wool,/ˈwʊl/,n.,羊毛；羊绒,4,low,,description
word,/ˈwɝd/,n./v.,词；单词,1,high,,action
work,/ˈwɝk/,n./v.,工作；劳动,1,high,,action
worker,/ˈwɝkɝ/,n.,工人；工作者,2,high,,description
workforce,/ˈwɝkˌfɔrs/,n.,劳动力,4,low,,description
workplace,/ˈwɝkˌpleɪs/,n.,工作场所；车间,3,medium,,description
works,/ˈwɝks/,n.,著作；作品,1,high,,description
world,/ˈwɝld/,n.,世界,1,high,,description
worldwide,/ˈwɝldˈwaɪd/,adj.,遍及全球的；世界范围的,2,medium,,description
worried,/ˈwɝid/,adj.,担心的；烦恼的,1,high,,description
worry,/ˈwɝi/,n./v.,烦恼；担忧,2,high,,action
worse,/ˈwɝs/,n./adj./adv.,坏的；有害的,2,high,,action
worst,/ˈwɝst/,n./adj./adv.,坏的；有害的,2,medium,,action
worth,/ˈwɝθ/,n./adj.,有；的价值,1,high,,description
worthwhile,/ˈwɝθˈwaɪl/,adj.,值得做的,4,low,,description
worthy,/ˈwɝði/,n./adj.,值得的,4,low,,description
would,/ˈwʊd/,v.,将；愿意,1,high,,action
wound,/wuːnd/,n./v.,伤口；使受伤,3,medium,,action
wrap,/ˈræp/,n./v.,外套；围巾,4,low,,action
wrestle,/ˈrɛsəl/,n./v.,摔跤,4,low,,action
wrinkle,/ˈrɪŋkəl/,n./v.,皱纹,4,low,,action
wrist,/ˈrɪst/,n.,手腕；腕关节,4,low,,description
write,/ˈraɪt/,v.,写；书写,1,high,,action
writer,/ˈraɪtɝ/,n.,作家；撰稿者,1,high,,description
writing,/ˈraɪtɪŋ/,n.,书写；写,1,high,,description
wrong,/ˈrɔŋ/,adj./adv.,错误的；有毛病的,1,high,,action
x-ray,/ˈɛksˌreɪ/,v./adj.,射线；光,4,low,,action
yard,/ˈjɑrd/,n.,码；院子,3,medium,,description
year,/ˈjɪr/,n.,年,1,high,,description
yell,/ˈjɛl/,n./v.,叫喊；吼叫,4,low,,action
yellow,/ˈjɛloʊ/,n./adj.,黄色的；黄色,3,medium,,description
yes,/ˈjɛs/,interj.,是；好,1,high,,description
yesterday,/ˈjɛstɝˌdeɪ/,n./adv.,昨天,2,medium,,action
yet,/ˈjɛt/,conj.,还；仍然,1,high,,description
yogurt,/ˈjoʊɡɝt/,n.,酸奶,4,low,,description
you,/ˈju/,pron.,你；你们,1,high,,description
young,/ˈjəŋ/,n./adj.,年轻的,1,high,,description
your,/ˈjɔr/,pron.,你的；你们的,1,high,,description
yours,/ˈjɔrz/,pron.,你的；你们的,3,low,,description
yourself,/ˈjɔrsɛlf/,pron.,你自己,1,high,,description
youth,/ˈjuθ/,n.,青春；青年,2,medium,,description
zero,/ˈziroʊ/,num.,零；零度,4,low,,description
zone,/ˈzoʊn/,n./v.,区域；范围,2,high,,action
zoo,/ˈzu/,n.,动物园,4,low,,nature
