word,current_value,classification,candidates,reason
a,,should_not_fill,,no_current_value_or_fixed_source_candidate
a.m.,,should_not_fill,,no_current_value_or_fixed_source_candidate
abandon,,should_not_fill,,no_current_value_or_fixed_source_candidate
ability,disability,reliable_value,disability,matches_fixed_conservative_affix_policy_and_members_exist
able,unable,reliable_value,unable,matches_fixed_conservative_affix_policy_and_members_exist
abnormal,,should_not_fill,,no_current_value_or_fixed_source_candidate
aboard,,should_not_fill,,no_current_value_or_fixed_source_candidate
abolish,,should_not_fill,,no_current_value_or_fixed_source_candidate
abortion,,should_not_fill,,no_current_value_or_fixed_source_candidate
about,,should_not_fill,,no_current_value_or_fixed_source_candidate
above,,should_not_fill,,no_current_value_or_fixed_source_candidate
abroad,,should_not_fill,,no_current_value_or_fixed_source_candidate
absence,,should_not_fill,,no_current_value_or_fixed_source_candidate
absent,,should_not_fill,,no_current_value_or_fixed_source_candidate
absolute,absolutely,reliable_value,absolutely,matches_fixed_conservative_affix_policy_and_members_exist
absolutely,absolute,reliable_value,absolute,matches_fixed_conservative_affix_policy_and_members_exist
absorb,,should_not_fill,,no_current_value_or_fixed_source_candidate
abstract,,should_not_fill,,no_current_value_or_fixed_source_candidate
abuse,,should_not_fill,,no_current_value_or_fixed_source_candidate
academic,,should_not_fill,,no_current_value_or_fixed_source_candidate
academy,,should_not_fill,,no_current_value_or_fixed_source_candidate
accent,,should_not_fill,,no_current_value_or_fixed_source_candidate
accept,,should_not_fill,,no_current_value_or_fixed_source_candidate
access,,should_not_fill,,no_current_value_or_fixed_source_candidate
accessible,,should_not_fill,,no_current_value_or_fixed_source_candidate
accident,,should_not_fill,,no_current_value_or_fixed_source_candidate
accommodation,,should_not_fill,,no_current_value_or_fixed_source_candidate
accompany,,should_not_fill,,no_current_value_or_fixed_source_candidate
accomplish,,should_not_fill,,no_current_value_or_fixed_source_candidate
account,,should_not_fill,,no_current_value_or_fixed_source_candidate
accountant,,should_not_fill,,no_current_value_or_fixed_source_candidate
accuracy,,should_not_fill,,no_current_value_or_fixed_source_candidate
accurate,,should_not_fill,,no_current_value_or_fixed_source_candidate
accuse,,should_not_fill,,no_current_value_or_fixed_source_candidate
ache,,should_not_fill,,no_current_value_or_fixed_source_candidate
achieve,achievement,reliable_value,achievement,matches_fixed_conservative_affix_policy_and_members_exist
achievement,achieve,reliable_value,achieve,matches_fixed_conservative_affix_policy_and_members_exist
acid,,should_not_fill,,no_current_value_or_fixed_source_candidate
acknowledge,,should_not_fill,,no_current_value_or_fixed_source_candidate
acquire,,should_not_fill,,no_current_value_or_fixed_source_candidate
acquisition,,should_not_fill,,no_current_value_or_fixed_source_candidate
acre,,should_not_fill,,no_current_value_or_fixed_source_candidate
across,,should_not_fill,,no_current_value_or_fixed_source_candidate
act,,should_not_fill,,no_current_value_or_fixed_source_candidate
action,,should_not_fill,,no_current_value_or_fixed_source_candidate
active,,should_not_fill,,no_current_value_or_fixed_source_candidate
activity,,should_not_fill,,no_current_value_or_fixed_source_candidate
actor,,should_not_fill,,no_current_value_or_fixed_source_candidate
actress,,should_not_fill,,no_current_value_or_fixed_source_candidate
actual,actually,reliable_value,actually,matches_fixed_conservative_affix_policy_and_members_exist
actually,actual,reliable_value,actual,matches_fixed_conservative_affix_policy_and_members_exist
acute,,should_not_fill,,no_current_value_or_fixed_source_candidate
ad,,should_not_fill,,no_current_value_or_fixed_source_candidate
adapt,,should_not_fill,,no_current_value_or_fixed_source_candidate
adaptation,,should_not_fill,,no_current_value_or_fixed_source_candidate
add,,should_not_fill,,no_current_value_or_fixed_source_candidate
addict,,should_not_fill,,no_current_value_or_fixed_source_candidate
addition,,should_not_fill,,no_current_value_or_fixed_source_candidate
address,,should_not_fill,,no_current_value_or_fixed_source_candidate
adequate,,should_not_fill,,no_current_value_or_fixed_source_candidate
adjust,adjustment,reliable_value,adjustment,matches_fixed_conservative_affix_policy_and_members_exist
adjustment,adjust,reliable_value,adjust,matches_fixed_conservative_affix_policy_and_members_exist
administration,,should_not_fill,,no_current_value_or_fixed_source_candidate
admire,,should_not_fill,,no_current_value_or_fixed_source_candidate
admission,,should_not_fill,,no_current_value_or_fixed_source_candidate
admit,,should_not_fill,,no_current_value_or_fixed_source_candidate
adolescent,,should_not_fill,,no_current_value_or_fixed_source_candidate
adopt,,should_not_fill,,no_current_value_or_fixed_source_candidate
adorable,,should_not_fill,,no_current_value_or_fixed_source_candidate
adult,,should_not_fill,,no_current_value_or_fixed_source_candidate
advance,,should_not_fill,,no_current_value_or_fixed_source_candidate
advantage,disadvantage,reliable_value,disadvantage,matches_fixed_conservative_affix_policy_and_members_exist
adventure,,should_not_fill,,no_current_value_or_fixed_source_candidate
advertise,advertisement,reliable_value,advertisement,matches_fixed_conservative_affix_policy_and_members_exist
advertisement,advertise,reliable_value,advertise,matches_fixed_conservative_affix_policy_and_members_exist
advice,,should_not_fill,,no_current_value_or_fixed_source_candidate
advise,,should_not_fill,,no_current_value_or_fixed_source_candidate
advocate,,should_not_fill,,no_current_value_or_fixed_source_candidate
affair,,should_not_fill,,no_current_value_or_fixed_source_candidate
affect,,should_not_fill,,no_current_value_or_fixed_source_candidate
affection,,should_not_fill,,no_current_value_or_fixed_source_candidate
afford,,should_not_fill,,no_current_value_or_fixed_source_candidate
afraid,,should_not_fill,,no_current_value_or_fixed_source_candidate
africa,,should_not_fill,,no_current_value_or_fixed_source_candidate
african,,should_not_fill,,no_current_value_or_fixed_source_candidate
after,,should_not_fill,,no_current_value_or_fixed_source_candidate
afternoon,,should_not_fill,,no_current_value_or_fixed_source_candidate
afterward,,should_not_fill,,no_current_value_or_fixed_source_candidate
again,,should_not_fill,,no_current_value_or_fixed_source_candidate
against,,should_not_fill,,no_current_value_or_fixed_source_candidate
age,,should_not_fill,,no_current_value_or_fixed_source_candidate
agency,,should_not_fill,,no_current_value_or_fixed_source_candidate
agenda,,should_not_fill,,no_current_value_or_fixed_source_candidate
agent,,should_not_fill,,no_current_value_or_fixed_source_candidate
aggression,,should_not_fill,,no_current_value_or_fixed_source_candidate
aggressive,,should_not_fill,,no_current_value_or_fixed_source_candidate
ago,,should_not_fill,,no_current_value_or_fixed_source_candidate
agree,"disagree,agreement",reliable_value,"disagree,agreement",matches_fixed_conservative_affix_policy_and_members_exist
agreement,agree,reliable_value,agree,matches_fixed_conservative_affix_policy_and_members_exist
agricultural,,should_not_fill,,no_current_value_or_fixed_source_candidate
agriculture,,should_not_fill,,no_current_value_or_fixed_source_candidate
ahead,,should_not_fill,,no_current_value_or_fixed_source_candidate
aid,,auto_fill_candidate,"s:aids,3:aids",ECDICT_exchange_has_reciprocal_in_vocabulary_candidate_candidate_only_no_write
aids,,auto_fill_candidate,0:aid,ECDICT_exchange_has_reciprocal_in_vocabulary_candidate_candidate_only_no_write
aim,,should_not_fill,,no_current_value_or_fixed_source_candidate
air,,should_not_fill,,no_current_value_or_fixed_source_candidate
aircraft,,should_not_fill,,no_current_value_or_fixed_source_candidate
airline,,should_not_fill,,no_current_value_or_fixed_source_candidate
airplane,,should_not_fill,,no_current_value_or_fixed_source_candidate
airport,,should_not_fill,,no_current_value_or_fixed_source_candidate
alarm,,should_not_fill,,no_current_value_or_fixed_source_candidate
album,,should_not_fill,,no_current_value_or_fixed_source_candidate
alcohol,,should_not_fill,,no_current_value_or_fixed_source_candidate
alike,,should_not_fill,,no_current_value_or_fixed_source_candidate
alive,,should_not_fill,,no_current_value_or_fixed_source_candidate
all,,should_not_fill,,no_current_value_or_fixed_source_candidate
alley,,should_not_fill,,no_current_value_or_fixed_source_candidate
allocate,,should_not_fill,,no_current_value_or_fixed_source_candidate
allow,,should_not_fill,,no_current_value_or_fixed_source_candidate
allowance,,should_not_fill,,no_current_value_or_fixed_source_candidate
almost,,should_not_fill,,no_current_value_or_fixed_source_candidate
alone,,should_not_fill,,no_current_value_or_fixed_source_candidate
along,,should_not_fill,,no_current_value_or_fixed_source_candidate
alongside,,should_not_fill,,no_current_value_or_fixed_source_candidate
aloud,,should_not_fill,,no_current_value_or_fixed_source_candidate
already,,should_not_fill,,no_current_value_or_fixed_source_candidate
also,,should_not_fill,,no_current_value_or_fixed_source_candidate
alternative,,should_not_fill,,no_current_value_or_fixed_source_candidate
although,,should_not_fill,,no_current_value_or_fixed_source_candidate
altogether,,should_not_fill,,no_current_value_or_fixed_source_candidate
always,,should_not_fill,,no_current_value_or_fixed_source_candidate
am,,should_not_fill,,no_current_value_or_fixed_source_candidate
amateur,,should_not_fill,,no_current_value_or_fixed_source_candidate
amazing,,should_not_fill,,no_current_value_or_fixed_source_candidate
ambassador,,should_not_fill,,no_current_value_or_fixed_source_candidate
ambiguous,,should_not_fill,,no_current_value_or_fixed_source_candidate
ambition,,should_not_fill,,no_current_value_or_fixed_source_candidate
ambitious,,should_not_fill,,no_current_value_or_fixed_source_candidate
ambulance,,should_not_fill,,no_current_value_or_fixed_source_candidate
america,,should_not_fill,,no_current_value_or_fixed_source_candidate
american,,should_not_fill,,no_current_value_or_fixed_source_candidate
among,,should_not_fill,,no_current_value_or_fixed_source_candidate
amount,,should_not_fill,,no_current_value_or_fixed_source_candidate
amuse,,should_not_fill,,no_current_value_or_fixed_source_candidate
an,,should_not_fill,,no_current_value_or_fixed_source_candidate
analysis,,should_not_fill,,no_current_value_or_fixed_source_candidate
analyze,,should_not_fill,,no_current_value_or_fixed_source_candidate
ancestor,,should_not_fill,,no_current_value_or_fixed_source_candidate
ancient,,should_not_fill,,no_current_value_or_fixed_source_candidate
and,,should_not_fill,,no_current_value_or_fixed_source_candidate
anger,,should_not_fill,,no_current_value_or_fixed_source_candidate
angle,,should_not_fill,,no_current_value_or_fixed_source_candidate
angry,,should_not_fill,,no_current_value_or_fixed_source_candidate
animal,,should_not_fill,,no_current_value_or_fixed_source_candidate
ankle,,should_not_fill,,no_current_value_or_fixed_source_candidate
anniversary,,should_not_fill,,no_current_value_or_fixed_source_candidate
announce,announcement,reliable_value,announcement,matches_fixed_conservative_affix_policy_and_members_exist
announcement,announce,reliable_value,announce,matches_fixed_conservative_affix_policy_and_members_exist
annoy,,should_not_fill,,no_current_value_or_fixed_source_candidate
annual,,should_not_fill,,no_current_value_or_fixed_source_candidate
another,,should_not_fill,,no_current_value_or_fixed_source_candidate
answer,,should_not_fill,,no_current_value_or_fixed_source_candidate
ant,,should_not_fill,,no_current_value_or_fixed_source_candidate
anticipate,,should_not_fill,,no_current_value_or_fixed_source_candidate
antique,,should_not_fill,,no_current_value_or_fixed_source_candidate
anxiety,,should_not_fill,,no_current_value_or_fixed_source_candidate
anxious,,should_not_fill,,no_current_value_or_fixed_source_candidate
any,,should_not_fill,,no_current_value_or_fixed_source_candidate
anybody,,should_not_fill,,no_current_value_or_fixed_source_candidate
anyhow,,should_not_fill,,no_current_value_or_fixed_source_candidate
anyone,,should_not_fill,,no_current_value_or_fixed_source_candidate
anything,,should_not_fill,,no_current_value_or_fixed_source_candidate
anyway,,should_not_fill,,no_current_value_or_fixed_source_candidate
anywhere,,should_not_fill,,no_current_value_or_fixed_source_candidate
apart,,should_not_fill,,no_current_value_or_fixed_source_candidate
apartment,,should_not_fill,,no_current_value_or_fixed_source_candidate
apologize,,should_not_fill,,no_current_value_or_fixed_source_candidate
apparent,apparently,reliable_value,apparently,matches_fixed_conservative_affix_policy_and_members_exist
apparently,apparent,reliable_value,apparent,matches_fixed_conservative_affix_policy_and_members_exist
appeal,,should_not_fill,,no_current_value_or_fixed_source_candidate
appear,disappear,reliable_value,disappear,matches_fixed_conservative_affix_policy_and_members_exist
appearance,,should_not_fill,,no_current_value_or_fixed_source_candidate
appendix,,should_not_fill,,no_current_value_or_fixed_source_candidate
appetite,,should_not_fill,,no_current_value_or_fixed_source_candidate
applaud,,should_not_fill,,no_current_value_or_fixed_source_candidate
apple,,should_not_fill,,no_current_value_or_fixed_source_candidate
applicant,,should_not_fill,,no_current_value_or_fixed_source_candidate
application,,should_not_fill,,no_current_value_or_fixed_source_candidate
apply,,should_not_fill,,no_current_value_or_fixed_source_candidate
appoint,appointment,reliable_value,appointment,matches_fixed_conservative_affix_policy_and_members_exist
appointment,"disappointment,appoint",reliable_value,"disappointment,appoint",matches_fixed_conservative_affix_policy_and_members_exist
appreciate,,should_not_fill,,no_current_value_or_fixed_source_candidate
appreciation,,should_not_fill,,no_current_value_or_fixed_source_candidate
approach,,should_not_fill,,no_current_value_or_fixed_source_candidate
appropriate,,should_not_fill,,no_current_value_or_fixed_source_candidate
approve,,should_not_fill,,no_current_value_or_fixed_source_candidate
approximately,,should_not_fill,,no_current_value_or_fixed_source_candidate
april,,should_not_fill,,no_current_value_or_fixed_source_candidate
arab,,should_not_fill,,no_current_value_or_fixed_source_candidate
arch,,should_not_fill,,no_current_value_or_fixed_source_candidate
architect,,should_not_fill,,no_current_value_or_fixed_source_candidate
architecture,,should_not_fill,,no_current_value_or_fixed_source_candidate
area,,should_not_fill,,no_current_value_or_fixed_source_candidate
argue,,should_not_fill,,no_current_value_or_fixed_source_candidate
argument,,should_not_fill,,no_current_value_or_fixed_source_candidate
arise,,should_not_fill,,no_current_value_or_fixed_source_candidate
arm,,should_not_fill,,no_current_value_or_fixed_source_candidate
army,,should_not_fill,,no_current_value_or_fixed_source_candidate
around,,should_not_fill,,no_current_value_or_fixed_source_candidate
arrange,arrangement,reliable_value,arrangement,matches_fixed_conservative_affix_policy_and_members_exist
arrangement,arrange,reliable_value,arrange,matches_fixed_conservative_affix_policy_and_members_exist
arrest,,should_not_fill,,no_current_value_or_fixed_source_candidate
arrival,,should_not_fill,,no_current_value_or_fixed_source_candidate
arrive,,should_not_fill,,no_current_value_or_fixed_source_candidate
arrow,,should_not_fill,,no_current_value_or_fixed_source_candidate
art,,should_not_fill,,no_current_value_or_fixed_source_candidate
article,,should_not_fill,,no_current_value_or_fixed_source_candidate
artificial,,should_not_fill,,no_current_value_or_fixed_source_candidate
artist,,should_not_fill,,no_current_value_or_fixed_source_candidate
as,,should_not_fill,,no_current_value_or_fixed_source_candidate
ash,,should_not_fill,,no_current_value_or_fixed_source_candidate
ashamed,,should_not_fill,,no_current_value_or_fixed_source_candidate
asia,,should_not_fill,,no_current_value_or_fixed_source_candidate
asian,,should_not_fill,,no_current_value_or_fixed_source_candidate
aside,,should_not_fill,,no_current_value_or_fixed_source_candidate
ask,,should_not_fill,,no_current_value_or_fixed_source_candidate
asleep,,should_not_fill,,no_current_value_or_fixed_source_candidate
aspect,,should_not_fill,,no_current_value_or_fixed_source_candidate
assess,assessment,reliable_value,assessment,matches_fixed_conservative_affix_policy_and_members_exist
assessment,assess,reliable_value,assess,matches_fixed_conservative_affix_policy_and_members_exist
assign,,should_not_fill,,no_current_value_or_fixed_source_candidate
assist,,should_not_fill,,no_current_value_or_fixed_source_candidate
assistance,,should_not_fill,,no_current_value_or_fixed_source_candidate
assistant,,should_not_fill,,no_current_value_or_fixed_source_candidate
associate,,should_not_fill,,no_current_value_or_fixed_source_candidate
association,,should_not_fill,,no_current_value_or_fixed_source_candidate
assume,,should_not_fill,,no_current_value_or_fixed_source_candidate
assumption,,should_not_fill,,no_current_value_or_fixed_source_candidate
astonish,,should_not_fill,,no_current_value_or_fixed_source_candidate
astronaut,,should_not_fill,,no_current_value_or_fixed_source_candidate
astronomer,,should_not_fill,,no_current_value_or_fixed_source_candidate
at,,should_not_fill,,no_current_value_or_fixed_source_candidate
athlete,,should_not_fill,,no_current_value_or_fixed_source_candidate
athletic,,should_not_fill,,no_current_value_or_fixed_source_candidate
atlantic,,should_not_fill,,no_current_value_or_fixed_source_candidate
atmosphere,,should_not_fill,,no_current_value_or_fixed_source_candidate
atom,,should_not_fill,,no_current_value_or_fixed_source_candidate
attach,,should_not_fill,,no_current_value_or_fixed_source_candidate
attack,,should_not_fill,,no_current_value_or_fixed_source_candidate
attain,,should_not_fill,,no_current_value_or_fixed_source_candidate
attempt,,should_not_fill,,no_current_value_or_fixed_source_candidate
attend,,should_not_fill,,no_current_value_or_fixed_source_candidate
attention,,should_not_fill,,no_current_value_or_fixed_source_candidate
attitude,,should_not_fill,,no_current_value_or_fixed_source_candidate
attract,,should_not_fill,,no_current_value_or_fixed_source_candidate
attraction,,should_not_fill,,no_current_value_or_fixed_source_candidate
attractive,,should_not_fill,,no_current_value_or_fixed_source_candidate
audience,,should_not_fill,,no_current_value_or_fixed_source_candidate
august,,should_not_fill,,no_current_value_or_fixed_source_candidate
aunt,,should_not_fill,,no_current_value_or_fixed_source_candidate
australia,,should_not_fill,,no_current_value_or_fixed_source_candidate
australian,,should_not_fill,,no_current_value_or_fixed_source_candidate
author,,should_not_fill,,no_current_value_or_fixed_source_candidate
authority,,should_not_fill,,no_current_value_or_fixed_source_candidate
automatic,,should_not_fill,,no_current_value_or_fixed_source_candidate
autonomous,,should_not_fill,,no_current_value_or_fixed_source_candidate
autumn,,should_not_fill,,no_current_value_or_fixed_source_candidate
available,,should_not_fill,,no_current_value_or_fixed_source_candidate
avenue,,should_not_fill,,no_current_value_or_fixed_source_candidate
average,,should_not_fill,,no_current_value_or_fixed_source_candidate
avoid,,should_not_fill,,no_current_value_or_fixed_source_candidate
awake,,should_not_fill,,no_current_value_or_fixed_source_candidate
award,,should_not_fill,,no_current_value_or_fixed_source_candidate
aware,,should_not_fill,,no_current_value_or_fixed_source_candidate
away,,should_not_fill,,no_current_value_or_fixed_source_candidate
awesome,,should_not_fill,,no_current_value_or_fixed_source_candidate
awful,,should_not_fill,,no_current_value_or_fixed_source_candidate
awkward,,should_not_fill,,no_current_value_or_fixed_source_candidate
baby,,should_not_fill,,no_current_value_or_fixed_source_candidate
back,,should_not_fill,,no_current_value_or_fixed_source_candidate
background,,should_not_fill,,no_current_value_or_fixed_source_candidate
backward,,should_not_fill,,no_current_value_or_fixed_source_candidate
bacon,,should_not_fill,,no_current_value_or_fixed_source_candidate
bad,,auto_fill_candidate,"r:worse,t:worst",ECDICT_exchange_has_reciprocal_in_vocabulary_candidate_candidate_only_no_write
badly,,should_not_fill,,no_current_value_or_fixed_source_candidate
badminton,,should_not_fill,,no_current_value_or_fixed_source_candidate
bag,,should_not_fill,,no_current_value_or_fixed_source_candidate
bake,,should_not_fill,,no_current_value_or_fixed_source_candidate
bakery,,should_not_fill,,no_current_value_or_fixed_source_candidate
balance,,should_not_fill,,no_current_value_or_fixed_source_candidate
ball,,should_not_fill,,no_current_value_or_fixed_source_candidate
ballet,,should_not_fill,,no_current_value_or_fixed_source_candidate
balloon,,should_not_fill,,no_current_value_or_fixed_source_candidate
bamboo,,should_not_fill,,no_current_value_or_fixed_source_candidate
ban,,should_not_fill,,no_current_value_or_fixed_source_candidate
banana,,should_not_fill,,no_current_value_or_fixed_source_candidate
band,,should_not_fill,,no_current_value_or_fixed_source_candidate
bang,,should_not_fill,,no_current_value_or_fixed_source_candidate
bank,,should_not_fill,,no_current_value_or_fixed_source_candidate
bar,,should_not_fill,,no_current_value_or_fixed_source_candidate
barbecue,,should_not_fill,,no_current_value_or_fixed_source_candidate
bare,,should_not_fill,,no_current_value_or_fixed_source_candidate
barely,,should_not_fill,,no_current_value_or_fixed_source_candidate
bark,,should_not_fill,,no_current_value_or_fixed_source_candidate
barrier,,should_not_fill,,no_current_value_or_fixed_source_candidate
base,,should_not_fill,,no_current_value_or_fixed_source_candidate
baseball,,should_not_fill,,no_current_value_or_fixed_source_candidate
basement,,should_not_fill,,no_current_value_or_fixed_source_candidate
basic,,should_not_fill,,no_current_value_or_fixed_source_candidate
basin,,should_not_fill,,no_current_value_or_fixed_source_candidate
basis,,should_not_fill,,no_current_value_or_fixed_source_candidate
basket,,should_not_fill,,no_current_value_or_fixed_source_candidate
basketball,,should_not_fill,,no_current_value_or_fixed_source_candidate
bat,,should_not_fill,,no_current_value_or_fixed_source_candidate
bath,,should_not_fill,,no_current_value_or_fixed_source_candidate
bathroom,,should_not_fill,,no_current_value_or_fixed_source_candidate
battery,,should_not_fill,,no_current_value_or_fixed_source_candidate
battle,,should_not_fill,,no_current_value_or_fixed_source_candidate
bay,,should_not_fill,,no_current_value_or_fixed_source_candidate
bc,,should_not_fill,,no_current_value_or_fixed_source_candidate
be,,auto_fill_candidate,i:being,ECDICT_exchange_has_reciprocal_in_vocabulary_candidate_candidate_only_no_write
beach,,should_not_fill,,no_current_value_or_fixed_source_candidate
beam,,should_not_fill,,no_current_value_or_fixed_source_candidate
bean,,should_not_fill,,no_current_value_or_fixed_source_candidate
bear,,auto_fill_candidate,d:born,ECDICT_exchange_has_reciprocal_in_vocabulary_candidate_candidate_only_no_write
beard,,should_not_fill,,no_current_value_or_fixed_source_candidate
beast,,should_not_fill,,no_current_value_or_fixed_source_candidate
beat,,should_not_fill,,no_current_value_or_fixed_source_candidate
beautiful,,should_not_fill,,no_current_value_or_fixed_source_candidate
beauty,,should_not_fill,,no_current_value_or_fixed_source_candidate
because,,should_not_fill,,no_current_value_or_fixed_source_candidate
become,,should_not_fill,,no_current_value_or_fixed_source_candidate
bed,,should_not_fill,,no_current_value_or_fixed_source_candidate
bedroom,,should_not_fill,,no_current_value_or_fixed_source_candidate
bee,,should_not_fill,,no_current_value_or_fixed_source_candidate
beef,,should_not_fill,,no_current_value_or_fixed_source_candidate
beer,,should_not_fill,,no_current_value_or_fixed_source_candidate
before,,should_not_fill,,no_current_value_or_fixed_source_candidate
beg,,should_not_fill,,no_current_value_or_fixed_source_candidate
begin,,auto_fill_candidate,i:beginning,ECDICT_exchange_has_reciprocal_in_vocabulary_candidate_candidate_only_no_write
beginning,,auto_fill_candidate,0:begin,ECDICT_exchange_has_reciprocal_in_vocabulary_candidate_candidate_only_no_write
behalf,,should_not_fill,,no_current_value_or_fixed_source_candidate
behave,,should_not_fill,,no_current_value_or_fixed_source_candidate
behavior,,should_not_fill,,no_current_value_or_fixed_source_candidate
behind,,should_not_fill,,no_current_value_or_fixed_source_candidate
being,,auto_fill_candidate,0:be,ECDICT_exchange_has_reciprocal_in_vocabulary_candidate_candidate_only_no_write
belgium,,should_not_fill,,no_current_value_or_fixed_source_candidate
belief,,should_not_fill,,no_current_value_or_fixed_source_candidate
believe,,should_not_fill,,no_current_value_or_fixed_source_candidate
bell,,should_not_fill,,no_current_value_or_fixed_source_candidate
belly,,should_not_fill,,no_current_value_or_fixed_source_candidate
belong,,should_not_fill,,no_current_value_or_fixed_source_candidate
below,,should_not_fill,,no_current_value_or_fixed_source_candidate
belt,,should_not_fill,,no_current_value_or_fixed_source_candidate
bench,,should_not_fill,,no_current_value_or_fixed_source_candidate
bend,,should_not_fill,,no_current_value_or_fixed_source_candidate
beneath,,should_not_fill,,no_current_value_or_fixed_source_candidate
beneficial,,should_not_fill,,no_current_value_or_fixed_source_candidate
benefit,,should_not_fill,,no_current_value_or_fixed_source_candidate
beside,,should_not_fill,,no_current_value_or_fixed_source_candidate
besides,,should_not_fill,,no_current_value_or_fixed_source_candidate
best,,auto_fill_candidate,0:good,ECDICT_exchange_has_reciprocal_in_vocabulary_candidate_candidate_only_no_write
bet,,should_not_fill,,no_current_value_or_fixed_source_candidate
better,,auto_fill_candidate,0:good,ECDICT_exchange_has_reciprocal_in_vocabulary_candidate_candidate_only_no_write
between,,should_not_fill,,no_current_value_or_fixed_source_candidate
beyond,,should_not_fill,,no_current_value_or_fixed_source_candidate
bicycle,,should_not_fill,,no_current_value_or_fixed_source_candidate
bid,,should_not_fill,,no_current_value_or_fixed_source_candidate
big,,should_not_fill,,no_current_value_or_fixed_source_candidate
bike,,should_not_fill,,no_current_value_or_fixed_source_candidate
bill,,should_not_fill,,no_current_value_or_fixed_source_candidate
billion,,should_not_fill,,no_current_value_or_fixed_source_candidate
biology,,should_not_fill,,no_current_value_or_fixed_source_candidate
bird,,should_not_fill,,no_current_value_or_fixed_source_candidate
birth,,should_not_fill,,no_current_value_or_fixed_source_candidate
birthday,,should_not_fill,,no_current_value_or_fixed_source_candidate
biscuit,,should_not_fill,,no_current_value_or_fixed_source_candidate
bishop,,should_not_fill,,no_current_value_or_fixed_source_candidate
bit,,auto_fill_candidate,0:bite,ECDICT_exchange_has_reciprocal_in_vocabulary_candidate_candidate_only_no_write
bite,,auto_fill_candidate,"p:bit,d:bit",ECDICT_exchange_has_reciprocal_in_vocabulary_candidate_candidate_only_no_write
bitter,,should_not_fill,,no_current_value_or_fixed_source_candidate
black,,should_not_fill,,no_current_value_or_fixed_source_candidate
blackboard,,should_not_fill,,no_current_value_or_fixed_source_candidate
blame,,should_not_fill,,no_current_value_or_fixed_source_candidate
blank,,should_not_fill,,no_current_value_or_fixed_source_candidate
blanket,,should_not_fill,,no_current_value_or_fixed_source_candidate
bleed,,should_not_fill,,no_current_value_or_fixed_source_candidate
bless,,should_not_fill,,no_current_value_or_fixed_source_candidate
blind,,should_not_fill,,no_current_value_or_fixed_source_candidate
block,,should_not_fill,,no_current_value_or_fixed_source_candidate
blog,,should_not_fill,,no_current_value_or_fixed_source_candidate
blood,,should_not_fill,,no_current_value_or_fixed_source_candidate
blouse,,should_not_fill,,no_current_value_or_fixed_source_candidate
blow,,should_not_fill,,no_current_value_or_fixed_source_candidate
blue,,should_not_fill,,no_current_value_or_fixed_source_candidate
board,,should_not_fill,,no_current_value_or_fixed_source_candidate
boat,,should_not_fill,,no_current_value_or_fixed_source_candidate
body,,should_not_fill,,no_current_value_or_fixed_source_candidate
boil,,should_not_fill,,no_current_value_or_fixed_source_candidate
bomb,,should_not_fill,,no_current_value_or_fixed_source_candidate
bond,,should_not_fill,,no_current_value_or_fixed_source_candidate
bone,,should_not_fill,,no_current_value_or_fixed_source_candidate
bonus,,should_not_fill,,no_current_value_or_fixed_source_candidate
book,,should_not_fill,,no_current_value_or_fixed_source_candidate
boom,,should_not_fill,,no_current_value_or_fixed_source_candidate
boost,,should_not_fill,,no_current_value_or_fixed_source_candidate
boot,,should_not_fill,,no_current_value_or_fixed_source_candidate
booth,,should_not_fill,,no_current_value_or_fixed_source_candidate
border,,should_not_fill,,no_current_value_or_fixed_source_candidate
bored,,should_not_fill,,no_current_value_or_fixed_source_candidate
boring,,should_not_fill,,no_current_value_or_fixed_source_candidate
born,,auto_fill_candidate,0:bear,ECDICT_exchange_has_reciprocal_in_vocabulary_candidate_candidate_only_no_write
borrow,,should_not_fill,,no_current_value_or_fixed_source_candidate
boss,,should_not_fill,,no_current_value_or_fixed_source_candidate
botanical,,should_not_fill,,no_current_value_or_fixed_source_candidate
both,,should_not_fill,,no_current_value_or_fixed_source_candidate
bother,,should_not_fill,,no_current_value_or_fixed_source_candidate
bottle,,should_not_fill,,no_current_value_or_fixed_source_candidate
bottom,,should_not_fill,,no_current_value_or_fixed_source_candidate
bounce,,should_not_fill,,no_current_value_or_fixed_source_candidate
bound,,should_not_fill,,no_current_value_or_fixed_source_candidate
boundary,,should_not_fill,,no_current_value_or_fixed_source_candidate
bow,,should_not_fill,,no_current_value_or_fixed_source_candidate
bowl,,auto_fill_candidate,i:bowling,ECDICT_exchange_has_reciprocal_in_vocabulary_candidate_candidate_only_no_write
bowling,,auto_fill_candidate,0:bowl,ECDICT_exchange_has_reciprocal_in_vocabulary_candidate_candidate_only_no_write
box,,auto_fill_candidate,i:boxing,ECDICT_exchange_has_reciprocal_in_vocabulary_candidate_candidate_only_no_write
boxing,,auto_fill_candidate,0:box,ECDICT_exchange_has_reciprocal_in_vocabulary_candidate_candidate_only_no_write
boy,,should_not_fill,,no_current_value_or_fixed_source_candidate
brain,,should_not_fill,,no_current_value_or_fixed_source_candidate
branch,,should_not_fill,,no_current_value_or_fixed_source_candidate
brand,,should_not_fill,,no_current_value_or_fixed_source_candidate
brave,,should_not_fill,,no_current_value_or_fixed_source_candidate
bread,,should_not_fill,,no_current_value_or_fixed_source_candidate
break,,auto_fill_candidate,d:broken,ECDICT_exchange_has_reciprocal_in_vocabulary_candidate_candidate_only_no_write
breakfast,,should_not_fill,,no_current_value_or_fixed_source_candidate
breast,,should_not_fill,,no_current_value_or_fixed_source_candidate
breath,,should_not_fill,,no_current_value_or_fixed_source_candidate
breathe,,should_not_fill,,no_current_value_or_fixed_source_candidate
brick,,should_not_fill,,no_current_value_or_fixed_source_candidate
bride,,should_not_fill,,no_current_value_or_fixed_source_candidate
bridegroom,,should_not_fill,,no_current_value_or_fixed_source_candidate
bridge,,should_not_fill,,no_current_value_or_fixed_source_candidate
brief,,should_not_fill,,no_current_value_or_fixed_source_candidate
bright,,should_not_fill,,no_current_value_or_fixed_source_candidate
brilliant,,should_not_fill,,no_current_value_or_fixed_source_candidate
bring,,should_not_fill,,no_current_value_or_fixed_source_candidate
britain,,should_not_fill,,no_current_value_or_fixed_source_candidate
british,,should_not_fill,,no_current_value_or_fixed_source_candidate
broad,,should_not_fill,,no_current_value_or_fixed_source_candidate
broadcast,,should_not_fill,,no_current_value_or_fixed_source_candidate
brochure,,should_not_fill,,no_current_value_or_fixed_source_candidate
broken,,auto_fill_candidate,0:break,ECDICT_exchange_has_reciprocal_in_vocabulary_candidate_candidate_only_no_write
brother,,should_not_fill,,no_current_value_or_fixed_source_candidate
brown,,should_not_fill,,no_current_value_or_fixed_source_candidate
brush,,should_not_fill,,no_current_value_or_fixed_source_candidate
bucket,,should_not_fill,,no_current_value_or_fixed_source_candidate
budget,,should_not_fill,,no_current_value_or_fixed_source_candidate
buffet,,should_not_fill,,no_current_value_or_fixed_source_candidate
build,,auto_fill_candidate,i:building,ECDICT_exchange_has_reciprocal_in_vocabulary_candidate_candidate_only_no_write
building,,auto_fill_candidate,0:build,ECDICT_exchange_has_reciprocal_in_vocabulary_candidate_candidate_only_no_write
bunch,,should_not_fill,,no_current_value_or_fixed_source_candidate
burden,,should_not_fill,,no_current_value_or_fixed_source_candidate
burn,,should_not_fill,,no_current_value_or_fixed_source_candidate
burst,,should_not_fill,,no_current_value_or_fixed_source_candidate
bury,,should_not_fill,,no_current_value_or_fixed_source_candidate
bus,,should_not_fill,,no_current_value_or_fixed_source_candidate
bush,,should_not_fill,,no_current_value_or_fixed_source_candidate
business,,should_not_fill,,no_current_value_or_fixed_source_candidate
businessman,,should_not_fill,,no_current_value_or_fixed_source_candidate
busy,,should_not_fill,,no_current_value_or_fixed_source_candidate
but,,should_not_fill,,no_current_value_or_fixed_source_candidate
butcher,,should_not_fill,,no_current_value_or_fixed_source_candidate
butter,,should_not_fill,,no_current_value_or_fixed_source_candidate
button,,should_not_fill,,no_current_value_or_fixed_source_candidate
buy,,should_not_fill,,no_current_value_or_fixed_source_candidate
by,,should_not_fill,,no_current_value_or_fixed_source_candidate
bye,,should_not_fill,,no_current_value_or_fixed_source_candidate
cab,,should_not_fill,,no_current_value_or_fixed_source_candidate
cabbage,,should_not_fill,,no_current_value_or_fixed_source_candidate
cafe,,should_not_fill,,no_current_value_or_fixed_source_candidate
cafeteria,,should_not_fill,,no_current_value_or_fixed_source_candidate
cage,,should_not_fill,,no_current_value_or_fixed_source_candidate
cake,,should_not_fill,,no_current_value_or_fixed_source_candidate
calculate,,should_not_fill,,no_current_value_or_fixed_source_candidate
calendar,,should_not_fill,,no_current_value_or_fixed_source_candidate
call,,should_not_fill,,no_current_value_or_fixed_source_candidate
calligraphy,,should_not_fill,,no_current_value_or_fixed_source_candidate
calm,,should_not_fill,,no_current_value_or_fixed_source_candidate
calorie,,should_not_fill,,no_current_value_or_fixed_source_candidate
camel,,should_not_fill,,no_current_value_or_fixed_source_candidate
camera,,should_not_fill,,no_current_value_or_fixed_source_candidate
camp,,should_not_fill,,no_current_value_or_fixed_source_candidate
campaign,,should_not_fill,,no_current_value_or_fixed_source_candidate
campus,,should_not_fill,,no_current_value_or_fixed_source_candidate
can,could,manual_review,could,does_not_match_recorded_generation_policy
canada,,should_not_fill,,no_current_value_or_fixed_source_candidate
canadian,,should_not_fill,,no_current_value_or_fixed_source_candidate
canal,,should_not_fill,,no_current_value_or_fixed_source_candidate
cancel,,should_not_fill,,no_current_value_or_fixed_source_candidate
cancer,,should_not_fill,,no_current_value_or_fixed_source_candidate
candidate,,should_not_fill,,no_current_value_or_fixed_source_candidate
candle,,should_not_fill,,no_current_value_or_fixed_source_candidate
candy,,should_not_fill,,no_current_value_or_fixed_source_candidate
canteen,,should_not_fill,,no_current_value_or_fixed_source_candidate
cap,,should_not_fill,,no_current_value_or_fixed_source_candidate
capable,,should_not_fill,,no_current_value_or_fixed_source_candidate
capacity,,should_not_fill,,no_current_value_or_fixed_source_candidate
capital,,should_not_fill,,no_current_value_or_fixed_source_candidate
capsule,,should_not_fill,,no_current_value_or_fixed_source_candidate
captain,,should_not_fill,,no_current_value_or_fixed_source_candidate
car,,should_not_fill,,no_current_value_or_fixed_source_candidate
carbon,,should_not_fill,,no_current_value_or_fixed_source_candidate
card,,should_not_fill,,no_current_value_or_fixed_source_candidate
care,"careful,careless",reliable_value,"careful,careless",matches_fixed_conservative_affix_policy_and_members_exist
career,,should_not_fill,,no_current_value_or_fixed_source_candidate
careful,care,reliable_value,care,matches_fixed_conservative_affix_policy_and_members_exist
careless,care,reliable_value,care,matches_fixed_conservative_affix_policy_and_members_exist
carpet,,should_not_fill,,no_current_value_or_fixed_source_candidate
carriage,,should_not_fill,,no_current_value_or_fixed_source_candidate
carrot,,should_not_fill,,no_current_value_or_fixed_source_candidate
carry,,should_not_fill,,no_current_value_or_fixed_source_candidate
cartoon,,should_not_fill,,no_current_value_or_fixed_source_candidate
carve,,should_not_fill,,no_current_value_or_fixed_source_candidate
case,,should_not_fill,,no_current_value_or_fixed_source_candidate
cash,,should_not_fill,,no_current_value_or_fixed_source_candidate
cast,,should_not_fill,,no_current_value_or_fixed_source_candidate
castle,,should_not_fill,,no_current_value_or_fixed_source_candidate
casual,,should_not_fill,,no_current_value_or_fixed_source_candidate
cat,,should_not_fill,,no_current_value_or_fixed_source_candidate
catalogue,,should_not_fill,,no_current_value_or_fixed_source_candidate
catch,,should_not_fill,,no_current_value_or_fixed_source_candidate
category,,should_not_fill,,no_current_value_or_fixed_source_candidate
cater,,should_not_fill,,no_current_value_or_fixed_source_candidate
cathedral,,should_not_fill,,no_current_value_or_fixed_source_candidate
catholic,,should_not_fill,,no_current_value_or_fixed_source_candidate
cattle,,should_not_fill,,no_current_value_or_fixed_source_candidate
cause,,should_not_fill,,no_current_value_or_fixed_source_candidate
cave,,should_not_fill,,no_current_value_or_fixed_source_candidate
cease,,should_not_fill,,no_current_value_or_fixed_source_candidate
ceiling,,should_not_fill,,no_current_value_or_fixed_source_candidate
celebrate,,should_not_fill,,no_current_value_or_fixed_source_candidate
celebration,,should_not_fill,,no_current_value_or_fixed_source_candidate
celebrity,,should_not_fill,,no_current_value_or_fixed_source_candidate
cell,,should_not_fill,,no_current_value_or_fixed_source_candidate
cent,,should_not_fill,,no_current_value_or_fixed_source_candidate
center,,should_not_fill,,no_current_value_or_fixed_source_candidate
centimeter,,should_not_fill,,no_current_value_or_fixed_source_candidate
central,,should_not_fill,,no_current_value_or_fixed_source_candidate
century,,should_not_fill,,no_current_value_or_fixed_source_candidate
ceremony,,should_not_fill,,no_current_value_or_fixed_source_candidate
certain,"certainly,uncertain",reliable_value,"certainly,uncertain",matches_fixed_conservative_affix_policy_and_members_exist
certainly,certain,reliable_value,certain,matches_fixed_conservative_affix_policy_and_members_exist
certificate,,should_not_fill,,no_current_value_or_fixed_source_candidate
chain,,should_not_fill,,no_current_value_or_fixed_source_candidate
chair,,should_not_fill,,no_current_value_or_fixed_source_candidate
chairman,,should_not_fill,,no_current_value_or_fixed_source_candidate
chairwoman,,should_not_fill,,no_current_value_or_fixed_source_candidate
chalk,,should_not_fill,,no_current_value_or_fixed_source_candidate
challenge,,should_not_fill,,no_current_value_or_fixed_source_candidate
champion,,should_not_fill,,no_current_value_or_fixed_source_candidate
chance,,should_not_fill,,no_current_value_or_fixed_source_candidate
change,,should_not_fill,,no_current_value_or_fixed_source_candidate
channel,,should_not_fill,,no_current_value_or_fixed_source_candidate
chaos,,should_not_fill,,no_current_value_or_fixed_source_candidate
chapter,,should_not_fill,,no_current_value_or_fixed_source_candidate
character,,should_not_fill,,no_current_value_or_fixed_source_candidate
characteristic,,should_not_fill,,no_current_value_or_fixed_source_candidate
charge,,should_not_fill,,no_current_value_or_fixed_source_candidate
charity,,should_not_fill,,no_current_value_or_fixed_source_candidate
chart,,should_not_fill,,no_current_value_or_fixed_source_candidate
chat,,should_not_fill,,no_current_value_or_fixed_source_candidate
cheap,,should_not_fill,,no_current_value_or_fixed_source_candidate
cheat,,should_not_fill,,no_current_value_or_fixed_source_candidate
check,,should_not_fill,,no_current_value_or_fixed_source_candidate
cheek,,should_not_fill,,no_current_value_or_fixed_source_candidate
cheer,,should_not_fill,,no_current_value_or_fixed_source_candidate
cheese,,should_not_fill,,no_current_value_or_fixed_source_candidate
chef,,should_not_fill,,no_current_value_or_fixed_source_candidate
chemical,,should_not_fill,,no_current_value_or_fixed_source_candidate
chemist,,should_not_fill,,no_current_value_or_fixed_source_candidate
chemistry,,should_not_fill,,no_current_value_or_fixed_source_candidate
cheque,,should_not_fill,,no_current_value_or_fixed_source_candidate
chess,,should_not_fill,,no_current_value_or_fixed_source_candidate
chest,,should_not_fill,,no_current_value_or_fixed_source_candidate
chew,,should_not_fill,,no_current_value_or_fixed_source_candidate
chicken,,should_not_fill,,no_current_value_or_fixed_source_candidate
chief,,should_not_fill,,no_current_value_or_fixed_source_candidate
child,,should_not_fill,,no_current_value_or_fixed_source_candidate
childhood,,should_not_fill,,no_current_value_or_fixed_source_candidate
china,,should_not_fill,,no_current_value_or_fixed_source_candidate
chinese,,should_not_fill,,no_current_value_or_fixed_source_candidate
chocolate,,should_not_fill,,no_current_value_or_fixed_source_candidate
choice,,should_not_fill,,no_current_value_or_fixed_source_candidate
choke,,should_not_fill,,no_current_value_or_fixed_source_candidate
choose,,should_not_fill,,no_current_value_or_fixed_source_candidate
chopsticks,,should_not_fill,,no_current_value_or_fixed_source_candidate
chorus,,should_not_fill,,no_current_value_or_fixed_source_candidate
christian,,should_not_fill,,no_current_value_or_fixed_source_candidate
christmas,,should_not_fill,,no_current_value_or_fixed_source_candidate
church,,should_not_fill,,no_current_value_or_fixed_source_candidate
cigarette,,should_not_fill,,no_current_value_or_fixed_source_candidate
cinema,,should_not_fill,,no_current_value_or_fixed_source_candidate
circle,,should_not_fill,,no_current_value_or_fixed_source_candidate
circuit,,should_not_fill,,no_current_value_or_fixed_source_candidate
circulate,,should_not_fill,,no_current_value_or_fixed_source_candidate
circumstance,,should_not_fill,,no_current_value_or_fixed_source_candidate
circus,,should_not_fill,,no_current_value_or_fixed_source_candidate
cite,,should_not_fill,,no_current_value_or_fixed_source_candidate
citizen,,should_not_fill,,no_current_value_or_fixed_source_candidate
city,,should_not_fill,,no_current_value_or_fixed_source_candidate
civil,,should_not_fill,,no_current_value_or_fixed_source_candidate
civilian,,should_not_fill,,no_current_value_or_fixed_source_candidate
civilization,,should_not_fill,,no_current_value_or_fixed_source_candidate
claim,,should_not_fill,,no_current_value_or_fixed_source_candidate
clap,,should_not_fill,,no_current_value_or_fixed_source_candidate
clarify,,should_not_fill,,no_current_value_or_fixed_source_candidate
class,,should_not_fill,,no_current_value_or_fixed_source_candidate
classic,,should_not_fill,,no_current_value_or_fixed_source_candidate
classical,,should_not_fill,,no_current_value_or_fixed_source_candidate
classify,,should_not_fill,,no_current_value_or_fixed_source_candidate
classmate,,should_not_fill,,no_current_value_or_fixed_source_candidate
classroom,,should_not_fill,,no_current_value_or_fixed_source_candidate
clay,,should_not_fill,,no_current_value_or_fixed_source_candidate
clean,,should_not_fill,,no_current_value_or_fixed_source_candidate
clear,clearly,reliable_value,clearly,matches_fixed_conservative_affix_policy_and_members_exist
clearly,clear,reliable_value,clear,matches_fixed_conservative_affix_policy_and_members_exist
clerk,,should_not_fill,,no_current_value_or_fixed_source_candidate
clever,,should_not_fill,,no_current_value_or_fixed_source_candidate
click,,should_not_fill,,no_current_value_or_fixed_source_candidate
client,,should_not_fill,,no_current_value_or_fixed_source_candidate
climate,,should_not_fill,,no_current_value_or_fixed_source_candidate
climb,,should_not_fill,,no_current_value_or_fixed_source_candidate
clinic,,should_not_fill,,no_current_value_or_fixed_source_candidate
clock,,should_not_fill,,no_current_value_or_fixed_source_candidate
clone,,should_not_fill,,no_current_value_or_fixed_source_candidate
close,,should_not_fill,,no_current_value_or_fixed_source_candidate
cloth,,should_not_fill,,no_current_value_or_fixed_source_candidate
clothes,,should_not_fill,,no_current_value_or_fixed_source_candidate
clothing,,should_not_fill,,no_current_value_or_fixed_source_candidate
cloud,,should_not_fill,,no_current_value_or_fixed_source_candidate
cloudy,,should_not_fill,,no_current_value_or_fixed_source_candidate
club,,should_not_fill,,no_current_value_or_fixed_source_candidate
clue,,should_not_fill,,no_current_value_or_fixed_source_candidate
coach,,should_not_fill,,no_current_value_or_fixed_source_candidate
coal,,should_not_fill,,no_current_value_or_fixed_source_candidate
coast,,should_not_fill,,no_current_value_or_fixed_source_candidate
coat,,should_not_fill,,no_current_value_or_fixed_source_candidate
coffee,,should_not_fill,,no_current_value_or_fixed_source_candidate
coin,,should_not_fill,,no_current_value_or_fixed_source_candidate
cold,,should_not_fill,,no_current_value_or_fixed_source_candidate
collapse,,should_not_fill,,no_current_value_or_fixed_source_candidate
collar,,should_not_fill,,no_current_value_or_fixed_source_candidate
colleague,,should_not_fill,,no_current_value_or_fixed_source_candidate
collect,,should_not_fill,,no_current_value_or_fixed_source_candidate
collection,,should_not_fill,,no_current_value_or_fixed_source_candidate
college,,should_not_fill,,no_current_value_or_fixed_source_candidate
color,,should_not_fill,,no_current_value_or_fixed_source_candidate
column,,should_not_fill,,no_current_value_or_fixed_source_candidate
combine,,should_not_fill,,no_current_value_or_fixed_source_candidate
come,,should_not_fill,,no_current_value_or_fixed_source_candidate
comedy,,should_not_fill,,no_current_value_or_fixed_source_candidate
comfort,,should_not_fill,,no_current_value_or_fixed_source_candidate
comfortable,uncomfortable,reliable_value,uncomfortable,matches_fixed_conservative_affix_policy_and_members_exist
comic,,should_not_fill,,no_current_value_or_fixed_source_candidate
command,,should_not_fill,,no_current_value_or_fixed_source_candidate
comment,,should_not_fill,,no_current_value_or_fixed_source_candidate
commercial,,should_not_fill,,no_current_value_or_fixed_source_candidate
commit,commitment,reliable_value,commitment,matches_fixed_conservative_affix_policy_and_members_exist
commitment,commit,reliable_value,commit,matches_fixed_conservative_affix_policy_and_members_exist
committee,,should_not_fill,,no_current_value_or_fixed_source_candidate
common,,should_not_fill,,no_current_value_or_fixed_source_candidate
communicate,,should_not_fill,,no_current_value_or_fixed_source_candidate
communication,,should_not_fill,,no_current_value_or_fixed_source_candidate
communist,,should_not_fill,,no_current_value_or_fixed_source_candidate
community,,should_not_fill,,no_current_value_or_fixed_source_candidate
companion,,should_not_fill,,no_current_value_or_fixed_source_candidate
company,,should_not_fill,,no_current_value_or_fixed_source_candidate
compare,,should_not_fill,,no_current_value_or_fixed_source_candidate
comparison,,should_not_fill,,no_current_value_or_fixed_source_candidate
compensate,,should_not_fill,,no_current_value_or_fixed_source_candidate
compete,,should_not_fill,,no_current_value_or_fixed_source_candidate
competence,,should_not_fill,,no_current_value_or_fixed_source_candidate
competition,,should_not_fill,,no_current_value_or_fixed_source_candidate
competitor,,should_not_fill,,no_current_value_or_fixed_source_candidate
complain,,should_not_fill,,no_current_value_or_fixed_source_candidate
complete,,should_not_fill,,no_current_value_or_fixed_source_candidate
complex,,should_not_fill,,no_current_value_or_fixed_source_candidate
complicated,,should_not_fill,,no_current_value_or_fixed_source_candidate
component,,should_not_fill,,no_current_value_or_fixed_source_candidate
compose,,should_not_fill,,no_current_value_or_fixed_source_candidate
composition,,should_not_fill,,no_current_value_or_fixed_source_candidate
comprehension,,should_not_fill,,no_current_value_or_fixed_source_candidate
comprehensive,,should_not_fill,,no_current_value_or_fixed_source_candidate
comprise,,should_not_fill,,no_current_value_or_fixed_source_candidate
compromise,,should_not_fill,,no_current_value_or_fixed_source_candidate
compulsory,,should_not_fill,,no_current_value_or_fixed_source_candidate
computer,,should_not_fill,,no_current_value_or_fixed_source_candidate
conceal,,should_not_fill,,no_current_value_or_fixed_source_candidate
concentrate,,should_not_fill,,no_current_value_or_fixed_source_candidate
concept,,should_not_fill,,no_current_value_or_fixed_source_candidate
concern,,should_not_fill,,no_current_value_or_fixed_source_candidate
concert,,should_not_fill,,no_current_value_or_fixed_source_candidate
conclude,,should_not_fill,,no_current_value_or_fixed_source_candidate
conclusion,,should_not_fill,,no_current_value_or_fixed_source_candidate
concrete,,should_not_fill,,no_current_value_or_fixed_source_candidate
condemn,,should_not_fill,,no_current_value_or_fixed_source_candidate
condition,,should_not_fill,,no_current_value_or_fixed_source_candidate
conduct,,should_not_fill,,no_current_value_or_fixed_source_candidate
conference,,should_not_fill,,no_current_value_or_fixed_source_candidate
confidence,,should_not_fill,,no_current_value_or_fixed_source_candidate
confident,,should_not_fill,,no_current_value_or_fixed_source_candidate
confirm,,should_not_fill,,no_current_value_or_fixed_source_candidate
conflict,,should_not_fill,,no_current_value_or_fixed_source_candidate
confucianism,,should_not_fill,,no_current_value_or_fixed_source_candidate
confucius,,should_not_fill,,no_current_value_or_fixed_source_candidate
confuse,confused,manual_review,confused,does_not_match_recorded_generation_policy
confused,confuse,manual_review,confuse,does_not_match_recorded_generation_policy
congratulation,,should_not_fill,,no_current_value_or_fixed_source_candidate
connect,,should_not_fill,,no_current_value_or_fixed_source_candidate
connection,,should_not_fill,,no_current_value_or_fixed_source_candidate
conscience,,should_not_fill,,no_current_value_or_fixed_source_candidate
consensus,,should_not_fill,,no_current_value_or_fixed_source_candidate
consequence,,should_not_fill,,no_current_value_or_fixed_source_candidate
conservation,,should_not_fill,,no_current_value_or_fixed_source_candidate
consider,,should_not_fill,,no_current_value_or_fixed_source_candidate
consideration,,should_not_fill,,no_current_value_or_fixed_source_candidate
consist,,should_not_fill,,no_current_value_or_fixed_source_candidate
consistent,,should_not_fill,,no_current_value_or_fixed_source_candidate
constant,,should_not_fill,,no_current_value_or_fixed_source_candidate
constitution,,should_not_fill,,no_current_value_or_fixed_source_candidate
construct,,should_not_fill,,no_current_value_or_fixed_source_candidate
construction,,should_not_fill,,no_current_value_or_fixed_source_candidate
consult,,should_not_fill,,no_current_value_or_fixed_source_candidate
consultant,,should_not_fill,,no_current_value_or_fixed_source_candidate
consultation,,should_not_fill,,no_current_value_or_fixed_source_candidate
consume,,should_not_fill,,no_current_value_or_fixed_source_candidate
consumption,,should_not_fill,,no_current_value_or_fixed_source_candidate
contact,,should_not_fill,,no_current_value_or_fixed_source_candidate
contain,,should_not_fill,,no_current_value_or_fixed_source_candidate
container,,should_not_fill,,no_current_value_or_fixed_source_candidate
contemporary,,should_not_fill,,no_current_value_or_fixed_source_candidate
content,,should_not_fill,,no_current_value_or_fixed_source_candidate
contest,,should_not_fill,,no_current_value_or_fixed_source_candidate
context,,should_not_fill,,no_current_value_or_fixed_source_candidate
continent,,should_not_fill,,no_current_value_or_fixed_source_candidate
continue,,should_not_fill,,no_current_value_or_fixed_source_candidate
contract,,should_not_fill,,no_current_value_or_fixed_source_candidate
contradictory,,should_not_fill,,no_current_value_or_fixed_source_candidate
contrary,,should_not_fill,,no_current_value_or_fixed_source_candidate
contrast,,should_not_fill,,no_current_value_or_fixed_source_candidate
contribute,,should_not_fill,,no_current_value_or_fixed_source_candidate
contribution,,should_not_fill,,no_current_value_or_fixed_source_candidate
control,,should_not_fill,,no_current_value_or_fixed_source_candidate
controversial,,should_not_fill,,no_current_value_or_fixed_source_candidate
convenient,,should_not_fill,,no_current_value_or_fixed_source_candidate
conventional,,should_not_fill,,no_current_value_or_fixed_source_candidate
conversation,,should_not_fill,,no_current_value_or_fixed_source_candidate
convey,,should_not_fill,,no_current_value_or_fixed_source_candidate
convince,,should_not_fill,,no_current_value_or_fixed_source_candidate
cook,,should_not_fill,,no_current_value_or_fixed_source_candidate
cookie,,should_not_fill,,no_current_value_or_fixed_source_candidate
cool,,should_not_fill,,no_current_value_or_fixed_source_candidate
cooperate,,should_not_fill,,no_current_value_or_fixed_source_candidate
copy,,should_not_fill,,no_current_value_or_fixed_source_candidate
core,,should_not_fill,,no_current_value_or_fixed_source_candidate
corn,,should_not_fill,,no_current_value_or_fixed_source_candidate
corner,,should_not_fill,,no_current_value_or_fixed_source_candidate
corporate,,should_not_fill,,no_current_value_or_fixed_source_candidate
corporation,,should_not_fill,,no_current_value_or_fixed_source_candidate
correct,,should_not_fill,,no_current_value_or_fixed_source_candidate
correspond,,should_not_fill,,no_current_value_or_fixed_source_candidate
cost,,should_not_fill,,no_current_value_or_fixed_source_candidate
costume,,should_not_fill,,no_current_value_or_fixed_source_candidate
cottage,,should_not_fill,,no_current_value_or_fixed_source_candidate
cotton,,should_not_fill,,no_current_value_or_fixed_source_candidate
cough,,should_not_fill,,no_current_value_or_fixed_source_candidate
could,can,manual_review,can,does_not_match_recorded_generation_policy
council,,should_not_fill,,no_current_value_or_fixed_source_candidate
count,,should_not_fill,,no_current_value_or_fixed_source_candidate
counter,,should_not_fill,,no_current_value_or_fixed_source_candidate
country,,should_not_fill,,no_current_value_or_fixed_source_candidate
countryside,,should_not_fill,,no_current_value_or_fixed_source_candidate
county,,should_not_fill,,no_current_value_or_fixed_source_candidate
couple,,should_not_fill,,no_current_value_or_fixed_source_candidate
courage,discourage,reliable_value,discourage,matches_fixed_conservative_affix_policy_and_members_exist
course,,should_not_fill,,no_current_value_or_fixed_source_candidate
court,,should_not_fill,,no_current_value_or_fixed_source_candidate
cousin,,should_not_fill,,no_current_value_or_fixed_source_candidate
cover,,should_not_fill,,no_current_value_or_fixed_source_candidate
coverage,,should_not_fill,,no_current_value_or_fixed_source_candidate
cow,,should_not_fill,,no_current_value_or_fixed_source_candidate
crash,,should_not_fill,,no_current_value_or_fixed_source_candidate
crayon,,should_not_fill,,no_current_value_or_fixed_source_candidate
crazy,,should_not_fill,,no_current_value_or_fixed_source_candidate
cream,,should_not_fill,,no_current_value_or_fixed_source_candidate
create,,should_not_fill,,no_current_value_or_fixed_source_candidate
creative,,should_not_fill,,no_current_value_or_fixed_source_candidate
creature,,should_not_fill,,no_current_value_or_fixed_source_candidate
credit,,should_not_fill,,no_current_value_or_fixed_source_candidate
crew,,should_not_fill,,no_current_value_or_fixed_source_candidate
crime,,should_not_fill,,no_current_value_or_fixed_source_candidate
criminal,,should_not_fill,,no_current_value_or_fixed_source_candidate
crisis,,should_not_fill,,no_current_value_or_fixed_source_candidate
criterion,,should_not_fill,,no_current_value_or_fixed_source_candidate
critical,,should_not_fill,,no_current_value_or_fixed_source_candidate
criticize,,should_not_fill,,no_current_value_or_fixed_source_candidate
crop,,should_not_fill,,no_current_value_or_fixed_source_candidate
cross,,should_not_fill,,no_current_value_or_fixed_source_candidate
crowd,,should_not_fill,,no_current_value_or_fixed_source_candidate
crucial,,should_not_fill,,no_current_value_or_fixed_source_candidate
cruel,,should_not_fill,,no_current_value_or_fixed_source_candidate
cry,,should_not_fill,,no_current_value_or_fixed_source_candidate
cuisine,,should_not_fill,,no_current_value_or_fixed_source_candidate
culture,,should_not_fill,,no_current_value_or_fixed_source_candidate
cup,,should_not_fill,,no_current_value_or_fixed_source_candidate
cupboard,,should_not_fill,,no_current_value_or_fixed_source_candidate
cure,,should_not_fill,,no_current_value_or_fixed_source_candidate
curious,,should_not_fill,,no_current_value_or_fixed_source_candidate
currency,,should_not_fill,,no_current_value_or_fixed_source_candidate
current,,should_not_fill,,no_current_value_or_fixed_source_candidate
curriculum,,should_not_fill,,no_current_value_or_fixed_source_candidate
curtain,,should_not_fill,,no_current_value_or_fixed_source_candidate
custom,,should_not_fill,,no_current_value_or_fixed_source_candidate
customer,,should_not_fill,,no_current_value_or_fixed_source_candidate
cut,,should_not_fill,,no_current_value_or_fixed_source_candidate
cute,,should_not_fill,,no_current_value_or_fixed_source_candidate
cycle,,should_not_fill,,no_current_value_or_fixed_source_candidate
daily,,should_not_fill,,no_current_value_or_fixed_source_candidate
dam,,should_not_fill,,no_current_value_or_fixed_source_candidate
damage,,should_not_fill,,no_current_value_or_fixed_source_candidate
damp,,should_not_fill,,no_current_value_or_fixed_source_candidate
dance,,should_not_fill,,no_current_value_or_fixed_source_candidate
danger,,should_not_fill,,no_current_value_or_fixed_source_candidate
dangerous,,should_not_fill,,no_current_value_or_fixed_source_candidate
dare,,should_not_fill,,no_current_value_or_fixed_source_candidate
dark,darkness,reliable_value,darkness,matches_fixed_conservative_affix_policy_and_members_exist
darkness,dark,reliable_value,dark,matches_fixed_conservative_affix_policy_and_members_exist
data,,should_not_fill,,no_current_value_or_fixed_source_candidate
database,,should_not_fill,,no_current_value_or_fixed_source_candidate
date,,should_not_fill,,no_current_value_or_fixed_source_candidate
daughter,,should_not_fill,,no_current_value_or_fixed_source_candidate
dawn,,should_not_fill,,no_current_value_or_fixed_source_candidate
day,,should_not_fill,,no_current_value_or_fixed_source_candidate
dead,,should_not_fill,,no_current_value_or_fixed_source_candidate
deadline,,should_not_fill,,no_current_value_or_fixed_source_candidate
deaf,,should_not_fill,,no_current_value_or_fixed_source_candidate
deal,,should_not_fill,,no_current_value_or_fixed_source_candidate
dear,,should_not_fill,,no_current_value_or_fixed_source_candidate
death,,should_not_fill,,no_current_value_or_fixed_source_candidate
debate,,should_not_fill,,no_current_value_or_fixed_source_candidate
debt,,should_not_fill,,no_current_value_or_fixed_source_candidate
decade,,should_not_fill,,no_current_value_or_fixed_source_candidate
december,,should_not_fill,,no_current_value_or_fixed_source_candidate
decent,,should_not_fill,,no_current_value_or_fixed_source_candidate
decide,,should_not_fill,,no_current_value_or_fixed_source_candidate
decision,,should_not_fill,,no_current_value_or_fixed_source_candidate
declare,,should_not_fill,,no_current_value_or_fixed_source_candidate
decline,,should_not_fill,,no_current_value_or_fixed_source_candidate
decorate,,should_not_fill,,no_current_value_or_fixed_source_candidate
decoration,,should_not_fill,,no_current_value_or_fixed_source_candidate
decrease,,should_not_fill,,no_current_value_or_fixed_source_candidate
deduce,,should_not_fill,,no_current_value_or_fixed_source_candidate
deep,deeply,reliable_value,deeply,matches_fixed_conservative_affix_policy_and_members_exist
deeply,deep,reliable_value,deep,matches_fixed_conservative_affix_policy_and_members_exist
deer,,should_not_fill,,no_current_value_or_fixed_source_candidate
defeat,,should_not_fill,,no_current_value_or_fixed_source_candidate
defence,,should_not_fill,,no_current_value_or_fixed_source_candidate
defend,,should_not_fill,,no_current_value_or_fixed_source_candidate
definitely,,should_not_fill,,no_current_value_or_fixed_source_candidate
definition,,should_not_fill,,no_current_value_or_fixed_source_candidate
degree,,should_not_fill,,no_current_value_or_fixed_source_candidate
delay,,should_not_fill,,no_current_value_or_fixed_source_candidate
delete,,should_not_fill,,no_current_value_or_fixed_source_candidate
deliberately,,should_not_fill,,no_current_value_or_fixed_source_candidate
delicate,,should_not_fill,,no_current_value_or_fixed_source_candidate
delicious,,should_not_fill,,no_current_value_or_fixed_source_candidate
delight,,auto_fill_candidate,"p:delighted,d:delighted",ECDICT_exchange_has_reciprocal_in_vocabulary_candidate_candidate_only_no_write
delighted,,auto_fill_candidate,0:delight,ECDICT_exchange_has_reciprocal_in_vocabulary_candidate_candidate_only_no_write
deliver,,should_not_fill,,no_current_value_or_fixed_source_candidate
demand,,should_not_fill,,no_current_value_or_fixed_source_candidate
demonstrate,,should_not_fill,,no_current_value_or_fixed_source_candidate
dentist,,should_not_fill,,no_current_value_or_fixed_source_candidate
deny,,should_not_fill,,no_current_value_or_fixed_source_candidate
department,,should_not_fill,,no_current_value_or_fixed_source_candidate
departure,,should_not_fill,,no_current_value_or_fixed_source_candidate
depend,,should_not_fill,,no_current_value_or_fixed_source_candidate
deposit,,should_not_fill,,no_current_value_or_fixed_source_candidate
depress,,should_not_fill,,no_current_value_or_fixed_source_candidate
depth,,should_not_fill,,no_current_value_or_fixed_source_candidate
describe,,should_not_fill,,no_current_value_or_fixed_source_candidate
description,,should_not_fill,,no_current_value_or_fixed_source_candidate
desert,,should_not_fill,,no_current_value_or_fixed_source_candidate
deserve,,should_not_fill,,no_current_value_or_fixed_source_candidate
design,,should_not_fill,,no_current_value_or_fixed_source_candidate
desire,,should_not_fill,,no_current_value_or_fixed_source_candidate
desk,,should_not_fill,,no_current_value_or_fixed_source_candidate
desperate,,should_not_fill,,no_current_value_or_fixed_source_candidate
despite,,should_not_fill,,no_current_value_or_fixed_source_candidate
dessert,,should_not_fill,,no_current_value_or_fixed_source_candidate
destination,,should_not_fill,,no_current_value_or_fixed_source_candidate
destroy,,should_not_fill,,no_current_value_or_fixed_source_candidate
detail,,should_not_fill,,no_current_value_or_fixed_source_candidate
detect,,should_not_fill,,no_current_value_or_fixed_source_candidate
detective,,should_not_fill,,no_current_value_or_fixed_source_candidate
determination,,should_not_fill,,no_current_value_or_fixed_source_candidate
determine,,should_not_fill,,no_current_value_or_fixed_source_candidate
develop,development,reliable_value,development,matches_fixed_conservative_affix_policy_and_members_exist
development,develop,reliable_value,develop,matches_fixed_conservative_affix_policy_and_members_exist
device,,should_not_fill,,no_current_value_or_fixed_source_candidate
devote,,should_not_fill,,no_current_value_or_fixed_source_candidate
diagram,,should_not_fill,,no_current_value_or_fixed_source_candidate
dialogue,,should_not_fill,,no_current_value_or_fixed_source_candidate
diamond,,should_not_fill,,no_current_value_or_fixed_source_candidate
diary,,should_not_fill,,no_current_value_or_fixed_source_candidate
dictionary,,should_not_fill,,no_current_value_or_fixed_source_candidate
die,,should_not_fill,,no_current_value_or_fixed_source_candidate
diet,,should_not_fill,,no_current_value_or_fixed_source_candidate
differ,,should_not_fill,,no_current_value_or_fixed_source_candidate
difference,,should_not_fill,,no_current_value_or_fixed_source_candidate
different,,should_not_fill,,no_current_value_or_fixed_source_candidate
difficult,,should_not_fill,,no_current_value_or_fixed_source_candidate
difficulty,,should_not_fill,,no_current_value_or_fixed_source_candidate
dig,,should_not_fill,,no_current_value_or_fixed_source_candidate
digest,,should_not_fill,,no_current_value_or_fixed_source_candidate
digital,,should_not_fill,,no_current_value_or_fixed_source_candidate
dignity,,should_not_fill,,no_current_value_or_fixed_source_candidate
dilemma,,should_not_fill,,no_current_value_or_fixed_source_candidate
dimension,,should_not_fill,,no_current_value_or_fixed_source_candidate
dining,,should_not_fill,,no_current_value_or_fixed_source_candidate
dinner,,should_not_fill,,no_current_value_or_fixed_source_candidate
dinosaur,,should_not_fill,,no_current_value_or_fixed_source_candidate
dip,,should_not_fill,,no_current_value_or_fixed_source_candidate
direct,,should_not_fill,,no_current_value_or_fixed_source_candidate
direction,,should_not_fill,,no_current_value_or_fixed_source_candidate
director,,should_not_fill,,no_current_value_or_fixed_source_candidate
directory,,should_not_fill,,no_current_value_or_fixed_source_candidate
dirt,,should_not_fill,,no_current_value_or_fixed_source_candidate
dirty,,should_not_fill,,no_current_value_or_fixed_source_candidate
disability,ability,reliable_value,ability,matches_fixed_conservative_affix_policy_and_members_exist
disabled,,should_not_fill,,no_current_value_or_fixed_source_candidate
disadvantage,advantage,reliable_value,advantage,matches_fixed_conservative_affix_policy_and_members_exist
disagree,agree,reliable_value,agree,matches_fixed_conservative_affix_policy_and_members_exist
disappear,appear,reliable_value,appear,matches_fixed_conservative_affix_policy_and_members_exist
disappointed,,should_not_fill,,no_current_value_or_fixed_source_candidate
disappointment,appointment,reliable_value,appointment,matches_fixed_conservative_affix_policy_and_members_exist
disaster,,should_not_fill,,no_current_value_or_fixed_source_candidate
discern,,should_not_fill,,no_current_value_or_fixed_source_candidate
discipline,,should_not_fill,,no_current_value_or_fixed_source_candidate
discount,,should_not_fill,,no_current_value_or_fixed_source_candidate
discourage,courage,reliable_value,courage,matches_fixed_conservative_affix_policy_and_members_exist
discover,,should_not_fill,,no_current_value_or_fixed_source_candidate
discovery,,should_not_fill,,no_current_value_or_fixed_source_candidate
discrimination,,should_not_fill,,no_current_value_or_fixed_source_candidate
discuss,,should_not_fill,,no_current_value_or_fixed_source_candidate
discussion,,should_not_fill,,no_current_value_or_fixed_source_candidate
disease,,should_not_fill,,no_current_value_or_fixed_source_candidate
dish,,should_not_fill,,no_current_value_or_fixed_source_candidate
disk,,should_not_fill,,no_current_value_or_fixed_source_candidate
dismiss,,should_not_fill,,no_current_value_or_fixed_source_candidate
display,,should_not_fill,,no_current_value_or_fixed_source_candidate
distance,,should_not_fill,,no_current_value_or_fixed_source_candidate
distant,,should_not_fill,,no_current_value_or_fixed_source_candidate
distinct,,should_not_fill,,no_current_value_or_fixed_source_candidate
distinction,,should_not_fill,,no_current_value_or_fixed_source_candidate
distinguish,,should_not_fill,,no_current_value_or_fixed_source_candidate
distribute,,should_not_fill,,no_current_value_or_fixed_source_candidate
distribution,,should_not_fill,,no_current_value_or_fixed_source_candidate
district,,should_not_fill,,no_current_value_or_fixed_source_candidate
disturb,,should_not_fill,,no_current_value_or_fixed_source_candidate
dive,,should_not_fill,,no_current_value_or_fixed_source_candidate
diverse,,should_not_fill,,no_current_value_or_fixed_source_candidate
divide,,should_not_fill,,no_current_value_or_fixed_source_candidate
division,,should_not_fill,,no_current_value_or_fixed_source_candidate
divorce,,should_not_fill,,no_current_value_or_fixed_source_candidate
dizzy,,should_not_fill,,no_current_value_or_fixed_source_candidate
do,,should_not_fill,,no_current_value_or_fixed_source_candidate
doctor,,should_not_fill,,no_current_value_or_fixed_source_candidate
document,,should_not_fill,,no_current_value_or_fixed_source_candidate
dog,,should_not_fill,,no_current_value_or_fixed_source_candidate
doll,,should_not_fill,,no_current_value_or_fixed_source_candidate
dollar,,should_not_fill,,no_current_value_or_fixed_source_candidate
dolphin,,should_not_fill,,no_current_value_or_fixed_source_candidate
domain,,should_not_fill,,no_current_value_or_fixed_source_candidate
domestic,,should_not_fill,,no_current_value_or_fixed_source_candidate
dominate,,should_not_fill,,no_current_value_or_fixed_source_candidate
donate,,should_not_fill,,no_current_value_or_fixed_source_candidate
door,,should_not_fill,,no_current_value_or_fixed_source_candidate
dormitory,,should_not_fill,,no_current_value_or_fixed_source_candidate
dot,,should_not_fill,,no_current_value_or_fixed_source_candidate
double,,should_not_fill,,no_current_value_or_fixed_source_candidate
doubt,,should_not_fill,,no_current_value_or_fixed_source_candidate
down,,should_not_fill,,no_current_value_or_fixed_source_candidate
download,,should_not_fill,,no_current_value_or_fixed_source_candidate
downstairs,,should_not_fill,,no_current_value_or_fixed_source_candidate
downtown,,should_not_fill,,no_current_value_or_fixed_source_candidate
dozen,,should_not_fill,,no_current_value_or_fixed_source_candidate
draft,,should_not_fill,,no_current_value_or_fixed_source_candidate
drag,,should_not_fill,,no_current_value_or_fixed_source_candidate
dragon,,should_not_fill,,no_current_value_or_fixed_source_candidate
drama,,should_not_fill,,no_current_value_or_fixed_source_candidate
dramatic,,should_not_fill,,no_current_value_or_fixed_source_candidate
draw,,auto_fill_candidate,i:drawing,ECDICT_exchange_has_reciprocal_in_vocabulary_candidate_candidate_only_no_write
drawer,,should_not_fill,,no_current_value_or_fixed_source_candidate
drawing,,auto_fill_candidate,0:draw,ECDICT_exchange_has_reciprocal_in_vocabulary_candidate_candidate_only_no_write
dream,,should_not_fill,,no_current_value_or_fixed_source_candidate
dress,,should_not_fill,,no_current_value_or_fixed_source_candidate
drill,,should_not_fill,,no_current_value_or_fixed_source_candidate
drink,,auto_fill_candidate,d:drunk,ECDICT_exchange_has_reciprocal_in_vocabulary_candidate_candidate_only_no_write
drive,,should_not_fill,,no_current_value_or_fixed_source_candidate
driver,,should_not_fill,,no_current_value_or_fixed_source_candidate
drop,,should_not_fill,,no_current_value_or_fixed_source_candidate
drought,,should_not_fill,,no_current_value_or_fixed_source_candidate
drown,,should_not_fill,,no_current_value_or_fixed_source_candidate
drug,,should_not_fill,,no_current_value_or_fixed_source_candidate
drum,,should_not_fill,,no_current_value_or_fixed_source_candidate
drunk,,auto_fill_candidate,0:drink,ECDICT_exchange_has_reciprocal_in_vocabulary_candidate_candidate_only_no_write
dry,,should_not_fill,,no_current_value_or_fixed_source_candidate
duck,,should_not_fill,,no_current_value_or_fixed_source_candidate
due,,should_not_fill,,no_current_value_or_fixed_source_candidate
dull,,should_not_fill,,no_current_value_or_fixed_source_candidate
dumpling,,should_not_fill,,no_current_value_or_fixed_source_candidate
duration,,should_not_fill,,no_current_value_or_fixed_source_candidate
during,,should_not_fill,,no_current_value_or_fixed_source_candidate
dust,,should_not_fill,,no_current_value_or_fixed_source_candidate
duty,,should_not_fill,,no_current_value_or_fixed_source_candidate
dynamic,,should_not_fill,,no_current_value_or_fixed_source_candidate
dynasty,,should_not_fill,,no_current_value_or_fixed_source_candidate
each,,should_not_fill,,no_current_value_or_fixed_source_candidate
eager,,should_not_fill,,no_current_value_or_fixed_source_candidate
eagle,,should_not_fill,,no_current_value_or_fixed_source_candidate
ear,,should_not_fill,,no_current_value_or_fixed_source_candidate
early,,should_not_fill,,no_current_value_or_fixed_source_candidate
earn,,should_not_fill,,no_current_value_or_fixed_source_candidate
earth,,should_not_fill,,no_current_value_or_fixed_source_candidate
earthquake,,should_not_fill,,no_current_value_or_fixed_source_candidate
ease,,should_not_fill,,no_current_value_or_fixed_source_candidate
easily,,should_not_fill,,no_current_value_or_fixed_source_candidate
east,,should_not_fill,,no_current_value_or_fixed_source_candidate
eastern,,should_not_fill,,no_current_value_or_fixed_source_candidate
easy,,should_not_fill,,no_current_value_or_fixed_source_candidate
eat,,should_not_fill,,no_current_value_or_fixed_source_candidate
ecology,,should_not_fill,,no_current_value_or_fixed_source_candidate
economic,,should_not_fill,,no_current_value_or_fixed_source_candidate
edge,,should_not_fill,,no_current_value_or_fixed_source_candidate
edition,,should_not_fill,,no_current_value_or_fixed_source_candidate
editor,,should_not_fill,,no_current_value_or_fixed_source_candidate
educate,,should_not_fill,,no_current_value_or_fixed_source_candidate
education,,should_not_fill,,no_current_value_or_fixed_source_candidate
educator,,should_not_fill,,no_current_value_or_fixed_source_candidate
effect,,should_not_fill,,no_current_value_or_fixed_source_candidate
efficient,,should_not_fill,,no_current_value_or_fixed_source_candidate
effort,,should_not_fill,,no_current_value_or_fixed_source_candidate
egg,,should_not_fill,,no_current_value_or_fixed_source_candidate
eight,,should_not_fill,,no_current_value_or_fixed_source_candidate
eighteen,,should_not_fill,,no_current_value_or_fixed_source_candidate
eighth,,should_not_fill,,no_current_value_or_fixed_source_candidate
eighty,,should_not_fill,,no_current_value_or_fixed_source_candidate
either,,should_not_fill,,no_current_value_or_fixed_source_candidate
elaborate,,should_not_fill,,no_current_value_or_fixed_source_candidate
elder,elderly,reliable_value,elderly,matches_fixed_conservative_affix_policy_and_members_exist
elderly,elder,reliable_value,elder,matches_fixed_conservative_affix_policy_and_members_exist
elect,,should_not_fill,,no_current_value_or_fixed_source_candidate
election,,should_not_fill,,no_current_value_or_fixed_source_candidate
electric,,should_not_fill,,no_current_value_or_fixed_source_candidate
electrical,,should_not_fill,,no_current_value_or_fixed_source_candidate
electricity,,should_not_fill,,no_current_value_or_fixed_source_candidate
electronic,,should_not_fill,,no_current_value_or_fixed_source_candidate
elegant,,should_not_fill,,no_current_value_or_fixed_source_candidate
element,,should_not_fill,,no_current_value_or_fixed_source_candidate
elephant,,should_not_fill,,no_current_value_or_fixed_source_candidate
eleven,,should_not_fill,,no_current_value_or_fixed_source_candidate
else,,should_not_fill,,no_current_value_or_fixed_source_candidate
elsewhere,,should_not_fill,,no_current_value_or_fixed_source_candidate
email,,should_not_fill,,no_current_value_or_fixed_source_candidate
embarrassed,,should_not_fill,,no_current_value_or_fixed_source_candidate
embassy,,should_not_fill,,no_current_value_or_fixed_source_candidate
emerge,,should_not_fill,,no_current_value_or_fixed_source_candidate
emergency,,should_not_fill,,no_current_value_or_fixed_source_candidate
emotion,,should_not_fill,,no_current_value_or_fixed_source_candidate
emperor,,should_not_fill,,no_current_value_or_fixed_source_candidate
emphasis,,should_not_fill,,no_current_value_or_fixed_source_candidate
empire,,should_not_fill,,no_current_value_or_fixed_source_candidate
employ,,should_not_fill,,no_current_value_or_fixed_source_candidate
empty,,should_not_fill,,no_current_value_or_fixed_source_candidate
enable,,should_not_fill,,no_current_value_or_fixed_source_candidate
encounter,,should_not_fill,,no_current_value_or_fixed_source_candidate
encourage,encouragement,reliable_value,encouragement,matches_fixed_conservative_affix_policy_and_members_exist
encouragement,encourage,reliable_value,encourage,matches_fixed_conservative_affix_policy_and_members_exist
end,,should_not_fill,,no_current_value_or_fixed_source_candidate
endless,,should_not_fill,,no_current_value_or_fixed_source_candidate
enemy,,should_not_fill,,no_current_value_or_fixed_source_candidate
energetic,,should_not_fill,,no_current_value_or_fixed_source_candidate
energy,,should_not_fill,,no_current_value_or_fixed_source_candidate
engage,,should_not_fill,,no_current_value_or_fixed_source_candidate
engine,,should_not_fill,,no_current_value_or_fixed_source_candidate
engineer,,should_not_fill,,no_current_value_or_fixed_source_candidate
england,,should_not_fill,,no_current_value_or_fixed_source_candidate
english,,should_not_fill,,no_current_value_or_fixed_source_candidate
enhance,,should_not_fill,,no_current_value_or_fixed_source_candidate
enjoy,,should_not_fill,,no_current_value_or_fixed_source_candidate
enormous,,should_not_fill,,no_current_value_or_fixed_source_candidate
enough,,should_not_fill,,no_current_value_or_fixed_source_candidate
enquiry,,should_not_fill,,no_current_value_or_fixed_source_candidate
ensure,,should_not_fill,,no_current_value_or_fixed_source_candidate
enter,,should_not_fill,,no_current_value_or_fixed_source_candidate
enterprise,,should_not_fill,,no_current_value_or_fixed_source_candidate
entertainment,,should_not_fill,,no_current_value_or_fixed_source_candidate
enthusiastic,,should_not_fill,,no_current_value_or_fixed_source_candidate
entire,entirely,reliable_value,entirely,matches_fixed_conservative_affix_policy_and_members_exist
entirely,entire,reliable_value,entire,matches_fixed_conservative_affix_policy_and_members_exist
entitle,,should_not_fill,,no_current_value_or_fixed_source_candidate
entrance,,should_not_fill,,no_current_value_or_fixed_source_candidate
entry,,should_not_fill,,no_current_value_or_fixed_source_candidate
envelope,,should_not_fill,,no_current_value_or_fixed_source_candidate
environment,,should_not_fill,,no_current_value_or_fixed_source_candidate
envy,,should_not_fill,,no_current_value_or_fixed_source_candidate
ephemeral,,should_not_fill,,no_current_value_or_fixed_source_candidate
episode,,should_not_fill,,no_current_value_or_fixed_source_candidate
equal,,should_not_fill,,no_current_value_or_fixed_source_candidate
equality,,should_not_fill,,no_current_value_or_fixed_source_candidate
equator,,should_not_fill,,no_current_value_or_fixed_source_candidate
equip,equipment,reliable_value,equipment,matches_fixed_conservative_affix_policy_and_members_exist
equipment,equip,reliable_value,equip,matches_fixed_conservative_affix_policy_and_members_exist
era,,should_not_fill,,no_current_value_or_fixed_source_candidate
eraser,,should_not_fill,,no_current_value_or_fixed_source_candidate
error,,should_not_fill,,no_current_value_or_fixed_source_candidate
erupt,,should_not_fill,,no_current_value_or_fixed_source_candidate
escape,,should_not_fill,,no_current_value_or_fixed_source_candidate
especially,,should_not_fill,,no_current_value_or_fixed_source_candidate
essay,,should_not_fill,,no_current_value_or_fixed_source_candidate
essential,,should_not_fill,,no_current_value_or_fixed_source_candidate
establish,,should_not_fill,,no_current_value_or_fixed_source_candidate
estate,,should_not_fill,,no_current_value_or_fixed_source_candidate
estimate,,should_not_fill,,no_current_value_or_fixed_source_candidate
europe,,should_not_fill,,no_current_value_or_fixed_source_candidate
european,,should_not_fill,,no_current_value_or_fixed_source_candidate
evaluate,,should_not_fill,,no_current_value_or_fixed_source_candidate
eve,,should_not_fill,,no_current_value_or_fixed_source_candidate
even,,auto_fill_candidate,i:evening,ECDICT_exchange_has_reciprocal_in_vocabulary_candidate_candidate_only_no_write
evening,,auto_fill_candidate,0:even,ECDICT_exchange_has_reciprocal_in_vocabulary_candidate_candidate_only_no_write
event,,should_not_fill,,no_current_value_or_fixed_source_candidate
eventually,,should_not_fill,,no_current_value_or_fixed_source_candidate
ever,,should_not_fill,,no_current_value_or_fixed_source_candidate
every,,should_not_fill,,no_current_value_or_fixed_source_candidate
everybody,,should_not_fill,,no_current_value_or_fixed_source_candidate
everyday,,should_not_fill,,no_current_value_or_fixed_source_candidate
everyone,,should_not_fill,,no_current_value_or_fixed_source_candidate
everything,,should_not_fill,,no_current_value_or_fixed_source_candidate
everywhere,,should_not_fill,,no_current_value_or_fixed_source_candidate
evidence,,should_not_fill,,no_current_value_or_fixed_source_candidate
evident,,should_not_fill,,no_current_value_or_fixed_source_candidate
evolution,,should_not_fill,,no_current_value_or_fixed_source_candidate
exact,exactly,reliable_value,exactly,matches_fixed_conservative_affix_policy_and_members_exist
exactly,exact,reliable_value,exact,matches_fixed_conservative_affix_policy_and_members_exist
exam,,should_not_fill,,no_current_value_or_fixed_source_candidate
examine,,should_not_fill,,no_current_value_or_fixed_source_candidate
example,,should_not_fill,,no_current_value_or_fixed_source_candidate
excellent,,should_not_fill,,no_current_value_or_fixed_source_candidate
except,,should_not_fill,,no_current_value_or_fixed_source_candidate
exceptional,,should_not_fill,,no_current_value_or_fixed_source_candidate
exchange,,should_not_fill,,no_current_value_or_fixed_source_candidate
excited,,should_not_fill,,no_current_value_or_fixed_source_candidate
exciting,,should_not_fill,,no_current_value_or_fixed_source_candidate
excuse,,should_not_fill,,no_current_value_or_fixed_source_candidate
exemplify,,should_not_fill,,no_current_value_or_fixed_source_candidate
exercise,,should_not_fill,,no_current_value_or_fixed_source_candidate
exhibition,,should_not_fill,,no_current_value_or_fixed_source_candidate
exist,,should_not_fill,,no_current_value_or_fixed_source_candidate
existence,,should_not_fill,,no_current_value_or_fixed_source_candidate
exit,,should_not_fill,,no_current_value_or_fixed_source_candidate
expand,,should_not_fill,,no_current_value_or_fixed_source_candidate
expansion,,should_not_fill,,no_current_value_or_fixed_source_candidate
expect,,should_not_fill,,no_current_value_or_fixed_source_candidate
expectation,,should_not_fill,,no_current_value_or_fixed_source_candidate
expense,,should_not_fill,,no_current_value_or_fixed_source_candidate
expensive,,should_not_fill,,no_current_value_or_fixed_source_candidate
experience,,should_not_fill,,no_current_value_or_fixed_source_candidate
experiment,,should_not_fill,,no_current_value_or_fixed_source_candidate
expert,,should_not_fill,,no_current_value_or_fixed_source_candidate
explain,,should_not_fill,,no_current_value_or_fixed_source_candidate
explanation,,should_not_fill,,no_current_value_or_fixed_source_candidate
explicit,,should_not_fill,,no_current_value_or_fixed_source_candidate
explode,,should_not_fill,,no_current_value_or_fixed_source_candidate
explore,,should_not_fill,,no_current_value_or_fixed_source_candidate
export,,should_not_fill,,no_current_value_or_fixed_source_candidate
expose,,should_not_fill,,no_current_value_or_fixed_source_candidate
exposure,,should_not_fill,,no_current_value_or_fixed_source_candidate
express,,should_not_fill,,no_current_value_or_fixed_source_candidate
expression,,should_not_fill,,no_current_value_or_fixed_source_candidate
extend,,should_not_fill,,no_current_value_or_fixed_source_candidate
extension,,should_not_fill,,no_current_value_or_fixed_source_candidate
extent,,should_not_fill,,no_current_value_or_fixed_source_candidate
external,,should_not_fill,,no_current_value_or_fixed_source_candidate
extinction,,should_not_fill,,no_current_value_or_fixed_source_candidate
extra,,should_not_fill,,no_current_value_or_fixed_source_candidate
extraordinary,,should_not_fill,,no_current_value_or_fixed_source_candidate
extreme,extremely,reliable_value,extremely,matches_fixed_conservative_affix_policy_and_members_exist
extremely,extreme,reliable_value,extreme,matches_fixed_conservative_affix_policy_and_members_exist
eye,,should_not_fill,,no_current_value_or_fixed_source_candidate
fabric,,should_not_fill,,no_current_value_or_fixed_source_candidate
face,,should_not_fill,,no_current_value_or_fixed_source_candidate
facilitate,,should_not_fill,,no_current_value_or_fixed_source_candidate
facility,,should_not_fill,,no_current_value_or_fixed_source_candidate
fact,,should_not_fill,,no_current_value_or_fixed_source_candidate
factor,,should_not_fill,,no_current_value_or_fixed_source_candidate
factory,,should_not_fill,,no_current_value_or_fixed_source_candidate
fade,,should_not_fill,,no_current_value_or_fixed_source_candidate
fail,,should_not_fill,,no_current_value_or_fixed_source_candidate
failure,,should_not_fill,,no_current_value_or_fixed_source_candidate
fair,"fairly,unfair",reliable_value,"fairly,unfair",matches_fixed_conservative_affix_policy_and_members_exist
fairly,fair,reliable_value,fair,matches_fixed_conservative_affix_policy_and_members_exist
faith,,should_not_fill,,no_current_value_or_fixed_source_candidate
fall,,should_not_fill,,no_current_value_or_fixed_source_candidate
false,,should_not_fill,,no_current_value_or_fixed_source_candidate
familiar,,should_not_fill,,no_current_value_or_fixed_source_candidate
family,,should_not_fill,,no_current_value_or_fixed_source_candidate
famous,,should_not_fill,,no_current_value_or_fixed_source_candidate
fan,,should_not_fill,,no_current_value_or_fixed_source_candidate
fancy,,should_not_fill,,no_current_value_or_fixed_source_candidate
fantastic,,should_not_fill,,no_current_value_or_fixed_source_candidate
fantasy,,should_not_fill,,no_current_value_or_fixed_source_candidate
far,,auto_fill_candidate,r:further,ECDICT_exchange_has_reciprocal_in_vocabulary_candidate_candidate_only_no_write
fare,,should_not_fill,,no_current_value_or_fixed_source_candidate
farm,,should_not_fill,,no_current_value_or_fixed_source_candidate
farmer,,should_not_fill,,no_current_value_or_fixed_source_candidate
fashion,,should_not_fill,,no_current_value_or_fixed_source_candidate
fast,,should_not_fill,,no_current_value_or_fixed_source_candidate
fat,,should_not_fill,,no_current_value_or_fixed_source_candidate
father,,should_not_fill,,no_current_value_or_fixed_source_candidate
fault,,should_not_fill,,no_current_value_or_fixed_source_candidate
favor,,should_not_fill,,no_current_value_or_fixed_source_candidate
favorite,,should_not_fill,,no_current_value_or_fixed_source_candidate
fear,,should_not_fill,,no_current_value_or_fixed_source_candidate
feather,,should_not_fill,,no_current_value_or_fixed_source_candidate
feature,,should_not_fill,,no_current_value_or_fixed_source_candidate
february,,should_not_fill,,no_current_value_or_fixed_source_candidate
fee,,manual_review,"p:feed,d:feed",ECDICT_exchange_candidate_is_one_way_or_ambiguous
feed,,should_not_fill,,no_current_value_or_fixed_source_candidate
feel,,auto_fill_candidate,i:feeling,ECDICT_exchange_has_reciprocal_in_vocabulary_candidate_candidate_only_no_write
feeling,,auto_fill_candidate,0:feel,ECDICT_exchange_has_reciprocal_in_vocabulary_candidate_candidate_only_no_write
fellow,,should_not_fill,,no_current_value_or_fixed_source_candidate
female,,should_not_fill,,no_current_value_or_fixed_source_candidate
fence,,should_not_fill,,no_current_value_or_fixed_source_candidate
ferry,,should_not_fill,,no_current_value_or_fixed_source_candidate
festival,,should_not_fill,,no_current_value_or_fixed_source_candidate
fetch,,should_not_fill,,no_current_value_or_fixed_source_candidate
fever,,should_not_fill,,no_current_value_or_fixed_source_candidate
few,,should_not_fill,,no_current_value_or_fixed_source_candidate
fibre,,should_not_fill,,no_current_value_or_fixed_source_candidate
fiction,,should_not_fill,,no_current_value_or_fixed_source_candidate
field,,should_not_fill,,no_current_value_or_fixed_source_candidate
fierce,,should_not_fill,,no_current_value_or_fixed_source_candidate
fifteen,,should_not_fill,,no_current_value_or_fixed_source_candidate
fifth,,should_not_fill,,no_current_value_or_fixed_source_candidate
fifty,,should_not_fill,,no_current_value_or_fixed_source_candidate
fight,,should_not_fill,,no_current_value_or_fixed_source_candidate
fighter,,should_not_fill,,no_current_value_or_fixed_source_candidate
figure,,should_not_fill,,no_current_value_or_fixed_source_candidate
file,,should_not_fill,,no_current_value_or_fixed_source_candidate
fill,,should_not_fill,,no_current_value_or_fixed_source_candidate
film,,should_not_fill,,no_current_value_or_fixed_source_candidate
final,finally,reliable_value,finally,matches_fixed_conservative_affix_policy_and_members_exist
finally,final,reliable_value,final,matches_fixed_conservative_affix_policy_and_members_exist
finance,,should_not_fill,,no_current_value_or_fixed_source_candidate
financial,,should_not_fill,,no_current_value_or_fixed_source_candidate
find,,auto_fill_candidate,"d:found,p:found,i:finding",ECDICT_exchange_has_reciprocal_in_vocabulary_candidate_candidate_only_no_write
finding,,auto_fill_candidate,0:find,ECDICT_exchange_has_reciprocal_in_vocabulary_candidate_candidate_only_no_write
fine,,should_not_fill,,no_current_value_or_fixed_source_candidate
finger,,should_not_fill,,no_current_value_or_fixed_source_candidate
finish,,should_not_fill,,no_current_value_or_fixed_source_candidate
fire,,should_not_fill,,no_current_value_or_fixed_source_candidate
firm,firmly,reliable_value,firmly,matches_fixed_conservative_affix_policy_and_members_exist
firmly,firm,reliable_value,firm,matches_fixed_conservative_affix_policy_and_members_exist
first,,should_not_fill,,no_current_value_or_fixed_source_candidate
fish,,should_not_fill,,no_current_value_or_fixed_source_candidate
fisherman,,should_not_fill,,no_current_value_or_fixed_source_candidate
fist,,should_not_fill,,no_current_value_or_fixed_source_candidate
fit,,should_not_fill,,no_current_value_or_fixed_source_candidate
five,,should_not_fill,,no_current_value_or_fixed_source_candidate
fix,,should_not_fill,,no_current_value_or_fixed_source_candidate
flag,,should_not_fill,,no_current_value_or_fixed_source_candidate
flame,,should_not_fill,,no_current_value_or_fixed_source_candidate
flash,,should_not_fill,,no_current_value_or_fixed_source_candidate
flat,,should_not_fill,,no_current_value_or_fixed_source_candidate
flavor,,should_not_fill,,no_current_value_or_fixed_source_candidate
flee,,should_not_fill,,no_current_value_or_fixed_source_candidate
flesh,,should_not_fill,,no_current_value_or_fixed_source_candidate
flexible,,should_not_fill,,no_current_value_or_fixed_source_candidate
flight,,should_not_fill,,no_current_value_or_fixed_source_candidate
float,,should_not_fill,,no_current_value_or_fixed_source_candidate
flood,,should_not_fill,,no_current_value_or_fixed_source_candidate
floor,,should_not_fill,,no_current_value_or_fixed_source_candidate
flour,,should_not_fill,,no_current_value_or_fixed_source_candidate
flow,,should_not_fill,,no_current_value_or_fixed_source_candidate
flower,,should_not_fill,,no_current_value_or_fixed_source_candidate
flu,,should_not_fill,,no_current_value_or_fixed_source_candidate
fluent,,should_not_fill,,no_current_value_or_fixed_source_candidate
fly,,should_not_fill,,no_current_value_or_fixed_source_candidate
focus,,should_not_fill,,no_current_value_or_fixed_source_candidate
foggy,,should_not_fill,,no_current_value_or_fixed_source_candidate
fold,unfold,reliable_value,unfold,matches_fixed_conservative_affix_policy_and_members_exist
folk,,should_not_fill,,no_current_value_or_fixed_source_candidate
follow,,auto_fill_candidate,i:following,ECDICT_exchange_has_reciprocal_in_vocabulary_candidate_candidate_only_no_write
following,,auto_fill_candidate,0:follow,ECDICT_exchange_has_reciprocal_in_vocabulary_candidate_candidate_only_no_write
fond,,should_not_fill,,no_current_value_or_fixed_source_candidate
food,,should_not_fill,,no_current_value_or_fixed_source_candidate
fool,,should_not_fill,,no_current_value_or_fixed_source_candidate
foot,,should_not_fill,,no_current_value_or_fixed_source_candidate
football,,should_not_fill,,no_current_value_or_fixed_source_candidate
for,,should_not_fill,,no_current_value_or_fixed_source_candidate
force,,should_not_fill,,no_current_value_or_fixed_source_candidate
forecast,,should_not_fill,,no_current_value_or_fixed_source_candidate
forehead,,should_not_fill,,no_current_value_or_fixed_source_candidate
foreign,,should_not_fill,,no_current_value_or_fixed_source_candidate
forest,,should_not_fill,,no_current_value_or_fixed_source_candidate
forever,,should_not_fill,,no_current_value_or_fixed_source_candidate
forget,,should_not_fill,,no_current_value_or_fixed_source_candidate
forgive,,should_not_fill,,no_current_value_or_fixed_source_candidate
fork,,should_not_fill,,no_current_value_or_fixed_source_candidate
form,,should_not_fill,,no_current_value_or_fixed_source_candidate
formal,,should_not_fill,,no_current_value_or_fixed_source_candidate
format,,should_not_fill,,no_current_value_or_fixed_source_candidate
former,,should_not_fill,,no_current_value_or_fixed_source_candidate
fortnight,,should_not_fill,,no_current_value_or_fixed_source_candidate
fortunately,unfortunately,reliable_value,unfortunately,matches_fixed_conservative_affix_policy_and_members_exist
fortune,,should_not_fill,,no_current_value_or_fixed_source_candidate
forty,,should_not_fill,,no_current_value_or_fixed_source_candidate
forward,,should_not_fill,,no_current_value_or_fixed_source_candidate
found,,auto_fill_candidate,0:find,ECDICT_exchange_has_reciprocal_in_vocabulary_candidate_candidate_only_no_write
foundation,,should_not_fill,,no_current_value_or_fixed_source_candidate
fountain,,should_not_fill,,no_current_value_or_fixed_source_candidate
four,,should_not_fill,,no_current_value_or_fixed_source_candidate
fourteen,,should_not_fill,,no_current_value_or_fixed_source_candidate
fourth,,should_not_fill,,no_current_value_or_fixed_source_candidate
fox,,should_not_fill,,no_current_value_or_fixed_source_candidate
framework,,should_not_fill,,no_current_value_or_fixed_source_candidate
france,,should_not_fill,,no_current_value_or_fixed_source_candidate
frank,,should_not_fill,,no_current_value_or_fixed_source_candidate
free,,should_not_fill,,no_current_value_or_fixed_source_candidate
freedom,,should_not_fill,,no_current_value_or_fixed_source_candidate
freeze,,should_not_fill,,no_current_value_or_fixed_source_candidate
french,,should_not_fill,,no_current_value_or_fixed_source_candidate
frequency,,should_not_fill,,no_current_value_or_fixed_source_candidate
frequent,frequently,reliable_value,frequently,matches_fixed_conservative_affix_policy_and_members_exist
frequently,frequent,reliable_value,frequent,matches_fixed_conservative_affix_policy_and_members_exist
fresh,,should_not_fill,,no_current_value_or_fixed_source_candidate
friction,,should_not_fill,,no_current_value_or_fixed_source_candidate
friday,,should_not_fill,,no_current_value_or_fixed_source_candidate
fridge,,should_not_fill,,no_current_value_or_fixed_source_candidate
friend,friendly,reliable_value,friendly,matches_fixed_conservative_affix_policy_and_members_exist
friendly,friend,reliable_value,friend,matches_fixed_conservative_affix_policy_and_members_exist
friendship,,should_not_fill,,no_current_value_or_fixed_source_candidate
frightened,,should_not_fill,,no_current_value_or_fixed_source_candidate
frog,,should_not_fill,,no_current_value_or_fixed_source_candidate
from,,should_not_fill,,no_current_value_or_fixed_source_candidate
front,,should_not_fill,,no_current_value_or_fixed_source_candidate
frontier,,should_not_fill,,no_current_value_or_fixed_source_candidate
frost,,should_not_fill,,no_current_value_or_fixed_source_candidate
fruit,,should_not_fill,,no_current_value_or_fixed_source_candidate
fry,,should_not_fill,,no_current_value_or_fixed_source_candidate
fuel,,should_not_fill,,no_current_value_or_fixed_source_candidate
full,,should_not_fill,,no_current_value_or_fixed_source_candidate
fun,,should_not_fill,,no_current_value_or_fixed_source_candidate
function,,should_not_fill,,no_current_value_or_fixed_source_candidate
fund,,should_not_fill,,no_current_value_or_fixed_source_candidate
fundamental,,should_not_fill,,no_current_value_or_fixed_source_candidate
funeral,,should_not_fill,,no_current_value_or_fixed_source_candidate
funny,,should_not_fill,,no_current_value_or_fixed_source_candidate
furniture,,should_not_fill,,no_current_value_or_fixed_source_candidate
further,,auto_fill_candidate,0:far,ECDICT_exchange_has_reciprocal_in_vocabulary_candidate_candidate_only_no_write
future,,should_not_fill,,no_current_value_or_fixed_source_candidate
gain,,should_not_fill,,no_current_value_or_fixed_source_candidate
gallery,,should_not_fill,,no_current_value_or_fixed_source_candidate
game,,should_not_fill,,no_current_value_or_fixed_source_candidate
gap,,should_not_fill,,no_current_value_or_fixed_source_candidate
garage,,should_not_fill,,no_current_value_or_fixed_source_candidate
garbage,,should_not_fill,,no_current_value_or_fixed_source_candidate
garden,,should_not_fill,,no_current_value_or_fixed_source_candidate
garlic,,should_not_fill,,no_current_value_or_fixed_source_candidate
gas,,should_not_fill,,no_current_value_or_fixed_source_candidate
gate,,should_not_fill,,no_current_value_or_fixed_source_candidate
gather,,should_not_fill,,no_current_value_or_fixed_source_candidate
gay,,should_not_fill,,no_current_value_or_fixed_source_candidate
gender,,should_not_fill,,no_current_value_or_fixed_source_candidate
general,,should_not_fill,,no_current_value_or_fixed_source_candidate
generate,,should_not_fill,,no_current_value_or_fixed_source_candidate
generation,,should_not_fill,,no_current_value_or_fixed_source_candidate
generous,,should_not_fill,,no_current_value_or_fixed_source_candidate
genius,,should_not_fill,,no_current_value_or_fixed_source_candidate
gentle,,should_not_fill,,no_current_value_or_fixed_source_candidate
gentleman,,should_not_fill,,no_current_value_or_fixed_source_candidate
genuine,,should_not_fill,,no_current_value_or_fixed_source_candidate
geography,,should_not_fill,,no_current_value_or_fixed_source_candidate
geometry,,should_not_fill,,no_current_value_or_fixed_source_candidate
german,,should_not_fill,,no_current_value_or_fixed_source_candidate
germany,,should_not_fill,,no_current_value_or_fixed_source_candidate
gesture,,should_not_fill,,no_current_value_or_fixed_source_candidate
get,,should_not_fill,,no_current_value_or_fixed_source_candidate
gift,,auto_fill_candidate,"p:gifted,d:gifted",ECDICT_exchange_has_reciprocal_in_vocabulary_candidate_candidate_only_no_write
gifted,,auto_fill_candidate,0:gift,ECDICT_exchange_has_reciprocal_in_vocabulary_candidate_candidate_only_no_write
giraffe,,should_not_fill,,no_current_value_or_fixed_source_candidate
girl,,should_not_fill,,no_current_value_or_fixed_source_candidate
give,,should_not_fill,,no_current_value_or_fixed_source_candidate
glad,,should_not_fill,,no_current_value_or_fixed_source_candidate
glance,,should_not_fill,,no_current_value_or_fixed_source_candidate
glass,,should_not_fill,,no_current_value_or_fixed_source_candidate
global,,should_not_fill,,no_current_value_or_fixed_source_candidate
globe,,should_not_fill,,no_current_value_or_fixed_source_candidate
glory,,should_not_fill,,no_current_value_or_fixed_source_candidate
glove,,should_not_fill,,no_current_value_or_fixed_source_candidate
glue,,should_not_fill,,no_current_value_or_fixed_source_candidate
go,,should_not_fill,,no_current_value_or_fixed_source_candidate
goal,,should_not_fill,,no_current_value_or_fixed_source_candidate
goat,,should_not_fill,,no_current_value_or_fixed_source_candidate
god,,should_not_fill,,no_current_value_or_fixed_source_candidate
gold,,should_not_fill,,no_current_value_or_fixed_source_candidate
golden,,should_not_fill,,no_current_value_or_fixed_source_candidate
golf,,should_not_fill,,no_current_value_or_fixed_source_candidate
good,goodness,reliable_value,goodness,matches_fixed_conservative_affix_policy_and_members_exist
goodbye,,should_not_fill,,no_current_value_or_fixed_source_candidate
goodness,good,reliable_value,good,matches_fixed_conservative_affix_policy_and_members_exist
goods,,should_not_fill,,no_current_value_or_fixed_source_candidate
govern,government,reliable_value,government,matches_fixed_conservative_affix_policy_and_members_exist
government,govern,reliable_value,govern,matches_fixed_conservative_affix_policy_and_members_exist
grab,,should_not_fill,,no_current_value_or_fixed_source_candidate
grade,,should_not_fill,,no_current_value_or_fixed_source_candidate
gradually,,should_not_fill,,no_current_value_or_fixed_source_candidate
graduate,,should_not_fill,,no_current_value_or_fixed_source_candidate
grain,,should_not_fill,,no_current_value_or_fixed_source_candidate
gram,,should_not_fill,,no_current_value_or_fixed_source_candidate
grammar,,should_not_fill,,no_current_value_or_fixed_source_candidate
grand,,should_not_fill,,no_current_value_or_fixed_source_candidate
grandchild,,should_not_fill,,no_current_value_or_fixed_source_candidate
granddaughter,,should_not_fill,,no_current_value_or_fixed_source_candidate
grandfather,,should_not_fill,,no_current_value_or_fixed_source_candidate
grandmother,,should_not_fill,,no_current_value_or_fixed_source_candidate
grandparent,,should_not_fill,,no_current_value_or_fixed_source_candidate
grandson,,should_not_fill,,no_current_value_or_fixed_source_candidate
grape,,should_not_fill,,no_current_value_or_fixed_source_candidate
graph,,should_not_fill,,no_current_value_or_fixed_source_candidate
grasp,,should_not_fill,,no_current_value_or_fixed_source_candidate
grass,,should_not_fill,,no_current_value_or_fixed_source_candidate
grateful,,should_not_fill,,no_current_value_or_fixed_source_candidate
gravity,,should_not_fill,,no_current_value_or_fixed_source_candidate
great,,should_not_fill,,no_current_value_or_fixed_source_candidate
greece,,should_not_fill,,no_current_value_or_fixed_source_candidate
greedy,,should_not_fill,,no_current_value_or_fixed_source_candidate
green,,should_not_fill,,no_current_value_or_fixed_source_candidate
greenhouse,,should_not_fill,,no_current_value_or_fixed_source_candidate
greet,,should_not_fill,,no_current_value_or_fixed_source_candidate
grey,,should_not_fill,,no_current_value_or_fixed_source_candidate
grocery,,should_not_fill,,no_current_value_or_fixed_source_candidate
ground,,should_not_fill,,no_current_value_or_fixed_source_candidate
group,,should_not_fill,,no_current_value_or_fixed_source_candidate
grow,,should_not_fill,,no_current_value_or_fixed_source_candidate
growth,,should_not_fill,,no_current_value_or_fixed_source_candidate
guarantee,,should_not_fill,,no_current_value_or_fixed_source_candidate
guard,,should_not_fill,,no_current_value_or_fixed_source_candidate
guess,,should_not_fill,,no_current_value_or_fixed_source_candidate
guest,,should_not_fill,,no_current_value_or_fixed_source_candidate
guidance,,should_not_fill,,no_current_value_or_fixed_source_candidate
guide,,should_not_fill,,no_current_value_or_fixed_source_candidate
guideline,,should_not_fill,,no_current_value_or_fixed_source_candidate
guilty,,should_not_fill,,no_current_value_or_fixed_source_candidate
guitar,,should_not_fill,,no_current_value_or_fixed_source_candidate
gun,,should_not_fill,,no_current_value_or_fixed_source_candidate
guy,,should_not_fill,,no_current_value_or_fixed_source_candidate
gym,,should_not_fill,,no_current_value_or_fixed_source_candidate
gymnastics,,should_not_fill,,no_current_value_or_fixed_source_candidate
ha,,should_not_fill,,no_current_value_or_fixed_source_candidate
habit,,should_not_fill,,no_current_value_or_fixed_source_candidate
habitat,,should_not_fill,,no_current_value_or_fixed_source_candidate
hair,,should_not_fill,,no_current_value_or_fixed_source_candidate
half,,should_not_fill,,no_current_value_or_fixed_source_candidate
hall,,should_not_fill,,no_current_value_or_fixed_source_candidate
ham,,should_not_fill,,no_current_value_or_fixed_source_candidate
hamburger,,should_not_fill,,no_current_value_or_fixed_source_candidate
hand,handful,reliable_value,handful,matches_fixed_conservative_affix_policy_and_members_exist
handbag,,should_not_fill,,no_current_value_or_fixed_source_candidate
handful,hand,reliable_value,hand,matches_fixed_conservative_affix_policy_and_members_exist
handkerchief,,should_not_fill,,no_current_value_or_fixed_source_candidate
handle,,should_not_fill,,no_current_value_or_fixed_source_candidate
handsome,,should_not_fill,,no_current_value_or_fixed_source_candidate
handwriting,,should_not_fill,,no_current_value_or_fixed_source_candidate
hang,,should_not_fill,,no_current_value_or_fixed_source_candidate
happen,,should_not_fill,,no_current_value_or_fixed_source_candidate
happily,,should_not_fill,,no_current_value_or_fixed_source_candidate
happiness,,should_not_fill,,no_current_value_or_fixed_source_candidate
happy,unhappy,reliable_value,unhappy,matches_fixed_conservative_affix_policy_and_members_exist
hard,,should_not_fill,,no_current_value_or_fixed_source_candidate
hardly,,should_not_fill,,no_current_value_or_fixed_source_candidate
harm,harmful,reliable_value,harmful,matches_fixed_conservative_affix_policy_and_members_exist
harmful,harm,reliable_value,harm,matches_fixed_conservative_affix_policy_and_members_exist
harmonious,,should_not_fill,,no_current_value_or_fixed_source_candidate
harmony,,should_not_fill,,no_current_value_or_fixed_source_candidate
harvest,,should_not_fill,,no_current_value_or_fixed_source_candidate
hat,,should_not_fill,,no_current_value_or_fixed_source_candidate
hatch,,should_not_fill,,no_current_value_or_fixed_source_candidate
hate,,should_not_fill,,no_current_value_or_fixed_source_candidate
have,,should_not_fill,,no_current_value_or_fixed_source_candidate
he,,should_not_fill,,no_current_value_or_fixed_source_candidate
head,,should_not_fill,,no_current_value_or_fixed_source_candidate
headache,,should_not_fill,,no_current_value_or_fixed_source_candidate
headline,,should_not_fill,,no_current_value_or_fixed_source_candidate
health,,should_not_fill,,no_current_value_or_fixed_source_candidate
healthy,,should_not_fill,,no_current_value_or_fixed_source_candidate
hear,,auto_fill_candidate,i:hearing,ECDICT_exchange_has_reciprocal_in_vocabulary_candidate_candidate_only_no_write
hearing,,auto_fill_candidate,0:hear,ECDICT_exchange_has_reciprocal_in_vocabulary_candidate_candidate_only_no_write
heart,,should_not_fill,,no_current_value_or_fixed_source_candidate
heat,,should_not_fill,,no_current_value_or_fixed_source_candidate
heaven,,should_not_fill,,no_current_value_or_fixed_source_candidate
heavily,,should_not_fill,,no_current_value_or_fixed_source_candidate
heavy,,should_not_fill,,no_current_value_or_fixed_source_candidate
heel,,should_not_fill,,no_current_value_or_fixed_source_candidate
height,,should_not_fill,,no_current_value_or_fixed_source_candidate
helicopter,,should_not_fill,,no_current_value_or_fixed_source_candidate
hello,,should_not_fill,,no_current_value_or_fixed_source_candidate
helmet,,should_not_fill,,no_current_value_or_fixed_source_candidate
help,helpful,reliable_value,helpful,matches_fixed_conservative_affix_policy_and_members_exist
helpful,help,reliable_value,help,matches_fixed_conservative_affix_policy_and_members_exist
hen,,should_not_fill,,no_current_value_or_fixed_source_candidate
hence,,should_not_fill,,no_current_value_or_fixed_source_candidate
her,,should_not_fill,,no_current_value_or_fixed_source_candidate
herb,,should_not_fill,,no_current_value_or_fixed_source_candidate
here,,should_not_fill,,no_current_value_or_fixed_source_candidate
hero,,should_not_fill,,no_current_value_or_fixed_source_candidate
hers,,should_not_fill,,no_current_value_or_fixed_source_candidate
herself,,should_not_fill,,no_current_value_or_fixed_source_candidate
hesitate,,should_not_fill,,no_current_value_or_fixed_source_candidate
hey,,should_not_fill,,no_current_value_or_fixed_source_candidate
hi,,should_not_fill,,no_current_value_or_fixed_source_candidate
hide,,should_not_fill,,no_current_value_or_fixed_source_candidate
high,,should_not_fill,,no_current_value_or_fixed_source_candidate
highlight,,should_not_fill,,no_current_value_or_fixed_source_candidate
highway,,should_not_fill,,no_current_value_or_fixed_source_candidate
hike,,should_not_fill,,no_current_value_or_fixed_source_candidate
hill,,should_not_fill,,no_current_value_or_fixed_source_candidate
him,,should_not_fill,,no_current_value_or_fixed_source_candidate
himself,,should_not_fill,,no_current_value_or_fixed_source_candidate
hire,,should_not_fill,,no_current_value_or_fixed_source_candidate
his,,should_not_fill,,no_current_value_or_fixed_source_candidate
historic,,should_not_fill,,no_current_value_or_fixed_source_candidate
history,,should_not_fill,,no_current_value_or_fixed_source_candidate
hit,,should_not_fill,,no_current_value_or_fixed_source_candidate
hobby,,should_not_fill,,no_current_value_or_fixed_source_candidate
hold,,should_not_fill,,no_current_value_or_fixed_source_candidate
hole,,should_not_fill,,no_current_value_or_fixed_source_candidate
holiday,,should_not_fill,,no_current_value_or_fixed_source_candidate
holy,,should_not_fill,,no_current_value_or_fixed_source_candidate
home,,should_not_fill,,no_current_value_or_fixed_source_candidate
homeland,,should_not_fill,,no_current_value_or_fixed_source_candidate
hometown,,should_not_fill,,no_current_value_or_fixed_source_candidate
homework,,should_not_fill,,no_current_value_or_fixed_source_candidate
honest,,should_not_fill,,no_current_value_or_fixed_source_candidate
honey,,should_not_fill,,no_current_value_or_fixed_source_candidate
honour,,should_not_fill,,no_current_value_or_fixed_source_candidate
hook,,should_not_fill,,no_current_value_or_fixed_source_candidate
hope,,should_not_fill,,no_current_value_or_fixed_source_candidate
horrible,,should_not_fill,,no_current_value_or_fixed_source_candidate
horse,,should_not_fill,,no_current_value_or_fixed_source_candidate
hospital,,should_not_fill,,no_current_value_or_fixed_source_candidate
host,,should_not_fill,,no_current_value_or_fixed_source_candidate
hot,,should_not_fill,,no_current_value_or_fixed_source_candidate
hotel,,should_not_fill,,no_current_value_or_fixed_source_candidate
hour,,should_not_fill,,no_current_value_or_fixed_source_candidate
house,,auto_fill_candidate,i:housing,ECDICT_exchange_has_reciprocal_in_vocabulary_candidate_candidate_only_no_write
household,,should_not_fill,,no_current_value_or_fixed_source_candidate
housework,,should_not_fill,,no_current_value_or_fixed_source_candidate
housing,,auto_fill_candidate,0:house,ECDICT_exchange_has_reciprocal_in_vocabulary_candidate_candidate_only_no_write
how,,should_not_fill,,no_current_value_or_fixed_source_candidate
however,,should_not_fill,,no_current_value_or_fixed_source_candidate
hug,,should_not_fill,,no_current_value_or_fixed_source_candidate
huge,,should_not_fill,,no_current_value_or_fixed_source_candidate
human,,should_not_fill,,no_current_value_or_fixed_source_candidate
humble,,should_not_fill,,no_current_value_or_fixed_source_candidate
humorous,,should_not_fill,,no_current_value_or_fixed_source_candidate
humour,,should_not_fill,,no_current_value_or_fixed_source_candidate
hundred,,should_not_fill,,no_current_value_or_fixed_source_candidate
hunger,,should_not_fill,,no_current_value_or_fixed_source_candidate
hungry,,should_not_fill,,no_current_value_or_fixed_source_candidate
hunt,,should_not_fill,,no_current_value_or_fixed_source_candidate
hunter,,should_not_fill,,no_current_value_or_fixed_source_candidate
hurricane,,should_not_fill,,no_current_value_or_fixed_source_candidate
hurry,,should_not_fill,,no_current_value_or_fixed_source_candidate
hurt,,should_not_fill,,no_current_value_or_fixed_source_candidate
husband,,should_not_fill,,no_current_value_or_fixed_source_candidate
hydrogen,,should_not_fill,,no_current_value_or_fixed_source_candidate
i,,should_not_fill,,no_current_value_or_fixed_source_candidate
ice,,should_not_fill,,no_current_value_or_fixed_source_candidate
ice-cream,,should_not_fill,,no_current_value_or_fixed_source_candidate
idea,,should_not_fill,,no_current_value_or_fixed_source_candidate
ideal,,should_not_fill,,no_current_value_or_fixed_source_candidate
identical,,should_not_fill,,no_current_value_or_fixed_source_candidate
identification,,should_not_fill,,no_current_value_or_fixed_source_candidate
identify,,should_not_fill,,no_current_value_or_fixed_source_candidate
identity,,should_not_fill,,no_current_value_or_fixed_source_candidate
idiom,,should_not_fill,,no_current_value_or_fixed_source_candidate
if,,should_not_fill,,no_current_value_or_fixed_source_candidate
ignore,,should_not_fill,,no_current_value_or_fixed_source_candidate
ill,,should_not_fill,,no_current_value_or_fixed_source_candidate
illegal,,should_not_fill,,no_current_value_or_fixed_source_candidate
illness,,should_not_fill,,no_current_value_or_fixed_source_candidate
illustrate,,should_not_fill,,no_current_value_or_fixed_source_candidate
image,,should_not_fill,,no_current_value_or_fixed_source_candidate
imagine,,should_not_fill,,no_current_value_or_fixed_source_candidate
immediate,immediately,reliable_value,immediately,matches_fixed_conservative_affix_policy_and_members_exist
immediately,immediate,reliable_value,immediate,matches_fixed_conservative_affix_policy_and_members_exist
immigration,,should_not_fill,,no_current_value_or_fixed_source_candidate
impact,,should_not_fill,,no_current_value_or_fixed_source_candidate
imply,,should_not_fill,,no_current_value_or_fixed_source_candidate
import,,should_not_fill,,no_current_value_or_fixed_source_candidate
importance,,should_not_fill,,no_current_value_or_fixed_source_candidate
important,,should_not_fill,,no_current_value_or_fixed_source_candidate
impossible,,should_not_fill,,no_current_value_or_fixed_source_candidate
impress,,should_not_fill,,no_current_value_or_fixed_source_candidate
impression,,should_not_fill,,no_current_value_or_fixed_source_candidate
improve,,should_not_fill,,no_current_value_or_fixed_source_candidate
in,,should_not_fill,,no_current_value_or_fixed_source_candidate
inch,,should_not_fill,,no_current_value_or_fixed_source_candidate
incident,,should_not_fill,,no_current_value_or_fixed_source_candidate
include,,should_not_fill,,no_current_value_or_fixed_source_candidate
income,,should_not_fill,,no_current_value_or_fixed_source_candidate
increase,,should_not_fill,,no_current_value_or_fixed_source_candidate
incredible,,should_not_fill,,no_current_value_or_fixed_source_candidate
indeed,,should_not_fill,,no_current_value_or_fixed_source_candidate
independence,,should_not_fill,,no_current_value_or_fixed_source_candidate
independent,,should_not_fill,,no_current_value_or_fixed_source_candidate
india,,should_not_fill,,no_current_value_or_fixed_source_candidate
indian,,should_not_fill,,no_current_value_or_fixed_source_candidate
indicate,,should_not_fill,,no_current_value_or_fixed_source_candidate
indifferent,,should_not_fill,,no_current_value_or_fixed_source_candidate
individual,,should_not_fill,,no_current_value_or_fixed_source_candidate
industry,,should_not_fill,,no_current_value_or_fixed_source_candidate
infection,,should_not_fill,,no_current_value_or_fixed_source_candidate
infer,,should_not_fill,,no_current_value_or_fixed_source_candidate
influence,,should_not_fill,,no_current_value_or_fixed_source_candidate
influential,,should_not_fill,,no_current_value_or_fixed_source_candidate
inform,,should_not_fill,,no_current_value_or_fixed_source_candidate
information,,should_not_fill,,no_current_value_or_fixed_source_candidate
initial,,should_not_fill,,no_current_value_or_fixed_source_candidate
initiative,,should_not_fill,,no_current_value_or_fixed_source_candidate
injure,,should_not_fill,,no_current_value_or_fixed_source_candidate
injury,,should_not_fill,,no_current_value_or_fixed_source_candidate
inn,,should_not_fill,,no_current_value_or_fixed_source_candidate
inner,,should_not_fill,,no_current_value_or_fixed_source_candidate
innocent,,should_not_fill,,no_current_value_or_fixed_source_candidate
innovation,,should_not_fill,,no_current_value_or_fixed_source_candidate
input,,should_not_fill,,no_current_value_or_fixed_source_candidate
inquire,,should_not_fill,,no_current_value_or_fixed_source_candidate
insect,,should_not_fill,,no_current_value_or_fixed_source_candidate
insert,,should_not_fill,,no_current_value_or_fixed_source_candidate
inside,,should_not_fill,,no_current_value_or_fixed_source_candidate
insight,,should_not_fill,,no_current_value_or_fixed_source_candidate
insist,,should_not_fill,,no_current_value_or_fixed_source_candidate
inspect,,should_not_fill,,no_current_value_or_fixed_source_candidate
inspection,,should_not_fill,,no_current_value_or_fixed_source_candidate
inspire,,should_not_fill,,no_current_value_or_fixed_source_candidate
instance,,should_not_fill,,no_current_value_or_fixed_source_candidate
instant,,should_not_fill,,no_current_value_or_fixed_source_candidate
instead,,should_not_fill,,no_current_value_or_fixed_source_candidate
institute,,should_not_fill,,no_current_value_or_fixed_source_candidate
institution,,should_not_fill,,no_current_value_or_fixed_source_candidate
instruct,,should_not_fill,,no_current_value_or_fixed_source_candidate
instruction,,should_not_fill,,no_current_value_or_fixed_source_candidate
instrument,,should_not_fill,,no_current_value_or_fixed_source_candidate
insurance,,should_not_fill,,no_current_value_or_fixed_source_candidate
integrate,,should_not_fill,,no_current_value_or_fixed_source_candidate
integrity,,should_not_fill,,no_current_value_or_fixed_source_candidate
intelligence,,should_not_fill,,no_current_value_or_fixed_source_candidate
intelligent,,should_not_fill,,no_current_value_or_fixed_source_candidate
intend,,should_not_fill,,no_current_value_or_fixed_source_candidate
intense,,should_not_fill,,no_current_value_or_fixed_source_candidate
intention,,should_not_fill,,no_current_value_or_fixed_source_candidate
interaction,,should_not_fill,,no_current_value_or_fixed_source_candidate
interest,interesting,manual_review,interesting,does_not_match_recorded_generation_policy
interesting,interest,manual_review,interest,does_not_match_recorded_generation_policy
internal,,should_not_fill,,no_current_value_or_fixed_source_candidate
international,,should_not_fill,,no_current_value_or_fixed_source_candidate
internet,,should_not_fill,,no_current_value_or_fixed_source_candidate
interpret,,should_not_fill,,no_current_value_or_fixed_source_candidate
interrupt,,should_not_fill,,no_current_value_or_fixed_source_candidate
interval,,should_not_fill,,no_current_value_or_fixed_source_candidate
intervention,,should_not_fill,,no_current_value_or_fixed_source_candidate
interview,,should_not_fill,,no_current_value_or_fixed_source_candidate
into,,should_not_fill,,no_current_value_or_fixed_source_candidate
intricate,,should_not_fill,,no_current_value_or_fixed_source_candidate
introduce,,should_not_fill,,no_current_value_or_fixed_source_candidate
introduction,,should_not_fill,,no_current_value_or_fixed_source_candidate
invent,,should_not_fill,,no_current_value_or_fixed_source_candidate
invention,,should_not_fill,,no_current_value_or_fixed_source_candidate
investigate,,should_not_fill,,no_current_value_or_fixed_source_candidate
investment,,should_not_fill,,no_current_value_or_fixed_source_candidate
invitation,,should_not_fill,,no_current_value_or_fixed_source_candidate
invite,,should_not_fill,,no_current_value_or_fixed_source_candidate
involve,,should_not_fill,,no_current_value_or_fixed_source_candidate
ireland,,should_not_fill,,no_current_value_or_fixed_source_candidate
irish,,should_not_fill,,no_current_value_or_fixed_source_candidate
iron,,should_not_fill,,no_current_value_or_fixed_source_candidate
island,,should_not_fill,,no_current_value_or_fixed_source_candidate
issue,,should_not_fill,,no_current_value_or_fixed_source_candidate
it,,should_not_fill,,no_current_value_or_fixed_source_candidate
italy,,should_not_fill,,no_current_value_or_fixed_source_candidate
item,,should_not_fill,,no_current_value_or_fixed_source_candidate
its,,should_not_fill,,no_current_value_or_fixed_source_candidate
itself,,should_not_fill,,no_current_value_or_fixed_source_candidate
jacket,,should_not_fill,,no_current_value_or_fixed_source_candidate
jam,,should_not_fill,,no_current_value_or_fixed_source_candidate
january,,should_not_fill,,no_current_value_or_fixed_source_candidate
japan,,should_not_fill,,no_current_value_or_fixed_source_candidate
japanese,,should_not_fill,,no_current_value_or_fixed_source_candidate
jar,,should_not_fill,,no_current_value_or_fixed_source_candidate
jaw,,should_not_fill,,no_current_value_or_fixed_source_candidate
jazz,,should_not_fill,,no_current_value_or_fixed_source_candidate
jeans,,should_not_fill,,no_current_value_or_fixed_source_candidate
jet,,should_not_fill,,no_current_value_or_fixed_source_candidate
jewelry,,should_not_fill,,no_current_value_or_fixed_source_candidate
job,,should_not_fill,,no_current_value_or_fixed_source_candidate
jog,,should_not_fill,,no_current_value_or_fixed_source_candidate
join,,should_not_fill,,no_current_value_or_fixed_source_candidate
joint,,should_not_fill,,no_current_value_or_fixed_source_candidate
joke,,should_not_fill,,no_current_value_or_fixed_source_candidate
journal,,should_not_fill,,no_current_value_or_fixed_source_candidate
journalist,,should_not_fill,,no_current_value_or_fixed_source_candidate
journey,,should_not_fill,,no_current_value_or_fixed_source_candidate
joy,,should_not_fill,,no_current_value_or_fixed_source_candidate
judge,judgement,reliable_value,judgement,matches_fixed_conservative_affix_policy_and_members_exist
judgement,judge,reliable_value,judge,matches_fixed_conservative_affix_policy_and_members_exist
juice,,should_not_fill,,no_current_value_or_fixed_source_candidate
july,,should_not_fill,,no_current_value_or_fixed_source_candidate
jump,,should_not_fill,,no_current_value_or_fixed_source_candidate
june,,should_not_fill,,no_current_value_or_fixed_source_candidate
jungle,,should_not_fill,,no_current_value_or_fixed_source_candidate
junior,,should_not_fill,,no_current_value_or_fixed_source_candidate
just,,should_not_fill,,no_current_value_or_fixed_source_candidate
justice,,should_not_fill,,no_current_value_or_fixed_source_candidate
justify,,should_not_fill,,no_current_value_or_fixed_source_candidate
kangaroo,,should_not_fill,,no_current_value_or_fixed_source_candidate
keep,,should_not_fill,,no_current_value_or_fixed_source_candidate
keeper,,should_not_fill,,no_current_value_or_fixed_source_candidate
kettle,,should_not_fill,,no_current_value_or_fixed_source_candidate
key,,should_not_fill,,no_current_value_or_fixed_source_candidate
keyboard,,should_not_fill,,no_current_value_or_fixed_source_candidate
kick,,should_not_fill,,no_current_value_or_fixed_source_candidate
kid,,should_not_fill,,no_current_value_or_fixed_source_candidate
kill,,should_not_fill,,no_current_value_or_fixed_source_candidate
kilometer,,should_not_fill,,no_current_value_or_fixed_source_candidate
kind,,should_not_fill,,no_current_value_or_fixed_source_candidate
kindergarten,,should_not_fill,,no_current_value_or_fixed_source_candidate
king,,should_not_fill,,no_current_value_or_fixed_source_candidate
kingdom,,should_not_fill,,no_current_value_or_fixed_source_candidate
kiss,,should_not_fill,,no_current_value_or_fixed_source_candidate
kit,,should_not_fill,,no_current_value_or_fixed_source_candidate
kitchen,,should_not_fill,,no_current_value_or_fixed_source_candidate
kite,,should_not_fill,,no_current_value_or_fixed_source_candidate
knee,,should_not_fill,,no_current_value_or_fixed_source_candidate
knife,,should_not_fill,,no_current_value_or_fixed_source_candidate
knock,,should_not_fill,,no_current_value_or_fixed_source_candidate
know,,should_not_fill,,no_current_value_or_fixed_source_candidate
knowledge,,should_not_fill,,no_current_value_or_fixed_source_candidate
lab,,should_not_fill,,no_current_value_or_fixed_source_candidate
label,,should_not_fill,,no_current_value_or_fixed_source_candidate
labor,,should_not_fill,,no_current_value_or_fixed_source_candidate
lack,,should_not_fill,,no_current_value_or_fixed_source_candidate
ladder,,should_not_fill,,no_current_value_or_fixed_source_candidate
lady,,should_not_fill,,no_current_value_or_fixed_source_candidate
lake,,should_not_fill,,no_current_value_or_fixed_source_candidate
lamb,,should_not_fill,,no_current_value_or_fixed_source_candidate
lamp,,should_not_fill,,no_current_value_or_fixed_source_candidate
land,,should_not_fill,,no_current_value_or_fixed_source_candidate
landscape,,should_not_fill,,no_current_value_or_fixed_source_candidate
language,,should_not_fill,,no_current_value_or_fixed_source_candidate
lantern,,should_not_fill,,no_current_value_or_fixed_source_candidate
lap,,should_not_fill,,no_current_value_or_fixed_source_candidate
laptop,,should_not_fill,,no_current_value_or_fixed_source_candidate
large,,should_not_fill,,no_current_value_or_fixed_source_candidate
laser,,should_not_fill,,no_current_value_or_fixed_source_candidate
last,,should_not_fill,,no_current_value_or_fixed_source_candidate
late,,auto_fill_candidate,r:later,ECDICT_exchange_has_reciprocal_in_vocabulary_candidate_candidate_only_no_write
lately,,should_not_fill,,no_current_value_or_fixed_source_candidate
later,,auto_fill_candidate,0:late,ECDICT_exchange_has_reciprocal_in_vocabulary_candidate_candidate_only_no_write
latter,,should_not_fill,,no_current_value_or_fixed_source_candidate
laugh,,should_not_fill,,no_current_value_or_fixed_source_candidate
laughter,,should_not_fill,,no_current_value_or_fixed_source_candidate
launch,,should_not_fill,,no_current_value_or_fixed_source_candidate
law,,should_not_fill,,no_current_value_or_fixed_source_candidate
lawyer,,should_not_fill,,no_current_value_or_fixed_source_candidate
lay,,auto_fill_candidate,0:lie,ECDICT_exchange_has_reciprocal_in_vocabulary_candidate_candidate_only_no_write
lazy,,should_not_fill,,no_current_value_or_fixed_source_candidate
lead,,auto_fill_candidate,i:leading,ECDICT_exchange_has_reciprocal_in_vocabulary_candidate_candidate_only_no_write
leader,,should_not_fill,,no_current_value_or_fixed_source_candidate
leadership,,should_not_fill,,no_current_value_or_fixed_source_candidate
leading,,auto_fill_candidate,0:lead,ECDICT_exchange_has_reciprocal_in_vocabulary_candidate_candidate_only_no_write
leaf,,should_not_fill,,no_current_value_or_fixed_source_candidate
league,,should_not_fill,,no_current_value_or_fixed_source_candidate
leak,,should_not_fill,,no_current_value_or_fixed_source_candidate
learn,,should_not_fill,,no_current_value_or_fixed_source_candidate
least,,should_not_fill,,no_current_value_or_fixed_source_candidate
leather,,should_not_fill,,no_current_value_or_fixed_source_candidate
leave,,auto_fill_candidate,"d:left,p:left",ECDICT_exchange_has_reciprocal_in_vocabulary_candidate_candidate_only_no_write
lecture,,should_not_fill,,no_current_value_or_fixed_source_candidate
left,,auto_fill_candidate,0:leave,ECDICT_exchange_has_reciprocal_in_vocabulary_candidate_candidate_only_no_write
leg,,should_not_fill,,no_current_value_or_fixed_source_candidate
legal,,should_not_fill,,no_current_value_or_fixed_source_candidate
leisure,,should_not_fill,,no_current_value_or_fixed_source_candidate
lemon,,should_not_fill,,no_current_value_or_fixed_source_candidate
lend,,should_not_fill,,no_current_value_or_fixed_source_candidate
length,,should_not_fill,,no_current_value_or_fixed_source_candidate
less,,should_not_fill,,no_current_value_or_fixed_source_candidate
lesson,,should_not_fill,,no_current_value_or_fixed_source_candidate
let,,should_not_fill,,no_current_value_or_fixed_source_candidate
letter,,should_not_fill,,no_current_value_or_fixed_source_candidate
level,,should_not_fill,,no_current_value_or_fixed_source_candidate
liberation,,should_not_fill,,no_current_value_or_fixed_source_candidate
liberty,,should_not_fill,,no_current_value_or_fixed_source_candidate
librarian,,should_not_fill,,no_current_value_or_fixed_source_candidate
library,,should_not_fill,,no_current_value_or_fixed_source_candidate
license,,should_not_fill,,no_current_value_or_fixed_source_candidate
lid,,should_not_fill,,no_current_value_or_fixed_source_candidate
lie,,auto_fill_candidate,p:lay,ECDICT_exchange_has_reciprocal_in_vocabulary_candidate_candidate_only_no_write
life,lively,manual_review,lively,does_not_match_recorded_generation_policy
lifetime,,should_not_fill,,no_current_value_or_fixed_source_candidate
lift,,should_not_fill,,no_current_value_or_fixed_source_candidate
light,,should_not_fill,,no_current_value_or_fixed_source_candidate
lightning,,should_not_fill,,no_current_value_or_fixed_source_candidate
like,unlike,manual_review,unlike,does_not_match_recorded_generation_policy
likely,,should_not_fill,,no_current_value_or_fixed_source_candidate
limit,,auto_fill_candidate,"d:limited,p:limited",ECDICT_exchange_has_reciprocal_in_vocabulary_candidate_candidate_only_no_write
limited,,auto_fill_candidate,0:limit,ECDICT_exchange_has_reciprocal_in_vocabulary_candidate_candidate_only_no_write
line,,should_not_fill,,no_current_value_or_fixed_source_candidate
link,,should_not_fill,,no_current_value_or_fixed_source_candidate
lion,,should_not_fill,,no_current_value_or_fixed_source_candidate
lip,,should_not_fill,,no_current_value_or_fixed_source_candidate
liquid,,should_not_fill,,no_current_value_or_fixed_source_candidate
list,,should_not_fill,,no_current_value_or_fixed_source_candidate
listen,,should_not_fill,,no_current_value_or_fixed_source_candidate
literally,,should_not_fill,,no_current_value_or_fixed_source_candidate
literary,,should_not_fill,,no_current_value_or_fixed_source_candidate
literature,,should_not_fill,,no_current_value_or_fixed_source_candidate
litter,,should_not_fill,,no_current_value_or_fixed_source_candidate
little,,should_not_fill,,no_current_value_or_fixed_source_candidate
live,,auto_fill_candidate,i:living,ECDICT_exchange_has_reciprocal_in_vocabulary_candidate_candidate_only_no_write
lively,life,manual_review,life,does_not_match_recorded_generation_policy
living,,auto_fill_candidate,0:live,ECDICT_exchange_has_reciprocal_in_vocabulary_candidate_candidate_only_no_write
load,,should_not_fill,,no_current_value_or_fixed_source_candidate
loan,,should_not_fill,,no_current_value_or_fixed_source_candidate
local,,should_not_fill,,no_current_value_or_fixed_source_candidate
location,,should_not_fill,,no_current_value_or_fixed_source_candidate
lock,,should_not_fill,,no_current_value_or_fixed_source_candidate
log,,should_not_fill,,no_current_value_or_fixed_source_candidate
logical,,should_not_fill,,no_current_value_or_fixed_source_candidate
london,,should_not_fill,,no_current_value_or_fixed_source_candidate
lonely,,should_not_fill,,no_current_value_or_fixed_source_candidate
long,,should_not_fill,,no_current_value_or_fixed_source_candidate
look,,should_not_fill,,no_current_value_or_fixed_source_candidate
loose,,should_not_fill,,no_current_value_or_fixed_source_candidate
lorry,,should_not_fill,,no_current_value_or_fixed_source_candidate
lose,,should_not_fill,,no_current_value_or_fixed_source_candidate
loss,,should_not_fill,,no_current_value_or_fixed_source_candidate
lot,,should_not_fill,,no_current_value_or_fixed_source_candidate
loud,,should_not_fill,,no_current_value_or_fixed_source_candidate
lounge,,should_not_fill,,no_current_value_or_fixed_source_candidate
love,lovely,reliable_value,lovely,matches_fixed_conservative_affix_policy_and_members_exist
lovely,love,reliable_value,love,matches_fixed_conservative_affix_policy_and_members_exist
low,,auto_fill_candidate,r:lower,ECDICT_exchange_has_reciprocal_in_vocabulary_candidate_candidate_only_no_write
lower,,auto_fill_candidate,0:low,ECDICT_exchange_has_reciprocal_in_vocabulary_candidate_candidate_only_no_write
luck,,should_not_fill,,no_current_value_or_fixed_source_candidate
lucky,,should_not_fill,,no_current_value_or_fixed_source_candidate
lunar,,should_not_fill,,no_current_value_or_fixed_source_candidate
lunch,,should_not_fill,,no_current_value_or_fixed_source_candidate
lung,,should_not_fill,,no_current_value_or_fixed_source_candidate
luxury,,should_not_fill,,no_current_value_or_fixed_source_candidate
machine,,should_not_fill,,no_current_value_or_fixed_source_candidate
mad,,should_not_fill,,no_current_value_or_fixed_source_candidate
madam,,should_not_fill,,no_current_value_or_fixed_source_candidate
magazine,,should_not_fill,,no_current_value_or_fixed_source_candidate
magic,,should_not_fill,,no_current_value_or_fixed_source_candidate
mail,,should_not_fill,,no_current_value_or_fixed_source_candidate
main,,should_not_fill,,no_current_value_or_fixed_source_candidate
maintain,,should_not_fill,,no_current_value_or_fixed_source_candidate
major,,should_not_fill,,no_current_value_or_fixed_source_candidate
majority,,should_not_fill,,no_current_value_or_fixed_source_candidate
make,,should_not_fill,,no_current_value_or_fixed_source_candidate
male,,should_not_fill,,no_current_value_or_fixed_source_candidate
man,,should_not_fill,,no_current_value_or_fixed_source_candidate
manage,,should_not_fill,,no_current_value_or_fixed_source_candidate
manager,,should_not_fill,,no_current_value_or_fixed_source_candidate
mankind,,should_not_fill,,no_current_value_or_fixed_source_candidate
manner,,should_not_fill,,no_current_value_or_fixed_source_candidate
many,,should_not_fill,,no_current_value_or_fixed_source_candidate
map,,should_not_fill,,no_current_value_or_fixed_source_candidate
marathon,,should_not_fill,,no_current_value_or_fixed_source_candidate
marble,,should_not_fill,,no_current_value_or_fixed_source_candidate
march,,should_not_fill,,no_current_value_or_fixed_source_candidate
mark,,should_not_fill,,no_current_value_or_fixed_source_candidate
market,,should_not_fill,,no_current_value_or_fixed_source_candidate
marriage,,should_not_fill,,no_current_value_or_fixed_source_candidate
married,,auto_fill_candidate,0:marry,ECDICT_exchange_has_reciprocal_in_vocabulary_candidate_candidate_only_no_write
marry,,auto_fill_candidate,"p:married,d:married",ECDICT_exchange_has_reciprocal_in_vocabulary_candidate_candidate_only_no_write
mass,,should_not_fill,,no_current_value_or_fixed_source_candidate
massive,,should_not_fill,,no_current_value_or_fixed_source_candidate
master,,should_not_fill,,no_current_value_or_fixed_source_candidate
match,,should_not_fill,,no_current_value_or_fixed_source_candidate
material,,should_not_fill,,no_current_value_or_fixed_source_candidate
math,,should_not_fill,,no_current_value_or_fixed_source_candidate
matter,,should_not_fill,,no_current_value_or_fixed_source_candidate
mature,,should_not_fill,,no_current_value_or_fixed_source_candidate
maximum,,should_not_fill,,no_current_value_or_fixed_source_candidate
may,,should_not_fill,,no_current_value_or_fixed_source_candidate
maybe,,should_not_fill,,no_current_value_or_fixed_source_candidate
me,,should_not_fill,,no_current_value_or_fixed_source_candidate
meal,,should_not_fill,,no_current_value_or_fixed_source_candidate
mean,,auto_fill_candidate,"3:means,i:meaning",ECDICT_exchange_has_reciprocal_in_vocabulary_candidate_candidate_only_no_write
meaning,,auto_fill_candidate,0:mean,ECDICT_exchange_has_reciprocal_in_vocabulary_candidate_candidate_only_no_write
means,,auto_fill_candidate,0:mean,ECDICT_exchange_has_reciprocal_in_vocabulary_candidate_candidate_only_no_write
meanwhile,,should_not_fill,,no_current_value_or_fixed_source_candidate
measure,,should_not_fill,,no_current_value_or_fixed_source_candidate
meat,,should_not_fill,,no_current_value_or_fixed_source_candidate
mechanic,,should_not_fill,,no_current_value_or_fixed_source_candidate
medal,,should_not_fill,,no_current_value_or_fixed_source_candidate
media,,should_not_fill,,no_current_value_or_fixed_source_candidate
medical,,should_not_fill,,no_current_value_or_fixed_source_candidate
medicine,,should_not_fill,,no_current_value_or_fixed_source_candidate
medium,,should_not_fill,,no_current_value_or_fixed_source_candidate
meet,,auto_fill_candidate,i:meeting,ECDICT_exchange_has_reciprocal_in_vocabulary_candidate_candidate_only_no_write
meeting,,auto_fill_candidate,0:meet,ECDICT_exchange_has_reciprocal_in_vocabulary_candidate_candidate_only_no_write
member,,should_not_fill,,no_current_value_or_fixed_source_candidate
membership,,should_not_fill,,no_current_value_or_fixed_source_candidate
memorial,,should_not_fill,,no_current_value_or_fixed_source_candidate
memory,,should_not_fill,,no_current_value_or_fixed_source_candidate
mental,mentally,reliable_value,mentally,matches_fixed_conservative_affix_policy_and_members_exist
mentally,mental,reliable_value,mental,matches_fixed_conservative_affix_policy_and_members_exist
mention,,should_not_fill,,no_current_value_or_fixed_source_candidate
menu,,should_not_fill,,no_current_value_or_fixed_source_candidate
merchant,,should_not_fill,,no_current_value_or_fixed_source_candidate
mercy,,should_not_fill,,no_current_value_or_fixed_source_candidate
merely,,should_not_fill,,no_current_value_or_fixed_source_candidate
merry,,should_not_fill,,no_current_value_or_fixed_source_candidate
mess,,should_not_fill,,no_current_value_or_fixed_source_candidate
message,,should_not_fill,,no_current_value_or_fixed_source_candidate
metal,,should_not_fill,,no_current_value_or_fixed_source_candidate
meter,,should_not_fill,,no_current_value_or_fixed_source_candidate
method,,should_not_fill,,no_current_value_or_fixed_source_candidate
mexican,,should_not_fill,,no_current_value_or_fixed_source_candidate
mexico,,should_not_fill,,no_current_value_or_fixed_source_candidate
microscope,,should_not_fill,,no_current_value_or_fixed_source_candidate
middle,,should_not_fill,,no_current_value_or_fixed_source_candidate
midnight,,should_not_fill,,no_current_value_or_fixed_source_candidate
might,,should_not_fill,,no_current_value_or_fixed_source_candidate
mild,,should_not_fill,,no_current_value_or_fixed_source_candidate
mile,,should_not_fill,,no_current_value_or_fixed_source_candidate
military,,should_not_fill,,no_current_value_or_fixed_source_candidate
milk,,should_not_fill,,no_current_value_or_fixed_source_candidate
millimetre,,should_not_fill,,no_current_value_or_fixed_source_candidate
million,,should_not_fill,,no_current_value_or_fixed_source_candidate
mind,,should_not_fill,,no_current_value_or_fixed_source_candidate
mine,,should_not_fill,,no_current_value_or_fixed_source_candidate
mineral,,should_not_fill,,no_current_value_or_fixed_source_candidate
minimum,,should_not_fill,,no_current_value_or_fixed_source_candidate
minister,,should_not_fill,,no_current_value_or_fixed_source_candidate
ministry,,should_not_fill,,no_current_value_or_fixed_source_candidate
minor,,should_not_fill,,no_current_value_or_fixed_source_candidate
minority,,should_not_fill,,no_current_value_or_fixed_source_candidate
minute,,should_not_fill,,no_current_value_or_fixed_source_candidate
mirror,,should_not_fill,,no_current_value_or_fixed_source_candidate
miss,,auto_fill_candidate,i:missing,ECDICT_exchange_has_reciprocal_in_vocabulary_candidate_candidate_only_no_write
missile,,should_not_fill,,no_current_value_or_fixed_source_candidate
missing,,auto_fill_candidate,0:miss,ECDICT_exchange_has_reciprocal_in_vocabulary_candidate_candidate_only_no_write
mission,,should_not_fill,,no_current_value_or_fixed_source_candidate
mist,,should_not_fill,,no_current_value_or_fixed_source_candidate
mistake,,should_not_fill,,no_current_value_or_fixed_source_candidate
mix,,should_not_fill,,no_current_value_or_fixed_source_candidate
mixture,,should_not_fill,,no_current_value_or_fixed_source_candidate
mm,,should_not_fill,,no_current_value_or_fixed_source_candidate
mobile,,should_not_fill,,no_current_value_or_fixed_source_candidate
mode,,should_not_fill,,no_current_value_or_fixed_source_candidate
model,,should_not_fill,,no_current_value_or_fixed_source_candidate
modern,,should_not_fill,,no_current_value_or_fixed_source_candidate
modest,,should_not_fill,,no_current_value_or_fixed_source_candidate
moment,,should_not_fill,,no_current_value_or_fixed_source_candidate
monday,,should_not_fill,,no_current_value_or_fixed_source_candidate
money,,should_not_fill,,no_current_value_or_fixed_source_candidate
monitor,,should_not_fill,,no_current_value_or_fixed_source_candidate
monkey,,should_not_fill,,no_current_value_or_fixed_source_candidate
month,monthly,reliable_value,monthly,matches_fixed_conservative_affix_policy_and_members_exist
monthly,month,reliable_value,month,matches_fixed_conservative_affix_policy_and_members_exist
monument,,should_not_fill,,no_current_value_or_fixed_source_candidate
mood,,should_not_fill,,no_current_value_or_fixed_source_candidate
moon,,should_not_fill,,no_current_value_or_fixed_source_candidate
moral,,should_not_fill,,no_current_value_or_fixed_source_candidate
more,,should_not_fill,,no_current_value_or_fixed_source_candidate
moreover,,should_not_fill,,no_current_value_or_fixed_source_candidate
morning,,should_not_fill,,no_current_value_or_fixed_source_candidate
moscow,,should_not_fill,,no_current_value_or_fixed_source_candidate
mosquito,,should_not_fill,,no_current_value_or_fixed_source_candidate
most,mostly,manual_review,mostly,surface_affix_relation_has_known_semantic_or_homograph_risk
mostly,most,manual_review,most,surface_affix_relation_has_known_semantic_or_homograph_risk
mother,,should_not_fill,,no_current_value_or_fixed_source_candidate
motion,,should_not_fill,,no_current_value_or_fixed_source_candidate
motivate,,should_not_fill,,no_current_value_or_fixed_source_candidate
motivation,,should_not_fill,,no_current_value_or_fixed_source_candidate
motive,,should_not_fill,,no_current_value_or_fixed_source_candidate
motor,,should_not_fill,,no_current_value_or_fixed_source_candidate
mount,,should_not_fill,,no_current_value_or_fixed_source_candidate
mountain,,should_not_fill,,no_current_value_or_fixed_source_candidate
mouse,,should_not_fill,,no_current_value_or_fixed_source_candidate
mouth,,should_not_fill,,no_current_value_or_fixed_source_candidate
move,movement,reliable_value,movement,matches_fixed_conservative_affix_policy_and_members_exist
movement,move,reliable_value,move,matches_fixed_conservative_affix_policy_and_members_exist
movie,,should_not_fill,,no_current_value_or_fixed_source_candidate
mr,,should_not_fill,,no_current_value_or_fixed_source_candidate
mrs,,should_not_fill,,no_current_value_or_fixed_source_candidate
ms,,should_not_fill,,no_current_value_or_fixed_source_candidate
much,,should_not_fill,,no_current_value_or_fixed_source_candidate
mud,,should_not_fill,,no_current_value_or_fixed_source_candidate
multiple,,should_not_fill,,no_current_value_or_fixed_source_candidate
murder,,should_not_fill,,no_current_value_or_fixed_source_candidate
muscle,,should_not_fill,,no_current_value_or_fixed_source_candidate
museum,,should_not_fill,,no_current_value_or_fixed_source_candidate
mushroom,,should_not_fill,,no_current_value_or_fixed_source_candidate
music,,should_not_fill,,no_current_value_or_fixed_source_candidate
musical,,should_not_fill,,no_current_value_or_fixed_source_candidate
musician,,should_not_fill,,no_current_value_or_fixed_source_candidate
must,,should_not_fill,,no_current_value_or_fixed_source_candidate
my,,should_not_fill,,no_current_value_or_fixed_source_candidate
myself,,should_not_fill,,no_current_value_or_fixed_source_candidate
nail,,should_not_fill,,no_current_value_or_fixed_source_candidate
name,,should_not_fill,,no_current_value_or_fixed_source_candidate
narrow,,should_not_fill,,no_current_value_or_fixed_source_candidate
nation,,should_not_fill,,no_current_value_or_fixed_source_candidate
national,,should_not_fill,,no_current_value_or_fixed_source_candidate
nationality,,should_not_fill,,no_current_value_or_fixed_source_candidate
native,,should_not_fill,,no_current_value_or_fixed_source_candidate
natural,,should_not_fill,,no_current_value_or_fixed_source_candidate
nature,,should_not_fill,,no_current_value_or_fixed_source_candidate
navy,,should_not_fill,,no_current_value_or_fixed_source_candidate
near,,should_not_fill,,no_current_value_or_fixed_source_candidate
nearby,,should_not_fill,,no_current_value_or_fixed_source_candidate
nearly,,should_not_fill,,no_current_value_or_fixed_source_candidate
neat,,should_not_fill,,no_current_value_or_fixed_source_candidate
necessary,,should_not_fill,,no_current_value_or_fixed_source_candidate
neck,,should_not_fill,,no_current_value_or_fixed_source_candidate
need,,should_not_fill,,no_current_value_or_fixed_source_candidate
needle,,should_not_fill,,no_current_value_or_fixed_source_candidate
negative,,should_not_fill,,no_current_value_or_fixed_source_candidate
negotiate,,should_not_fill,,no_current_value_or_fixed_source_candidate
neighbor,,should_not_fill,,no_current_value_or_fixed_source_candidate
neighborhood,,should_not_fill,,no_current_value_or_fixed_source_candidate
neither,,should_not_fill,,no_current_value_or_fixed_source_candidate
nephew,,should_not_fill,,no_current_value_or_fixed_source_candidate
nervous,,should_not_fill,,no_current_value_or_fixed_source_candidate
nest,,should_not_fill,,no_current_value_or_fixed_source_candidate
net,,should_not_fill,,no_current_value_or_fixed_source_candidate
network,,should_not_fill,,no_current_value_or_fixed_source_candidate
never,,should_not_fill,,no_current_value_or_fixed_source_candidate
nevertheless,,should_not_fill,,no_current_value_or_fixed_source_candidate
new,,should_not_fill,,no_current_value_or_fixed_source_candidate
news,,should_not_fill,,no_current_value_or_fixed_source_candidate
newspaper,,should_not_fill,,no_current_value_or_fixed_source_candidate
next,,should_not_fill,,no_current_value_or_fixed_source_candidate
nice,,should_not_fill,,no_current_value_or_fixed_source_candidate
niece,,should_not_fill,,no_current_value_or_fixed_source_candidate
night,,should_not_fill,,no_current_value_or_fixed_source_candidate
nine,,should_not_fill,,no_current_value_or_fixed_source_candidate
nineteen,,should_not_fill,,no_current_value_or_fixed_source_candidate
ninety,,should_not_fill,,no_current_value_or_fixed_source_candidate
ninth,,should_not_fill,,no_current_value_or_fixed_source_candidate
no,,should_not_fill,,no_current_value_or_fixed_source_candidate
noble,,should_not_fill,,no_current_value_or_fixed_source_candidate
nobody,,should_not_fill,,no_current_value_or_fixed_source_candidate
nod,,should_not_fill,,no_current_value_or_fixed_source_candidate
noise,,should_not_fill,,no_current_value_or_fixed_source_candidate
noisy,,should_not_fill,,no_current_value_or_fixed_source_candidate
nonchalant,,should_not_fill,,no_current_value_or_fixed_source_candidate
none,,should_not_fill,,no_current_value_or_fixed_source_candidate
noodle,,should_not_fill,,no_current_value_or_fixed_source_candidate
noon,,should_not_fill,,no_current_value_or_fixed_source_candidate
nor,,should_not_fill,,no_current_value_or_fixed_source_candidate
normal,,should_not_fill,,no_current_value_or_fixed_source_candidate
north,,should_not_fill,,no_current_value_or_fixed_source_candidate
northeast,,should_not_fill,,no_current_value_or_fixed_source_candidate
northern,,should_not_fill,,no_current_value_or_fixed_source_candidate
northwest,,should_not_fill,,no_current_value_or_fixed_source_candidate
nose,,should_not_fill,,no_current_value_or_fixed_source_candidate
not,,should_not_fill,,no_current_value_or_fixed_source_candidate
note,,should_not_fill,,no_current_value_or_fixed_source_candidate
notebook,,should_not_fill,,no_current_value_or_fixed_source_candidate
nothing,,should_not_fill,,no_current_value_or_fixed_source_candidate
notice,,should_not_fill,,no_current_value_or_fixed_source_candidate
novel,,should_not_fill,,no_current_value_or_fixed_source_candidate
novelist,,should_not_fill,,no_current_value_or_fixed_source_candidate
november,,should_not_fill,,no_current_value_or_fixed_source_candidate
now,,should_not_fill,,no_current_value_or_fixed_source_candidate
nowadays,,should_not_fill,,no_current_value_or_fixed_source_candidate
nowhere,,should_not_fill,,no_current_value_or_fixed_source_candidate
nuclear,,should_not_fill,,no_current_value_or_fixed_source_candidate
number,,should_not_fill,,no_current_value_or_fixed_source_candidate
nurse,,should_not_fill,,no_current_value_or_fixed_source_candidate
nursery,,should_not_fill,,no_current_value_or_fixed_source_candidate
nut,,should_not_fill,,no_current_value_or_fixed_source_candidate
nutrition,,should_not_fill,,no_current_value_or_fixed_source_candidate
o'clock,,should_not_fill,,no_current_value_or_fixed_source_candidate
object,,should_not_fill,,no_current_value_or_fixed_source_candidate
objective,,should_not_fill,,no_current_value_or_fixed_source_candidate
obscure,,should_not_fill,,no_current_value_or_fixed_source_candidate
observe,,should_not_fill,,no_current_value_or_fixed_source_candidate
obtain,,should_not_fill,,no_current_value_or_fixed_source_candidate
obvious,obviously,reliable_value,obviously,matches_fixed_conservative_affix_policy_and_members_exist
obviously,obvious,reliable_value,obvious,matches_fixed_conservative_affix_policy_and_members_exist
occasion,,should_not_fill,,no_current_value_or_fixed_source_candidate
occupation,,should_not_fill,,no_current_value_or_fixed_source_candidate
occupy,,should_not_fill,,no_current_value_or_fixed_source_candidate
occur,,should_not_fill,,no_current_value_or_fixed_source_candidate
ocean,,should_not_fill,,no_current_value_or_fixed_source_candidate
october,,should_not_fill,,no_current_value_or_fixed_source_candidate
odd,,should_not_fill,,no_current_value_or_fixed_source_candidate
of,,should_not_fill,,no_current_value_or_fixed_source_candidate
off,,should_not_fill,,no_current_value_or_fixed_source_candidate
offer,,should_not_fill,,no_current_value_or_fixed_source_candidate
office,,should_not_fill,,no_current_value_or_fixed_source_candidate
officer,,should_not_fill,,no_current_value_or_fixed_source_candidate
official,,should_not_fill,,no_current_value_or_fixed_source_candidate
often,,should_not_fill,,no_current_value_or_fixed_source_candidate
oh,,should_not_fill,,no_current_value_or_fixed_source_candidate
oil,,should_not_fill,,no_current_value_or_fixed_source_candidate
ok,,should_not_fill,,no_current_value_or_fixed_source_candidate
old,,should_not_fill,,no_current_value_or_fixed_source_candidate
olympics,,should_not_fill,,no_current_value_or_fixed_source_candidate
on,,should_not_fill,,no_current_value_or_fixed_source_candidate
once,,should_not_fill,,no_current_value_or_fixed_source_candidate
one,,should_not_fill,,no_current_value_or_fixed_source_candidate
onion,,should_not_fill,,no_current_value_or_fixed_source_candidate
online,,should_not_fill,,no_current_value_or_fixed_source_candidate
only,,should_not_fill,,no_current_value_or_fixed_source_candidate
onto,,should_not_fill,,no_current_value_or_fixed_source_candidate
open,,auto_fill_candidate,i:opening,ECDICT_exchange_has_reciprocal_in_vocabulary_candidate_candidate_only_no_write
opening,,auto_fill_candidate,0:open,ECDICT_exchange_has_reciprocal_in_vocabulary_candidate_candidate_only_no_write
opera,,should_not_fill,,no_current_value_or_fixed_source_candidate
operate,,should_not_fill,,no_current_value_or_fixed_source_candidate
operation,,should_not_fill,,no_current_value_or_fixed_source_candidate
operator,,should_not_fill,,no_current_value_or_fixed_source_candidate
opinion,,should_not_fill,,no_current_value_or_fixed_source_candidate
opponent,,should_not_fill,,no_current_value_or_fixed_source_candidate
opportunity,,should_not_fill,,no_current_value_or_fixed_source_candidate
oppose,,should_not_fill,,no_current_value_or_fixed_source_candidate
opposite,,should_not_fill,,no_current_value_or_fixed_source_candidate
optimistic,,should_not_fill,,no_current_value_or_fixed_source_candidate
option,,should_not_fill,,no_current_value_or_fixed_source_candidate
or,,should_not_fill,,no_current_value_or_fixed_source_candidate
oral,,should_not_fill,,no_current_value_or_fixed_source_candidate
orange,,should_not_fill,,no_current_value_or_fixed_source_candidate
orbit,,should_not_fill,,no_current_value_or_fixed_source_candidate
order,,should_not_fill,,no_current_value_or_fixed_source_candidate
ordinary,,should_not_fill,,no_current_value_or_fixed_source_candidate
organ,,should_not_fill,,no_current_value_or_fixed_source_candidate
organic,,should_not_fill,,no_current_value_or_fixed_source_candidate
organisation,,should_not_fill,,no_current_value_or_fixed_source_candidate
organization,,should_not_fill,,no_current_value_or_fixed_source_candidate
origin,,should_not_fill,,no_current_value_or_fixed_source_candidate
original,,should_not_fill,,no_current_value_or_fixed_source_candidate
other,,should_not_fill,,no_current_value_or_fixed_source_candidate
otherwise,,should_not_fill,,no_current_value_or_fixed_source_candidate
ought,,should_not_fill,,no_current_value_or_fixed_source_candidate
our,,should_not_fill,,no_current_value_or_fixed_source_candidate
ours,,should_not_fill,,no_current_value_or_fixed_source_candidate
ourselves,,should_not_fill,,no_current_value_or_fixed_source_candidate
out,,should_not_fill,,no_current_value_or_fixed_source_candidate
outcome,,should_not_fill,,no_current_value_or_fixed_source_candidate
outer,,should_not_fill,,no_current_value_or_fixed_source_candidate
outgoing,,should_not_fill,,no_current_value_or_fixed_source_candidate
outline,,should_not_fill,,no_current_value_or_fixed_source_candidate
output,,should_not_fill,,no_current_value_or_fixed_source_candidate
outside,,should_not_fill,,no_current_value_or_fixed_source_candidate
outstanding,,should_not_fill,,no_current_value_or_fixed_source_candidate
over,,should_not_fill,,no_current_value_or_fixed_source_candidate
overall,,should_not_fill,,no_current_value_or_fixed_source_candidate
overcome,,should_not_fill,,no_current_value_or_fixed_source_candidate
overlook,,should_not_fill,,no_current_value_or_fixed_source_candidate
overseas,,should_not_fill,,no_current_value_or_fixed_source_candidate
owe,,should_not_fill,,no_current_value_or_fixed_source_candidate
own,,should_not_fill,,no_current_value_or_fixed_source_candidate
owner,,should_not_fill,,no_current_value_or_fixed_source_candidate
ownership,,should_not_fill,,no_current_value_or_fixed_source_candidate
oxygen,,should_not_fill,,no_current_value_or_fixed_source_candidate
p.m.,,should_not_fill,,no_current_value_or_fixed_source_candidate
pace,,should_not_fill,,no_current_value_or_fixed_source_candidate
pacific,,should_not_fill,,no_current_value_or_fixed_source_candidate
pack,,should_not_fill,,no_current_value_or_fixed_source_candidate
package,,should_not_fill,,no_current_value_or_fixed_source_candidate
packet,,should_not_fill,,no_current_value_or_fixed_source_candidate
page,,should_not_fill,,no_current_value_or_fixed_source_candidate
pain,painful,reliable_value,painful,matches_fixed_conservative_affix_policy_and_members_exist
painful,pain,reliable_value,pain,matches_fixed_conservative_affix_policy_and_members_exist
paint,painting,manual_review,painting,does_not_match_recorded_generation_policy
painter,,should_not_fill,,no_current_value_or_fixed_source_candidate
painting,paint,manual_review,paint,does_not_match_recorded_generation_policy
pair,,should_not_fill,,no_current_value_or_fixed_source_candidate
palace,,should_not_fill,,no_current_value_or_fixed_source_candidate
pale,,should_not_fill,,no_current_value_or_fixed_source_candidate
pan,,should_not_fill,,no_current_value_or_fixed_source_candidate
pancake,,should_not_fill,,no_current_value_or_fixed_source_candidate
panda,,should_not_fill,,no_current_value_or_fixed_source_candidate
panel,,should_not_fill,,no_current_value_or_fixed_source_candidate
panic,,should_not_fill,,no_current_value_or_fixed_source_candidate
paper,,should_not_fill,,no_current_value_or_fixed_source_candidate
paragraph,,should_not_fill,,no_current_value_or_fixed_source_candidate
parallel,,should_not_fill,,no_current_value_or_fixed_source_candidate
parcel,,should_not_fill,,no_current_value_or_fixed_source_candidate
pardon,,should_not_fill,,no_current_value_or_fixed_source_candidate
parent,,should_not_fill,,no_current_value_or_fixed_source_candidate
paris,,should_not_fill,,no_current_value_or_fixed_source_candidate
park,,auto_fill_candidate,i:parking,ECDICT_exchange_has_reciprocal_in_vocabulary_candidate_candidate_only_no_write
parking,,auto_fill_candidate,0:park,ECDICT_exchange_has_reciprocal_in_vocabulary_candidate_candidate_only_no_write
part,partly,reliable_value,partly,matches_fixed_conservative_affix_policy_and_members_exist
participate,,should_not_fill,,no_current_value_or_fixed_source_candidate
particular,,should_not_fill,,no_current_value_or_fixed_source_candidate
partly,part,reliable_value,part,matches_fixed_conservative_affix_policy_and_members_exist
partner,,should_not_fill,,no_current_value_or_fixed_source_candidate
party,,should_not_fill,,no_current_value_or_fixed_source_candidate
pass,,should_not_fill,,no_current_value_or_fixed_source_candidate
passage,,should_not_fill,,no_current_value_or_fixed_source_candidate
passenger,,should_not_fill,,no_current_value_or_fixed_source_candidate
passion,,should_not_fill,,no_current_value_or_fixed_source_candidate
passive,,should_not_fill,,no_current_value_or_fixed_source_candidate
passport,,should_not_fill,,no_current_value_or_fixed_source_candidate
past,,should_not_fill,,no_current_value_or_fixed_source_candidate
patent,,should_not_fill,,no_current_value_or_fixed_source_candidate
path,,should_not_fill,,no_current_value_or_fixed_source_candidate
patience,,should_not_fill,,no_current_value_or_fixed_source_candidate
patient,,should_not_fill,,no_current_value_or_fixed_source_candidate
pattern,,should_not_fill,,no_current_value_or_fixed_source_candidate
pause,,should_not_fill,,no_current_value_or_fixed_source_candidate
pay,,should_not_fill,,no_current_value_or_fixed_source_candidate
peace,peaceful,reliable_value,peaceful,matches_fixed_conservative_affix_policy_and_members_exist
peaceful,peace,reliable_value,peace,matches_fixed_conservative_affix_policy_and_members_exist
peak,,should_not_fill,,no_current_value_or_fixed_source_candidate
pear,,should_not_fill,,no_current_value_or_fixed_source_candidate
peasant,,should_not_fill,,no_current_value_or_fixed_source_candidate
pen,,should_not_fill,,no_current_value_or_fixed_source_candidate
pencil,,should_not_fill,,no_current_value_or_fixed_source_candidate
penny,,should_not_fill,,no_current_value_or_fixed_source_candidate
pension,,should_not_fill,,no_current_value_or_fixed_source_candidate
people,,should_not_fill,,no_current_value_or_fixed_source_candidate
pepper,,should_not_fill,,no_current_value_or_fixed_source_candidate
per,,should_not_fill,,no_current_value_or_fixed_source_candidate
perceive,,should_not_fill,,no_current_value_or_fixed_source_candidate
percent,,should_not_fill,,no_current_value_or_fixed_source_candidate
percentage,,should_not_fill,,no_current_value_or_fixed_source_candidate
perfect,,should_not_fill,,no_current_value_or_fixed_source_candidate
perform,,should_not_fill,,no_current_value_or_fixed_source_candidate
performance,,should_not_fill,,no_current_value_or_fixed_source_candidate
performer,,should_not_fill,,no_current_value_or_fixed_source_candidate
perhaps,,should_not_fill,,no_current_value_or_fixed_source_candidate
period,,should_not_fill,,no_current_value_or_fixed_source_candidate
permanent,,should_not_fill,,no_current_value_or_fixed_source_candidate
permission,,should_not_fill,,no_current_value_or_fixed_source_candidate
permit,,should_not_fill,,no_current_value_or_fixed_source_candidate
persevere,,should_not_fill,,no_current_value_or_fixed_source_candidate
persist,,should_not_fill,,no_current_value_or_fixed_source_candidate
person,,should_not_fill,,no_current_value_or_fixed_source_candidate
personal,personally,reliable_value,personally,matches_fixed_conservative_affix_policy_and_members_exist
personality,,should_not_fill,,no_current_value_or_fixed_source_candidate
personally,personal,reliable_value,personal,matches_fixed_conservative_affix_policy_and_members_exist
personnel,,should_not_fill,,no_current_value_or_fixed_source_candidate
persuade,,should_not_fill,,no_current_value_or_fixed_source_candidate
pessimistic,,should_not_fill,,no_current_value_or_fixed_source_candidate
pet,,should_not_fill,,no_current_value_or_fixed_source_candidate
petrol,,should_not_fill,,no_current_value_or_fixed_source_candidate
phase,,should_not_fill,,no_current_value_or_fixed_source_candidate
phenomenon,,should_not_fill,,no_current_value_or_fixed_source_candidate
philosophy,,should_not_fill,,no_current_value_or_fixed_source_candidate
phone,,should_not_fill,,no_current_value_or_fixed_source_candidate
photo,,should_not_fill,,no_current_value_or_fixed_source_candidate
photograph,,should_not_fill,,no_current_value_or_fixed_source_candidate
photographer,,should_not_fill,,no_current_value_or_fixed_source_candidate
phrase,,should_not_fill,,no_current_value_or_fixed_source_candidate
physical,,should_not_fill,,no_current_value_or_fixed_source_candidate
physician,,should_not_fill,,no_current_value_or_fixed_source_candidate
physics,,should_not_fill,,no_current_value_or_fixed_source_candidate
piano,,should_not_fill,,no_current_value_or_fixed_source_candidate
pick,,should_not_fill,,no_current_value_or_fixed_source_candidate
picnic,,should_not_fill,,no_current_value_or_fixed_source_candidate
picture,,should_not_fill,,no_current_value_or_fixed_source_candidate
pie,,should_not_fill,,no_current_value_or_fixed_source_candidate
piece,,should_not_fill,,no_current_value_or_fixed_source_candidate
pig,,should_not_fill,,no_current_value_or_fixed_source_candidate
pile,,should_not_fill,,no_current_value_or_fixed_source_candidate
pill,,should_not_fill,,no_current_value_or_fixed_source_candidate
pillow,,should_not_fill,,no_current_value_or_fixed_source_candidate
pilot,,should_not_fill,,no_current_value_or_fixed_source_candidate
pin,,should_not_fill,,no_current_value_or_fixed_source_candidate
pine,,should_not_fill,,no_current_value_or_fixed_source_candidate
pink,,should_not_fill,,no_current_value_or_fixed_source_candidate
pint,,should_not_fill,,no_current_value_or_fixed_source_candidate
pioneer,,should_not_fill,,no_current_value_or_fixed_source_candidate
pipe,,should_not_fill,,no_current_value_or_fixed_source_candidate
pity,,should_not_fill,,no_current_value_or_fixed_source_candidate
place,,should_not_fill,,no_current_value_or_fixed_source_candidate
plain,,should_not_fill,,no_current_value_or_fixed_source_candidate
plan,,should_not_fill,,no_current_value_or_fixed_source_candidate
plane,,should_not_fill,,no_current_value_or_fixed_source_candidate
planet,,should_not_fill,,no_current_value_or_fixed_source_candidate
plant,,should_not_fill,,no_current_value_or_fixed_source_candidate
plastic,,should_not_fill,,no_current_value_or_fixed_source_candidate
plate,,should_not_fill,,no_current_value_or_fixed_source_candidate
platform,,should_not_fill,,no_current_value_or_fixed_source_candidate
play,,should_not_fill,,no_current_value_or_fixed_source_candidate
player,,should_not_fill,,no_current_value_or_fixed_source_candidate
playground,,should_not_fill,,no_current_value_or_fixed_source_candidate
pleasant,,should_not_fill,,no_current_value_or_fixed_source_candidate
please,,auto_fill_candidate,"p:pleased,d:pleased",ECDICT_exchange_has_reciprocal_in_vocabulary_candidate_candidate_only_no_write
pleased,,auto_fill_candidate,0:please,ECDICT_exchange_has_reciprocal_in_vocabulary_candidate_candidate_only_no_write
pleasure,,should_not_fill,,no_current_value_or_fixed_source_candidate
plenty,,should_not_fill,,no_current_value_or_fixed_source_candidate
plot,,should_not_fill,,no_current_value_or_fixed_source_candidate
plug,,should_not_fill,,no_current_value_or_fixed_source_candidate
plus,,should_not_fill,,no_current_value_or_fixed_source_candidate
pocket,,should_not_fill,,no_current_value_or_fixed_source_candidate
poem,,should_not_fill,,no_current_value_or_fixed_source_candidate
poet,,should_not_fill,,no_current_value_or_fixed_source_candidate
poetry,,should_not_fill,,no_current_value_or_fixed_source_candidate
point,,should_not_fill,,no_current_value_or_fixed_source_candidate
poison,,should_not_fill,,no_current_value_or_fixed_source_candidate
polar,,should_not_fill,,no_current_value_or_fixed_source_candidate
pole,,should_not_fill,,no_current_value_or_fixed_source_candidate
police,,should_not_fill,,no_current_value_or_fixed_source_candidate
policeman,,should_not_fill,,no_current_value_or_fixed_source_candidate
policewoman,,should_not_fill,,no_current_value_or_fixed_source_candidate
policy,,should_not_fill,,no_current_value_or_fixed_source_candidate
polish,,should_not_fill,,no_current_value_or_fixed_source_candidate
polite,,should_not_fill,,no_current_value_or_fixed_source_candidate
political,,should_not_fill,,no_current_value_or_fixed_source_candidate
politician,,should_not_fill,,no_current_value_or_fixed_source_candidate
politics,,should_not_fill,,no_current_value_or_fixed_source_candidate
pollute,,should_not_fill,,no_current_value_or_fixed_source_candidate
pollution,,should_not_fill,,no_current_value_or_fixed_source_candidate
pond,,should_not_fill,,no_current_value_or_fixed_source_candidate
pool,,should_not_fill,,no_current_value_or_fixed_source_candidate
poor,,should_not_fill,,no_current_value_or_fixed_source_candidate
popular,,should_not_fill,,no_current_value_or_fixed_source_candidate
population,,should_not_fill,,no_current_value_or_fixed_source_candidate
pork,,should_not_fill,,no_current_value_or_fixed_source_candidate
port,,should_not_fill,,no_current_value_or_fixed_source_candidate
pose,,should_not_fill,,no_current_value_or_fixed_source_candidate
position,,should_not_fill,,no_current_value_or_fixed_source_candidate
positive,,should_not_fill,,no_current_value_or_fixed_source_candidate
possess,,should_not_fill,,no_current_value_or_fixed_source_candidate
possession,,should_not_fill,,no_current_value_or_fixed_source_candidate
possibility,,should_not_fill,,no_current_value_or_fixed_source_candidate
possible,,should_not_fill,,no_current_value_or_fixed_source_candidate
post,,should_not_fill,,no_current_value_or_fixed_source_candidate
postcard,,should_not_fill,,no_current_value_or_fixed_source_candidate
poster,,should_not_fill,,no_current_value_or_fixed_source_candidate
postman,,should_not_fill,,no_current_value_or_fixed_source_candidate
postpone,,should_not_fill,,no_current_value_or_fixed_source_candidate
pot,,should_not_fill,,no_current_value_or_fixed_source_candidate
potato,,should_not_fill,,no_current_value_or_fixed_source_candidate
potential,,should_not_fill,,no_current_value_or_fixed_source_candidate
pound,,should_not_fill,,no_current_value_or_fixed_source_candidate
pour,,should_not_fill,,no_current_value_or_fixed_source_candidate
powder,,should_not_fill,,no_current_value_or_fixed_source_candidate
power,powerful,reliable_value,powerful,matches_fixed_conservative_affix_policy_and_members_exist
powerful,power,reliable_value,power,matches_fixed_conservative_affix_policy_and_members_exist
practical,,should_not_fill,,no_current_value_or_fixed_source_candidate
practice,,should_not_fill,,no_current_value_or_fixed_source_candidate
praise,,should_not_fill,,no_current_value_or_fixed_source_candidate
pray,,should_not_fill,,no_current_value_or_fixed_source_candidate
prayer,,should_not_fill,,no_current_value_or_fixed_source_candidate
precious,,should_not_fill,,no_current_value_or_fixed_source_candidate
precise,precisely,reliable_value,precisely,matches_fixed_conservative_affix_policy_and_members_exist
precisely,precise,reliable_value,precise,matches_fixed_conservative_affix_policy_and_members_exist
predict,,should_not_fill,,no_current_value_or_fixed_source_candidate
prefer,,should_not_fill,,no_current_value_or_fixed_source_candidate
preference,,should_not_fill,,no_current_value_or_fixed_source_candidate
pregnant,,should_not_fill,,no_current_value_or_fixed_source_candidate
prejudice,,should_not_fill,,no_current_value_or_fixed_source_candidate
premier,,should_not_fill,,no_current_value_or_fixed_source_candidate
preparation,,should_not_fill,,no_current_value_or_fixed_source_candidate
prepare,,should_not_fill,,no_current_value_or_fixed_source_candidate
prescription,,should_not_fill,,no_current_value_or_fixed_source_candidate
present,,should_not_fill,,no_current_value_or_fixed_source_candidate
presentation,,should_not_fill,,no_current_value_or_fixed_source_candidate
preserve,,should_not_fill,,no_current_value_or_fixed_source_candidate
president,,should_not_fill,,no_current_value_or_fixed_source_candidate
press,,should_not_fill,,no_current_value_or_fixed_source_candidate
pressure,,should_not_fill,,no_current_value_or_fixed_source_candidate
pretend,,should_not_fill,,no_current_value_or_fixed_source_candidate
pretty,,should_not_fill,,no_current_value_or_fixed_source_candidate
prevent,,should_not_fill,,no_current_value_or_fixed_source_candidate
previous,,should_not_fill,,no_current_value_or_fixed_source_candidate
price,,should_not_fill,,no_current_value_or_fixed_source_candidate
pride,,should_not_fill,,no_current_value_or_fixed_source_candidate
primary,,should_not_fill,,no_current_value_or_fixed_source_candidate
primitive,,should_not_fill,,no_current_value_or_fixed_source_candidate
principle,,should_not_fill,,no_current_value_or_fixed_source_candidate
print,,should_not_fill,,no_current_value_or_fixed_source_candidate
printer,,should_not_fill,,no_current_value_or_fixed_source_candidate
prior,,should_not_fill,,no_current_value_or_fixed_source_candidate
priority,,should_not_fill,,no_current_value_or_fixed_source_candidate
prison,,should_not_fill,,no_current_value_or_fixed_source_candidate
prisoner,,should_not_fill,,no_current_value_or_fixed_source_candidate
private,,should_not_fill,,no_current_value_or_fixed_source_candidate
privilege,,should_not_fill,,no_current_value_or_fixed_source_candidate
prize,,should_not_fill,,no_current_value_or_fixed_source_candidate
probably,,should_not_fill,,no_current_value_or_fixed_source_candidate
problem,,should_not_fill,,no_current_value_or_fixed_source_candidate
procedure,,should_not_fill,,no_current_value_or_fixed_source_candidate
proceed,,should_not_fill,,no_current_value_or_fixed_source_candidate
process,,should_not_fill,,no_current_value_or_fixed_source_candidate
produce,,should_not_fill,,no_current_value_or_fixed_source_candidate
product,,should_not_fill,,no_current_value_or_fixed_source_candidate
production,,should_not_fill,,no_current_value_or_fixed_source_candidate
profession,,should_not_fill,,no_current_value_or_fixed_source_candidate
professional,,should_not_fill,,no_current_value_or_fixed_source_candidate
professor,,should_not_fill,,no_current_value_or_fixed_source_candidate
profile,,should_not_fill,,no_current_value_or_fixed_source_candidate
profit,,should_not_fill,,no_current_value_or_fixed_source_candidate
program,,should_not_fill,,no_current_value_or_fixed_source_candidate
progress,,should_not_fill,,no_current_value_or_fixed_source_candidate
prohibit,,should_not_fill,,no_current_value_or_fixed_source_candidate
project,,should_not_fill,,no_current_value_or_fixed_source_candidate
promise,,should_not_fill,,no_current_value_or_fixed_source_candidate
promote,,should_not_fill,,no_current_value_or_fixed_source_candidate
pronounce,,should_not_fill,,no_current_value_or_fixed_source_candidate
pronunciation,,should_not_fill,,no_current_value_or_fixed_source_candidate
proof,,should_not_fill,,no_current_value_or_fixed_source_candidate
proper,properly,reliable_value,properly,matches_fixed_conservative_affix_policy_and_members_exist
properly,proper,reliable_value,proper,matches_fixed_conservative_affix_policy_and_members_exist
property,,should_not_fill,,no_current_value_or_fixed_source_candidate
proposal,,should_not_fill,,no_current_value_or_fixed_source_candidate
prospect,,should_not_fill,,no_current_value_or_fixed_source_candidate
protect,,should_not_fill,,no_current_value_or_fixed_source_candidate
protection,,should_not_fill,,no_current_value_or_fixed_source_candidate
protein,,should_not_fill,,no_current_value_or_fixed_source_candidate
protest,,should_not_fill,,no_current_value_or_fixed_source_candidate
proud,,should_not_fill,,no_current_value_or_fixed_source_candidate
prove,,should_not_fill,,no_current_value_or_fixed_source_candidate
provide,,should_not_fill,,no_current_value_or_fixed_source_candidate
province,,should_not_fill,,no_current_value_or_fixed_source_candidate
psychology,,should_not_fill,,no_current_value_or_fixed_source_candidate
pub,,should_not_fill,,no_current_value_or_fixed_source_candidate
public,publicly,reliable_value,publicly,matches_fixed_conservative_affix_policy_and_members_exist
publicly,public,reliable_value,public,matches_fixed_conservative_affix_policy_and_members_exist
publish,,should_not_fill,,no_current_value_or_fixed_source_candidate
pudding,,should_not_fill,,no_current_value_or_fixed_source_candidate
pull,,should_not_fill,,no_current_value_or_fixed_source_candidate
pulse,,should_not_fill,,no_current_value_or_fixed_source_candidate
pump,,should_not_fill,,no_current_value_or_fixed_source_candidate
punish,punishment,reliable_value,punishment,matches_fixed_conservative_affix_policy_and_members_exist
punishment,punish,reliable_value,punish,matches_fixed_conservative_affix_policy_and_members_exist
pupil,,should_not_fill,,no_current_value_or_fixed_source_candidate
purchase,,should_not_fill,,no_current_value_or_fixed_source_candidate
pure,,should_not_fill,,no_current_value_or_fixed_source_candidate
purple,,should_not_fill,,no_current_value_or_fixed_source_candidate
purpose,,should_not_fill,,no_current_value_or_fixed_source_candidate
purse,,should_not_fill,,no_current_value_or_fixed_source_candidate
pursue,,should_not_fill,,no_current_value_or_fixed_source_candidate
push,,should_not_fill,,no_current_value_or_fixed_source_candidate
put,,should_not_fill,,no_current_value_or_fixed_source_candidate
puzzle,,should_not_fill,,no_current_value_or_fixed_source_candidate
qualification,,should_not_fill,,no_current_value_or_fixed_source_candidate
qualify,,should_not_fill,,no_current_value_or_fixed_source_candidate
quality,,should_not_fill,,no_current_value_or_fixed_source_candidate
quantity,,should_not_fill,,no_current_value_or_fixed_source_candidate
quarter,,should_not_fill,,no_current_value_or_fixed_source_candidate
queen,,should_not_fill,,no_current_value_or_fixed_source_candidate
question,,should_not_fill,,no_current_value_or_fixed_source_candidate
questionnaire,,should_not_fill,,no_current_value_or_fixed_source_candidate
quick,,should_not_fill,,no_current_value_or_fixed_source_candidate
quiet,,should_not_fill,,no_current_value_or_fixed_source_candidate
quit,,should_not_fill,,no_current_value_or_fixed_source_candidate
quite,,should_not_fill,,no_current_value_or_fixed_source_candidate
quote,,should_not_fill,,no_current_value_or_fixed_source_candidate
rabbit,,should_not_fill,,no_current_value_or_fixed_source_candidate
race,,should_not_fill,,no_current_value_or_fixed_source_candidate
racial,,should_not_fill,,no_current_value_or_fixed_source_candidate
radiation,,should_not_fill,,no_current_value_or_fixed_source_candidate
radio,,should_not_fill,,no_current_value_or_fixed_source_candidate
radium,,should_not_fill,,no_current_value_or_fixed_source_candidate
rail,,should_not_fill,,no_current_value_or_fixed_source_candidate
railway,,should_not_fill,,no_current_value_or_fixed_source_candidate
rain,,should_not_fill,,no_current_value_or_fixed_source_candidate
rainbow,,should_not_fill,,no_current_value_or_fixed_source_candidate
rainy,,should_not_fill,,no_current_value_or_fixed_source_candidate
raise,,should_not_fill,,no_current_value_or_fixed_source_candidate
random,,should_not_fill,,no_current_value_or_fixed_source_candidate
range,,should_not_fill,,no_current_value_or_fixed_source_candidate
rank,,should_not_fill,,no_current_value_or_fixed_source_candidate
rapid,,should_not_fill,,no_current_value_or_fixed_source_candidate
rare,,should_not_fill,,no_current_value_or_fixed_source_candidate
rat,,should_not_fill,,no_current_value_or_fixed_source_candidate
rate,,auto_fill_candidate,i:rating,ECDICT_exchange_has_reciprocal_in_vocabulary_candidate_candidate_only_no_write
rather,,should_not_fill,,no_current_value_or_fixed_source_candidate
rating,,auto_fill_candidate,0:rate,ECDICT_exchange_has_reciprocal_in_vocabulary_candidate_candidate_only_no_write
raw,,should_not_fill,,no_current_value_or_fixed_source_candidate
ray,,should_not_fill,,no_current_value_or_fixed_source_candidate
reach,,should_not_fill,,no_current_value_or_fixed_source_candidate
react,,should_not_fill,,no_current_value_or_fixed_source_candidate
reaction,,should_not_fill,,no_current_value_or_fixed_source_candidate
read,,auto_fill_candidate,i:reading,ECDICT_exchange_has_reciprocal_in_vocabulary_candidate_candidate_only_no_write
reading,,auto_fill_candidate,0:read,ECDICT_exchange_has_reciprocal_in_vocabulary_candidate_candidate_only_no_write
ready,,should_not_fill,,no_current_value_or_fixed_source_candidate
real,really,reliable_value,really,matches_fixed_conservative_affix_policy_and_members_exist
realise,,should_not_fill,,no_current_value_or_fixed_source_candidate
realistic,,should_not_fill,,no_current_value_or_fixed_source_candidate
reality,,should_not_fill,,no_current_value_or_fixed_source_candidate
really,real,reliable_value,real,matches_fixed_conservative_affix_policy_and_members_exist
reason,,should_not_fill,,no_current_value_or_fixed_source_candidate
reasonable,,should_not_fill,,no_current_value_or_fixed_source_candidate
rebuild,,should_not_fill,,no_current_value_or_fixed_source_candidate
recall,,should_not_fill,,no_current_value_or_fixed_source_candidate
receipt,,should_not_fill,,no_current_value_or_fixed_source_candidate
receive,,should_not_fill,,no_current_value_or_fixed_source_candidate
receiver,,should_not_fill,,no_current_value_or_fixed_source_candidate
recent,recently,reliable_value,recently,matches_fixed_conservative_affix_policy_and_members_exist
recently,recent,reliable_value,recent,matches_fixed_conservative_affix_policy_and_members_exist
reception,,should_not_fill,,no_current_value_or_fixed_source_candidate
receptionist,,should_not_fill,,no_current_value_or_fixed_source_candidate
recipe,,should_not_fill,,no_current_value_or_fixed_source_candidate
recite,,should_not_fill,,no_current_value_or_fixed_source_candidate
recognise,,should_not_fill,,no_current_value_or_fixed_source_candidate
recognition,,should_not_fill,,no_current_value_or_fixed_source_candidate
recommend,,should_not_fill,,no_current_value_or_fixed_source_candidate
record,,auto_fill_candidate,i:recording,ECDICT_exchange_has_reciprocal_in_vocabulary_candidate_candidate_only_no_write
recording,,auto_fill_candidate,0:record,ECDICT_exchange_has_reciprocal_in_vocabulary_candidate_candidate_only_no_write
recover,,should_not_fill,,no_current_value_or_fixed_source_candidate
recreation,,should_not_fill,,no_current_value_or_fixed_source_candidate
recycle,,should_not_fill,,no_current_value_or_fixed_source_candidate
red,,should_not_fill,,no_current_value_or_fixed_source_candidate
reduce,,should_not_fill,,no_current_value_or_fixed_source_candidate
refer,,should_not_fill,,no_current_value_or_fixed_source_candidate
reference,,should_not_fill,,no_current_value_or_fixed_source_candidate
reflect,,should_not_fill,,no_current_value_or_fixed_source_candidate
reform,,should_not_fill,,no_current_value_or_fixed_source_candidate
refresh,,should_not_fill,,no_current_value_or_fixed_source_candidate
refrigerator,,should_not_fill,,no_current_value_or_fixed_source_candidate
refusal,,should_not_fill,,no_current_value_or_fixed_source_candidate
refuse,,should_not_fill,,no_current_value_or_fixed_source_candidate
regard,regardless,reliable_value,regardless,matches_fixed_conservative_affix_policy_and_members_exist
regardless,regard,reliable_value,regard,matches_fixed_conservative_affix_policy_and_members_exist
region,,should_not_fill,,no_current_value_or_fixed_source_candidate
register,,should_not_fill,,no_current_value_or_fixed_source_candidate
regret,,should_not_fill,,no_current_value_or_fixed_source_candidate
regular,,should_not_fill,,no_current_value_or_fixed_source_candidate
regulation,,should_not_fill,,no_current_value_or_fixed_source_candidate
reject,,should_not_fill,,no_current_value_or_fixed_source_candidate
relate,,should_not_fill,,no_current_value_or_fixed_source_candidate
relation,,should_not_fill,,no_current_value_or_fixed_source_candidate
relationship,,should_not_fill,,no_current_value_or_fixed_source_candidate
relative,,should_not_fill,,no_current_value_or_fixed_source_candidate
relax,,should_not_fill,,no_current_value_or_fixed_source_candidate
relay,,should_not_fill,,no_current_value_or_fixed_source_candidate
release,,should_not_fill,,no_current_value_or_fixed_source_candidate
relevant,,should_not_fill,,no_current_value_or_fixed_source_candidate
reliable,,should_not_fill,,no_current_value_or_fixed_source_candidate
relief,,should_not_fill,,no_current_value_or_fixed_source_candidate
religion,,should_not_fill,,no_current_value_or_fixed_source_candidate
religious,,should_not_fill,,no_current_value_or_fixed_source_candidate
rely,,should_not_fill,,no_current_value_or_fixed_source_candidate
remain,,should_not_fill,,no_current_value_or_fixed_source_candidate
remark,,should_not_fill,,no_current_value_or_fixed_source_candidate
remarkable,,should_not_fill,,no_current_value_or_fixed_source_candidate
remember,,should_not_fill,,no_current_value_or_fixed_source_candidate
remind,,should_not_fill,,no_current_value_or_fixed_source_candidate
remote,,should_not_fill,,no_current_value_or_fixed_source_candidate
remove,,should_not_fill,,no_current_value_or_fixed_source_candidate
rent,,should_not_fill,,no_current_value_or_fixed_source_candidate
repair,,should_not_fill,,no_current_value_or_fixed_source_candidate
repeat,,should_not_fill,,no_current_value_or_fixed_source_candidate
replace,,should_not_fill,,no_current_value_or_fixed_source_candidate
reply,,should_not_fill,,no_current_value_or_fixed_source_candidate
report,,should_not_fill,,no_current_value_or_fixed_source_candidate
reporter,,should_not_fill,,no_current_value_or_fixed_source_candidate
represent,,should_not_fill,,no_current_value_or_fixed_source_candidate
representative,,should_not_fill,,no_current_value_or_fixed_source_candidate
republic,,should_not_fill,,no_current_value_or_fixed_source_candidate
reputation,,should_not_fill,,no_current_value_or_fixed_source_candidate
request,,should_not_fill,,no_current_value_or_fixed_source_candidate
require,requirement,reliable_value,requirement,matches_fixed_conservative_affix_policy_and_members_exist
requirement,require,reliable_value,require,matches_fixed_conservative_affix_policy_and_members_exist
rescue,,should_not_fill,,no_current_value_or_fixed_source_candidate
research,,should_not_fill,,no_current_value_or_fixed_source_candidate
resemble,,should_not_fill,,no_current_value_or_fixed_source_candidate
reservation,,should_not_fill,,no_current_value_or_fixed_source_candidate
reserve,,should_not_fill,,no_current_value_or_fixed_source_candidate
resident,,should_not_fill,,no_current_value_or_fixed_source_candidate
resign,,should_not_fill,,no_current_value_or_fixed_source_candidate
resilient,,should_not_fill,,no_current_value_or_fixed_source_candidate
resist,,should_not_fill,,no_current_value_or_fixed_source_candidate
resistance,,should_not_fill,,no_current_value_or_fixed_source_candidate
resolution,,should_not_fill,,no_current_value_or_fixed_source_candidate
resolve,,should_not_fill,,no_current_value_or_fixed_source_candidate
resource,,should_not_fill,,no_current_value_or_fixed_source_candidate
respect,,should_not_fill,,no_current_value_or_fixed_source_candidate
respective,,should_not_fill,,no_current_value_or_fixed_source_candidate
respond,,should_not_fill,,no_current_value_or_fixed_source_candidate
response,,should_not_fill,,no_current_value_or_fixed_source_candidate
responsibility,,should_not_fill,,no_current_value_or_fixed_source_candidate
responsible,,should_not_fill,,no_current_value_or_fixed_source_candidate
rest,,should_not_fill,,no_current_value_or_fixed_source_candidate
restaurant,,should_not_fill,,no_current_value_or_fixed_source_candidate
restore,,should_not_fill,,no_current_value_or_fixed_source_candidate
restrict,,should_not_fill,,no_current_value_or_fixed_source_candidate
restriction,,should_not_fill,,no_current_value_or_fixed_source_candidate
result,,should_not_fill,,no_current_value_or_fixed_source_candidate
retire,,should_not_fill,,no_current_value_or_fixed_source_candidate
return,,should_not_fill,,no_current_value_or_fixed_source_candidate
reveal,,should_not_fill,,no_current_value_or_fixed_source_candidate
review,,should_not_fill,,no_current_value_or_fixed_source_candidate
revise,,should_not_fill,,no_current_value_or_fixed_source_candidate
revision,,should_not_fill,,no_current_value_or_fixed_source_candidate
revolution,,should_not_fill,,no_current_value_or_fixed_source_candidate
reward,,should_not_fill,,no_current_value_or_fixed_source_candidate
rhyme,,should_not_fill,,no_current_value_or_fixed_source_candidate
rice,,should_not_fill,,no_current_value_or_fixed_source_candidate
rich,,should_not_fill,,no_current_value_or_fixed_source_candidate
rid,,should_not_fill,,no_current_value_or_fixed_source_candidate
riddle,,should_not_fill,,no_current_value_or_fixed_source_candidate
ride,,should_not_fill,,no_current_value_or_fixed_source_candidate
ridiculous,,should_not_fill,,no_current_value_or_fixed_source_candidate
right,,should_not_fill,,no_current_value_or_fixed_source_candidate
rigid,,should_not_fill,,no_current_value_or_fixed_source_candidate
ring,,should_not_fill,,no_current_value_or_fixed_source_candidate
ripe,,should_not_fill,,no_current_value_or_fixed_source_candidate
rise,,auto_fill_candidate,p:rose,ECDICT_exchange_has_reciprocal_in_vocabulary_candidate_candidate_only_no_write
risk,,should_not_fill,,no_current_value_or_fixed_source_candidate
river,,should_not_fill,,no_current_value_or_fixed_source_candidate
road,,should_not_fill,,no_current_value_or_fixed_source_candidate
roast,,should_not_fill,,no_current_value_or_fixed_source_candidate
robot,,should_not_fill,,no_current_value_or_fixed_source_candidate
rock,,should_not_fill,,no_current_value_or_fixed_source_candidate
rocket,,should_not_fill,,no_current_value_or_fixed_source_candidate
role,,should_not_fill,,no_current_value_or_fixed_source_candidate
roll,,should_not_fill,,no_current_value_or_fixed_source_candidate
romantic,,should_not_fill,,no_current_value_or_fixed_source_candidate
roof,,should_not_fill,,no_current_value_or_fixed_source_candidate
room,,should_not_fill,,no_current_value_or_fixed_source_candidate
root,,should_not_fill,,no_current_value_or_fixed_source_candidate
rope,,should_not_fill,,no_current_value_or_fixed_source_candidate
rose,,auto_fill_candidate,0:rise,ECDICT_exchange_has_reciprocal_in_vocabulary_candidate_candidate_only_no_write
rough,,should_not_fill,,no_current_value_or_fixed_source_candidate
round,,should_not_fill,,no_current_value_or_fixed_source_candidate
route,,should_not_fill,,no_current_value_or_fixed_source_candidate
routine,,should_not_fill,,no_current_value_or_fixed_source_candidate
row,,should_not_fill,,no_current_value_or_fixed_source_candidate
royal,,should_not_fill,,no_current_value_or_fixed_source_candidate
rubber,,should_not_fill,,no_current_value_or_fixed_source_candidate
rubbish,,should_not_fill,,no_current_value_or_fixed_source_candidate
rude,,should_not_fill,,no_current_value_or_fixed_source_candidate
rugby,,should_not_fill,,no_current_value_or_fixed_source_candidate
ruin,,should_not_fill,,no_current_value_or_fixed_source_candidate
rule,,should_not_fill,,no_current_value_or_fixed_source_candidate
ruler,,should_not_fill,,no_current_value_or_fixed_source_candidate
run,,auto_fill_candidate,i:running,ECDICT_exchange_has_reciprocal_in_vocabulary_candidate_candidate_only_no_write
runner,,should_not_fill,,no_current_value_or_fixed_source_candidate
running,,auto_fill_candidate,0:run,ECDICT_exchange_has_reciprocal_in_vocabulary_candidate_candidate_only_no_write
rural,,should_not_fill,,no_current_value_or_fixed_source_candidate
rush,,should_not_fill,,no_current_value_or_fixed_source_candidate
russia,,should_not_fill,,no_current_value_or_fixed_source_candidate
russian,,should_not_fill,,no_current_value_or_fixed_source_candidate
sacred,,should_not_fill,,no_current_value_or_fixed_source_candidate
sacrifice,,should_not_fill,,no_current_value_or_fixed_source_candidate
sad,,should_not_fill,,no_current_value_or_fixed_source_candidate
safe,,should_not_fill,,no_current_value_or_fixed_source_candidate
safety,,should_not_fill,,no_current_value_or_fixed_source_candidate
sail,,should_not_fill,,no_current_value_or_fixed_source_candidate
salad,,should_not_fill,,no_current_value_or_fixed_source_candidate
salary,,should_not_fill,,no_current_value_or_fixed_source_candidate
sale,,should_not_fill,,no_current_value_or_fixed_source_candidate
salesman,,should_not_fill,,no_current_value_or_fixed_source_candidate
saleswoman,,should_not_fill,,no_current_value_or_fixed_source_candidate
salt,,should_not_fill,,no_current_value_or_fixed_source_candidate
salty,,should_not_fill,,no_current_value_or_fixed_source_candidate
same,,should_not_fill,,no_current_value_or_fixed_source_candidate
sample,,should_not_fill,,no_current_value_or_fixed_source_candidate
sand,,should_not_fill,,no_current_value_or_fixed_source_candidate
sandwich,,should_not_fill,,no_current_value_or_fixed_source_candidate
satellite,,should_not_fill,,no_current_value_or_fixed_source_candidate
satisfaction,,should_not_fill,,no_current_value_or_fixed_source_candidate
satisfy,,should_not_fill,,no_current_value_or_fixed_source_candidate
saturday,,should_not_fill,,no_current_value_or_fixed_source_candidate
sauce,,should_not_fill,,no_current_value_or_fixed_source_candidate
saucer,,should_not_fill,,no_current_value_or_fixed_source_candidate
sausage,,should_not_fill,,no_current_value_or_fixed_source_candidate
save,,auto_fill_candidate,i:saving,ECDICT_exchange_has_reciprocal_in_vocabulary_candidate_candidate_only_no_write
saving,,auto_fill_candidate,0:save,ECDICT_exchange_has_reciprocal_in_vocabulary_candidate_candidate_only_no_write
say,,auto_fill_candidate,i:saying,ECDICT_exchange_has_reciprocal_in_vocabulary_candidate_candidate_only_no_write
saying,,auto_fill_candidate,0:say,ECDICT_exchange_has_reciprocal_in_vocabulary_candidate_candidate_only_no_write
scan,,should_not_fill,,no_current_value_or_fixed_source_candidate
scare,,should_not_fill,,no_current_value_or_fixed_source_candidate
scarf,,should_not_fill,,no_current_value_or_fixed_source_candidate
scene,,should_not_fill,,no_current_value_or_fixed_source_candidate
schedule,,should_not_fill,,no_current_value_or_fixed_source_candidate
scholar,,should_not_fill,,no_current_value_or_fixed_source_candidate
scholarship,,should_not_fill,,no_current_value_or_fixed_source_candidate
school,,should_not_fill,,no_current_value_or_fixed_source_candidate
science,,should_not_fill,,no_current_value_or_fixed_source_candidate
scientific,,should_not_fill,,no_current_value_or_fixed_source_candidate
scientist,,should_not_fill,,no_current_value_or_fixed_source_candidate
scissors,,should_not_fill,,no_current_value_or_fixed_source_candidate
score,,should_not_fill,,no_current_value_or_fixed_source_candidate
scotland,,should_not_fill,,no_current_value_or_fixed_source_candidate
scottish,,should_not_fill,,no_current_value_or_fixed_source_candidate
scream,,should_not_fill,,no_current_value_or_fixed_source_candidate
screen,,should_not_fill,,no_current_value_or_fixed_source_candidate
sculpture,,should_not_fill,,no_current_value_or_fixed_source_candidate
sea,,should_not_fill,,no_current_value_or_fixed_source_candidate
seal,,should_not_fill,,no_current_value_or_fixed_source_candidate
search,,should_not_fill,,no_current_value_or_fixed_source_candidate
season,,should_not_fill,,no_current_value_or_fixed_source_candidate
seat,,should_not_fill,,no_current_value_or_fixed_source_candidate
second,,should_not_fill,,no_current_value_or_fixed_source_candidate
secondary,,should_not_fill,,no_current_value_or_fixed_source_candidate
secret,,should_not_fill,,no_current_value_or_fixed_source_candidate
secretary,,should_not_fill,,no_current_value_or_fixed_source_candidate
section,,should_not_fill,,no_current_value_or_fixed_source_candidate
secure,,should_not_fill,,no_current_value_or_fixed_source_candidate
security,,should_not_fill,,no_current_value_or_fixed_source_candidate
see,,should_not_fill,,no_current_value_or_fixed_source_candidate
seed,,should_not_fill,,no_current_value_or_fixed_source_candidate
seek,,should_not_fill,,no_current_value_or_fixed_source_candidate
seem,,should_not_fill,,no_current_value_or_fixed_source_candidate
seize,,should_not_fill,,no_current_value_or_fixed_source_candidate
seldom,,should_not_fill,,no_current_value_or_fixed_source_candidate
select,,should_not_fill,,no_current_value_or_fixed_source_candidate
self,,should_not_fill,,no_current_value_or_fixed_source_candidate
sell,,should_not_fill,,no_current_value_or_fixed_source_candidate
send,,should_not_fill,,no_current_value_or_fixed_source_candidate
senior,,should_not_fill,,no_current_value_or_fixed_source_candidate
sense,,should_not_fill,,no_current_value_or_fixed_source_candidate
sensitive,,should_not_fill,,no_current_value_or_fixed_source_candidate
sentence,,should_not_fill,,no_current_value_or_fixed_source_candidate
separate,separately,reliable_value,separately,matches_fixed_conservative_affix_policy_and_members_exist
separately,separate,reliable_value,separate,matches_fixed_conservative_affix_policy_and_members_exist
separation,,should_not_fill,,no_current_value_or_fixed_source_candidate
september,,should_not_fill,,no_current_value_or_fixed_source_candidate
series,,should_not_fill,,no_current_value_or_fixed_source_candidate
serious,,should_not_fill,,no_current_value_or_fixed_source_candidate
servant,,should_not_fill,,no_current_value_or_fixed_source_candidate
serve,,should_not_fill,,no_current_value_or_fixed_source_candidate
service,,should_not_fill,,no_current_value_or_fixed_source_candidate
session,,should_not_fill,,no_current_value_or_fixed_source_candidate
set,,auto_fill_candidate,i:setting,ECDICT_exchange_has_reciprocal_in_vocabulary_candidate_candidate_only_no_write
setting,,auto_fill_candidate,0:set,ECDICT_exchange_has_reciprocal_in_vocabulary_candidate_candidate_only_no_write
settle,settlement,reliable_value,settlement,matches_fixed_conservative_affix_policy_and_members_exist
settlement,settle,reliable_value,settle,matches_fixed_conservative_affix_policy_and_members_exist
seven,,should_not_fill,,no_current_value_or_fixed_source_candidate
seventeen,,should_not_fill,,no_current_value_or_fixed_source_candidate
seventh,,should_not_fill,,no_current_value_or_fixed_source_candidate
seventy,,should_not_fill,,no_current_value_or_fixed_source_candidate
several,,should_not_fill,,no_current_value_or_fixed_source_candidate
severe,,should_not_fill,,no_current_value_or_fixed_source_candidate
sew,,should_not_fill,,no_current_value_or_fixed_source_candidate
sex,,should_not_fill,,no_current_value_or_fixed_source_candidate
shade,,should_not_fill,,no_current_value_or_fixed_source_candidate
shadow,,should_not_fill,,no_current_value_or_fixed_source_candidate
shake,,should_not_fill,,no_current_value_or_fixed_source_candidate
shall,,should_not_fill,,no_current_value_or_fixed_source_candidate
shallow,,should_not_fill,,no_current_value_or_fixed_source_candidate
shame,,should_not_fill,,no_current_value_or_fixed_source_candidate
shape,,should_not_fill,,no_current_value_or_fixed_source_candidate
share,,should_not_fill,,no_current_value_or_fixed_source_candidate
shark,,should_not_fill,,no_current_value_or_fixed_source_candidate
sharp,,should_not_fill,,no_current_value_or_fixed_source_candidate
shave,,should_not_fill,,no_current_value_or_fixed_source_candidate
she,,should_not_fill,,no_current_value_or_fixed_source_candidate
sheep,,should_not_fill,,no_current_value_or_fixed_source_candidate
sheet,,should_not_fill,,no_current_value_or_fixed_source_candidate
shelf,,should_not_fill,,no_current_value_or_fixed_source_candidate
shelter,,should_not_fill,,no_current_value_or_fixed_source_candidate
shift,,should_not_fill,,no_current_value_or_fixed_source_candidate
shine,,should_not_fill,,no_current_value_or_fixed_source_candidate
ship,,should_not_fill,,no_current_value_or_fixed_source_candidate
shirt,,should_not_fill,,no_current_value_or_fixed_source_candidate
shock,,should_not_fill,,no_current_value_or_fixed_source_candidate
shoe,,should_not_fill,,no_current_value_or_fixed_source_candidate
shoot,,auto_fill_candidate,"d:shot,p:shot,i:shooting",ECDICT_exchange_has_reciprocal_in_vocabulary_candidate_candidate_only_no_write
shooting,,auto_fill_candidate,0:shoot,ECDICT_exchange_has_reciprocal_in_vocabulary_candidate_candidate_only_no_write
shop,,auto_fill_candidate,i:shopping,ECDICT_exchange_has_reciprocal_in_vocabulary_candidate_candidate_only_no_write
shopping,,auto_fill_candidate,0:shop,ECDICT_exchange_has_reciprocal_in_vocabulary_candidate_candidate_only_no_write
shore,,should_not_fill,,no_current_value_or_fixed_source_candidate
short,,manual_review,3:shorts,ECDICT_exchange_candidate_is_one_way_or_ambiguous
shortage,,should_not_fill,,no_current_value_or_fixed_source_candidate
shortly,,should_not_fill,,no_current_value_or_fixed_source_candidate
shorts,,should_not_fill,,no_current_value_or_fixed_source_candidate
shot,,auto_fill_candidate,0:shoot,ECDICT_exchange_has_reciprocal_in_vocabulary_candidate_candidate_only_no_write
should,,should_not_fill,,no_current_value_or_fixed_source_candidate
shoulder,,should_not_fill,,no_current_value_or_fixed_source_candidate
shout,,should_not_fill,,no_current_value_or_fixed_source_candidate
show,,should_not_fill,,no_current_value_or_fixed_source_candidate
shower,,should_not_fill,,no_current_value_or_fixed_source_candidate
shrink,,should_not_fill,,no_current_value_or_fixed_source_candidate
shut,,should_not_fill,,no_current_value_or_fixed_source_candidate
shy,,should_not_fill,,no_current_value_or_fixed_source_candidate
sick,,should_not_fill,,no_current_value_or_fixed_source_candidate
side,,should_not_fill,,no_current_value_or_fixed_source_candidate
sigh,,should_not_fill,,no_current_value_or_fixed_source_candidate
sight,,should_not_fill,,no_current_value_or_fixed_source_candidate
sign,,should_not_fill,,no_current_value_or_fixed_source_candidate
signal,,should_not_fill,,no_current_value_or_fixed_source_candidate
signature,,should_not_fill,,no_current_value_or_fixed_source_candidate
significance,,should_not_fill,,no_current_value_or_fixed_source_candidate
significant,,should_not_fill,,no_current_value_or_fixed_source_candidate
silence,,should_not_fill,,no_current_value_or_fixed_source_candidate
silent,,should_not_fill,,no_current_value_or_fixed_source_candidate
silk,,should_not_fill,,no_current_value_or_fixed_source_candidate
silly,,should_not_fill,,no_current_value_or_fixed_source_candidate
silver,,should_not_fill,,no_current_value_or_fixed_source_candidate
similar,,should_not_fill,,no_current_value_or_fixed_source_candidate
simple,,should_not_fill,,no_current_value_or_fixed_source_candidate
simply,,should_not_fill,,no_current_value_or_fixed_source_candidate
since,,should_not_fill,,no_current_value_or_fixed_source_candidate
sincerely,,should_not_fill,,no_current_value_or_fixed_source_candidate
sing,,should_not_fill,,no_current_value_or_fixed_source_candidate
singer,,should_not_fill,,no_current_value_or_fixed_source_candidate
single,,should_not_fill,,no_current_value_or_fixed_source_candidate
sink,,should_not_fill,,no_current_value_or_fixed_source_candidate
sir,,should_not_fill,,no_current_value_or_fixed_source_candidate
sister,,should_not_fill,,no_current_value_or_fixed_source_candidate
sit,,should_not_fill,,no_current_value_or_fixed_source_candidate
site,,should_not_fill,,no_current_value_or_fixed_source_candidate
situation,,should_not_fill,,no_current_value_or_fixed_source_candidate
six,,should_not_fill,,no_current_value_or_fixed_source_candidate
sixteen,,should_not_fill,,no_current_value_or_fixed_source_candidate
sixth,,should_not_fill,,no_current_value_or_fixed_source_candidate
sixty,,should_not_fill,,no_current_value_or_fixed_source_candidate
size,,should_not_fill,,no_current_value_or_fixed_source_candidate
skate,,should_not_fill,,no_current_value_or_fixed_source_candidate
skateboard,,should_not_fill,,no_current_value_or_fixed_source_candidate
ski,,should_not_fill,,no_current_value_or_fixed_source_candidate
skill,,should_not_fill,,no_current_value_or_fixed_source_candidate
skilled,,should_not_fill,,no_current_value_or_fixed_source_candidate
skin,,should_not_fill,,no_current_value_or_fixed_source_candidate
skip,,should_not_fill,,no_current_value_or_fixed_source_candidate
skirt,,should_not_fill,,no_current_value_or_fixed_source_candidate
sky,,should_not_fill,,no_current_value_or_fixed_source_candidate
slave,,should_not_fill,,no_current_value_or_fixed_source_candidate
slavery,,should_not_fill,,no_current_value_or_fixed_source_candidate
sleep,,should_not_fill,,no_current_value_or_fixed_source_candidate
sleepy,,should_not_fill,,no_current_value_or_fixed_source_candidate
sleeve,,should_not_fill,,no_current_value_or_fixed_source_candidate
slice,,should_not_fill,,no_current_value_or_fixed_source_candidate
slide,,should_not_fill,,no_current_value_or_fixed_source_candidate
slight,slightly,reliable_value,slightly,matches_fixed_conservative_affix_policy_and_members_exist
slightly,slight,reliable_value,slight,matches_fixed_conservative_affix_policy_and_members_exist
slim,,should_not_fill,,no_current_value_or_fixed_source_candidate
slip,,should_not_fill,,no_current_value_or_fixed_source_candidate
slow,,should_not_fill,,no_current_value_or_fixed_source_candidate
small,,should_not_fill,,no_current_value_or_fixed_source_candidate
smart,,should_not_fill,,no_current_value_or_fixed_source_candidate
smell,,should_not_fill,,no_current_value_or_fixed_source_candidate
smile,,should_not_fill,,no_current_value_or_fixed_source_candidate
smog,,should_not_fill,,no_current_value_or_fixed_source_candidate
smoke,,should_not_fill,,no_current_value_or_fixed_source_candidate
smooth,,should_not_fill,,no_current_value_or_fixed_source_candidate
snack,,should_not_fill,,no_current_value_or_fixed_source_candidate
snake,,should_not_fill,,no_current_value_or_fixed_source_candidate
sneeze,,should_not_fill,,no_current_value_or_fixed_source_candidate
snow,,should_not_fill,,no_current_value_or_fixed_source_candidate
snowy,,should_not_fill,,no_current_value_or_fixed_source_candidate
so,,should_not_fill,,no_current_value_or_fixed_source_candidate
soap,,should_not_fill,,no_current_value_or_fixed_source_candidate
soccer,,should_not_fill,,no_current_value_or_fixed_source_candidate
social,,should_not_fill,,no_current_value_or_fixed_source_candidate
socialism,,should_not_fill,,no_current_value_or_fixed_source_candidate
socialist,,should_not_fill,,no_current_value_or_fixed_source_candidate
society,,should_not_fill,,no_current_value_or_fixed_source_candidate
sock,,should_not_fill,,no_current_value_or_fixed_source_candidate
sofa,,should_not_fill,,no_current_value_or_fixed_source_candidate
soft,,should_not_fill,,no_current_value_or_fixed_source_candidate
software,,should_not_fill,,no_current_value_or_fixed_source_candidate
soil,,should_not_fill,,no_current_value_or_fixed_source_candidate
solar,,should_not_fill,,no_current_value_or_fixed_source_candidate
soldier,,should_not_fill,,no_current_value_or_fixed_source_candidate
solid,,should_not_fill,,no_current_value_or_fixed_source_candidate
solution,,should_not_fill,,no_current_value_or_fixed_source_candidate
solve,,should_not_fill,,no_current_value_or_fixed_source_candidate
some,,should_not_fill,,no_current_value_or_fixed_source_candidate
somebody,,should_not_fill,,no_current_value_or_fixed_source_candidate
somehow,,should_not_fill,,no_current_value_or_fixed_source_candidate
someone,,should_not_fill,,no_current_value_or_fixed_source_candidate
something,,should_not_fill,,no_current_value_or_fixed_source_candidate
sometimes,,should_not_fill,,no_current_value_or_fixed_source_candidate
somewhat,,should_not_fill,,no_current_value_or_fixed_source_candidate
somewhere,,should_not_fill,,no_current_value_or_fixed_source_candidate
son,,should_not_fill,,no_current_value_or_fixed_source_candidate
song,,should_not_fill,,no_current_value_or_fixed_source_candidate
soon,,should_not_fill,,no_current_value_or_fixed_source_candidate
sorrow,,should_not_fill,,no_current_value_or_fixed_source_candidate
sorry,,should_not_fill,,no_current_value_or_fixed_source_candidate
sort,,should_not_fill,,no_current_value_or_fixed_source_candidate
soul,,should_not_fill,,no_current_value_or_fixed_source_candidate
sound,,should_not_fill,,no_current_value_or_fixed_source_candidate
soup,,should_not_fill,,no_current_value_or_fixed_source_candidate
sour,,should_not_fill,,no_current_value_or_fixed_source_candidate
source,,should_not_fill,,no_current_value_or_fixed_source_candidate
south,,should_not_fill,,no_current_value_or_fixed_source_candidate
southern,,should_not_fill,,no_current_value_or_fixed_source_candidate
southwest,,should_not_fill,,no_current_value_or_fixed_source_candidate
sow,,should_not_fill,,no_current_value_or_fixed_source_candidate
space,,should_not_fill,,no_current_value_or_fixed_source_candidate
spare,,should_not_fill,,no_current_value_or_fixed_source_candidate
speak,,should_not_fill,,no_current_value_or_fixed_source_candidate
speaker,,should_not_fill,,no_current_value_or_fixed_source_candidate
special,,should_not_fill,,no_current_value_or_fixed_source_candidate
specialist,,should_not_fill,,no_current_value_or_fixed_source_candidate
species,,should_not_fill,,no_current_value_or_fixed_source_candidate
specific,,should_not_fill,,no_current_value_or_fixed_source_candidate
speech,,should_not_fill,,no_current_value_or_fixed_source_candidate
speed,,should_not_fill,,no_current_value_or_fixed_source_candidate
spell,,should_not_fill,,no_current_value_or_fixed_source_candidate
spend,,should_not_fill,,no_current_value_or_fixed_source_candidate
spin,,should_not_fill,,no_current_value_or_fixed_source_candidate
spirit,,should_not_fill,,no_current_value_or_fixed_source_candidate
spiritual,,should_not_fill,,no_current_value_or_fixed_source_candidate
splendid,,should_not_fill,,no_current_value_or_fixed_source_candidate
split,,should_not_fill,,no_current_value_or_fixed_source_candidate
sponsor,,should_not_fill,,no_current_value_or_fixed_source_candidate
spoon,,should_not_fill,,no_current_value_or_fixed_source_candidate
sport,,should_not_fill,,no_current_value_or_fixed_source_candidate
spot,,should_not_fill,,no_current_value_or_fixed_source_candidate
spray,,should_not_fill,,no_current_value_or_fixed_source_candidate
spread,,should_not_fill,,no_current_value_or_fixed_source_candidate
spring,,should_not_fill,,no_current_value_or_fixed_source_candidate
spy,,should_not_fill,,no_current_value_or_fixed_source_candidate
square,,should_not_fill,,no_current_value_or_fixed_source_candidate
squeeze,,should_not_fill,,no_current_value_or_fixed_source_candidate
stability,,should_not_fill,,no_current_value_or_fixed_source_candidate
stable,,should_not_fill,,no_current_value_or_fixed_source_candidate
stadium,,should_not_fill,,no_current_value_or_fixed_source_candidate
staff,,should_not_fill,,no_current_value_or_fixed_source_candidate
stage,,should_not_fill,,no_current_value_or_fixed_source_candidate
stair,,should_not_fill,,no_current_value_or_fixed_source_candidate
stamp,,should_not_fill,,no_current_value_or_fixed_source_candidate
stand,,should_not_fill,,no_current_value_or_fixed_source_candidate
standard,,should_not_fill,,no_current_value_or_fixed_source_candidate
star,,should_not_fill,,no_current_value_or_fixed_source_candidate
stare,,should_not_fill,,no_current_value_or_fixed_source_candidate
start,,should_not_fill,,no_current_value_or_fixed_source_candidate
starve,,should_not_fill,,no_current_value_or_fixed_source_candidate
state,statement,reliable_value,statement,matches_fixed_conservative_affix_policy_and_members_exist
statement,state,reliable_value,state,matches_fixed_conservative_affix_policy_and_members_exist
station,,should_not_fill,,no_current_value_or_fixed_source_candidate
statistic,,should_not_fill,,no_current_value_or_fixed_source_candidate
statistics,,should_not_fill,,no_current_value_or_fixed_source_candidate
statue,,should_not_fill,,no_current_value_or_fixed_source_candidate
status,,should_not_fill,,no_current_value_or_fixed_source_candidate
stay,,should_not_fill,,no_current_value_or_fixed_source_candidate
steady,,should_not_fill,,no_current_value_or_fixed_source_candidate
steak,,should_not_fill,,no_current_value_or_fixed_source_candidate
steal,,should_not_fill,,no_current_value_or_fixed_source_candidate
steam,,should_not_fill,,no_current_value_or_fixed_source_candidate
steel,,should_not_fill,,no_current_value_or_fixed_source_candidate
steep,,should_not_fill,,no_current_value_or_fixed_source_candidate
step,,should_not_fill,,no_current_value_or_fixed_source_candidate
stick,,should_not_fill,,no_current_value_or_fixed_source_candidate
still,,should_not_fill,,no_current_value_or_fixed_source_candidate
stimulate,,should_not_fill,,no_current_value_or_fixed_source_candidate
stomach,,should_not_fill,,no_current_value_or_fixed_source_candidate
stone,,should_not_fill,,no_current_value_or_fixed_source_candidate
stop,,should_not_fill,,no_current_value_or_fixed_source_candidate
storage,,should_not_fill,,no_current_value_or_fixed_source_candidate
store,,should_not_fill,,no_current_value_or_fixed_source_candidate
storm,,should_not_fill,,no_current_value_or_fixed_source_candidate
story,,should_not_fill,,no_current_value_or_fixed_source_candidate
stove,,should_not_fill,,no_current_value_or_fixed_source_candidate
straight,,should_not_fill,,no_current_value_or_fixed_source_candidate
straightforward,,should_not_fill,,no_current_value_or_fixed_source_candidate
strait,,should_not_fill,,no_current_value_or_fixed_source_candidate
strange,,auto_fill_candidate,r:stranger,ECDICT_exchange_has_reciprocal_in_vocabulary_candidate_candidate_only_no_write
stranger,,auto_fill_candidate,0:strange,ECDICT_exchange_has_reciprocal_in_vocabulary_candidate_candidate_only_no_write
strategy,,should_not_fill,,no_current_value_or_fixed_source_candidate
straw,,should_not_fill,,no_current_value_or_fixed_source_candidate
strawberry,,should_not_fill,,no_current_value_or_fixed_source_candidate
stream,,should_not_fill,,no_current_value_or_fixed_source_candidate
street,,should_not_fill,,no_current_value_or_fixed_source_candidate
strength,,should_not_fill,,no_current_value_or_fixed_source_candidate
strengthen,,should_not_fill,,no_current_value_or_fixed_source_candidate
stress,,should_not_fill,,no_current_value_or_fixed_source_candidate
stretch,,should_not_fill,,no_current_value_or_fixed_source_candidate
strict,,should_not_fill,,no_current_value_or_fixed_source_candidate
strike,,should_not_fill,,no_current_value_or_fixed_source_candidate
string,,should_not_fill,,no_current_value_or_fixed_source_candidate
strong,,should_not_fill,,no_current_value_or_fixed_source_candidate
structure,,should_not_fill,,no_current_value_or_fixed_source_candidate
struggle,,should_not_fill,,no_current_value_or_fixed_source_candidate
student,,should_not_fill,,no_current_value_or_fixed_source_candidate
studio,,should_not_fill,,no_current_value_or_fixed_source_candidate
study,,should_not_fill,,no_current_value_or_fixed_source_candidate
stuff,,should_not_fill,,no_current_value_or_fixed_source_candidate
stupid,,should_not_fill,,no_current_value_or_fixed_source_candidate
style,,should_not_fill,,no_current_value_or_fixed_source_candidate
subject,,should_not_fill,,no_current_value_or_fixed_source_candidate
subjective,,should_not_fill,,no_current_value_or_fixed_source_candidate
submit,,should_not_fill,,no_current_value_or_fixed_source_candidate
subscribe,,should_not_fill,,no_current_value_or_fixed_source_candidate
subsequent,,should_not_fill,,no_current_value_or_fixed_source_candidate
substance,,should_not_fill,,no_current_value_or_fixed_source_candidate
substantial,,should_not_fill,,no_current_value_or_fixed_source_candidate
substitute,,should_not_fill,,no_current_value_or_fixed_source_candidate
subtle,,should_not_fill,,no_current_value_or_fixed_source_candidate
suburb,,should_not_fill,,no_current_value_or_fixed_source_candidate
subway,,should_not_fill,,no_current_value_or_fixed_source_candidate
succeed,,should_not_fill,,no_current_value_or_fixed_source_candidate
success,successful,reliable_value,successful,matches_fixed_conservative_affix_policy_and_members_exist
successful,success,reliable_value,success,matches_fixed_conservative_affix_policy_and_members_exist
such,,should_not_fill,,no_current_value_or_fixed_source_candidate
suck,,should_not_fill,,no_current_value_or_fixed_source_candidate
sudden,,should_not_fill,,no_current_value_or_fixed_source_candidate
suffer,,auto_fill_candidate,i:suffering,ECDICT_exchange_has_reciprocal_in_vocabulary_candidate_candidate_only_no_write
suffering,,auto_fill_candidate,0:suffer,ECDICT_exchange_has_reciprocal_in_vocabulary_candidate_candidate_only_no_write
sufficient,,should_not_fill,,no_current_value_or_fixed_source_candidate
sugar,,should_not_fill,,no_current_value_or_fixed_source_candidate
suggest,,should_not_fill,,no_current_value_or_fixed_source_candidate
suggestion,,should_not_fill,,no_current_value_or_fixed_source_candidate
suit,,should_not_fill,,no_current_value_or_fixed_source_candidate
suitable,,should_not_fill,,no_current_value_or_fixed_source_candidate
suite,,should_not_fill,,no_current_value_or_fixed_source_candidate
sum,,should_not_fill,,no_current_value_or_fixed_source_candidate
summary,,should_not_fill,,no_current_value_or_fixed_source_candidate
summer,,should_not_fill,,no_current_value_or_fixed_source_candidate
sun,,should_not_fill,,no_current_value_or_fixed_source_candidate
sunday,,should_not_fill,,no_current_value_or_fixed_source_candidate
sunlight,,should_not_fill,,no_current_value_or_fixed_source_candidate
sunny,,should_not_fill,,no_current_value_or_fixed_source_candidate
super,,should_not_fill,,no_current_value_or_fixed_source_candidate
superb,,should_not_fill,,no_current_value_or_fixed_source_candidate
superior,,should_not_fill,,no_current_value_or_fixed_source_candidate
supermarket,,should_not_fill,,no_current_value_or_fixed_source_candidate
supper,,should_not_fill,,no_current_value_or_fixed_source_candidate
supply,,should_not_fill,,no_current_value_or_fixed_source_candidate
support,,should_not_fill,,no_current_value_or_fixed_source_candidate
suppose,,should_not_fill,,no_current_value_or_fixed_source_candidate
supreme,,should_not_fill,,no_current_value_or_fixed_source_candidate
sure,,should_not_fill,,no_current_value_or_fixed_source_candidate
surf,,should_not_fill,,no_current_value_or_fixed_source_candidate
surface,,should_not_fill,,no_current_value_or_fixed_source_candidate
surgeon,,should_not_fill,,no_current_value_or_fixed_source_candidate
surgery,,should_not_fill,,no_current_value_or_fixed_source_candidate
surprise,,should_not_fill,,no_current_value_or_fixed_source_candidate
surround,,auto_fill_candidate,i:surrounding,ECDICT_exchange_has_reciprocal_in_vocabulary_candidate_candidate_only_no_write
surrounding,,auto_fill_candidate,0:surround,ECDICT_exchange_has_reciprocal_in_vocabulary_candidate_candidate_only_no_write
survey,,should_not_fill,,no_current_value_or_fixed_source_candidate
survival,,should_not_fill,,no_current_value_or_fixed_source_candidate
survive,,should_not_fill,,no_current_value_or_fixed_source_candidate
suspect,,should_not_fill,,no_current_value_or_fixed_source_candidate
suspend,,should_not_fill,,no_current_value_or_fixed_source_candidate
suspension,,should_not_fill,,no_current_value_or_fixed_source_candidate
sustain,,should_not_fill,,no_current_value_or_fixed_source_candidate
swallow,,should_not_fill,,no_current_value_or_fixed_source_candidate
swear,,should_not_fill,,no_current_value_or_fixed_source_candidate
sweat,,should_not_fill,,no_current_value_or_fixed_source_candidate
sweater,,should_not_fill,,no_current_value_or_fixed_source_candidate
sweep,,should_not_fill,,no_current_value_or_fixed_source_candidate
sweet,,should_not_fill,,no_current_value_or_fixed_source_candidate
swim,,auto_fill_candidate,i:swimming,ECDICT_exchange_has_reciprocal_in_vocabulary_candidate_candidate_only_no_write
swimming,,auto_fill_candidate,0:swim,ECDICT_exchange_has_reciprocal_in_vocabulary_candidate_candidate_only_no_write
swing,,should_not_fill,,no_current_value_or_fixed_source_candidate
switch,,should_not_fill,,no_current_value_or_fixed_source_candidate
switzerland,,should_not_fill,,no_current_value_or_fixed_source_candidate
sword,,should_not_fill,,no_current_value_or_fixed_source_candidate
symbol,,should_not_fill,,no_current_value_or_fixed_source_candidate
sympathy,,should_not_fill,,no_current_value_or_fixed_source_candidate
symphony,,should_not_fill,,no_current_value_or_fixed_source_candidate
symptom,,should_not_fill,,no_current_value_or_fixed_source_candidate
system,,should_not_fill,,no_current_value_or_fixed_source_candidate
systematic,,should_not_fill,,no_current_value_or_fixed_source_candidate
t-shirt,,should_not_fill,,no_current_value_or_fixed_source_candidate
table,,should_not_fill,,no_current_value_or_fixed_source_candidate
tablet,,should_not_fill,,no_current_value_or_fixed_source_candidate
tackle,,should_not_fill,,no_current_value_or_fixed_source_candidate
tail,,should_not_fill,,no_current_value_or_fixed_source_candidate
tailor,,should_not_fill,,no_current_value_or_fixed_source_candidate
take,,should_not_fill,,no_current_value_or_fixed_source_candidate
tale,,should_not_fill,,no_current_value_or_fixed_source_candidate
talent,,should_not_fill,,no_current_value_or_fixed_source_candidate
talk,,should_not_fill,,no_current_value_or_fixed_source_candidate
tall,,should_not_fill,,no_current_value_or_fixed_source_candidate
tank,,should_not_fill,,no_current_value_or_fixed_source_candidate
tap,,should_not_fill,,no_current_value_or_fixed_source_candidate
tape,,should_not_fill,,no_current_value_or_fixed_source_candidate
target,,should_not_fill,,no_current_value_or_fixed_source_candidate
task,,should_not_fill,,no_current_value_or_fixed_source_candidate
taste,,should_not_fill,,no_current_value_or_fixed_source_candidate
tax,,should_not_fill,,no_current_value_or_fixed_source_candidate
taxi,,should_not_fill,,no_current_value_or_fixed_source_candidate
tea,,should_not_fill,,no_current_value_or_fixed_source_candidate
teach,,should_not_fill,,no_current_value_or_fixed_source_candidate
teacher,,should_not_fill,,no_current_value_or_fixed_source_candidate
team,,should_not_fill,,no_current_value_or_fixed_source_candidate
teapot,,should_not_fill,,no_current_value_or_fixed_source_candidate
tear,,should_not_fill,,no_current_value_or_fixed_source_candidate
technical,,should_not_fill,,no_current_value_or_fixed_source_candidate
technique,,should_not_fill,,no_current_value_or_fixed_source_candidate
technology,,should_not_fill,,no_current_value_or_fixed_source_candidate
teenager,,should_not_fill,,no_current_value_or_fixed_source_candidate
telephone,,should_not_fill,,no_current_value_or_fixed_source_candidate
telescope,,should_not_fill,,no_current_value_or_fixed_source_candidate
television,,should_not_fill,,no_current_value_or_fixed_source_candidate
tell,,should_not_fill,,no_current_value_or_fixed_source_candidate
temperature,,should_not_fill,,no_current_value_or_fixed_source_candidate
temple,,should_not_fill,,no_current_value_or_fixed_source_candidate
temporary,,should_not_fill,,no_current_value_or_fixed_source_candidate
ten,,should_not_fill,,no_current_value_or_fixed_source_candidate
tend,,should_not_fill,,no_current_value_or_fixed_source_candidate
tendency,,should_not_fill,,no_current_value_or_fixed_source_candidate
tennis,,should_not_fill,,no_current_value_or_fixed_source_candidate
tension,,should_not_fill,,no_current_value_or_fixed_source_candidate
tent,,should_not_fill,,no_current_value_or_fixed_source_candidate
tentative,,should_not_fill,,no_current_value_or_fixed_source_candidate
tenth,,should_not_fill,,no_current_value_or_fixed_source_candidate
term,,should_not_fill,,no_current_value_or_fixed_source_candidate
terminal,,should_not_fill,,no_current_value_or_fixed_source_candidate
terrible,,should_not_fill,,no_current_value_or_fixed_source_candidate
territory,,should_not_fill,,no_current_value_or_fixed_source_candidate
terror,,should_not_fill,,no_current_value_or_fixed_source_candidate
test,,should_not_fill,,no_current_value_or_fixed_source_candidate
text,,should_not_fill,,no_current_value_or_fixed_source_candidate
textbook,,should_not_fill,,no_current_value_or_fixed_source_candidate
than,,should_not_fill,,no_current_value_or_fixed_source_candidate
thank,,should_not_fill,,no_current_value_or_fixed_source_candidate
that,,should_not_fill,,no_current_value_or_fixed_source_candidate
the,,should_not_fill,,no_current_value_or_fixed_source_candidate
theater,,should_not_fill,,no_current_value_or_fixed_source_candidate
theft,,should_not_fill,,no_current_value_or_fixed_source_candidate
their,,should_not_fill,,no_current_value_or_fixed_source_candidate
them,,should_not_fill,,no_current_value_or_fixed_source_candidate
theme,,should_not_fill,,no_current_value_or_fixed_source_candidate
themselves,,should_not_fill,,no_current_value_or_fixed_source_candidate
then,,should_not_fill,,no_current_value_or_fixed_source_candidate
theoretical,,should_not_fill,,no_current_value_or_fixed_source_candidate
theory,,should_not_fill,,no_current_value_or_fixed_source_candidate
there,,should_not_fill,,no_current_value_or_fixed_source_candidate
therefore,,should_not_fill,,no_current_value_or_fixed_source_candidate
these,,should_not_fill,,no_current_value_or_fixed_source_candidate
they,,should_not_fill,,no_current_value_or_fixed_source_candidate
thick,,should_not_fill,,no_current_value_or_fixed_source_candidate
thief,,should_not_fill,,no_current_value_or_fixed_source_candidate
thin,,should_not_fill,,no_current_value_or_fixed_source_candidate
thing,,should_not_fill,,no_current_value_or_fixed_source_candidate
think,,auto_fill_candidate,"p:thought,d:thought,i:thinking",ECDICT_exchange_has_reciprocal_in_vocabulary_candidate_candidate_only_no_write
thinking,,auto_fill_candidate,0:think,ECDICT_exchange_has_reciprocal_in_vocabulary_candidate_candidate_only_no_write
third,,should_not_fill,,no_current_value_or_fixed_source_candidate
thirsty,,should_not_fill,,no_current_value_or_fixed_source_candidate
thirteen,,should_not_fill,,no_current_value_or_fixed_source_candidate
thirty,,should_not_fill,,no_current_value_or_fixed_source_candidate
this,,should_not_fill,,no_current_value_or_fixed_source_candidate
thorough,,should_not_fill,,no_current_value_or_fixed_source_candidate
those,,should_not_fill,,no_current_value_or_fixed_source_candidate
though,,should_not_fill,,no_current_value_or_fixed_source_candidate
thought,,auto_fill_candidate,0:think,ECDICT_exchange_has_reciprocal_in_vocabulary_candidate_candidate_only_no_write
thousand,,should_not_fill,,no_current_value_or_fixed_source_candidate
threat,,should_not_fill,,no_current_value_or_fixed_source_candidate
threaten,,should_not_fill,,no_current_value_or_fixed_source_candidate
three,,should_not_fill,,no_current_value_or_fixed_source_candidate
throat,,should_not_fill,,no_current_value_or_fixed_source_candidate
through,,should_not_fill,,no_current_value_or_fixed_source_candidate
throughout,,should_not_fill,,no_current_value_or_fixed_source_candidate
throw,,should_not_fill,,no_current_value_or_fixed_source_candidate
thunder,,should_not_fill,,no_current_value_or_fixed_source_candidate
thursday,,should_not_fill,,no_current_value_or_fixed_source_candidate
thus,,should_not_fill,,no_current_value_or_fixed_source_candidate
ticket,,should_not_fill,,no_current_value_or_fixed_source_candidate
tidy,,should_not_fill,,no_current_value_or_fixed_source_candidate
tie,,should_not_fill,,no_current_value_or_fixed_source_candidate
tiger,,should_not_fill,,no_current_value_or_fixed_source_candidate
tight,,should_not_fill,,no_current_value_or_fixed_source_candidate
till,,should_not_fill,,no_current_value_or_fixed_source_candidate
time,,should_not_fill,,no_current_value_or_fixed_source_candidate
timetable,,should_not_fill,,no_current_value_or_fixed_source_candidate
tin,,should_not_fill,,no_current_value_or_fixed_source_candidate
tiny,,should_not_fill,,no_current_value_or_fixed_source_candidate
tip,,should_not_fill,,no_current_value_or_fixed_source_candidate
tire,tired,manual_review,tired,does_not_match_recorded_generation_policy
tired,tire,manual_review,tire,does_not_match_recorded_generation_policy
tissue,,should_not_fill,,no_current_value_or_fixed_source_candidate
title,,should_not_fill,,no_current_value_or_fixed_source_candidate
to,,should_not_fill,,no_current_value_or_fixed_source_candidate
toast,,should_not_fill,,no_current_value_or_fixed_source_candidate
tobacco,,should_not_fill,,no_current_value_or_fixed_source_candidate
today,,should_not_fill,,no_current_value_or_fixed_source_candidate
together,,should_not_fill,,no_current_value_or_fixed_source_candidate
toilet,,should_not_fill,,no_current_value_or_fixed_source_candidate
tolerate,,should_not_fill,,no_current_value_or_fixed_source_candidate
tomato,,should_not_fill,,no_current_value_or_fixed_source_candidate
tomorrow,,should_not_fill,,no_current_value_or_fixed_source_candidate
ton,,should_not_fill,,no_current_value_or_fixed_source_candidate
tone,,should_not_fill,,no_current_value_or_fixed_source_candidate
tongue,,should_not_fill,,no_current_value_or_fixed_source_candidate
tonight,,should_not_fill,,no_current_value_or_fixed_source_candidate
too,,should_not_fill,,no_current_value_or_fixed_source_candidate
tool,,should_not_fill,,no_current_value_or_fixed_source_candidate
tooth,,should_not_fill,,no_current_value_or_fixed_source_candidate
top,,should_not_fill,,no_current_value_or_fixed_source_candidate
topic,,should_not_fill,,no_current_value_or_fixed_source_candidate
total,totally,reliable_value,totally,matches_fixed_conservative_affix_policy_and_members_exist
totally,total,reliable_value,total,matches_fixed_conservative_affix_policy_and_members_exist
touch,,should_not_fill,,no_current_value_or_fixed_source_candidate
tough,,should_not_fill,,no_current_value_or_fixed_source_candidate
tour,,should_not_fill,,no_current_value_or_fixed_source_candidate
tourism,,should_not_fill,,no_current_value_or_fixed_source_candidate
tourist,,should_not_fill,,no_current_value_or_fixed_source_candidate
tournament,,should_not_fill,,no_current_value_or_fixed_source_candidate
toward,,should_not_fill,,no_current_value_or_fixed_source_candidate
towel,,should_not_fill,,no_current_value_or_fixed_source_candidate
tower,,should_not_fill,,no_current_value_or_fixed_source_candidate
town,,should_not_fill,,no_current_value_or_fixed_source_candidate
toy,,should_not_fill,,no_current_value_or_fixed_source_candidate
track,,should_not_fill,,no_current_value_or_fixed_source_candidate
trade,,should_not_fill,,no_current_value_or_fixed_source_candidate
tradition,,should_not_fill,,no_current_value_or_fixed_source_candidate
traditional,,should_not_fill,,no_current_value_or_fixed_source_candidate
traffic,,should_not_fill,,no_current_value_or_fixed_source_candidate
train,training,manual_review,training,does_not_match_recorded_generation_policy
trainer,,should_not_fill,,no_current_value_or_fixed_source_candidate
training,train,manual_review,train,does_not_match_recorded_generation_policy
transform,,should_not_fill,,no_current_value_or_fixed_source_candidate
translate,,should_not_fill,,no_current_value_or_fixed_source_candidate
translation,,should_not_fill,,no_current_value_or_fixed_source_candidate
transport,,should_not_fill,,no_current_value_or_fixed_source_candidate
trap,,should_not_fill,,no_current_value_or_fixed_source_candidate
travel,,should_not_fill,,no_current_value_or_fixed_source_candidate
traveler,,should_not_fill,,no_current_value_or_fixed_source_candidate
treasure,,should_not_fill,,no_current_value_or_fixed_source_candidate
treat,treatment,reliable_value,treatment,matches_fixed_conservative_affix_policy_and_members_exist
treatment,treat,reliable_value,treat,matches_fixed_conservative_affix_policy_and_members_exist
tree,,should_not_fill,,no_current_value_or_fixed_source_candidate
tremble,,should_not_fill,,no_current_value_or_fixed_source_candidate
trend,,should_not_fill,,no_current_value_or_fixed_source_candidate
trial,,should_not_fill,,no_current_value_or_fixed_source_candidate
trick,,should_not_fill,,no_current_value_or_fixed_source_candidate
trip,,should_not_fill,,no_current_value_or_fixed_source_candidate
troop,,should_not_fill,,no_current_value_or_fixed_source_candidate
trouble,,should_not_fill,,no_current_value_or_fixed_source_candidate
trousers,,should_not_fill,,no_current_value_or_fixed_source_candidate
truck,,should_not_fill,,no_current_value_or_fixed_source_candidate
true,,should_not_fill,,no_current_value_or_fixed_source_candidate
truly,,should_not_fill,,no_current_value_or_fixed_source_candidate
trunk,,should_not_fill,,no_current_value_or_fixed_source_candidate
trust,,should_not_fill,,no_current_value_or_fixed_source_candidate
truth,,should_not_fill,,no_current_value_or_fixed_source_candidate
try,,should_not_fill,,no_current_value_or_fixed_source_candidate
tube,,should_not_fill,,no_current_value_or_fixed_source_candidate
tuesday,,should_not_fill,,no_current_value_or_fixed_source_candidate
tune,,should_not_fill,,no_current_value_or_fixed_source_candidate
turkey,,should_not_fill,,no_current_value_or_fixed_source_candidate
turn,,should_not_fill,,no_current_value_or_fixed_source_candidate
tutor,,should_not_fill,,no_current_value_or_fixed_source_candidate
tv,,should_not_fill,,no_current_value_or_fixed_source_candidate
twelfth,,should_not_fill,,no_current_value_or_fixed_source_candidate
twelve,,should_not_fill,,no_current_value_or_fixed_source_candidate
twentieth,,should_not_fill,,no_current_value_or_fixed_source_candidate
twenty,,should_not_fill,,no_current_value_or_fixed_source_candidate
twice,,should_not_fill,,no_current_value_or_fixed_source_candidate
twin,,should_not_fill,,no_current_value_or_fixed_source_candidate
twist,,should_not_fill,,no_current_value_or_fixed_source_candidate
two,,should_not_fill,,no_current_value_or_fixed_source_candidate
type,,should_not_fill,,no_current_value_or_fixed_source_candidate
typhoon,,should_not_fill,,no_current_value_or_fixed_source_candidate
typical,,should_not_fill,,no_current_value_or_fixed_source_candidate
tyre,,should_not_fill,,no_current_value_or_fixed_source_candidate
ubiquitous,,should_not_fill,,no_current_value_or_fixed_source_candidate
ugly,,should_not_fill,,no_current_value_or_fixed_source_candidate
uk,,should_not_fill,,no_current_value_or_fixed_source_candidate
ultimately,,should_not_fill,,no_current_value_or_fixed_source_candidate
umbrella,,should_not_fill,,no_current_value_or_fixed_source_candidate
unable,able,reliable_value,able,matches_fixed_conservative_affix_policy_and_members_exist
uncertain,certain,reliable_value,certain,matches_fixed_conservative_affix_policy_and_members_exist
uncle,,should_not_fill,,no_current_value_or_fixed_source_candidate
uncomfortable,comfortable,reliable_value,comfortable,matches_fixed_conservative_affix_policy_and_members_exist
under,,should_not_fill,,no_current_value_or_fixed_source_candidate
underground,,should_not_fill,,no_current_value_or_fixed_source_candidate
understand,,auto_fill_candidate,i:understanding,ECDICT_exchange_has_reciprocal_in_vocabulary_candidate_candidate_only_no_write
understanding,,auto_fill_candidate,0:understand,ECDICT_exchange_has_reciprocal_in_vocabulary_candidate_candidate_only_no_write
undertake,,should_not_fill,,no_current_value_or_fixed_source_candidate
unemployment,,should_not_fill,,no_current_value_or_fixed_source_candidate
unfair,fair,reliable_value,fair,matches_fixed_conservative_affix_policy_and_members_exist
unfold,fold,reliable_value,fold,matches_fixed_conservative_affix_policy_and_members_exist
unfortunately,fortunately,reliable_value,fortunately,matches_fixed_conservative_affix_policy_and_members_exist
unhappy,happy,reliable_value,happy,matches_fixed_conservative_affix_policy_and_members_exist
uniform,,should_not_fill,,no_current_value_or_fixed_source_candidate
union,,should_not_fill,,no_current_value_or_fixed_source_candidate
unique,,should_not_fill,,no_current_value_or_fixed_source_candidate
unit,,should_not_fill,,no_current_value_or_fixed_source_candidate
unite,,should_not_fill,,no_current_value_or_fixed_source_candidate
universal,,should_not_fill,,no_current_value_or_fixed_source_candidate
universe,,should_not_fill,,no_current_value_or_fixed_source_candidate
university,,should_not_fill,,no_current_value_or_fixed_source_candidate
unknown,,should_not_fill,,no_current_value_or_fixed_source_candidate
unless,,should_not_fill,,no_current_value_or_fixed_source_candidate
unlike,like,reliable_value,like,matches_fixed_conservative_affix_policy_and_members_exist
until,,should_not_fill,,no_current_value_or_fixed_source_candidate
unusual,usual,reliable_value,usual,matches_fixed_conservative_affix_policy_and_members_exist
up,,should_not_fill,,no_current_value_or_fixed_source_candidate
update,,should_not_fill,,no_current_value_or_fixed_source_candidate
upon,,should_not_fill,,no_current_value_or_fixed_source_candidate
upper,,should_not_fill,,no_current_value_or_fixed_source_candidate
upset,,should_not_fill,,no_current_value_or_fixed_source_candidate
upstairs,,should_not_fill,,no_current_value_or_fixed_source_candidate
urban,,should_not_fill,,no_current_value_or_fixed_source_candidate
urge,,should_not_fill,,no_current_value_or_fixed_source_candidate
urgent,,should_not_fill,,no_current_value_or_fixed_source_candidate
us,,should_not_fill,,no_current_value_or_fixed_source_candidate
use,,auto_fill_candidate,"d:used,p:used",ECDICT_exchange_has_reciprocal_in_vocabulary_candidate_candidate_only_no_write
used,,auto_fill_candidate,0:use,ECDICT_exchange_has_reciprocal_in_vocabulary_candidate_candidate_only_no_write
useful,,should_not_fill,,no_current_value_or_fixed_source_candidate
user,,should_not_fill,,no_current_value_or_fixed_source_candidate
usual,"unusual,usually",reliable_value,"unusual,usually",matches_fixed_conservative_affix_policy_and_members_exist
usually,usual,reliable_value,usual,matches_fixed_conservative_affix_policy_and_members_exist
vacation,,should_not_fill,,no_current_value_or_fixed_source_candidate
vague,,should_not_fill,,no_current_value_or_fixed_source_candidate
valid,,should_not_fill,,no_current_value_or_fixed_source_candidate
valley,,should_not_fill,,no_current_value_or_fixed_source_candidate
valuable,,should_not_fill,,no_current_value_or_fixed_source_candidate
value,,should_not_fill,,no_current_value_or_fixed_source_candidate
variation,,should_not_fill,,no_current_value_or_fixed_source_candidate
variety,,should_not_fill,,no_current_value_or_fixed_source_candidate
various,,should_not_fill,,no_current_value_or_fixed_source_candidate
vary,,should_not_fill,,no_current_value_or_fixed_source_candidate
vase,,should_not_fill,,no_current_value_or_fixed_source_candidate
vast,,should_not_fill,,no_current_value_or_fixed_source_candidate
vegetable,,should_not_fill,,no_current_value_or_fixed_source_candidate
vehicle,,should_not_fill,,no_current_value_or_fixed_source_candidate
venue,,should_not_fill,,no_current_value_or_fixed_source_candidate
version,,should_not_fill,,no_current_value_or_fixed_source_candidate
vertical,,should_not_fill,,no_current_value_or_fixed_source_candidate
very,,should_not_fill,,no_current_value_or_fixed_source_candidate
via,,should_not_fill,,no_current_value_or_fixed_source_candidate
victim,,should_not_fill,,no_current_value_or_fixed_source_candidate
victory,,should_not_fill,,no_current_value_or_fixed_source_candidate
video,,should_not_fill,,no_current_value_or_fixed_source_candidate
view,,should_not_fill,,no_current_value_or_fixed_source_candidate
viewer,,should_not_fill,,no_current_value_or_fixed_source_candidate
village,,should_not_fill,,no_current_value_or_fixed_source_candidate
violate,,should_not_fill,,no_current_value_or_fixed_source_candidate
violence,,should_not_fill,,no_current_value_or_fixed_source_candidate
violent,,should_not_fill,,no_current_value_or_fixed_source_candidate
violin,,should_not_fill,,no_current_value_or_fixed_source_candidate
virtual,,should_not_fill,,no_current_value_or_fixed_source_candidate
virtue,,should_not_fill,,no_current_value_or_fixed_source_candidate
virus,,should_not_fill,,no_current_value_or_fixed_source_candidate
visible,,should_not_fill,,no_current_value_or_fixed_source_candidate
vision,,should_not_fill,,no_current_value_or_fixed_source_candidate
visit,,should_not_fill,,no_current_value_or_fixed_source_candidate
visitor,,should_not_fill,,no_current_value_or_fixed_source_candidate
visual,,should_not_fill,,no_current_value_or_fixed_source_candidate
vital,,should_not_fill,,no_current_value_or_fixed_source_candidate
vivid,,should_not_fill,,no_current_value_or_fixed_source_candidate
vocabulary,,should_not_fill,,no_current_value_or_fixed_source_candidate
voice,,should_not_fill,,no_current_value_or_fixed_source_candidate
volcano,,should_not_fill,,no_current_value_or_fixed_source_candidate
volleyball,,should_not_fill,,no_current_value_or_fixed_source_candidate
volume,,should_not_fill,,no_current_value_or_fixed_source_candidate
voluntary,,should_not_fill,,no_current_value_or_fixed_source_candidate
volunteer,,should_not_fill,,no_current_value_or_fixed_source_candidate
vote,,should_not_fill,,no_current_value_or_fixed_source_candidate
wage,,should_not_fill,,no_current_value_or_fixed_source_candidate
waist,,should_not_fill,,no_current_value_or_fixed_source_candidate
wait,,should_not_fill,,no_current_value_or_fixed_source_candidate
wake,,should_not_fill,,no_current_value_or_fixed_source_candidate
walk,,should_not_fill,,no_current_value_or_fixed_source_candidate
wall,,should_not_fill,,no_current_value_or_fixed_source_candidate
wallet,,should_not_fill,,no_current_value_or_fixed_source_candidate
wander,,should_not_fill,,no_current_value_or_fixed_source_candidate
want,,should_not_fill,,no_current_value_or_fixed_source_candidate
war,,should_not_fill,,no_current_value_or_fixed_source_candidate
ward,,should_not_fill,,no_current_value_or_fixed_source_candidate
warehouse,,should_not_fill,,no_current_value_or_fixed_source_candidate
warm,,should_not_fill,,no_current_value_or_fixed_source_candidate
warmth,,should_not_fill,,no_current_value_or_fixed_source_candidate
warn,,auto_fill_candidate,i:warning,ECDICT_exchange_has_reciprocal_in_vocabulary_candidate_candidate_only_no_write
warning,,auto_fill_candidate,0:warn,ECDICT_exchange_has_reciprocal_in_vocabulary_candidate_candidate_only_no_write
wash,,should_not_fill,,no_current_value_or_fixed_source_candidate
washroom,,should_not_fill,,no_current_value_or_fixed_source_candidate
waste,,should_not_fill,,no_current_value_or_fixed_source_candidate
watch,,should_not_fill,,no_current_value_or_fixed_source_candidate
water,,should_not_fill,,no_current_value_or_fixed_source_candidate
watermelon,,should_not_fill,,no_current_value_or_fixed_source_candidate
wave,,should_not_fill,,no_current_value_or_fixed_source_candidate
way,,should_not_fill,,no_current_value_or_fixed_source_candidate
we,,should_not_fill,,no_current_value_or_fixed_source_candidate
weak,weakness,reliable_value,weakness,matches_fixed_conservative_affix_policy_and_members_exist
weakness,weak,reliable_value,weak,matches_fixed_conservative_affix_policy_and_members_exist
wealth,,should_not_fill,,no_current_value_or_fixed_source_candidate
wealthy,,should_not_fill,,no_current_value_or_fixed_source_candidate
weapon,,should_not_fill,,no_current_value_or_fixed_source_candidate
wear,,should_not_fill,,no_current_value_or_fixed_source_candidate
weather,,should_not_fill,,no_current_value_or_fixed_source_candidate
web,,should_not_fill,,no_current_value_or_fixed_source_candidate
website,,should_not_fill,,no_current_value_or_fixed_source_candidate
wedding,,should_not_fill,,no_current_value_or_fixed_source_candidate
wednesday,,should_not_fill,,no_current_value_or_fixed_source_candidate
weed,,should_not_fill,,no_current_value_or_fixed_source_candidate
week,weekly,reliable_value,weekly,matches_fixed_conservative_affix_policy_and_members_exist
weekday,,should_not_fill,,no_current_value_or_fixed_source_candidate
weekend,,should_not_fill,,no_current_value_or_fixed_source_candidate
weekly,week,reliable_value,week,matches_fixed_conservative_affix_policy_and_members_exist
weep,,should_not_fill,,no_current_value_or_fixed_source_candidate
weigh,,should_not_fill,,no_current_value_or_fixed_source_candidate
weight,,should_not_fill,,no_current_value_or_fixed_source_candidate
welcome,,should_not_fill,,no_current_value_or_fixed_source_candidate
welfare,,should_not_fill,,no_current_value_or_fixed_source_candidate
well,,should_not_fill,,no_current_value_or_fixed_source_candidate
west,,should_not_fill,,no_current_value_or_fixed_source_candidate
western,,should_not_fill,,no_current_value_or_fixed_source_candidate
wet,,should_not_fill,,no_current_value_or_fixed_source_candidate
whale,,should_not_fill,,no_current_value_or_fixed_source_candidate
what,,should_not_fill,,no_current_value_or_fixed_source_candidate
whatever,,should_not_fill,,no_current_value_or_fixed_source_candidate
wheat,,should_not_fill,,no_current_value_or_fixed_source_candidate
wheel,,should_not_fill,,no_current_value_or_fixed_source_candidate
when,,should_not_fill,,no_current_value_or_fixed_source_candidate
whenever,,should_not_fill,,no_current_value_or_fixed_source_candidate
where,,should_not_fill,,no_current_value_or_fixed_source_candidate
wherever,,should_not_fill,,no_current_value_or_fixed_source_candidate
whether,,should_not_fill,,no_current_value_or_fixed_source_candidate
which,,should_not_fill,,no_current_value_or_fixed_source_candidate
while,,should_not_fill,,no_current_value_or_fixed_source_candidate
whisper,,should_not_fill,,no_current_value_or_fixed_source_candidate
white,,should_not_fill,,no_current_value_or_fixed_source_candidate
who,,should_not_fill,,no_current_value_or_fixed_source_candidate
whole,,should_not_fill,,no_current_value_or_fixed_source_candidate
whom,,should_not_fill,,no_current_value_or_fixed_source_candidate
whose,,should_not_fill,,no_current_value_or_fixed_source_candidate
why,,should_not_fill,,no_current_value_or_fixed_source_candidate
wide,,should_not_fill,,no_current_value_or_fixed_source_candidate
widespread,,should_not_fill,,no_current_value_or_fixed_source_candidate
wife,,should_not_fill,,no_current_value_or_fixed_source_candidate
wild,,should_not_fill,,no_current_value_or_fixed_source_candidate
wildlife,,should_not_fill,,no_current_value_or_fixed_source_candidate
will,,manual_review,i:willing,ECDICT_exchange_candidate_is_one_way_or_ambiguous
willing,willingness,reliable_value,willingness,matches_fixed_conservative_affix_policy_and_members_exist
willingness,willing,reliable_value,willing,matches_fixed_conservative_affix_policy_and_members_exist
win,,should_not_fill,,no_current_value_or_fixed_source_candidate
wind,,auto_fill_candidate,"p:wound,d:wound",ECDICT_exchange_has_reciprocal_in_vocabulary_candidate_candidate_only_no_write
window,,should_not_fill,,no_current_value_or_fixed_source_candidate
windy,,should_not_fill,,no_current_value_or_fixed_source_candidate
wine,,should_not_fill,,no_current_value_or_fixed_source_candidate
wing,,should_not_fill,,no_current_value_or_fixed_source_candidate
winner,,should_not_fill,,no_current_value_or_fixed_source_candidate
winter,,should_not_fill,,no_current_value_or_fixed_source_candidate
wipe,,should_not_fill,,no_current_value_or_fixed_source_candidate
wire,,should_not_fill,,no_current_value_or_fixed_source_candidate
wisdom,,should_not_fill,,no_current_value_or_fixed_source_candidate
wise,,should_not_fill,,no_current_value_or_fixed_source_candidate
wish,,should_not_fill,,no_current_value_or_fixed_source_candidate
with,,should_not_fill,,no_current_value_or_fixed_source_candidate
withdraw,,should_not_fill,,no_current_value_or_fixed_source_candidate
within,,should_not_fill,,no_current_value_or_fixed_source_candidate
without,,should_not_fill,,no_current_value_or_fixed_source_candidate
witness,,should_not_fill,,no_current_value_or_fixed_source_candidate
wolf,,should_not_fill,,no_current_value_or_fixed_source_candidate
woman,,should_not_fill,,no_current_value_or_fixed_source_candidate
wonder,wonderful,reliable_value,wonderful,matches_fixed_conservative_affix_policy_and_members_exist
wonderful,wonder,reliable_value,wonder,matches_fixed_conservative_affix_policy_and_members_exist
wood,,should_not_fill,,no_current_value_or_fixed_source_candidate
wooden,,should_not_fill,,no_current_value_or_fixed_source_candidate
wool,,should_not_fill,,no_current_value_or_fixed_source_candidate
word,,should_not_fill,,no_current_value_or_fixed_source_candidate
work,,auto_fill_candidate,3:works,ECDICT_exchange_has_reciprocal_in_vocabulary_candidate_candidate_only_no_write
worker,,should_not_fill,,no_current_value_or_fixed_source_candidate
workforce,,should_not_fill,,no_current_value_or_fixed_source_candidate
workplace,,should_not_fill,,no_current_value_or_fixed_source_candidate
works,,auto_fill_candidate,0:work,ECDICT_exchange_has_reciprocal_in_vocabulary_candidate_candidate_only_no_write
world,,should_not_fill,,no_current_value_or_fixed_source_candidate
worldwide,,should_not_fill,,no_current_value_or_fixed_source_candidate
worried,,auto_fill_candidate,0:worry,ECDICT_exchange_has_reciprocal_in_vocabulary_candidate_candidate_only_no_write
worry,,auto_fill_candidate,"p:worried,d:worried",ECDICT_exchange_has_reciprocal_in_vocabulary_candidate_candidate_only_no_write
worse,,auto_fill_candidate,0:bad,ECDICT_exchange_has_reciprocal_in_vocabulary_candidate_candidate_only_no_write
worst,,auto_fill_candidate,0:bad,ECDICT_exchange_has_reciprocal_in_vocabulary_candidate_candidate_only_no_write
worth,,should_not_fill,,no_current_value_or_fixed_source_candidate
worthwhile,,should_not_fill,,no_current_value_or_fixed_source_candidate
worthy,,should_not_fill,,no_current_value_or_fixed_source_candidate
would,,should_not_fill,,no_current_value_or_fixed_source_candidate
wound,,auto_fill_candidate,0:wind,ECDICT_exchange_has_reciprocal_in_vocabulary_candidate_candidate_only_no_write
wrap,,should_not_fill,,no_current_value_or_fixed_source_candidate
wrestle,,should_not_fill,,no_current_value_or_fixed_source_candidate
wrinkle,,should_not_fill,,no_current_value_or_fixed_source_candidate
wrist,,should_not_fill,,no_current_value_or_fixed_source_candidate
write,,auto_fill_candidate,i:writing,ECDICT_exchange_has_reciprocal_in_vocabulary_candidate_candidate_only_no_write
writer,,should_not_fill,,no_current_value_or_fixed_source_candidate
writing,,auto_fill_candidate,0:write,ECDICT_exchange_has_reciprocal_in_vocabulary_candidate_candidate_only_no_write
wrong,,should_not_fill,,no_current_value_or_fixed_source_candidate
x-ray,,should_not_fill,,no_current_value_or_fixed_source_candidate
yard,,should_not_fill,,no_current_value_or_fixed_source_candidate
year,,should_not_fill,,no_current_value_or_fixed_source_candidate
yell,,should_not_fill,,no_current_value_or_fixed_source_candidate
yellow,,should_not_fill,,no_current_value_or_fixed_source_candidate
yes,,should_not_fill,,no_current_value_or_fixed_source_candidate
yesterday,,should_not_fill,,no_current_value_or_fixed_source_candidate
yet,,should_not_fill,,no_current_value_or_fixed_source_candidate
yogurt,,should_not_fill,,no_current_value_or_fixed_source_candidate
you,,should_not_fill,,no_current_value_or_fixed_source_candidate
young,,should_not_fill,,no_current_value_or_fixed_source_candidate
your,,should_not_fill,,no_current_value_or_fixed_source_candidate
yours,,should_not_fill,,no_current_value_or_fixed_source_candidate
yourself,,should_not_fill,,no_current_value_or_fixed_source_candidate
youth,,should_not_fill,,no_current_value_or_fixed_source_candidate
zero,,should_not_fill,,no_current_value_or_fixed_source_candidate
zone,,should_not_fill,,no_current_value_or_fixed_source_candidate
zoo,,should_not_fill,,no_current_value_or_fixed_source_candidate
